order_id,customer_id,order_date,status,payment_method
1,940,2022-12-07 09:41:23,cancelled,bank_transfer
2,706,2024-06-30 10:09:52,completed,debit_card
3,520,2022-04-21 08:21:52,cancelled,bank_transfer
4,2249,2022-11-27 06:29:31,completed,gift_card
5,2240,2022-08-24 11:43:04,completed,paypal
6,339,2023-01-25 17:30:16,pending,credit_card
7,472,2024-03-15 23:30:21,completed,debit_card
8,2212,2024-01-13 10:27:21,completed,bank_transfer
9,364,2023-04-04 18:46:58,completed,bank_transfer
10,1104,2024-05-21 08:17:44,completed,debit_card
11,2287,2024-05-20 22:30:14,completed,credit_card
12,21,2024-01-16 22:46:35,cancelled,debit_card
13,1260,2024-06-26 10:50:05,completed,credit_card
14,2165,2023-07-14 07:47:12,completed,debit_card
15,96,2022-06-23 17:06:21,completed,debit_card
16,447,2024-01-25 08:47:26,returned,bank_transfer
17,236,2023-08-20 08:41:42,completed,paypal
18,501,2024-03-19 08:04:42,pending,paypal
19,1659,2024-06-21 08:13:05,completed,gift_card
20,758,2023-03-04 00:58:02,pending,credit_card
21,1935,2024-10-15 09:36:28,cancelled,debit_card
22,2155,2024-08-07 03:57:47,returned,debit_card
23,571,2024-04-14 07:05:20,completed,paypal
24,190,2024-10-15 03:29:40,completed,paypal
25,2489,2022-07-01 00:59:34,completed,paypal
26,2344,2024-02-05 17:40:20,cancelled,gift_card
27,475,2024-02-01 11:04:06,returned,credit_card
28,219,2022-07-29 13:29:30,completed,credit_card
29,65,2024-10-12 09:17:35,returned,paypal
30,2264,2024-07-23 03:15:51,returned,debit_card
31,602,2023-11-08 20:35:00,completed,debit_card
32,797,2023-02-18 06:55:52,completed,paypal
33,1811,2022-12-23 07:51:39,completed,bank_transfer
34,1779,2024-05-24 01:05:24,returned,paypal
35,1667,2022-05-30 07:53:14,completed,bank_transfer
36,493,2023-05-31 06:59:31,pending,debit_card
37,673,2024-01-10 08:08:45,completed,credit_card
38,1372,2024-10-26 00:55:40,completed,credit_card
39,726,2024-11-03 18:59:54,completed,bank_transfer
40,378,2024-12-22 17:54:59,cancelled,gift_card
41,1287,2024-06-25 06:14:05,completed,debit_card
42,1302,2023-01-10 17:01:46,completed,bank_transfer
43,691,2024-09-12 21:04:25,completed,credit_card
44,1767,2024-05-01 10:22:04,completed,paypal
45,2103,2022-12-15 06:47:44,completed,credit_card
46,1745,2024-10-08 08:26:00,pending,bank_transfer
47,1305,2024-04-16 01:03:41,completed,paypal
48,488,2023-09-10 17:24:54,cancelled,credit_card
49,1541,2024-09-16 05:13:45,completed,paypal
50,1500,2022-01-31 12:11:55,returned,gift_card
51,67,2022-11-21 04:37:09,completed,debit_card
52,271,2023-10-19 10:19:27,completed,gift_card
53,2229,2023-12-10 16:17:45,completed,gift_card
54,320,2022-05-11 22:51:29,cancelled,gift_card
55,631,2022-09-23 11:39:18,returned,bank_transfer
56,3,2024-03-27 23:25:51,completed,paypal
57,2332,2024-03-21 01:06:55,cancelled,credit_card
58,1100,2023-05-30 06:38:47,returned,gift_card
59,2182,2024-12-28 09:48:11,pending,gift_card
60,1407,2024-02-01 06:06:18,returned,paypal
61,436,2024-03-12 13:26:35,completed,credit_card
62,1984,2023-01-25 01:42:25,completed,bank_transfer
63,1719,2024-07-07 19:05:50,completed,paypal
64,1450,2022-12-30 16:37:31,completed,bank_transfer
65,963,2024-12-12 19:10:46,returned,debit_card
66,2391,2024-11-03 15:07:42,pending,gift_card
67,1146,2024-06-06 23:01:00,completed,bank_transfer
68,487,2024-01-07 15:35:12,completed,credit_card
69,1526,2024-02-10 08:21:30,returned,paypal
70,475,2024-11-13 11:52:06,pending,debit_card
71,1744,2024-01-27 06:37:54,cancelled,credit_card
72,2403,2024-10-01 05:14:43,completed,paypal
73,687,2024-05-30 10:28:57,completed,credit_card
74,587,2022-01-15 22:49:30,completed,bank_transfer
75,1702,2023-12-21 17:49:24,completed,paypal
76,1488,2024-08-16 22:51:18,completed,gift_card
77,370,2024-06-18 16:30:50,completed,bank_transfer
78,1801,2022-09-05 23:29:56,completed,paypal
79,2313,2024-09-03 21:12:36,completed,credit_card
80,877,2024-04-23 06:13:58,completed,gift_card
81,1312,2023-10-28 11:12:58,completed,gift_card
82,1611,2023-08-17 08:59:52,completed,bank_transfer
83,478,2023-01-05 16:16:06,returned,bank_transfer
84,2159,2024-06-20 04:05:47,completed,gift_card
85,223,2023-01-21 06:18:30,completed,credit_card
86,1908,2024-11-28 18:19:49,returned,bank_transfer
87,250,2022-03-24 07:21:15,completed,debit_card
88,1136,2024-12-31 07:01:17,completed,bank_transfer
89,645,2022-08-30 16:45:38,completed,gift_card
90,558,2024-05-27 12:29:09,cancelled,bank_transfer
91,1235,2024-12-02 03:46:22,completed,debit_card
92,2150,2023-03-12 12:16:31,pending,credit_card
93,1503,2023-12-18 13:51:12,pending,credit_card
94,582,2023-07-19 06:56:42,completed,debit_card
95,640,2024-04-08 05:07:40,completed,credit_card
96,350,2024-06-02 15:31:02,pending,bank_transfer
97,439,2023-12-03 11:37:49,completed,paypal
98,1850,2024-01-25 15:24:28,pending,debit_card
99,1030,2024-09-09 03:52:29,completed,debit_card
100,1690,2024-09-23 08:22:07,completed,gift_card
101,1835,2023-12-30 05:23:35,returned,credit_card
102,1129,2024-06-04 10:55:52,completed,gift_card
103,2178,2024-02-28 16:16:05,completed,gift_card
104,2487,2024-05-20 05:42:03,pending,gift_card
105,2414,2023-08-18 02:28:08,pending,credit_card
106,81,2024-04-28 23:51:05,completed,bank_transfer
107,1105,2024-05-06 00:06:36,completed,paypal
108,2019,2024-10-22 08:08:38,cancelled,credit_card
109,2280,2023-08-23 03:42:56,completed,gift_card
110,1082,2023-08-03 15:41:04,pending,paypal
111,703,2023-12-31 03:14:28,completed,credit_card
112,1821,2022-02-15 19:34:11,returned,bank_transfer
113,2209,2022-12-20 02:14:49,pending,credit_card
114,737,2023-03-12 13:50:40,returned,credit_card
115,647,2024-11-12 18:11:34,cancelled,bank_transfer
116,617,2024-08-06 14:16:33,returned,gift_card
117,2261,2023-05-24 06:26:43,completed,debit_card
118,1728,2023-08-03 22:12:10,completed,gift_card
119,2298,2024-05-28 03:43:16,completed,paypal
120,1128,2024-10-22 19:54:18,completed,credit_card
121,1786,2023-12-13 09:24:46,completed,gift_card
122,260,2022-07-02 10:55:08,completed,paypal
123,1043,2023-10-20 20:15:14,returned,credit_card
124,1757,2024-05-05 23:40:34,completed,paypal
125,2205,2022-03-27 19:54:17,returned,credit_card
126,2206,2023-12-21 21:10:53,completed,bank_transfer
127,202,2022-08-15 04:31:08,returned,paypal
128,254,2023-04-11 21:41:59,returned,bank_transfer
129,2345,2023-09-09 04:56:50,completed,bank_transfer
130,1815,2023-03-15 19:34:13,completed,bank_transfer
131,1514,2023-06-13 14:43:30,completed,paypal
132,1205,2024-07-06 16:27:14,completed,gift_card
133,1029,2024-10-10 18:49:33,cancelled,gift_card
134,1674,2024-04-22 05:58:30,cancelled,gift_card
135,938,2024-09-07 12:27:26,completed,gift_card
136,1436,2024-08-03 23:08:23,completed,debit_card
137,574,2023-02-01 05:36:46,cancelled,gift_card
138,348,2024-07-12 15:57:40,pending,gift_card
139,1945,2023-12-26 00:27:33,cancelled,bank_transfer
140,171,2023-06-07 11:58:36,cancelled,paypal
141,1093,2023-04-15 12:03:07,pending,paypal
142,1473,2024-03-23 09:32:06,completed,credit_card
143,1313,2023-12-25 23:26:04,returned,credit_card
144,2208,2024-10-30 14:03:13,pending,bank_transfer
145,545,2024-10-24 03:48:37,completed,gift_card
146,928,2024-10-10 16:22:00,completed,bank_transfer
147,2252,2024-10-06 01:05:43,completed,paypal
148,123,2024-01-01 22:59:16,returned,bank_transfer
149,2091,2023-07-25 17:34:13,completed,gift_card
150,1656,2023-01-09 00:07:39,completed,debit_card
151,1156,2023-01-26 16:16:31,returned,debit_card
152,62,2024-09-24 20:27:02,pending,paypal
153,1881,2022-02-01 19:13:20,completed,bank_transfer
154,298,2024-01-16 01:06:55,completed,bank_transfer
155,357,2022-09-29 15:42:52,cancelled,debit_card
156,2342,2024-01-25 05:04:05,completed,gift_card
157,2000,2023-08-31 14:01:15,returned,paypal
158,1956,2023-11-16 18:38:58,returned,credit_card
159,1992,2022-12-30 11:36:46,completed,bank_transfer
160,1,2022-02-06 01:48:44,completed,gift_card
161,866,2022-10-06 10:08:16,pending,gift_card
162,1973,2024-03-16 02:08:42,pending,debit_card
163,135,2024-08-04 02:34:50,pending,gift_card
164,1341,2023-08-24 08:15:53,pending,paypal
165,2109,2024-12-14 05:08:34,completed,paypal
166,282,2024-08-17 10:48:18,completed,debit_card
167,2236,2024-06-10 01:25:01,cancelled,gift_card
168,725,2023-10-14 08:17:44,completed,debit_card
169,1840,2023-11-19 12:49:54,completed,debit_card
170,2079,2023-08-27 03:26:59,returned,credit_card
171,726,2023-07-20 23:04:39,completed,gift_card
172,1286,2024-11-18 20:36:12,completed,credit_card
173,1309,2022-08-16 12:16:45,completed,paypal
174,2256,2022-04-12 12:53:01,cancelled,bank_transfer
175,2372,2022-08-31 00:06:33,completed,debit_card
176,1165,2022-05-12 02:37:18,returned,debit_card
177,998,2023-08-01 20:38:48,completed,paypal
178,2333,2022-01-27 23:27:06,completed,gift_card
179,1962,2024-10-22 09:43:23,cancelled,paypal
180,644,2023-11-16 11:56:43,completed,paypal
181,1555,2023-10-04 09:17:16,completed,gift_card
182,766,2022-11-03 07:58:03,pending,paypal
183,164,2024-09-10 15:21:20,pending,credit_card
184,478,2022-07-01 13:58:55,completed,gift_card
185,1371,2023-10-16 12:09:48,pending,bank_transfer
186,1277,2022-12-10 14:23:25,completed,paypal
187,2256,2022-01-13 06:35:15,completed,gift_card
188,1500,2022-07-13 15:47:30,completed,credit_card
189,686,2024-12-18 03:25:46,completed,bank_transfer
190,885,2022-05-18 19:56:00,completed,bank_transfer
191,937,2023-10-19 05:39:40,completed,debit_card
192,540,2024-09-14 19:06:39,cancelled,credit_card
193,519,2022-01-27 04:38:42,completed,paypal
194,1622,2023-03-31 00:06:18,cancelled,credit_card
195,1630,2022-07-16 22:14:58,returned,paypal
196,368,2023-10-30 02:41:42,completed,debit_card
197,1016,2023-07-20 02:26:06,returned,gift_card
198,1663,2024-01-27 15:12:26,pending,gift_card
199,248,2023-09-13 21:09:40,completed,debit_card
200,1255,2023-01-22 08:10:54,returned,gift_card
201,531,2022-12-12 14:01:47,completed,gift_card
202,2187,2024-10-06 21:37:52,cancelled,bank_transfer
203,347,2024-02-18 09:35:59,completed,paypal
204,1498,2023-09-26 13:16:38,returned,paypal
205,987,2022-07-11 02:51:53,cancelled,debit_card
206,1099,2024-10-04 23:08:46,completed,paypal
207,2060,2024-03-12 02:18:53,completed,paypal
208,2359,2024-02-20 14:27:25,completed,gift_card
209,982,2024-01-24 21:25:36,completed,debit_card
210,1085,2023-02-14 09:01:21,pending,paypal
211,582,2022-09-04 02:53:27,completed,bank_transfer
212,2071,2024-08-01 09:27:27,completed,gift_card
213,104,2024-12-12 14:57:40,pending,debit_card
214,625,2024-06-18 19:33:06,completed,credit_card
215,109,2024-08-28 10:57:48,completed,bank_transfer
216,632,2024-06-09 14:13:38,completed,credit_card
217,1443,2024-10-05 07:45:45,completed,paypal
218,2472,2023-12-06 00:03:06,completed,debit_card
219,495,2024-11-01 05:46:01,pending,paypal
220,911,2023-01-10 03:15:49,pending,gift_card
221,888,2024-07-06 05:09:24,completed,bank_transfer
222,1418,2024-08-01 20:36:36,completed,paypal
223,1383,2023-03-09 13:31:45,cancelled,credit_card
224,2290,2023-10-05 04:26:34,cancelled,bank_transfer
225,715,2024-08-17 02:05:14,returned,debit_card
226,714,2024-12-20 22:47:58,cancelled,credit_card
227,375,2024-02-09 21:34:10,completed,bank_transfer
228,3,2022-10-08 00:39:40,completed,paypal
229,1260,2024-01-07 07:20:48,returned,paypal
230,1982,2023-04-19 02:54:33,pending,bank_transfer
231,473,2022-07-07 22:56:10,pending,gift_card
232,2369,2023-11-17 06:36:54,completed,credit_card
233,1430,2024-09-22 13:46:03,completed,debit_card
234,1621,2023-09-20 11:15:25,returned,gift_card
235,1748,2024-12-15 01:13:46,completed,debit_card
236,816,2022-03-19 21:26:23,cancelled,gift_card
237,1896,2024-04-26 07:30:49,completed,debit_card
238,2293,2023-11-18 22:16:19,completed,debit_card
239,2413,2024-01-25 22:07:01,completed,debit_card
240,1680,2024-01-04 00:37:31,returned,bank_transfer
241,2480,2024-09-03 07:57:22,returned,bank_transfer
242,2339,2024-07-09 04:41:59,completed,paypal
243,2125,2023-12-14 07:00:59,completed,gift_card
244,1773,2023-10-29 13:53:24,completed,paypal
245,2437,2024-03-13 06:55:44,completed,bank_transfer
246,324,2024-09-03 22:11:26,completed,credit_card
247,1625,2024-07-16 08:03:24,completed,credit_card
248,752,2023-01-26 14:49:58,completed,paypal
249,1666,2023-03-02 23:53:06,completed,credit_card
250,1624,2024-07-20 19:40:14,pending,credit_card
251,1150,2024-03-12 21:12:38,completed,paypal
252,670,2022-11-28 20:21:20,returned,debit_card
253,958,2023-11-25 04:57:44,completed,paypal
254,941,2022-07-06 07:59:25,completed,debit_card
255,1793,2024-05-24 05:10:11,pending,gift_card
256,321,2022-12-21 08:24:15,cancelled,bank_transfer
257,521,2024-07-03 10:46:37,completed,credit_card
258,1951,2024-10-11 11:41:29,pending,debit_card
259,1922,2022-10-31 12:21:36,returned,credit_card
260,1406,2024-06-27 14:21:08,pending,bank_transfer
261,1014,2024-09-13 09:04:10,cancelled,paypal
262,966,2024-06-25 12:37:16,cancelled,bank_transfer
263,148,2023-04-07 21:46:55,completed,debit_card
264,449,2024-10-08 03:42:52,completed,paypal
265,2284,2024-07-19 06:37:07,completed,credit_card
266,1567,2023-01-29 07:06:38,cancelled,credit_card
267,681,2022-01-22 13:37:25,returned,gift_card
268,2449,2023-10-11 15:04:38,completed,debit_card
269,1470,2024-09-24 05:35:34,completed,gift_card
270,549,2022-03-12 23:48:56,completed,bank_transfer
271,632,2024-10-18 14:52:36,completed,bank_transfer
272,2205,2022-03-24 01:35:15,completed,bank_transfer
273,709,2022-06-06 13:32:53,cancelled,debit_card
274,35,2023-01-25 21:13:15,completed,bank_transfer
275,548,2022-03-01 01:33:01,pending,gift_card
276,1968,2023-07-10 11:25:14,returned,debit_card
277,578,2024-06-12 05:16:23,completed,credit_card
278,1037,2024-05-08 07:53:57,pending,credit_card
279,459,2022-07-04 17:09:02,pending,bank_transfer
280,816,2022-08-16 20:00:30,completed,credit_card
281,689,2022-01-05 02:16:17,completed,debit_card
282,2313,2024-12-26 22:15:45,completed,credit_card
283,2277,2023-02-28 18:15:45,returned,gift_card
284,726,2024-03-11 16:33:41,completed,paypal
285,925,2024-11-21 05:32:49,completed,bank_transfer
286,1517,2024-08-24 06:04:55,completed,bank_transfer
287,454,2023-12-23 21:36:20,completed,bank_transfer
288,1450,2022-07-12 05:02:15,completed,gift_card
289,1336,2023-04-03 21:55:50,completed,gift_card
290,1947,2022-10-20 22:28:36,completed,gift_card
291,1874,2023-09-21 18:07:57,completed,bank_transfer
292,461,2024-04-21 16:49:20,completed,debit_card
293,2109,2024-08-14 14:21:47,completed,debit_card
294,2348,2023-01-25 01:29:53,completed,gift_card
295,1073,2024-07-20 03:51:31,returned,debit_card
296,1413,2024-03-10 14:41:00,completed,bank_transfer
297,1966,2023-05-23 23:47:52,completed,bank_transfer
298,946,2023-04-11 10:45:48,completed,debit_card
299,1729,2024-03-31 13:37:30,completed,debit_card
300,1968,2024-05-01 11:03:10,returned,debit_card
301,562,2023-08-12 12:07:29,cancelled,debit_card
302,14,2023-05-26 14:21:33,completed,paypal
303,1419,2023-10-13 11:22:56,completed,gift_card
304,273,2022-04-23 12:13:58,completed,bank_transfer
305,1890,2024-01-14 12:58:34,returned,debit_card
306,341,2024-07-12 07:19:10,completed,bank_transfer
307,257,2023-10-04 06:36:34,completed,gift_card
308,1960,2023-01-21 10:39:03,completed,gift_card
309,860,2024-03-22 04:58:18,returned,bank_transfer
310,119,2022-03-17 04:05:01,completed,bank_transfer
311,390,2022-06-24 19:40:18,returned,gift_card
312,1520,2024-10-01 11:57:49,cancelled,bank_transfer
313,2427,2022-04-16 06:31:21,completed,credit_card
314,2493,2024-07-14 02:59:01,completed,credit_card
315,892,2022-03-02 07:38:34,returned,bank_transfer
316,1007,2024-09-08 17:54:06,pending,bank_transfer
317,2347,2024-11-17 06:04:39,pending,credit_card
318,1531,2023-01-23 22:51:53,pending,debit_card
319,988,2022-06-13 00:22:47,completed,bank_transfer
320,1291,2023-12-17 04:24:54,completed,gift_card
321,414,2024-11-25 18:17:15,cancelled,credit_card
322,1889,2024-02-07 14:34:49,completed,debit_card
323,1009,2023-04-24 23:41:23,completed,gift_card
324,1932,2024-08-04 06:36:57,completed,credit_card
325,1892,2023-10-25 23:06:19,completed,debit_card
326,555,2024-10-09 07:47:28,completed,debit_card
327,420,2023-06-24 23:04:28,completed,debit_card
328,184,2024-05-06 18:01:59,completed,debit_card
329,972,2023-11-05 19:34:29,cancelled,gift_card
330,1741,2022-09-03 03:50:48,pending,gift_card
331,1658,2023-08-05 17:17:25,completed,credit_card
332,546,2023-12-16 09:37:49,pending,paypal
333,984,2022-06-04 02:09:58,returned,gift_card
334,2353,2024-04-13 07:27:08,completed,paypal
335,877,2022-12-20 15:15:47,completed,credit_card
336,612,2024-07-02 14:32:24,completed,paypal
337,969,2024-03-11 15:04:37,cancelled,paypal
338,41,2023-11-26 16:55:28,completed,bank_transfer
339,2307,2022-01-26 00:56:47,pending,gift_card
340,1850,2022-12-18 05:50:03,completed,credit_card
341,310,2024-03-09 18:02:41,completed,paypal
342,1670,2024-10-21 04:04:23,completed,credit_card
343,593,2023-04-07 10:58:42,completed,paypal
344,742,2023-03-16 21:23:52,completed,credit_card
345,1944,2023-01-05 13:41:00,returned,credit_card
346,921,2023-05-01 17:07:26,completed,credit_card
347,434,2023-01-26 20:56:02,cancelled,credit_card
348,1761,2024-04-08 10:23:45,cancelled,bank_transfer
349,1869,2023-06-15 00:51:37,returned,paypal
350,352,2024-11-09 10:57:03,completed,credit_card
351,809,2023-10-30 08:23:27,completed,bank_transfer
352,647,2022-08-29 08:09:20,returned,bank_transfer
353,2014,2022-10-31 00:31:46,completed,debit_card
354,2247,2024-11-28 13:43:21,completed,debit_card
355,95,2023-09-25 13:59:54,returned,paypal
356,2220,2023-11-21 10:55:48,returned,credit_card
357,2475,2024-01-27 09:26:05,completed,bank_transfer
358,775,2024-10-20 09:27:29,pending,credit_card
359,123,2023-10-30 11:42:39,completed,bank_transfer
360,240,2023-12-17 05:01:21,completed,credit_card
361,577,2022-03-22 19:19:43,completed,bank_transfer
362,388,2022-10-13 20:05:07,cancelled,debit_card
363,1341,2023-12-10 20:33:05,completed,debit_card
364,1878,2022-06-27 01:04:42,completed,paypal
365,282,2023-12-20 03:15:40,completed,credit_card
366,1252,2023-09-27 05:15:17,completed,gift_card
367,1302,2024-10-11 03:41:51,cancelled,paypal
368,314,2024-05-29 16:05:24,completed,bank_transfer
369,1482,2023-02-12 01:19:44,completed,credit_card
370,1550,2022-11-09 04:01:18,completed,credit_card
371,671,2024-01-01 09:20:56,returned,paypal
372,361,2022-09-11 03:40:48,cancelled,bank_transfer
373,924,2023-11-22 21:21:47,pending,debit_card
374,1660,2024-04-09 09:27:15,pending,credit_card
375,660,2024-01-30 11:19:23,completed,debit_card
376,209,2023-09-29 22:15:24,cancelled,bank_transfer
377,256,2023-03-28 03:49:27,returned,gift_card
378,479,2024-07-19 03:53:36,pending,gift_card
379,209,2024-11-05 09:24:25,completed,bank_transfer
380,1396,2024-04-11 12:17:42,returned,paypal
381,459,2024-04-30 03:51:05,completed,credit_card
382,2409,2024-11-02 13:59:17,completed,gift_card
383,29,2023-02-25 10:26:30,returned,credit_card
384,1619,2023-01-17 05:54:28,pending,credit_card
385,1934,2022-12-04 14:09:38,pending,gift_card
386,1666,2023-09-03 05:17:10,completed,credit_card
387,2141,2024-09-02 05:41:58,completed,paypal
388,2461,2022-06-02 00:33:47,completed,paypal
389,1494,2024-09-20 20:01:36,completed,debit_card
390,1335,2023-11-04 04:18:50,pending,debit_card
391,2019,2024-05-16 03:35:08,completed,paypal
392,2452,2024-08-03 05:51:13,completed,gift_card
393,1515,2024-08-28 15:23:43,pending,gift_card
394,1574,2023-07-27 23:45:03,completed,bank_transfer
395,1064,2024-03-18 19:13:36,completed,paypal
396,1643,2024-09-01 15:12:11,cancelled,paypal
397,124,2023-06-24 18:49:25,returned,gift_card
398,2150,2024-06-29 05:16:17,completed,paypal
399,1318,2024-04-22 16:23:32,completed,gift_card
400,989,2024-11-15 19:11:10,completed,paypal
401,2008,2024-05-22 22:05:27,completed,gift_card
402,2225,2024-09-04 04:09:04,completed,debit_card
403,2252,2024-02-01 03:28:57,completed,paypal
404,795,2024-07-01 01:25:56,completed,credit_card
405,1629,2023-10-28 09:28:13,completed,paypal
406,196,2023-09-04 20:30:21,pending,gift_card
407,704,2024-08-13 06:03:04,returned,debit_card
408,2237,2024-06-09 10:58:18,pending,credit_card
409,424,2022-12-18 21:39:50,completed,paypal
410,976,2022-05-12 10:10:33,completed,bank_transfer
411,1003,2023-07-03 02:26:52,completed,paypal
412,2271,2023-08-07 07:34:42,returned,paypal
413,945,2022-09-08 04:35:57,pending,debit_card
414,2034,2024-04-01 07:12:43,completed,gift_card
415,2320,2024-02-16 16:18:58,completed,bank_transfer
416,105,2024-05-21 04:23:09,completed,paypal
417,1101,2024-09-13 05:00:13,completed,credit_card
418,1453,2022-08-15 11:34:14,completed,debit_card
419,203,2024-08-23 16:04:43,completed,bank_transfer
420,2234,2023-11-23 09:15:41,cancelled,debit_card
421,856,2024-12-21 08:32:13,pending,paypal
422,1188,2023-10-08 10:00:36,completed,bank_transfer
423,787,2022-12-18 11:40:26,cancelled,gift_card
424,1307,2024-02-04 02:55:05,pending,bank_transfer
425,1662,2024-05-27 10:55:05,completed,paypal
426,1007,2024-03-20 03:10:28,completed,bank_transfer
427,1679,2024-04-11 00:00:32,completed,debit_card
428,2355,2023-03-26 08:56:32,completed,paypal
429,192,2024-05-09 00:46:27,returned,paypal
430,532,2024-03-11 10:14:41,completed,bank_transfer
431,843,2024-11-16 07:13:02,pending,gift_card
432,563,2024-03-28 03:36:34,completed,debit_card
433,1901,2024-08-20 23:58:29,completed,bank_transfer
434,185,2023-07-23 15:36:13,pending,credit_card
435,774,2022-12-20 10:54:52,cancelled,paypal
436,1095,2022-12-13 18:03:59,completed,paypal
437,1593,2023-06-08 16:20:03,returned,credit_card
438,561,2024-07-22 20:22:03,returned,credit_card
439,1091,2022-05-10 23:46:08,completed,credit_card
440,1141,2024-05-19 11:41:51,pending,bank_transfer
441,1682,2022-07-12 10:41:22,completed,gift_card
442,1440,2024-11-05 15:07:58,completed,gift_card
443,245,2022-11-02 16:29:10,completed,paypal
444,1189,2023-07-06 13:13:43,completed,gift_card
445,1741,2024-11-08 08:56:37,completed,credit_card
446,1723,2024-04-20 17:18:28,returned,debit_card
447,838,2023-09-16 06:09:32,cancelled,bank_transfer
448,1866,2022-05-01 09:33:08,cancelled,bank_transfer
449,286,2024-04-03 05:55:46,returned,credit_card
450,655,2024-10-01 04:22:08,returned,paypal
451,25,2024-12-29 15:23:48,pending,debit_card
452,357,2023-05-02 11:53:58,completed,bank_transfer
453,9,2024-01-24 09:24:37,returned,bank_transfer
454,1139,2024-02-19 01:58:37,cancelled,paypal
455,2162,2024-05-02 01:53:10,completed,gift_card
456,1950,2022-04-22 21:48:42,completed,gift_card
457,269,2024-07-19 05:48:04,completed,paypal
458,79,2024-08-28 05:21:47,returned,bank_transfer
459,452,2022-10-09 17:11:38,completed,gift_card
460,492,2023-09-08 02:04:07,cancelled,paypal
461,665,2024-07-15 13:36:52,completed,gift_card
462,1091,2024-07-13 14:44:53,pending,credit_card
463,1203,2024-06-25 13:40:08,completed,paypal
464,1115,2024-11-10 19:54:28,completed,credit_card
465,810,2022-09-18 08:24:14,completed,credit_card
466,2323,2024-08-29 06:20:30,completed,credit_card
467,2246,2023-05-23 07:50:24,completed,bank_transfer
468,1031,2024-08-12 03:28:56,completed,paypal
469,1187,2024-01-07 01:48:30,cancelled,gift_card
470,1317,2022-11-08 23:08:25,pending,bank_transfer
471,555,2024-08-20 00:24:48,completed,bank_transfer
472,140,2024-01-28 14:38:50,returned,paypal
473,1259,2024-07-11 09:22:47,completed,paypal
474,1658,2022-07-18 00:27:48,completed,gift_card
475,735,2022-04-03 05:20:16,cancelled,debit_card
476,2021,2024-06-02 00:56:04,completed,bank_transfer
477,2492,2022-05-27 17:09:23,cancelled,credit_card
478,324,2023-05-02 11:41:08,pending,gift_card
479,1632,2022-04-07 23:32:32,completed,gift_card
480,52,2024-09-04 11:20:26,completed,debit_card
481,2237,2022-11-03 06:29:18,completed,bank_transfer
482,164,2023-07-24 18:42:17,completed,bank_transfer
483,645,2023-11-24 03:17:47,completed,debit_card
484,2078,2022-05-05 15:43:43,completed,credit_card
485,380,2023-08-01 08:05:44,completed,credit_card
486,2201,2023-06-24 20:09:14,completed,bank_transfer
487,457,2024-04-05 01:10:39,completed,gift_card
488,233,2024-12-25 05:00:33,cancelled,paypal
489,2345,2023-11-26 08:52:45,returned,debit_card
490,1540,2022-01-06 13:13:38,completed,credit_card
491,1532,2024-04-27 20:13:33,completed,credit_card
492,213,2024-03-16 08:36:39,completed,gift_card
493,1090,2022-01-17 22:42:48,returned,bank_transfer
494,241,2024-11-18 08:38:17,cancelled,credit_card
495,820,2024-07-31 13:30:31,returned,gift_card
496,1429,2024-10-06 10:45:02,cancelled,debit_card
497,1307,2023-08-09 20:16:25,returned,debit_card
498,1160,2024-12-08 12:01:16,completed,gift_card
499,2021,2024-10-10 01:54:19,completed,gift_card
500,1214,2024-07-08 23:18:51,completed,gift_card
501,222,2023-12-12 19:10:17,completed,bank_transfer
502,2420,2024-06-17 11:11:56,completed,bank_transfer
503,398,2023-10-18 17:01:21,returned,credit_card
504,2150,2024-08-02 20:57:22,returned,gift_card
505,1321,2024-10-10 09:36:22,cancelled,bank_transfer
506,1942,2022-07-01 19:44:09,completed,paypal
507,1062,2022-03-23 06:46:25,pending,bank_transfer
508,577,2022-04-18 04:58:32,completed,paypal
509,774,2023-04-12 06:22:42,returned,debit_card
510,2421,2024-12-11 05:26:15,returned,credit_card
511,285,2023-02-18 20:03:55,completed,credit_card
512,634,2023-01-13 15:44:48,cancelled,paypal
513,2288,2024-03-11 01:54:22,completed,gift_card
514,220,2022-09-28 18:03:39,completed,credit_card
515,164,2023-07-30 14:44:22,completed,bank_transfer
516,856,2022-10-18 19:01:53,completed,bank_transfer
517,1291,2023-10-05 00:31:02,pending,debit_card
518,2419,2024-07-17 13:52:19,completed,paypal
519,306,2022-08-02 11:59:54,returned,debit_card
520,670,2022-10-09 07:01:51,pending,bank_transfer
521,1189,2023-01-15 14:07:27,returned,credit_card
522,2356,2023-07-10 14:15:03,completed,debit_card
523,1822,2022-11-12 07:19:48,completed,credit_card
524,1574,2024-05-03 04:49:15,completed,credit_card
525,2142,2024-09-13 11:44:27,completed,debit_card
526,293,2024-04-29 13:55:50,completed,debit_card
527,282,2024-11-15 21:26:05,returned,gift_card
528,1097,2023-09-30 07:43:28,returned,gift_card
529,2191,2023-04-03 01:06:24,returned,debit_card
530,1995,2022-10-04 09:55:48,completed,paypal
531,1450,2024-02-13 17:55:06,completed,bank_transfer
532,956,2024-05-21 12:52:49,returned,bank_transfer
533,2104,2024-06-18 09:43:56,cancelled,bank_transfer
534,652,2023-05-17 23:32:44,pending,paypal
535,1544,2024-08-26 22:40:19,pending,debit_card
536,405,2024-07-02 07:00:27,cancelled,credit_card
537,370,2024-05-05 19:41:34,returned,paypal
538,2307,2023-10-02 15:05:05,returned,bank_transfer
539,1845,2024-10-26 21:05:26,completed,paypal
540,1323,2023-06-16 02:34:13,cancelled,gift_card
541,861,2024-08-05 18:43:15,completed,debit_card
542,1600,2023-01-09 14:44:42,pending,bank_transfer
543,94,2022-11-15 00:36:54,cancelled,gift_card
544,1367,2022-06-30 19:55:20,pending,bank_transfer
545,403,2024-11-12 04:52:19,pending,credit_card
546,899,2024-09-12 05:20:32,returned,bank_transfer
547,2095,2024-06-13 11:03:38,returned,gift_card
548,416,2023-01-21 23:57:51,completed,credit_card
549,1803,2024-11-20 01:11:30,completed,paypal
550,184,2023-09-30 13:23:07,returned,bank_transfer
551,211,2023-10-24 05:32:53,completed,debit_card
552,1240,2023-07-01 13:00:13,completed,bank_transfer
553,950,2024-05-16 15:33:23,completed,credit_card
554,2043,2024-01-16 07:35:03,pending,credit_card
555,2292,2023-03-03 01:22:27,completed,bank_transfer
556,2253,2024-05-23 22:49:19,cancelled,debit_card
557,1043,2024-03-07 06:25:58,cancelled,credit_card
558,1995,2023-07-03 22:12:02,completed,gift_card
559,316,2024-11-17 03:25:26,completed,bank_transfer
560,240,2024-05-24 21:30:37,completed,bank_transfer
561,527,2022-09-14 19:30:56,completed,debit_card
562,767,2022-12-01 20:18:35,completed,gift_card
563,1284,2024-03-18 08:45:24,completed,paypal
564,1725,2024-09-26 13:02:14,returned,credit_card
565,1131,2024-04-06 04:22:47,completed,debit_card
566,1876,2024-02-09 14:23:52,completed,gift_card
567,647,2023-01-10 17:41:36,cancelled,gift_card
568,2243,2023-10-25 00:05:25,completed,debit_card
569,1182,2023-06-08 20:00:01,completed,gift_card
570,1921,2024-10-19 08:46:54,completed,credit_card
571,1532,2024-08-08 17:33:23,completed,bank_transfer
572,58,2024-07-05 11:43:55,completed,paypal
573,2196,2024-09-10 08:51:17,completed,debit_card
574,1775,2024-09-12 19:28:25,completed,paypal
575,1312,2023-06-14 10:57:57,completed,debit_card
576,1079,2024-02-19 07:08:33,completed,gift_card
577,1374,2024-03-05 12:12:07,cancelled,credit_card
578,581,2022-02-09 03:28:30,pending,gift_card
579,1309,2023-04-21 21:22:33,completed,paypal
580,934,2022-12-23 13:14:20,completed,bank_transfer
581,1366,2022-12-12 07:53:07,completed,paypal
582,792,2023-07-03 06:19:49,cancelled,credit_card
583,1933,2024-07-15 12:58:09,completed,credit_card
584,1362,2022-05-16 09:44:23,completed,gift_card
585,956,2024-09-25 07:35:12,returned,bank_transfer
586,2023,2022-11-05 10:50:34,completed,debit_card
587,920,2024-01-07 09:52:59,completed,debit_card
588,603,2024-07-10 20:35:22,completed,bank_transfer
589,2111,2024-11-14 07:09:46,cancelled,gift_card
590,1555,2022-05-01 17:10:04,cancelled,paypal
591,540,2022-12-12 10:23:37,completed,paypal
592,674,2024-09-04 10:47:47,completed,gift_card
593,2397,2023-09-08 00:24:47,completed,gift_card
594,105,2024-04-23 20:03:01,completed,paypal
595,1434,2024-10-06 01:00:09,completed,gift_card
596,841,2023-07-15 19:25:24,pending,credit_card
597,255,2022-05-26 15:48:26,completed,bank_transfer
598,1641,2022-01-22 10:18:03,returned,bank_transfer
599,2230,2023-02-08 02:38:03,returned,bank_transfer
600,1057,2024-09-02 11:58:59,completed,bank_transfer
601,1743,2022-05-06 17:24:19,returned,credit_card
602,354,2024-10-11 04:13:25,completed,paypal
603,362,2023-08-16 03:21:00,completed,paypal
604,294,2023-02-06 20:10:28,pending,credit_card
605,1553,2022-09-08 21:01:46,completed,paypal
606,973,2023-10-25 12:12:56,completed,debit_card
607,2245,2023-06-03 12:32:20,completed,paypal
608,2449,2023-03-29 02:07:28,completed,debit_card
609,1647,2023-03-03 13:18:42,completed,bank_transfer
610,354,2024-07-22 05:40:55,completed,gift_card
611,33,2023-07-15 00:49:16,cancelled,credit_card
612,1549,2023-09-19 23:36:11,completed,paypal
613,15,2024-10-24 14:59:42,completed,bank_transfer
614,788,2024-10-24 04:03:11,completed,debit_card
615,2271,2023-07-03 16:28:13,returned,credit_card
616,122,2023-10-06 07:04:19,completed,gift_card
617,71,2023-09-22 00:51:50,completed,credit_card
618,1076,2023-08-13 17:05:42,returned,gift_card
619,2291,2024-10-06 00:54:28,cancelled,paypal
620,1649,2022-02-15 11:36:43,pending,debit_card
621,765,2022-01-02 15:15:32,returned,gift_card
622,1592,2023-11-11 15:18:19,completed,paypal
623,1304,2024-02-18 16:10:16,completed,credit_card
624,1235,2024-07-30 18:09:51,pending,paypal
625,577,2023-06-10 06:20:20,completed,debit_card
626,1632,2022-08-10 11:55:42,returned,debit_card
627,714,2024-09-06 18:10:03,returned,gift_card
628,873,2023-03-30 23:55:35,completed,bank_transfer
629,573,2024-07-30 15:50:27,completed,paypal
630,1664,2023-12-17 21:59:43,completed,gift_card
631,2397,2022-04-10 03:52:05,returned,paypal
632,753,2023-12-01 15:39:58,completed,gift_card
633,2017,2023-01-08 18:43:07,cancelled,debit_card
634,890,2022-10-07 08:31:54,completed,gift_card
635,1212,2024-08-23 12:50:34,completed,bank_transfer
636,1713,2022-05-18 04:33:06,completed,bank_transfer
637,226,2024-03-26 02:42:02,pending,bank_transfer
638,2241,2024-11-10 16:05:07,completed,gift_card
639,2400,2024-02-11 02:36:26,pending,paypal
640,624,2023-10-01 07:00:39,completed,credit_card
641,2334,2024-07-19 20:33:23,cancelled,paypal
642,1691,2023-12-03 20:45:27,completed,debit_card
643,1999,2023-01-10 10:10:54,completed,debit_card
644,1287,2024-07-24 22:20:25,completed,gift_card
645,1142,2024-09-06 13:23:03,pending,credit_card
646,2370,2022-09-23 20:39:41,completed,debit_card
647,2017,2023-05-06 21:44:46,completed,debit_card
648,18,2023-01-17 05:21:52,pending,paypal
649,26,2023-11-27 12:33:25,completed,bank_transfer
650,2170,2022-08-02 03:24:29,completed,gift_card
651,1105,2023-08-17 02:19:52,cancelled,gift_card
652,1747,2023-02-15 00:09:29,completed,credit_card
653,2213,2024-04-10 18:09:34,cancelled,credit_card
654,2328,2022-04-17 04:08:26,pending,paypal
655,882,2023-11-22 01:49:02,pending,credit_card
656,2174,2022-05-03 19:41:35,completed,paypal
657,890,2024-09-04 11:17:50,completed,debit_card
658,451,2024-07-08 16:24:47,returned,debit_card
659,421,2024-05-18 22:04:30,returned,bank_transfer
660,2120,2024-03-27 04:06:27,completed,bank_transfer
661,171,2023-10-20 01:01:21,completed,bank_transfer
662,1425,2024-05-14 11:54:40,completed,paypal
663,582,2022-07-13 17:02:38,pending,gift_card
664,1743,2024-05-26 19:57:14,completed,bank_transfer
665,251,2022-12-04 11:38:54,completed,bank_transfer
666,2193,2024-10-27 17:10:53,completed,credit_card
667,475,2023-12-01 18:15:01,completed,paypal
668,2469,2022-05-06 00:18:49,completed,credit_card
669,793,2023-08-28 10:34:05,completed,paypal
670,1434,2024-04-13 14:39:34,pending,gift_card
671,1502,2024-02-06 05:52:45,pending,debit_card
672,2404,2022-08-23 03:00:28,completed,credit_card
673,1072,2024-08-17 12:14:34,returned,gift_card
674,1693,2024-03-04 10:19:36,cancelled,paypal
675,2207,2023-11-14 09:36:25,pending,bank_transfer
676,2292,2023-11-24 10:11:14,completed,paypal
677,890,2024-02-21 21:46:56,cancelled,paypal
678,1269,2024-10-21 01:37:59,completed,bank_transfer
679,208,2024-08-06 01:47:50,completed,paypal
680,338,2024-06-04 04:59:30,cancelled,gift_card
681,16,2023-12-13 08:01:13,completed,credit_card
682,1002,2022-01-18 22:18:50,completed,gift_card
683,1990,2024-05-24 17:26:15,cancelled,credit_card
684,1772,2024-12-21 13:01:02,completed,credit_card
685,2335,2023-02-03 16:17:40,cancelled,gift_card
686,2467,2024-10-22 22:10:48,completed,gift_card
687,556,2023-03-18 12:25:47,returned,gift_card
688,2282,2024-01-27 19:22:36,completed,debit_card
689,1806,2022-08-12 14:06:34,completed,gift_card
690,2183,2024-06-22 02:55:22,cancelled,credit_card
691,1897,2022-04-12 22:48:31,completed,credit_card
692,95,2024-08-07 23:24:56,returned,debit_card
693,864,2023-08-29 23:04:58,returned,credit_card
694,1577,2024-08-16 15:25:05,completed,debit_card
695,2448,2024-01-23 14:51:18,cancelled,gift_card
696,1245,2024-06-09 13:34:07,completed,debit_card
697,2198,2024-11-02 15:14:57,completed,bank_transfer
698,937,2024-05-29 23:50:40,returned,gift_card
699,1888,2024-08-26 13:17:10,returned,gift_card
700,1674,2024-10-17 20:25:12,completed,debit_card
701,130,2024-02-03 00:51:56,pending,debit_card
702,2180,2023-07-06 14:35:45,completed,paypal
703,1105,2024-07-08 12:34:26,cancelled,credit_card
704,1439,2024-02-04 12:54:05,completed,paypal
705,953,2023-04-04 17:53:38,returned,debit_card
706,120,2023-07-17 06:04:31,completed,debit_card
707,1558,2023-01-11 12:31:21,completed,credit_card
708,1767,2023-09-03 21:58:38,pending,credit_card
709,901,2024-07-18 01:08:16,pending,gift_card
710,1014,2024-09-02 09:06:31,completed,credit_card
711,243,2024-06-28 20:47:24,completed,credit_card
712,243,2024-05-01 12:13:06,completed,debit_card
713,2176,2024-12-22 01:24:03,completed,bank_transfer
714,1513,2024-04-03 08:49:17,completed,debit_card
715,1809,2023-05-27 16:59:12,completed,bank_transfer
716,832,2024-09-01 09:03:21,completed,bank_transfer
717,1314,2022-02-02 14:51:17,completed,bank_transfer
718,1392,2022-05-12 16:27:13,completed,paypal
719,402,2023-05-20 14:27:24,returned,credit_card
720,2437,2022-06-15 13:35:10,pending,paypal
721,25,2022-09-26 23:31:38,completed,bank_transfer
722,1269,2024-12-14 12:36:19,completed,paypal
723,843,2024-01-16 14:51:28,cancelled,gift_card
724,1829,2022-12-20 02:36:34,completed,debit_card
725,655,2022-11-01 00:06:22,completed,paypal
726,1585,2024-03-04 04:25:32,cancelled,gift_card
727,353,2024-09-07 08:56:22,cancelled,gift_card
728,1449,2022-09-23 02:56:29,completed,credit_card
729,1880,2022-01-14 19:15:48,completed,credit_card
730,471,2024-09-11 06:46:27,completed,gift_card
731,986,2024-08-04 14:35:32,completed,paypal
732,1174,2024-12-29 01:41:39,completed,paypal
733,1602,2024-02-20 06:24:16,completed,gift_card
734,1873,2024-05-02 03:31:22,cancelled,debit_card
735,2462,2023-11-16 19:21:52,cancelled,gift_card
736,1283,2024-02-12 19:36:41,returned,gift_card
737,2472,2024-01-30 14:37:13,cancelled,paypal
738,1571,2024-01-03 21:47:01,completed,debit_card
739,2372,2022-07-12 02:59:02,returned,gift_card
740,84,2024-04-06 19:31:56,completed,gift_card
741,1167,2024-05-31 22:21:57,completed,bank_transfer
742,1376,2024-07-22 12:57:34,returned,credit_card
743,1284,2024-04-12 08:51:23,completed,gift_card
744,1444,2024-07-07 06:28:51,cancelled,gift_card
745,2078,2022-06-10 03:13:43,returned,paypal
746,54,2024-10-20 02:47:54,completed,gift_card
747,797,2024-07-07 04:23:18,pending,paypal
748,186,2024-07-16 21:55:12,pending,credit_card
749,1364,2023-06-16 12:26:33,cancelled,gift_card
750,2459,2023-01-13 11:44:53,returned,credit_card
751,1663,2022-03-20 04:25:27,cancelled,bank_transfer
752,385,2024-02-24 14:11:07,completed,credit_card
753,189,2024-05-27 11:08:08,completed,bank_transfer
754,771,2024-01-20 23:41:48,pending,credit_card
755,558,2022-09-18 17:26:00,cancelled,paypal
756,941,2024-09-21 02:13:58,completed,paypal
757,2230,2023-04-18 23:37:21,pending,debit_card
758,1109,2022-11-15 01:07:19,completed,debit_card
759,1438,2022-09-13 04:17:48,cancelled,bank_transfer
760,2209,2022-05-14 07:00:34,completed,credit_card
761,229,2024-11-07 06:31:12,completed,credit_card
762,1564,2024-06-05 21:13:46,cancelled,gift_card
763,2220,2023-01-28 22:10:00,cancelled,credit_card
764,976,2023-08-16 07:35:53,completed,debit_card
765,153,2023-09-03 15:49:31,pending,debit_card
766,1423,2022-12-01 20:22:07,cancelled,bank_transfer
767,1927,2024-04-09 11:56:49,completed,debit_card
768,870,2024-04-25 10:22:09,cancelled,bank_transfer
769,437,2024-07-29 23:23:30,completed,gift_card
770,1068,2024-07-06 03:44:11,completed,gift_card
771,82,2024-10-11 03:29:32,completed,gift_card
772,1140,2023-10-26 00:36:20,cancelled,debit_card
773,1932,2024-11-23 19:33:13,returned,paypal
774,293,2024-04-22 09:04:45,returned,debit_card
775,347,2022-02-14 02:53:35,pending,paypal
776,1511,2023-08-16 17:49:49,completed,debit_card
777,1040,2024-08-18 10:14:25,completed,bank_transfer
778,1002,2023-04-22 03:49:16,returned,credit_card
779,1235,2023-07-28 13:00:35,completed,gift_card
780,1117,2023-08-11 23:40:05,completed,debit_card
781,1967,2024-05-12 17:00:42,completed,credit_card
782,1930,2024-07-17 07:33:43,cancelled,paypal
783,1138,2022-03-10 14:53:33,completed,gift_card
784,1732,2024-01-19 08:57:23,completed,paypal
785,1727,2023-06-03 02:51:50,returned,bank_transfer
786,1835,2024-12-13 10:04:25,completed,gift_card
787,1673,2024-11-12 17:43:33,cancelled,credit_card
788,1571,2024-08-13 05:21:41,cancelled,bank_transfer
789,2460,2024-02-07 00:36:38,returned,bank_transfer
790,740,2023-01-16 18:04:21,completed,debit_card
791,998,2023-02-18 20:05:20,returned,credit_card
792,1239,2022-09-20 00:05:49,completed,debit_card
793,925,2024-07-15 02:59:19,returned,gift_card
794,36,2022-10-17 12:56:15,returned,debit_card
795,861,2024-12-15 19:35:12,completed,paypal
796,1537,2024-03-04 13:08:37,pending,bank_transfer
797,804,2024-12-27 02:22:03,pending,debit_card
798,260,2024-11-20 11:26:48,completed,gift_card
799,1216,2024-04-23 16:22:33,completed,bank_transfer
800,1669,2023-11-30 22:21:06,returned,debit_card
801,2448,2022-07-21 05:08:48,completed,bank_transfer
802,71,2023-09-08 19:10:01,cancelled,paypal
803,580,2024-08-19 18:19:49,completed,paypal
804,2347,2023-05-10 00:08:28,completed,debit_card
805,1868,2022-04-11 07:19:36,completed,paypal
806,2021,2022-09-21 09:15:03,pending,paypal
807,2097,2024-12-28 00:50:23,cancelled,paypal
808,2487,2024-03-18 01:31:00,cancelled,bank_transfer
809,1354,2024-02-16 14:16:38,cancelled,debit_card
810,1768,2022-10-03 08:01:48,returned,bank_transfer
811,974,2022-06-01 07:30:01,completed,credit_card
812,2278,2024-02-22 00:19:55,completed,gift_card
813,1008,2022-12-12 20:44:10,completed,debit_card
814,1482,2023-09-23 11:12:01,completed,paypal
815,906,2022-09-29 23:56:20,cancelled,gift_card
816,1557,2022-11-02 21:35:25,completed,debit_card
817,171,2024-06-13 18:34:00,returned,debit_card
818,1636,2024-02-22 11:47:40,pending,bank_transfer
819,1946,2023-11-17 05:20:09,completed,paypal
820,2002,2023-07-17 19:34:04,cancelled,gift_card
821,1304,2024-01-12 13:02:28,pending,gift_card
822,974,2022-01-17 01:48:50,returned,paypal
823,2358,2024-08-31 23:44:46,cancelled,paypal
824,881,2024-01-13 21:51:09,completed,gift_card
825,2074,2023-12-05 09:59:51,completed,paypal
826,898,2024-06-17 08:48:40,completed,bank_transfer
827,1610,2022-03-25 22:23:36,completed,gift_card
828,1821,2022-11-11 18:15:07,completed,credit_card
829,891,2023-05-19 00:42:50,cancelled,gift_card
830,1629,2024-09-05 23:21:02,returned,debit_card
831,92,2024-08-11 12:30:09,completed,bank_transfer
832,1389,2023-02-26 03:39:07,completed,debit_card
833,1780,2023-12-19 13:48:27,pending,debit_card
834,1254,2023-04-01 15:43:31,returned,gift_card
835,1223,2023-10-04 12:35:21,completed,debit_card
836,937,2024-03-23 22:22:31,completed,paypal
837,1999,2023-09-25 03:28:02,completed,bank_transfer
838,974,2022-10-24 19:31:47,completed,debit_card
839,1410,2024-09-22 21:45:55,completed,gift_card
840,793,2024-04-20 06:06:13,completed,paypal
841,2004,2023-05-18 10:35:21,completed,bank_transfer
842,888,2024-12-30 10:19:05,completed,gift_card
843,80,2022-06-09 16:45:08,completed,bank_transfer
844,2167,2023-06-18 11:25:32,cancelled,credit_card
845,1738,2023-06-25 14:37:45,cancelled,paypal
846,237,2024-07-19 04:39:48,completed,bank_transfer
847,305,2024-07-21 06:54:06,completed,bank_transfer
848,1285,2024-09-09 20:40:19,completed,gift_card
849,936,2024-09-29 22:53:49,completed,debit_card
850,1929,2024-07-23 02:29:13,completed,bank_transfer
851,2004,2022-10-28 12:07:46,pending,bank_transfer
852,2181,2023-12-03 03:06:24,completed,gift_card
853,1145,2024-10-14 02:55:21,completed,gift_card
854,1595,2022-01-24 07:07:17,completed,bank_transfer
855,1784,2022-12-07 19:47:12,completed,gift_card
856,604,2023-08-18 10:15:54,returned,bank_transfer
857,2412,2022-06-20 14:36:36,completed,debit_card
858,469,2024-03-09 21:42:22,completed,credit_card
859,770,2024-06-25 19:50:11,completed,bank_transfer
860,568,2023-11-30 06:15:27,completed,credit_card
861,2255,2024-11-10 16:35:02,completed,debit_card
862,787,2022-06-19 00:09:18,completed,debit_card
863,1414,2022-09-08 00:56:47,completed,credit_card
864,2341,2024-02-14 13:23:07,returned,bank_transfer
865,2050,2024-02-28 02:04:28,returned,debit_card
866,382,2024-04-28 09:13:29,returned,paypal
867,249,2023-03-02 14:07:06,completed,paypal
868,328,2024-08-25 08:36:16,completed,paypal
869,1849,2023-11-14 18:11:59,completed,debit_card
870,177,2023-09-14 15:58:32,cancelled,paypal
871,441,2022-04-15 17:37:34,returned,gift_card
872,622,2022-12-07 14:06:17,cancelled,bank_transfer
873,833,2022-01-22 22:10:03,returned,debit_card
874,168,2023-02-25 20:44:05,returned,gift_card
875,1819,2023-09-22 03:06:33,completed,gift_card
876,991,2022-04-17 05:12:36,completed,bank_transfer
877,1060,2023-04-10 00:05:02,completed,bank_transfer
878,1324,2022-12-16 21:48:04,completed,credit_card
879,1567,2023-06-27 09:14:27,returned,bank_transfer
880,477,2024-12-01 00:21:25,completed,paypal
881,541,2024-05-28 12:07:29,pending,credit_card
882,2418,2022-09-24 06:08:42,completed,paypal
883,2036,2023-12-28 02:46:39,completed,paypal
884,749,2024-11-03 00:14:28,completed,credit_card
885,1387,2023-10-25 05:27:49,completed,paypal
886,228,2023-07-06 14:46:27,completed,paypal
887,1198,2024-01-18 07:20:32,completed,bank_transfer
888,2049,2022-08-16 22:36:30,cancelled,gift_card
889,2496,2024-09-07 04:48:52,completed,bank_transfer
890,634,2023-12-24 04:35:58,completed,paypal
891,1524,2023-12-05 04:32:49,completed,gift_card
892,1688,2023-10-16 14:02:05,completed,debit_card
893,1925,2024-07-09 08:34:45,pending,gift_card
894,2473,2024-02-10 13:10:35,completed,credit_card
895,2124,2024-12-27 23:34:40,completed,paypal
896,1929,2024-10-10 01:50:27,cancelled,credit_card
897,567,2022-09-15 13:19:28,completed,bank_transfer
898,2439,2022-06-23 09:46:23,pending,credit_card
899,48,2022-05-15 18:59:40,completed,paypal
900,1972,2024-09-12 03:00:02,completed,paypal
901,228,2024-06-04 10:56:42,pending,gift_card
902,1164,2024-05-17 23:20:56,completed,credit_card
903,2339,2023-11-26 22:38:43,completed,debit_card
904,1972,2023-05-01 10:05:37,completed,paypal
905,1039,2023-07-04 23:03:59,returned,bank_transfer
906,541,2024-04-19 03:29:21,pending,credit_card
907,215,2023-07-14 05:31:47,completed,debit_card
908,1271,2023-06-05 02:29:22,returned,gift_card
909,497,2024-03-14 15:44:14,pending,paypal
910,1008,2022-02-05 15:40:37,completed,gift_card
911,1772,2024-03-01 11:30:11,completed,credit_card
912,884,2024-10-30 15:22:52,completed,bank_transfer
913,1711,2024-12-04 03:29:49,pending,credit_card
914,2143,2022-08-22 14:50:29,returned,gift_card
915,2281,2024-06-18 05:50:12,completed,gift_card
916,642,2023-01-22 23:14:25,returned,credit_card
917,2473,2024-06-27 18:56:53,pending,bank_transfer
918,326,2023-10-09 14:06:34,completed,debit_card
919,414,2023-10-27 15:28:23,completed,debit_card
920,2064,2022-04-10 22:47:07,cancelled,gift_card
921,1418,2024-03-19 12:03:41,pending,paypal
922,820,2022-07-23 13:46:54,completed,bank_transfer
923,1076,2022-04-28 05:02:32,completed,debit_card
924,129,2024-11-04 01:19:41,cancelled,bank_transfer
925,1547,2022-07-19 14:15:44,completed,credit_card
926,113,2022-03-03 21:07:36,completed,debit_card
927,73,2024-05-31 10:07:15,completed,gift_card
928,532,2023-04-05 10:26:53,completed,debit_card
929,179,2023-06-22 03:43:27,returned,paypal
930,1204,2024-06-13 17:41:29,cancelled,bank_transfer
931,576,2024-08-28 14:13:57,returned,debit_card
932,962,2024-08-04 02:47:47,completed,debit_card
933,130,2022-12-13 13:50:41,cancelled,gift_card
934,101,2023-06-25 16:32:12,pending,credit_card
935,866,2023-08-16 02:18:28,completed,paypal
936,455,2024-12-27 20:28:30,cancelled,credit_card
937,1290,2022-08-26 16:11:58,pending,bank_transfer
938,1880,2024-12-14 07:44:36,completed,credit_card
939,1114,2023-12-18 17:15:02,completed,paypal
940,1843,2024-05-01 09:24:12,returned,bank_transfer
941,1184,2022-07-02 06:45:56,pending,gift_card
942,1210,2023-07-08 03:26:42,completed,debit_card
943,1806,2023-08-19 18:58:15,completed,gift_card
944,1915,2022-01-25 23:39:08,completed,gift_card
945,2440,2023-02-09 07:21:15,pending,credit_card
946,150,2023-07-24 22:25:51,completed,paypal
947,1533,2023-12-24 08:19:50,returned,credit_card
948,2399,2024-11-09 06:33:27,completed,gift_card
949,2295,2023-12-16 19:09:10,completed,debit_card
950,1491,2022-07-27 17:23:31,pending,paypal
951,1078,2024-09-30 11:00:17,completed,paypal
952,973,2024-04-14 04:49:03,completed,credit_card
953,220,2022-01-15 01:44:39,cancelled,credit_card
954,2107,2023-01-22 05:04:20,completed,paypal
955,1241,2024-02-08 20:51:39,returned,credit_card
956,1004,2024-04-25 13:12:33,completed,gift_card
957,2241,2024-02-05 05:05:11,completed,gift_card
958,498,2024-08-27 13:59:44,completed,paypal
959,999,2024-04-09 08:12:14,pending,bank_transfer
960,2468,2023-05-08 16:47:16,returned,debit_card
961,1058,2023-09-10 18:56:28,completed,paypal
962,2129,2023-11-07 11:40:05,returned,gift_card
963,684,2024-06-30 19:19:12,completed,bank_transfer
964,1092,2024-03-22 08:34:11,completed,paypal
965,93,2024-02-01 05:18:24,completed,debit_card
966,1919,2023-04-11 16:34:46,pending,bank_transfer
967,1419,2023-07-31 20:32:47,cancelled,paypal
968,888,2024-11-05 16:36:15,completed,paypal
969,126,2022-03-27 19:46:17,completed,debit_card
970,2289,2022-10-13 18:36:54,completed,paypal
971,2255,2023-08-28 05:00:52,returned,gift_card
972,1761,2023-03-05 22:54:34,completed,debit_card
973,76,2024-01-15 02:56:25,completed,bank_transfer
974,528,2024-05-18 06:17:44,completed,credit_card
975,1320,2022-03-20 05:35:24,cancelled,bank_transfer
976,1125,2022-10-25 16:38:06,completed,paypal
977,1624,2022-12-24 04:30:48,completed,gift_card
978,1036,2024-06-20 00:41:12,completed,credit_card
979,409,2024-07-02 23:52:48,completed,gift_card
980,1470,2023-02-28 11:34:21,pending,credit_card
981,2264,2022-04-09 11:48:36,returned,bank_transfer
982,1111,2024-10-23 02:05:05,cancelled,debit_card
983,475,2024-03-17 05:47:41,pending,debit_card
984,2262,2024-02-04 06:27:01,completed,credit_card
985,82,2023-07-27 13:03:41,pending,bank_transfer
986,1209,2024-11-03 13:16:11,returned,paypal
987,2456,2024-12-23 03:12:48,completed,paypal
988,1594,2024-01-15 20:00:23,returned,debit_card
989,289,2022-09-24 18:28:50,cancelled,bank_transfer
990,1614,2022-07-15 08:01:18,completed,bank_transfer
991,430,2024-01-30 09:24:03,pending,paypal
992,178,2024-09-27 14:40:20,returned,paypal
993,1062,2023-05-26 12:24:40,returned,bank_transfer
994,2326,2023-06-02 16:49:23,pending,bank_transfer
995,1550,2024-09-03 19:09:36,completed,paypal
996,609,2023-03-19 07:11:09,cancelled,bank_transfer
997,2475,2023-11-28 04:43:45,returned,debit_card
998,1356,2022-09-01 10:22:01,returned,gift_card
999,1975,2024-09-24 02:43:28,completed,gift_card
1000,466,2024-11-11 09:09:21,completed,paypal
1001,656,2024-02-25 20:03:42,returned,paypal
1002,1494,2024-03-11 10:46:42,completed,gift_card
1003,210,2022-09-16 14:51:02,completed,debit_card
1004,2000,2024-04-19 06:58:44,returned,bank_transfer
1005,1001,2024-03-30 20:35:29,completed,paypal
1006,229,2023-03-01 21:15:48,pending,paypal
1007,470,2024-08-30 06:38:17,cancelled,credit_card
1008,2497,2023-12-12 04:05:42,completed,debit_card
1009,228,2022-09-15 05:17:27,returned,paypal
1010,2243,2022-10-25 02:15:44,completed,paypal
1011,325,2024-12-28 06:05:42,completed,bank_transfer
1012,1673,2022-01-27 20:40:31,completed,credit_card
1013,1908,2023-05-29 17:05:08,completed,bank_transfer
1014,2236,2023-09-20 05:38:44,completed,bank_transfer
1015,292,2024-02-13 09:21:46,completed,gift_card
1016,1738,2022-04-30 12:11:08,completed,gift_card
1017,2365,2024-08-20 13:23:12,cancelled,credit_card
1018,1076,2022-10-01 20:16:00,cancelled,debit_card
1019,74,2022-08-01 21:00:02,returned,credit_card
1020,239,2023-06-03 08:13:53,completed,gift_card
1021,724,2022-01-25 13:33:08,completed,paypal
1022,941,2024-06-03 22:29:32,completed,credit_card
1023,2471,2024-09-06 09:47:42,cancelled,gift_card
1024,1057,2023-09-24 02:02:40,completed,credit_card
1025,381,2023-01-20 08:40:41,completed,bank_transfer
1026,20,2024-12-30 19:18:13,completed,debit_card
1027,1602,2024-11-23 18:32:13,completed,debit_card
1028,1383,2024-10-27 14:35:29,completed,debit_card
1029,448,2023-05-29 04:14:37,completed,credit_card
1030,483,2024-10-21 07:37:58,completed,gift_card
1031,2029,2024-12-21 04:53:17,completed,debit_card
1032,1148,2024-07-04 11:06:23,completed,credit_card
1033,2244,2024-03-15 17:16:25,pending,paypal
1034,195,2023-07-10 12:31:46,pending,paypal
1035,2220,2024-12-10 16:47:07,completed,debit_card
1036,284,2023-04-12 10:06:30,completed,credit_card
1037,856,2023-03-18 13:43:18,completed,bank_transfer
1038,1432,2024-04-13 04:19:35,completed,debit_card
1039,1716,2023-08-31 22:19:45,completed,bank_transfer
1040,535,2024-07-09 23:08:37,completed,paypal
1041,2016,2023-03-06 19:32:51,completed,paypal
1042,257,2022-08-04 04:44:07,cancelled,credit_card
1043,2000,2022-04-08 14:23:05,completed,credit_card
1044,1644,2024-02-11 08:26:02,completed,gift_card
1045,2257,2024-12-07 19:00:52,completed,debit_card
1046,1773,2022-05-08 11:30:31,pending,bank_transfer
1047,641,2024-08-26 19:23:30,completed,gift_card
1048,1772,2024-07-26 19:02:24,completed,debit_card
1049,558,2023-07-29 19:43:05,cancelled,debit_card
1050,997,2022-11-03 00:13:44,returned,gift_card
1051,909,2023-06-29 23:13:08,cancelled,debit_card
1052,1044,2023-11-10 07:45:13,completed,bank_transfer
1053,698,2023-12-25 12:32:20,pending,gift_card
1054,159,2024-04-17 03:47:45,completed,gift_card
1055,1886,2023-04-22 19:12:39,completed,debit_card
1056,849,2023-01-19 06:29:32,returned,credit_card
1057,2274,2024-08-17 11:45:40,completed,credit_card
1058,119,2022-08-29 08:47:10,cancelled,bank_transfer
1059,311,2022-03-20 19:41:28,cancelled,credit_card
1060,1212,2023-07-06 18:00:33,completed,bank_transfer
1061,1328,2024-11-24 08:44:16,cancelled,gift_card
1062,1173,2022-06-02 20:21:29,completed,bank_transfer
1063,1504,2022-10-21 02:14:47,completed,bank_transfer
1064,758,2022-07-09 10:53:58,pending,debit_card
1065,1074,2024-08-06 07:22:19,completed,bank_transfer
1066,1171,2022-01-20 06:17:38,returned,paypal
1067,2490,2024-12-31 09:12:25,completed,paypal
1068,956,2024-08-17 18:17:22,cancelled,debit_card
1069,761,2024-07-04 08:42:34,completed,paypal
1070,835,2024-10-26 03:02:35,completed,credit_card
1071,2468,2022-04-14 20:14:43,returned,bank_transfer
1072,889,2023-01-29 11:41:05,completed,bank_transfer
1073,284,2023-12-22 03:05:51,completed,paypal
1074,1020,2023-07-12 09:35:37,returned,debit_card
1075,1421,2022-11-11 13:02:17,cancelled,gift_card
1076,1616,2022-02-23 07:07:49,cancelled,gift_card
1077,1650,2024-10-21 14:27:02,completed,bank_transfer
1078,243,2023-12-08 17:57:18,completed,debit_card
1079,1023,2023-02-03 07:52:18,completed,paypal
1080,764,2022-10-19 19:06:00,pending,debit_card
1081,964,2024-06-07 18:02:40,returned,bank_transfer
1082,2119,2024-06-01 17:27:43,cancelled,debit_card
1083,934,2022-08-05 16:39:08,completed,debit_card
1084,1554,2023-06-02 02:38:47,completed,bank_transfer
1085,91,2024-10-06 12:07:06,completed,debit_card
1086,949,2024-10-20 16:27:34,completed,debit_card
1087,29,2022-11-19 03:22:32,returned,gift_card
1088,515,2023-08-13 23:43:30,pending,gift_card
1089,121,2022-06-24 14:47:46,cancelled,debit_card
1090,1064,2022-02-09 08:45:29,completed,bank_transfer
1091,1995,2023-11-09 20:59:10,completed,credit_card
1092,1586,2024-10-25 20:58:27,completed,debit_card
1093,1449,2024-06-10 04:44:55,completed,debit_card
1094,274,2024-07-04 07:27:09,completed,debit_card
1095,2257,2024-08-13 05:54:33,completed,debit_card
1096,981,2022-03-25 09:51:05,pending,bank_transfer
1097,1005,2023-10-04 12:45:54,pending,paypal
1098,198,2022-10-11 15:05:36,completed,gift_card
1099,1400,2023-12-12 20:24:08,completed,credit_card
1100,335,2024-12-05 03:45:09,returned,bank_transfer
1101,1237,2024-05-07 07:45:03,cancelled,bank_transfer
1102,389,2022-11-18 03:09:03,pending,bank_transfer
1103,1477,2023-02-21 19:59:59,completed,bank_transfer
1104,57,2023-01-22 17:11:56,completed,bank_transfer
1105,144,2024-09-03 18:44:42,completed,debit_card
1106,721,2024-01-01 14:55:19,completed,credit_card
1107,2366,2024-09-07 00:07:37,pending,credit_card
1108,1792,2023-01-03 14:27:42,returned,paypal
1109,1048,2024-09-17 06:15:22,completed,gift_card
1110,1891,2023-06-13 01:25:40,cancelled,gift_card
1111,1114,2024-05-20 14:33:11,cancelled,gift_card
1112,1468,2023-03-06 14:32:35,cancelled,gift_card
1113,1640,2022-11-23 18:55:09,completed,gift_card
1114,2375,2023-03-02 03:42:50,completed,paypal
1115,1826,2022-01-23 09:43:29,completed,paypal
1116,2108,2023-02-27 19:25:10,completed,debit_card
1117,2146,2024-02-01 04:08:19,completed,gift_card
1118,1239,2022-10-23 03:29:24,completed,gift_card
1119,1756,2024-04-25 19:16:18,completed,bank_transfer
1120,2344,2023-12-31 08:02:40,returned,gift_card
1121,975,2022-12-04 03:26:39,returned,bank_transfer
1122,524,2023-11-11 00:25:31,completed,gift_card
1123,384,2023-09-02 20:41:20,returned,bank_transfer
1124,1924,2024-02-20 06:08:57,completed,credit_card
1125,1209,2024-03-15 20:51:12,cancelled,gift_card
1126,824,2023-12-14 11:39:53,pending,debit_card
1127,613,2024-08-25 03:18:52,completed,paypal
1128,838,2023-08-07 18:23:10,completed,debit_card
1129,2128,2023-12-25 14:25:47,cancelled,credit_card
1130,1464,2024-11-18 13:13:07,cancelled,debit_card
1131,96,2023-02-10 18:02:45,completed,gift_card
1132,1434,2024-07-16 08:59:24,cancelled,debit_card
1133,2250,2022-04-27 11:51:14,completed,bank_transfer
1134,1307,2023-03-15 18:19:36,completed,gift_card
1135,2338,2024-03-09 10:12:35,completed,bank_transfer
1136,1272,2024-05-09 22:38:33,completed,gift_card
1137,2388,2022-07-27 23:55:23,cancelled,credit_card
1138,1283,2023-12-21 20:04:13,pending,gift_card
1139,1643,2022-01-03 03:39:21,pending,paypal
1140,48,2022-08-05 01:08:05,completed,paypal
1141,1531,2022-11-30 12:58:13,completed,credit_card
1142,1979,2022-01-16 19:31:29,completed,debit_card
1143,1498,2023-08-16 17:51:17,cancelled,credit_card
1144,669,2022-10-04 01:31:56,returned,debit_card
1145,300,2024-09-09 18:03:35,completed,bank_transfer
1146,743,2024-04-28 04:46:50,cancelled,credit_card
1147,452,2022-08-15 20:11:02,completed,credit_card
1148,244,2024-09-21 05:29:05,completed,credit_card
1149,1181,2024-01-06 01:07:22,completed,paypal
1150,25,2024-11-28 04:27:29,completed,debit_card
1151,2261,2023-04-29 09:56:45,completed,bank_transfer
1152,48,2023-11-12 18:15:32,completed,gift_card
1153,2492,2023-07-16 02:50:46,completed,paypal
1154,351,2023-12-09 07:06:31,completed,credit_card
1155,2125,2023-10-18 21:12:22,completed,paypal
1156,1692,2024-09-16 23:40:57,completed,credit_card
1157,2037,2022-09-28 07:30:37,completed,paypal
1158,1599,2022-10-30 00:01:30,returned,debit_card
1159,933,2023-11-08 07:15:11,pending,credit_card
1160,1350,2023-04-16 10:29:29,cancelled,paypal
1161,349,2022-10-28 21:04:05,completed,debit_card
1162,1974,2022-11-06 11:03:31,completed,paypal
1163,889,2024-10-04 22:40:19,returned,bank_transfer
1164,2322,2024-08-26 05:28:59,pending,debit_card
1165,1783,2023-11-27 12:06:20,completed,bank_transfer
1166,2184,2022-09-05 07:06:54,cancelled,gift_card
1167,1357,2023-01-14 09:05:06,completed,debit_card
1168,1783,2024-05-11 13:47:38,cancelled,credit_card
1169,1936,2023-10-04 07:33:31,completed,paypal
1170,1053,2023-06-24 08:00:18,completed,credit_card
1171,2421,2024-02-22 11:08:13,completed,gift_card
1172,1962,2022-07-18 04:27:33,cancelled,debit_card
1173,675,2024-06-04 22:24:03,completed,credit_card
1174,1207,2023-09-10 21:50:11,returned,gift_card
1175,1951,2024-11-14 14:41:23,completed,paypal
1176,1870,2024-06-14 07:59:42,returned,paypal
1177,2467,2024-03-15 09:36:48,returned,credit_card
1178,1881,2022-02-06 08:03:10,completed,gift_card
1179,2252,2024-04-13 04:22:27,pending,paypal
1180,1071,2024-09-07 07:50:45,returned,paypal
1181,2402,2024-11-21 15:41:17,returned,paypal
1182,843,2024-02-20 18:58:15,pending,debit_card
1183,485,2022-03-01 14:09:20,cancelled,paypal
1184,389,2022-06-20 14:57:20,cancelled,debit_card
1185,1011,2024-08-31 20:53:30,pending,paypal
1186,855,2023-09-25 03:15:04,completed,debit_card
1187,136,2022-07-12 02:43:49,completed,paypal
1188,641,2024-09-29 02:42:56,completed,bank_transfer
1189,1025,2024-07-31 22:02:57,completed,debit_card
1190,185,2023-01-07 07:03:04,completed,paypal
1191,1094,2024-01-14 22:35:23,completed,credit_card
1192,1911,2024-10-31 18:10:22,completed,paypal
1193,2146,2023-12-04 22:01:32,completed,paypal
1194,1613,2023-06-25 12:11:20,returned,gift_card
1195,1310,2024-02-26 01:18:48,cancelled,paypal
1196,23,2023-07-13 19:05:10,returned,gift_card
1197,971,2024-06-22 12:43:16,completed,bank_transfer
1198,2150,2022-12-02 10:04:27,pending,credit_card
1199,724,2023-06-12 01:04:02,completed,credit_card
1200,1852,2024-06-03 07:29:57,completed,debit_card
1201,220,2023-08-04 02:32:30,completed,credit_card
1202,2443,2023-11-03 04:11:11,completed,debit_card
1203,1409,2024-12-14 23:21:00,cancelled,paypal
1204,1970,2023-10-30 23:10:28,pending,bank_transfer
1205,2410,2024-12-02 10:50:06,cancelled,credit_card
1206,1657,2024-12-25 13:13:47,completed,credit_card
1207,44,2024-02-06 09:15:32,returned,debit_card
1208,1963,2023-01-30 18:43:00,completed,bank_transfer
1209,1003,2024-09-19 14:11:52,pending,debit_card
1210,2059,2023-07-01 09:30:21,completed,credit_card
1211,1889,2024-09-09 13:32:05,completed,credit_card
1212,677,2023-05-19 13:02:32,pending,gift_card
1213,247,2023-01-04 16:51:14,completed,paypal
1214,383,2024-12-13 11:52:56,completed,credit_card
1215,160,2024-10-28 13:59:58,returned,paypal
1216,2115,2024-01-06 16:08:45,pending,gift_card
1217,970,2024-12-13 03:49:19,completed,credit_card
1218,1455,2022-07-21 18:21:58,completed,paypal
1219,1243,2023-06-07 18:16:12,completed,gift_card
1220,2271,2023-07-31 21:18:23,cancelled,credit_card
1221,862,2024-01-25 12:06:39,returned,bank_transfer
1222,1830,2024-06-17 12:00:19,completed,gift_card
1223,1182,2023-05-24 17:34:05,returned,gift_card
1224,2332,2024-10-01 16:48:54,completed,credit_card
1225,1408,2024-10-14 01:05:15,completed,gift_card
1226,2011,2022-10-30 17:34:25,completed,debit_card
1227,828,2023-12-25 03:45:29,completed,credit_card
1228,1187,2024-03-04 12:56:55,returned,debit_card
1229,1459,2022-01-16 10:58:41,pending,bank_transfer
1230,326,2024-05-15 03:13:58,completed,debit_card
1231,994,2023-04-16 15:18:00,completed,bank_transfer
1232,2261,2023-02-08 21:44:38,completed,credit_card
1233,136,2023-01-24 08:38:31,cancelled,paypal
1234,1689,2024-07-16 15:44:19,completed,paypal
1235,1970,2024-05-14 05:25:16,cancelled,gift_card
1236,682,2024-10-10 21:49:07,pending,gift_card
1237,2497,2024-07-14 06:08:40,completed,gift_card
1238,1022,2024-02-26 11:54:25,completed,gift_card
1239,2276,2024-08-12 13:39:16,completed,bank_transfer
1240,2362,2024-08-28 05:18:42,completed,paypal
1241,1916,2023-03-02 08:23:19,completed,bank_transfer
1242,1088,2023-11-07 11:56:13,returned,gift_card
1243,540,2023-09-18 23:11:59,cancelled,gift_card
1244,1030,2023-06-03 06:27:54,completed,credit_card
1245,1868,2022-07-24 13:25:20,completed,credit_card
1246,1424,2022-02-14 12:23:27,completed,debit_card
1247,761,2023-08-24 20:29:08,returned,gift_card
1248,178,2024-06-13 13:14:21,completed,paypal
1249,2452,2022-02-12 12:09:05,pending,paypal
1250,2064,2023-02-01 01:37:45,completed,credit_card
1251,628,2022-10-14 03:57:32,completed,bank_transfer
1252,635,2022-03-31 10:19:08,completed,credit_card
1253,908,2023-02-17 14:37:32,completed,gift_card
1254,1789,2024-09-25 01:31:01,completed,bank_transfer
1255,341,2024-12-20 19:01:31,completed,gift_card
1256,948,2022-02-05 22:55:28,pending,debit_card
1257,1715,2024-04-25 17:13:27,pending,credit_card
1258,142,2024-09-21 02:30:20,pending,credit_card
1259,205,2023-03-30 06:55:51,completed,gift_card
1260,2367,2023-08-01 04:21:05,completed,debit_card
1261,1895,2022-01-22 09:48:51,completed,credit_card
1262,2261,2023-04-04 07:43:29,cancelled,bank_transfer
1263,970,2023-05-05 01:06:41,pending,credit_card
1264,1213,2024-09-06 05:26:01,cancelled,debit_card
1265,737,2022-09-12 17:04:29,returned,debit_card
1266,1569,2023-07-18 04:24:56,returned,gift_card
1267,2415,2023-07-25 20:49:03,completed,bank_transfer
1268,2047,2024-04-11 06:07:11,returned,credit_card
1269,204,2022-06-23 10:06:16,cancelled,bank_transfer
1270,2458,2024-07-13 11:08:16,completed,credit_card
1271,2174,2022-12-24 12:48:18,completed,credit_card
1272,495,2022-09-25 04:06:51,completed,gift_card
1273,978,2024-02-05 22:21:46,returned,debit_card
1274,253,2024-11-25 13:50:02,completed,gift_card
1275,864,2024-05-12 08:42:02,cancelled,credit_card
1276,163,2023-10-20 23:21:08,completed,bank_transfer
1277,729,2024-07-07 06:15:00,completed,paypal
1278,2421,2023-02-08 10:34:21,cancelled,debit_card
1279,2372,2023-03-29 03:00:40,completed,gift_card
1280,228,2023-10-10 11:51:24,completed,gift_card
1281,282,2023-11-08 18:01:14,completed,credit_card
1282,1547,2024-08-01 00:10:24,pending,bank_transfer
1283,248,2022-05-19 00:34:10,completed,paypal
1284,878,2022-11-15 22:51:08,returned,paypal
1285,773,2023-09-06 16:40:38,completed,gift_card
1286,661,2024-02-27 06:49:19,completed,debit_card
1287,342,2024-06-29 08:57:39,cancelled,debit_card
1288,1395,2024-06-24 17:11:43,cancelled,credit_card
1289,1382,2023-11-25 02:42:52,completed,credit_card
1290,1376,2024-02-22 04:26:10,completed,paypal
1291,1309,2022-08-27 15:59:32,cancelled,bank_transfer
1292,1349,2022-12-30 11:04:08,returned,paypal
1293,1160,2023-04-01 20:46:07,returned,bank_transfer
1294,887,2024-11-17 13:10:24,cancelled,gift_card
1295,1240,2023-09-22 15:52:06,returned,bank_transfer
1296,2458,2024-02-22 09:00:13,cancelled,gift_card
1297,1284,2023-01-27 05:26:39,cancelled,credit_card
1298,2186,2022-12-16 08:35:09,completed,paypal
1299,335,2023-12-24 08:50:10,pending,paypal
1300,1037,2023-04-22 08:48:05,returned,gift_card
1301,2417,2024-06-28 17:58:03,cancelled,gift_card
1302,84,2024-06-24 07:57:40,cancelled,credit_card
1303,2428,2023-03-01 21:36:34,completed,gift_card
1304,2114,2022-02-13 17:24:26,cancelled,credit_card
1305,947,2022-06-11 18:58:16,returned,bank_transfer
1306,1306,2023-06-04 11:22:34,cancelled,gift_card
1307,2367,2024-03-29 07:12:08,pending,debit_card
1308,2371,2024-01-05 02:39:22,returned,debit_card
1309,774,2022-03-12 11:55:13,returned,credit_card
1310,107,2024-04-21 18:07:38,completed,debit_card
1311,1647,2023-12-30 22:02:31,completed,debit_card
1312,162,2024-06-13 07:14:06,pending,paypal
1313,2156,2023-04-17 12:51:48,pending,debit_card
1314,289,2022-06-29 11:08:03,returned,paypal
1315,664,2023-01-14 01:57:36,pending,gift_card
1316,2242,2024-02-02 03:22:27,cancelled,credit_card
1317,785,2023-01-12 02:20:18,completed,bank_transfer
1318,2030,2023-06-08 07:45:24,cancelled,paypal
1319,185,2022-02-12 10:42:45,pending,gift_card
1320,1378,2024-01-21 12:09:32,cancelled,gift_card
1321,1464,2024-09-30 16:54:10,completed,credit_card
1322,1860,2024-10-02 15:25:11,completed,gift_card
1323,1127,2024-01-10 04:15:23,returned,debit_card
1324,1869,2023-04-03 10:12:52,completed,bank_transfer
1325,439,2023-12-14 17:38:19,pending,debit_card
1326,1482,2023-11-09 11:07:44,returned,paypal
1327,1918,2024-04-07 02:43:11,pending,debit_card
1328,1419,2024-05-24 23:37:30,completed,debit_card
1329,2153,2024-05-10 21:24:06,completed,paypal
1330,389,2022-02-17 11:18:34,returned,gift_card
1331,2039,2022-05-02 09:25:16,returned,bank_transfer
1332,1337,2024-02-07 01:42:41,cancelled,debit_card
1333,1051,2022-05-03 07:47:01,cancelled,credit_card
1334,2437,2024-10-21 21:28:37,returned,paypal
1335,2161,2022-12-17 03:49:59,cancelled,paypal
1336,1014,2024-06-02 09:37:20,completed,gift_card
1337,634,2023-12-27 13:53:02,pending,gift_card
1338,635,2023-02-25 04:29:43,completed,debit_card
1339,564,2022-02-26 13:48:19,completed,gift_card
1340,1477,2022-09-21 06:25:38,completed,debit_card
1341,1001,2024-01-19 07:17:16,returned,debit_card
1342,1693,2022-06-24 19:26:24,completed,debit_card
1343,632,2024-02-11 19:17:43,completed,bank_transfer
1344,799,2023-12-13 20:12:45,completed,bank_transfer
1345,1366,2024-05-26 06:14:25,returned,bank_transfer
1346,2037,2024-11-07 03:12:18,returned,gift_card
1347,1121,2024-04-26 14:13:06,completed,bank_transfer
1348,36,2024-03-02 20:41:28,returned,bank_transfer
1349,1556,2022-09-19 21:13:10,completed,paypal
1350,1451,2024-11-05 07:12:47,returned,gift_card
1351,912,2024-02-09 23:01:08,cancelled,debit_card
1352,1615,2022-04-27 07:55:22,completed,debit_card
1353,1218,2023-05-20 23:06:21,returned,bank_transfer
1354,1451,2024-01-29 18:27:43,completed,paypal
1355,595,2023-07-28 00:51:42,completed,paypal
1356,125,2023-07-21 01:28:19,completed,gift_card
1357,2068,2023-01-18 04:28:11,completed,debit_card
1358,2471,2022-12-08 01:22:42,completed,debit_card
1359,861,2023-10-14 09:38:53,completed,paypal
1360,169,2022-04-30 05:01:21,completed,credit_card
1361,2332,2024-09-13 12:29:52,completed,gift_card
1362,744,2022-01-09 20:24:01,returned,bank_transfer
1363,1481,2023-11-11 17:20:30,returned,paypal
1364,1860,2024-02-04 22:05:00,cancelled,credit_card
1365,1957,2023-01-06 05:42:08,pending,credit_card
1366,859,2022-06-04 11:56:12,pending,bank_transfer
1367,1160,2022-12-27 16:55:29,completed,credit_card
1368,1818,2024-11-17 22:45:55,returned,gift_card
1369,2356,2022-07-18 11:03:21,completed,credit_card
1370,1194,2024-12-30 14:19:16,completed,gift_card
1371,1180,2024-05-23 04:53:27,completed,debit_card
1372,793,2023-08-29 22:01:08,pending,paypal
1373,353,2022-04-22 14:23:31,cancelled,gift_card
1374,1299,2023-03-20 16:32:54,completed,credit_card
1375,1767,2024-04-21 12:58:30,cancelled,bank_transfer
1376,161,2024-09-15 22:52:28,returned,paypal
1377,2415,2022-10-13 01:49:36,pending,paypal
1378,111,2023-12-01 16:40:09,cancelled,bank_transfer
1379,2482,2022-11-02 07:29:00,completed,paypal
1380,114,2024-12-30 18:08:37,pending,credit_card
1381,209,2023-07-23 21:31:36,completed,gift_card
1382,500,2024-12-08 05:26:01,completed,bank_transfer
1383,1058,2022-12-19 02:59:28,cancelled,paypal
1384,653,2023-07-06 11:26:02,returned,credit_card
1385,28,2024-08-12 09:56:36,returned,debit_card
1386,347,2022-07-22 14:37:53,cancelled,debit_card
1387,1941,2024-11-25 14:00:45,completed,debit_card
1388,1350,2023-10-19 06:44:14,completed,gift_card
1389,1918,2023-07-01 10:53:21,cancelled,debit_card
1390,167,2024-09-12 22:06:43,completed,bank_transfer
1391,154,2023-12-19 05:54:23,pending,credit_card
1392,2322,2024-03-31 08:48:15,pending,credit_card
1393,307,2023-07-21 07:01:18,completed,bank_transfer
1394,2238,2023-02-14 23:40:18,returned,gift_card
1395,1456,2024-09-28 19:33:31,completed,debit_card
1396,189,2022-09-09 21:50:43,returned,bank_transfer
1397,1972,2022-04-19 03:17:36,pending,credit_card
1398,1282,2022-09-18 00:19:43,completed,bank_transfer
1399,966,2024-03-20 07:43:25,cancelled,debit_card
1400,1324,2023-07-09 19:36:17,completed,debit_card
1401,2439,2024-12-15 10:20:00,completed,debit_card
1402,2491,2024-08-11 00:53:23,completed,debit_card
1403,50,2024-08-16 17:37:47,completed,bank_transfer
1404,2003,2024-08-30 22:55:22,cancelled,paypal
1405,1313,2024-01-29 20:17:41,completed,debit_card
1406,2364,2022-09-19 22:06:29,completed,paypal
1407,1023,2024-03-06 01:50:24,completed,paypal
1408,882,2024-10-25 20:34:11,completed,paypal
1409,2324,2024-01-13 11:28:15,completed,credit_card
1410,1189,2023-07-22 07:39:19,pending,paypal
1411,1809,2023-06-16 18:12:45,completed,debit_card
1412,1827,2023-10-17 17:33:49,completed,credit_card
1413,1733,2023-03-10 23:05:17,completed,debit_card
1414,1964,2023-09-30 20:07:28,cancelled,debit_card
1415,1907,2024-03-10 18:01:31,completed,debit_card
1416,747,2024-03-20 09:54:17,returned,debit_card
1417,1966,2024-12-25 23:04:46,completed,paypal
1418,236,2023-01-14 22:31:50,pending,gift_card
1419,2292,2022-10-20 04:26:12,completed,bank_transfer
1420,1252,2024-10-31 14:20:58,completed,bank_transfer
1421,1346,2023-02-10 21:58:16,completed,bank_transfer
1422,1796,2024-01-15 05:40:24,completed,debit_card
1423,2315,2024-10-08 11:15:40,completed,bank_transfer
1424,1750,2022-12-05 20:47:04,completed,paypal
1425,1004,2023-09-15 15:01:55,returned,bank_transfer
1426,432,2022-12-14 12:52:05,completed,debit_card
1427,2130,2024-12-04 17:08:38,returned,paypal
1428,1007,2024-10-14 23:39:58,cancelled,bank_transfer
1429,2300,2024-12-30 08:17:45,cancelled,paypal
1430,2499,2022-01-05 03:18:55,pending,paypal
1431,1504,2023-01-05 01:07:53,completed,paypal
1432,993,2024-03-19 23:11:53,pending,paypal
1433,1425,2022-02-07 08:54:57,completed,gift_card
1434,325,2024-11-28 16:51:15,completed,debit_card
1435,473,2022-08-21 16:56:14,cancelled,credit_card
1436,2327,2024-08-23 04:09:06,completed,paypal
1437,2459,2023-03-16 06:28:44,completed,credit_card
1438,176,2023-08-25 03:12:48,completed,credit_card
1439,882,2023-04-24 14:03:50,completed,credit_card
1440,1774,2024-08-17 19:33:07,completed,paypal
1441,49,2024-01-10 07:11:11,completed,bank_transfer
1442,2244,2024-04-04 15:01:54,completed,gift_card
1443,203,2024-12-12 00:15:09,returned,paypal
1444,2242,2023-04-29 04:44:56,completed,debit_card
1445,801,2024-02-25 19:26:53,completed,credit_card
1446,1441,2024-06-19 20:38:03,completed,bank_transfer
1447,104,2024-08-21 23:06:34,completed,bank_transfer
1448,1648,2024-08-09 15:58:57,completed,credit_card
1449,1843,2024-10-09 11:09:23,completed,credit_card
1450,1448,2023-01-09 19:22:25,completed,bank_transfer
1451,779,2023-03-17 22:53:14,cancelled,debit_card
1452,1092,2022-10-17 16:33:46,completed,bank_transfer
1453,2265,2024-05-29 16:31:43,completed,paypal
1454,1738,2022-10-12 08:57:03,completed,credit_card
1455,1407,2023-06-29 15:07:53,completed,gift_card
1456,1493,2024-07-29 01:10:14,completed,debit_card
1457,1256,2023-02-21 09:51:46,pending,debit_card
1458,306,2022-11-27 22:43:14,completed,credit_card
1459,485,2024-01-08 08:43:59,pending,credit_card
1460,309,2024-12-19 08:01:07,pending,debit_card
1461,1066,2023-10-27 07:09:24,completed,credit_card
1462,291,2023-07-05 23:00:24,completed,credit_card
1463,420,2022-10-29 02:19:30,returned,gift_card
1464,441,2022-12-04 11:35:36,completed,paypal
1465,930,2024-01-12 04:51:59,completed,paypal
1466,2245,2023-08-28 05:08:02,completed,credit_card
1467,913,2024-09-27 06:10:27,completed,bank_transfer
1468,2494,2024-10-28 06:12:19,returned,paypal
1469,2461,2024-12-30 07:36:30,completed,gift_card
1470,1297,2022-01-10 10:13:17,pending,paypal
1471,1570,2024-10-14 00:32:56,pending,bank_transfer
1472,703,2023-12-21 02:04:23,completed,bank_transfer
1473,1171,2022-08-01 19:09:55,completed,paypal
1474,1485,2024-08-22 16:42:08,completed,gift_card
1475,696,2022-11-20 17:29:13,returned,paypal
1476,2396,2023-09-11 05:10:39,completed,paypal
1477,1925,2023-10-18 08:03:36,pending,bank_transfer
1478,1015,2024-06-07 05:51:45,returned,debit_card
1479,1008,2023-02-23 09:35:32,completed,credit_card
1480,736,2024-02-23 12:43:07,returned,paypal
1481,948,2022-05-07 18:22:19,pending,debit_card
1482,1761,2022-04-22 06:34:49,cancelled,credit_card
1483,2378,2024-03-10 15:07:40,completed,gift_card
1484,1428,2023-09-04 12:02:41,returned,credit_card
1485,1025,2023-02-18 13:02:33,pending,credit_card
1486,1522,2024-06-17 08:33:27,pending,credit_card
1487,1276,2024-12-28 11:27:54,completed,credit_card
1488,1311,2024-07-17 04:29:20,cancelled,debit_card
1489,1721,2023-08-09 20:28:46,completed,debit_card
1490,688,2023-04-30 05:44:27,completed,debit_card
1491,2292,2022-06-23 21:32:40,cancelled,bank_transfer
1492,298,2024-01-29 06:11:05,completed,paypal
1493,1735,2024-09-30 05:12:56,pending,debit_card
1494,908,2023-09-03 00:27:28,cancelled,gift_card
1495,1415,2023-08-15 23:34:41,completed,bank_transfer
1496,2135,2024-11-06 02:33:26,completed,debit_card
1497,1723,2023-05-05 14:07:37,completed,gift_card
1498,2405,2023-11-16 15:07:17,completed,paypal
1499,2487,2024-05-21 02:27:11,returned,paypal
1500,1278,2024-03-05 21:06:26,completed,bank_transfer
1501,1673,2023-02-10 03:06:17,returned,gift_card
1502,550,2024-09-15 10:15:05,completed,bank_transfer
1503,1721,2022-11-04 06:19:37,completed,credit_card
1504,681,2024-12-02 11:15:52,pending,credit_card
1505,890,2022-11-23 17:04:03,completed,credit_card
1506,1248,2024-02-20 07:32:14,cancelled,debit_card
1507,2281,2024-05-27 05:30:24,completed,paypal
1508,2059,2022-06-10 16:59:22,completed,bank_transfer
1509,1607,2023-09-15 17:28:55,completed,bank_transfer
1510,2112,2023-07-28 12:14:37,completed,paypal
1511,2463,2023-07-24 01:07:25,pending,paypal
1512,1405,2022-09-16 16:19:08,cancelled,debit_card
1513,253,2024-09-24 02:26:29,completed,gift_card
1514,2473,2022-05-28 18:13:21,completed,paypal
1515,1008,2024-03-30 03:05:27,completed,debit_card
1516,2325,2024-10-24 11:56:04,cancelled,debit_card
1517,1311,2024-01-21 17:29:08,pending,gift_card
1518,2112,2023-01-20 05:09:25,completed,bank_transfer
1519,1569,2023-08-29 20:27:32,pending,debit_card
1520,2250,2022-07-25 02:25:41,completed,credit_card
1521,1538,2024-01-11 15:18:39,completed,credit_card
1522,794,2024-04-15 17:48:29,completed,credit_card
1523,1608,2023-05-30 21:44:08,completed,bank_transfer
1524,1719,2023-07-16 11:30:49,completed,gift_card
1525,54,2022-03-25 00:55:52,completed,bank_transfer
1526,2345,2023-04-21 20:53:20,cancelled,credit_card
1527,448,2023-09-12 00:28:59,completed,debit_card
1528,1469,2022-05-19 03:46:14,completed,bank_transfer
1529,2416,2022-06-25 08:18:39,pending,paypal
1530,1595,2024-05-31 01:19:14,cancelled,gift_card
1531,797,2022-04-09 19:13:32,completed,bank_transfer
1532,1834,2022-01-18 06:34:00,completed,gift_card
1533,1266,2023-10-19 20:03:31,completed,credit_card
1534,1398,2024-06-15 16:21:01,completed,gift_card
1535,933,2022-05-01 05:40:58,returned,gift_card
1536,761,2023-10-16 00:28:15,completed,gift_card
1537,696,2023-06-30 21:44:22,completed,paypal
1538,1060,2024-01-15 03:26:58,cancelled,debit_card
1539,1231,2023-10-25 18:52:02,returned,paypal
1540,1753,2023-08-11 15:18:30,completed,credit_card
1541,859,2022-05-19 21:13:20,completed,debit_card
1542,1410,2024-02-11 07:22:54,cancelled,paypal
1543,1649,2023-02-15 19:29:37,returned,credit_card
1544,1548,2024-08-05 09:08:10,completed,gift_card
1545,760,2024-06-05 19:10:23,completed,bank_transfer
1546,389,2024-10-24 13:07:35,completed,debit_card
1547,15,2023-03-03 08:27:20,completed,gift_card
1548,1945,2023-01-26 11:52:59,cancelled,debit_card
1549,2149,2024-05-05 06:17:05,pending,bank_transfer
1550,2205,2022-12-25 07:40:43,completed,bank_transfer
1551,1186,2024-05-22 16:59:48,cancelled,paypal
1552,1615,2022-11-08 18:43:10,pending,credit_card
1553,2112,2023-08-05 18:11:24,completed,bank_transfer
1554,912,2024-11-11 01:15:31,completed,credit_card
1555,733,2022-10-22 19:05:02,completed,debit_card
1556,327,2022-04-24 13:55:54,cancelled,gift_card
1557,1556,2024-12-16 04:52:56,completed,debit_card
1558,1180,2023-02-20 17:08:07,pending,paypal
1559,63,2024-11-13 06:14:43,returned,bank_transfer
1560,2216,2023-11-27 08:31:08,completed,paypal
1561,1199,2022-12-31 05:42:07,completed,paypal
1562,454,2024-06-21 14:17:22,returned,credit_card
1563,187,2023-11-02 02:04:37,completed,paypal
1564,194,2023-04-21 17:32:34,cancelled,gift_card
1565,921,2023-01-14 19:01:56,completed,debit_card
1566,2030,2022-08-05 12:10:54,returned,credit_card
1567,1030,2022-01-21 01:04:34,completed,debit_card
1568,853,2024-09-07 10:41:45,pending,debit_card
1569,1925,2023-06-24 03:46:10,completed,credit_card
1570,2186,2023-08-01 00:10:22,completed,paypal
1571,1764,2024-08-18 20:24:44,completed,bank_transfer
1572,1466,2023-05-08 21:49:26,completed,paypal
1573,1041,2024-09-28 11:05:21,completed,debit_card
1574,1898,2022-03-17 10:01:45,pending,bank_transfer
1575,1645,2022-07-17 01:51:48,returned,credit_card
1576,1759,2023-07-24 07:48:45,completed,gift_card
1577,1263,2022-05-24 04:19:20,completed,debit_card
1578,1343,2024-09-04 05:49:07,returned,credit_card
1579,2085,2024-01-22 23:36:43,completed,debit_card
1580,2295,2023-11-17 13:23:42,completed,gift_card
1581,1783,2024-01-05 09:17:38,returned,credit_card
1582,149,2024-04-06 13:27:23,completed,credit_card
1583,166,2024-06-29 22:06:35,completed,paypal
1584,845,2023-11-11 09:24:58,returned,gift_card
1585,1318,2023-07-19 16:12:53,cancelled,debit_card
1586,246,2024-10-27 11:44:45,completed,bank_transfer
1587,438,2024-08-31 10:32:22,completed,credit_card
1588,1203,2024-04-23 07:19:02,completed,gift_card
1589,1799,2024-05-30 07:45:17,cancelled,debit_card
1590,2489,2022-02-18 10:42:29,completed,bank_transfer
1591,142,2024-07-01 12:39:39,completed,paypal
1592,441,2023-10-18 12:46:35,completed,paypal
1593,228,2024-06-03 13:58:35,completed,gift_card
1594,1688,2024-12-05 10:06:17,completed,debit_card
1595,301,2023-11-25 20:01:49,cancelled,credit_card
1596,1817,2024-02-28 10:47:57,completed,debit_card
1597,1094,2023-08-16 03:22:18,completed,paypal
1598,1778,2022-12-21 11:34:36,returned,gift_card
1599,1977,2024-07-03 13:13:29,completed,bank_transfer
1600,708,2024-04-24 07:12:17,completed,debit_card
1601,1543,2022-06-07 11:38:42,completed,gift_card
1602,2163,2022-08-10 06:06:36,returned,gift_card
1603,2463,2023-05-30 08:57:57,completed,debit_card
1604,59,2024-12-03 00:39:34,completed,bank_transfer
1605,1158,2022-02-21 12:22:33,completed,bank_transfer
1606,399,2024-09-10 15:06:14,returned,debit_card
1607,1058,2022-10-23 18:24:45,completed,paypal
1608,1315,2022-06-03 06:16:05,completed,credit_card
1609,2099,2023-07-23 07:41:06,completed,debit_card
1610,1111,2024-10-10 20:07:08,completed,gift_card
1611,2329,2024-01-16 13:13:04,completed,debit_card
1612,2065,2023-02-14 20:59:37,completed,debit_card
1613,804,2022-12-31 13:29:16,cancelled,bank_transfer
1614,1926,2024-02-24 08:23:57,completed,credit_card
1615,550,2024-11-18 00:38:46,completed,gift_card
1616,1173,2023-07-02 16:33:35,completed,debit_card
1617,1749,2024-09-20 20:51:59,cancelled,credit_card
1618,2285,2024-08-13 14:21:19,completed,credit_card
1619,1158,2022-10-19 04:51:05,completed,paypal
1620,1034,2024-01-12 16:14:05,cancelled,debit_card
1621,765,2022-07-10 03:38:01,completed,bank_transfer
1622,2386,2024-03-22 19:27:02,completed,bank_transfer
1623,2361,2023-07-09 21:28:18,completed,bank_transfer
1624,1300,2023-09-28 14:49:45,completed,gift_card
1625,882,2024-11-07 15:04:58,cancelled,credit_card
1626,212,2022-11-06 22:31:43,completed,gift_card
1627,2070,2024-10-14 21:14:29,completed,debit_card
1628,2336,2022-06-25 17:25:42,returned,paypal
1629,1619,2023-01-09 11:38:28,completed,debit_card
1630,58,2024-09-25 18:36:50,completed,credit_card
1631,1615,2024-05-17 12:43:38,cancelled,paypal
1632,1360,2024-06-20 06:33:18,cancelled,paypal
1633,1975,2023-10-23 01:45:03,completed,credit_card
1634,1956,2022-06-03 22:55:16,cancelled,paypal
1635,370,2024-04-26 04:21:30,pending,paypal
1636,1004,2022-04-14 07:56:16,completed,debit_card
1637,2295,2022-07-11 02:00:59,cancelled,gift_card
1638,1582,2023-07-03 15:07:00,cancelled,credit_card
1639,2489,2023-02-24 23:53:37,completed,paypal
1640,1368,2024-07-04 10:51:14,completed,paypal
1641,68,2022-05-07 23:44:11,completed,paypal
1642,228,2023-09-08 18:15:23,completed,credit_card
1643,1952,2024-11-05 23:00:10,cancelled,paypal
1644,2229,2023-11-30 16:02:39,completed,gift_card
1645,1198,2024-01-12 17:24:46,completed,credit_card
1646,1023,2023-10-19 19:50:37,pending,bank_transfer
1647,2489,2022-05-19 19:09:43,completed,paypal
1648,1510,2024-01-11 04:43:12,cancelled,bank_transfer
1649,799,2022-01-12 05:30:39,pending,paypal
1650,426,2024-02-07 07:03:33,completed,bank_transfer
1651,1475,2024-09-16 01:13:53,completed,paypal
1652,1387,2023-11-26 23:41:03,completed,debit_card
1653,1039,2024-11-04 15:50:48,completed,bank_transfer
1654,1544,2023-03-10 13:59:04,pending,debit_card
1655,938,2023-02-11 17:27:30,returned,paypal
1656,305,2024-08-09 00:01:07,completed,paypal
1657,1187,2023-03-17 11:37:56,cancelled,credit_card
1658,2309,2024-07-16 05:57:55,returned,credit_card
1659,66,2024-04-20 19:23:33,pending,debit_card
1660,2166,2024-12-15 12:44:44,returned,gift_card
1661,2462,2023-11-09 02:20:56,completed,paypal
1662,334,2024-11-29 17:04:42,completed,debit_card
1663,2414,2023-08-05 11:38:22,completed,debit_card
1664,1923,2023-05-26 04:54:19,completed,bank_transfer
1665,829,2024-02-01 07:05:26,cancelled,debit_card
1666,2064,2023-01-16 04:22:13,returned,gift_card
1667,2380,2024-11-21 09:00:08,pending,gift_card
1668,576,2024-03-29 05:43:08,returned,credit_card
1669,1247,2022-06-10 12:47:16,completed,gift_card
1670,1812,2022-12-04 10:07:12,pending,debit_card
1671,822,2024-10-29 20:02:50,pending,credit_card
1672,1858,2024-12-22 00:52:30,completed,credit_card
1673,1981,2024-12-02 12:08:45,completed,gift_card
1674,1964,2023-12-17 00:05:30,pending,gift_card
1675,2114,2022-09-11 15:24:53,completed,paypal
1676,1635,2024-08-30 17:30:12,completed,debit_card
1677,1811,2024-09-12 23:59:28,completed,debit_card
1678,191,2023-10-28 00:46:29,completed,debit_card
1679,366,2023-12-10 23:35:22,completed,credit_card
1680,1664,2024-06-27 22:40:53,cancelled,credit_card
1681,574,2022-12-04 11:04:58,completed,debit_card
1682,1667,2024-04-02 09:01:17,cancelled,bank_transfer
1683,2248,2022-05-13 09:56:52,cancelled,bank_transfer
1684,2417,2024-05-24 04:12:45,completed,gift_card
1685,898,2024-05-13 03:55:56,completed,gift_card
1686,2394,2023-08-25 17:46:40,completed,debit_card
1687,1849,2022-09-03 16:58:31,completed,paypal
1688,1138,2022-12-20 13:55:55,pending,credit_card
1689,1086,2023-06-22 03:48:54,completed,paypal
1690,1171,2024-01-26 09:21:19,completed,bank_transfer
1691,788,2024-06-28 08:58:33,returned,gift_card
1692,1399,2024-02-29 03:08:33,returned,paypal
1693,1048,2024-07-22 13:06:37,completed,credit_card
1694,705,2022-01-28 15:58:08,completed,gift_card
1695,756,2024-10-25 22:30:42,completed,gift_card
1696,514,2024-07-08 16:16:49,cancelled,gift_card
1697,1577,2024-04-22 16:15:03,cancelled,gift_card
1698,1652,2024-07-12 18:22:23,completed,bank_transfer
1699,2188,2023-03-30 06:53:46,completed,credit_card
1700,2052,2024-12-18 22:22:37,cancelled,debit_card
1701,1557,2023-12-25 02:10:12,completed,gift_card
1702,588,2023-09-29 18:00:09,returned,bank_transfer
1703,600,2024-11-15 15:31:10,cancelled,credit_card
1704,1450,2023-01-12 15:23:17,returned,gift_card
1705,672,2023-09-12 10:35:30,completed,gift_card
1706,727,2024-01-27 10:21:35,completed,debit_card
1707,690,2024-08-03 08:18:58,returned,credit_card
1708,2005,2024-09-19 10:37:05,completed,credit_card
1709,2352,2022-12-22 09:48:56,pending,gift_card
1710,1436,2023-04-21 23:14:52,cancelled,debit_card
1711,1904,2022-03-06 22:28:00,returned,credit_card
1712,1536,2024-05-11 21:08:31,completed,debit_card
1713,819,2024-01-19 11:54:04,completed,credit_card
1714,2252,2024-04-13 06:55:43,completed,credit_card
1715,1209,2024-05-11 16:56:02,cancelled,debit_card
1716,2270,2022-05-31 21:46:23,cancelled,credit_card
1717,1467,2022-11-19 15:11:22,completed,debit_card
1718,761,2024-08-07 13:42:11,completed,credit_card
1719,2381,2024-02-11 07:02:12,completed,gift_card
1720,2032,2024-10-31 22:43:14,returned,gift_card
1721,2269,2024-11-02 09:04:32,completed,gift_card
1722,1081,2022-07-23 20:52:32,completed,gift_card
1723,1042,2023-11-29 04:27:03,cancelled,credit_card
1724,1560,2024-01-03 15:21:38,completed,credit_card
1725,1300,2023-08-19 04:43:43,pending,gift_card
1726,286,2022-09-08 09:13:43,completed,debit_card
1727,1640,2022-04-23 08:10:01,returned,bank_transfer
1728,1331,2023-01-21 08:30:21,completed,gift_card
1729,917,2023-08-19 23:19:46,completed,paypal
1730,1316,2024-08-18 13:40:49,completed,credit_card
1731,2001,2023-11-23 18:08:34,completed,paypal
1732,2494,2024-08-18 09:03:05,completed,bank_transfer
1733,1982,2023-10-17 01:46:33,completed,credit_card
1734,693,2022-02-13 11:55:32,cancelled,debit_card
1735,2174,2023-07-01 16:16:17,cancelled,paypal
1736,371,2023-12-11 09:48:31,completed,gift_card
1737,2092,2024-12-27 23:53:20,completed,gift_card
1738,2271,2022-11-01 05:49:56,completed,paypal
1739,2026,2023-08-28 05:14:30,completed,debit_card
1740,1971,2023-06-19 04:04:31,completed,bank_transfer
1741,1352,2024-07-14 23:20:16,pending,credit_card
1742,2133,2022-07-23 15:22:28,cancelled,credit_card
1743,302,2024-05-23 23:52:11,completed,credit_card
1744,182,2024-07-09 09:28:16,completed,bank_transfer
1745,425,2022-12-16 07:41:13,completed,paypal
1746,2146,2023-10-21 17:16:35,completed,bank_transfer
1747,2158,2023-12-25 20:27:23,completed,bank_transfer
1748,2269,2023-11-22 05:07:03,completed,credit_card
1749,2452,2023-05-20 19:40:19,completed,paypal
1750,1825,2023-12-30 09:06:35,returned,debit_card
1751,953,2023-12-31 11:43:13,cancelled,bank_transfer
1752,734,2024-11-18 23:44:07,cancelled,paypal
1753,680,2023-09-25 18:46:00,completed,debit_card
1754,1316,2024-12-07 08:33:03,completed,credit_card
1755,955,2022-07-05 03:38:10,returned,credit_card
1756,234,2022-12-17 17:45:19,completed,bank_transfer
1757,866,2022-02-26 15:04:45,completed,bank_transfer
1758,1603,2023-05-07 09:50:28,completed,debit_card
1759,1476,2023-10-20 02:12:25,pending,gift_card
1760,1315,2022-01-23 19:33:20,completed,bank_transfer
1761,1830,2022-06-12 16:17:03,completed,debit_card
1762,995,2022-03-14 00:52:30,completed,paypal
1763,201,2022-04-26 01:27:49,completed,credit_card
1764,1578,2024-12-18 07:41:03,completed,bank_transfer
1765,789,2024-05-27 01:26:20,cancelled,gift_card
1766,1528,2023-10-31 20:16:30,cancelled,credit_card
1767,2037,2023-06-10 02:35:26,cancelled,gift_card
1768,641,2024-08-30 09:00:40,completed,bank_transfer
1769,1556,2024-04-27 15:16:14,completed,debit_card
1770,992,2024-10-22 16:09:47,cancelled,paypal
1771,644,2024-07-26 11:49:07,returned,credit_card
1772,1045,2024-08-01 08:32:33,pending,bank_transfer
1773,2295,2022-02-07 23:26:52,completed,paypal
1774,607,2024-03-13 04:03:36,returned,credit_card
1775,671,2024-02-19 09:12:56,completed,debit_card
1776,1833,2023-10-15 20:56:27,completed,credit_card
1777,1825,2024-07-30 17:31:27,pending,credit_card
1778,227,2022-10-04 13:17:46,cancelled,credit_card
1779,1596,2023-03-22 17:51:45,completed,debit_card
1780,1841,2024-01-18 17:07:39,cancelled,gift_card
1781,2279,2024-10-16 02:11:29,cancelled,bank_transfer
1782,1736,2022-03-05 23:09:50,completed,gift_card
1783,1975,2024-03-26 03:44:09,completed,debit_card
1784,572,2023-07-24 17:52:32,completed,gift_card
1785,853,2022-04-20 17:24:45,cancelled,credit_card
1786,2374,2022-02-07 05:08:56,completed,gift_card
1787,720,2023-07-25 22:42:05,completed,credit_card
1788,1231,2024-02-28 09:34:11,completed,paypal
1789,387,2023-12-04 15:49:29,completed,bank_transfer
1790,945,2022-05-02 13:22:41,returned,gift_card
1791,2253,2024-04-30 01:57:19,cancelled,paypal
1792,325,2023-07-07 20:57:06,completed,credit_card
1793,1251,2024-11-12 08:57:34,cancelled,gift_card
1794,986,2024-05-08 21:38:44,completed,paypal
1795,1561,2023-10-05 06:38:59,pending,debit_card
1796,577,2022-02-19 10:24:02,completed,debit_card
1797,2438,2023-08-27 09:04:43,pending,paypal
1798,123,2022-10-18 21:12:21,completed,debit_card
1799,1325,2023-10-30 11:00:02,completed,gift_card
1800,1889,2024-03-13 20:39:07,completed,credit_card
1801,24,2024-05-31 10:32:15,returned,paypal
1802,1070,2022-02-01 00:00:11,completed,credit_card
1803,1651,2022-04-19 06:13:42,cancelled,debit_card
1804,287,2022-08-19 20:49:56,completed,bank_transfer
1805,1120,2022-12-13 06:32:02,completed,gift_card
1806,475,2024-03-02 20:27:10,returned,credit_card
1807,2008,2022-03-28 20:16:02,completed,gift_card
1808,1143,2024-07-12 05:00:09,returned,debit_card
1809,725,2024-04-21 18:33:46,completed,bank_transfer
1810,925,2024-11-15 23:41:09,pending,gift_card
1811,2025,2024-09-26 00:30:22,completed,gift_card
1812,1839,2024-08-06 20:09:21,completed,paypal
1813,1753,2024-09-26 04:46:40,cancelled,credit_card
1814,2425,2022-11-06 04:01:55,completed,paypal
1815,1149,2022-06-06 19:04:25,cancelled,bank_transfer
1816,1174,2024-08-13 16:56:30,cancelled,gift_card
1817,2180,2023-03-19 15:06:27,completed,credit_card
1818,1381,2024-01-11 12:48:23,returned,credit_card
1819,1694,2023-01-11 20:50:44,completed,debit_card
1820,1539,2024-12-13 17:46:26,completed,paypal
1821,1897,2023-02-23 23:38:43,pending,bank_transfer
1822,19,2023-07-27 14:10:53,completed,bank_transfer
1823,2309,2023-06-11 00:59:40,pending,credit_card
1824,1697,2022-01-03 19:25:50,returned,gift_card
1825,1925,2022-01-31 04:36:19,completed,bank_transfer
1826,205,2022-08-31 22:41:21,returned,debit_card
1827,54,2024-01-29 05:05:54,returned,debit_card
1828,1036,2024-10-01 02:56:07,completed,gift_card
1829,494,2024-12-22 23:07:24,completed,credit_card
1830,1058,2022-03-27 10:00:24,cancelled,debit_card
1831,631,2024-08-26 14:49:28,cancelled,bank_transfer
1832,1836,2023-07-26 18:36:08,completed,bank_transfer
1833,835,2022-04-10 13:40:14,completed,debit_card
1834,355,2024-03-03 23:29:25,completed,bank_transfer
1835,1508,2022-03-06 19:46:18,returned,debit_card
1836,981,2022-08-01 20:45:10,completed,credit_card
1837,1555,2024-05-28 18:45:14,completed,gift_card
1838,1901,2023-10-07 17:21:13,cancelled,bank_transfer
1839,2154,2022-10-29 07:19:37,completed,credit_card
1840,1912,2024-01-12 03:36:52,returned,gift_card
1841,1696,2023-01-21 14:42:02,completed,bank_transfer
1842,1091,2024-02-12 11:44:34,returned,credit_card
1843,2477,2023-11-07 00:18:19,completed,credit_card
1844,2237,2023-12-10 09:24:39,completed,bank_transfer
1845,122,2024-05-14 15:22:57,cancelled,gift_card
1846,1244,2024-08-04 23:18:51,completed,bank_transfer
1847,988,2024-06-17 03:53:33,completed,gift_card
1848,319,2023-08-05 06:05:00,completed,gift_card
1849,160,2023-11-14 23:38:22,pending,bank_transfer
1850,56,2024-09-20 04:11:04,completed,gift_card
1851,513,2023-10-10 12:30:36,cancelled,debit_card
1852,2500,2023-05-22 20:50:45,returned,credit_card
1853,2482,2024-03-06 14:12:34,completed,paypal
1854,929,2024-01-09 14:36:58,completed,gift_card
1855,325,2024-03-21 11:07:10,pending,bank_transfer
1856,1634,2022-07-08 01:54:13,cancelled,credit_card
1857,149,2024-08-28 15:47:57,completed,debit_card
1858,1324,2023-11-26 12:22:20,completed,paypal
1859,1639,2022-09-24 23:49:49,cancelled,gift_card
1860,809,2022-04-26 18:10:14,pending,paypal
1861,1638,2022-08-06 01:40:09,cancelled,gift_card
1862,484,2024-03-13 03:23:36,completed,debit_card
1863,722,2022-10-30 16:41:21,completed,debit_card
1864,575,2024-06-01 12:57:58,completed,debit_card
1865,768,2022-05-02 09:28:41,cancelled,credit_card
1866,1009,2024-10-29 04:52:30,returned,gift_card
1867,2152,2024-05-27 18:09:50,cancelled,debit_card
1868,42,2024-03-05 16:24:31,cancelled,credit_card
1869,2081,2022-12-05 21:04:42,returned,paypal
1870,1457,2024-11-02 12:41:38,returned,gift_card
1871,604,2024-02-20 10:26:34,completed,debit_card
1872,887,2022-05-26 08:42:50,returned,debit_card
1873,858,2023-10-15 05:40:53,returned,paypal
1874,624,2022-07-13 18:36:00,completed,debit_card
1875,1903,2024-07-22 01:53:15,completed,credit_card
1876,891,2023-01-15 16:09:27,completed,paypal
1877,2413,2024-08-07 07:06:20,completed,bank_transfer
1878,679,2024-05-21 05:20:42,cancelled,bank_transfer
1879,2365,2023-03-02 06:02:30,completed,debit_card
1880,839,2022-05-25 23:34:42,completed,bank_transfer
1881,2307,2024-01-01 18:59:53,cancelled,gift_card
1882,932,2024-11-16 23:43:58,completed,gift_card
1883,1570,2024-11-28 07:34:48,completed,bank_transfer
1884,768,2023-01-02 14:23:22,returned,bank_transfer
1885,108,2024-06-29 11:50:20,completed,bank_transfer
1886,2494,2023-07-03 04:11:18,returned,bank_transfer
1887,1139,2023-06-19 20:55:26,cancelled,paypal
1888,640,2024-09-20 03:13:42,cancelled,credit_card
1889,1672,2024-04-18 16:42:57,cancelled,gift_card
1890,1246,2024-10-07 13:28:35,completed,gift_card
1891,1383,2022-01-06 15:46:23,returned,debit_card
1892,1988,2022-02-17 15:13:29,pending,credit_card
1893,2371,2023-02-19 02:16:20,returned,gift_card
1894,1631,2022-09-07 14:27:55,returned,credit_card
1895,490,2024-07-31 23:55:03,pending,bank_transfer
1896,1587,2022-04-10 20:00:24,completed,debit_card
1897,2217,2024-01-03 11:19:19,cancelled,gift_card
1898,1605,2023-12-20 15:41:06,completed,gift_card
1899,360,2022-05-15 11:55:29,completed,gift_card
1900,488,2024-03-20 08:44:14,completed,credit_card
1901,966,2023-11-05 19:36:46,completed,paypal
1902,989,2024-03-30 21:07:29,pending,credit_card
1903,1153,2023-06-21 02:11:02,pending,debit_card
1904,658,2024-09-28 19:28:31,returned,credit_card
1905,1732,2024-12-06 02:38:37,pending,debit_card
1906,1593,2022-07-16 03:44:37,completed,gift_card
1907,48,2023-06-07 22:41:07,cancelled,gift_card
1908,2130,2024-04-27 03:21:46,completed,debit_card
1909,412,2024-11-18 09:50:52,returned,debit_card
1910,1940,2022-10-17 19:21:05,completed,bank_transfer
1911,1477,2024-01-30 09:36:32,completed,debit_card
1912,495,2023-10-04 23:35:28,pending,debit_card
1913,1510,2023-05-24 05:43:10,completed,gift_card
1914,903,2024-06-09 10:08:57,completed,debit_card
1915,913,2024-02-05 00:41:31,completed,gift_card
1916,1553,2023-01-19 13:18:02,cancelled,debit_card
1917,1480,2024-09-06 16:51:30,cancelled,paypal
1918,339,2024-04-17 16:45:17,completed,credit_card
1919,101,2023-03-17 10:56:58,pending,credit_card
1920,1801,2024-08-25 00:17:15,returned,credit_card
1921,1490,2024-02-08 23:29:22,completed,gift_card
1922,1571,2023-07-08 06:09:15,completed,credit_card
1923,1584,2023-07-10 07:38:05,returned,credit_card
1924,2453,2023-06-23 12:22:27,completed,credit_card
1925,1476,2024-02-11 21:47:26,completed,gift_card
1926,2126,2024-02-25 01:07:50,returned,credit_card
1927,837,2024-03-30 00:56:04,completed,gift_card
1928,1999,2022-10-03 04:06:41,pending,paypal
1929,2290,2023-07-14 02:38:43,cancelled,bank_transfer
1930,1217,2024-06-21 08:45:47,completed,bank_transfer
1931,504,2023-08-07 14:04:12,completed,bank_transfer
1932,1002,2022-10-15 17:59:00,pending,debit_card
1933,477,2024-02-20 12:31:37,completed,gift_card
1934,2355,2023-12-06 08:12:03,completed,credit_card
1935,1327,2022-05-12 08:12:37,completed,paypal
1936,132,2022-12-28 01:05:18,pending,bank_transfer
1937,147,2024-10-13 18:02:04,completed,gift_card
1938,2259,2022-01-15 15:47:52,cancelled,paypal
1939,2361,2023-09-04 13:45:27,completed,gift_card
1940,412,2024-04-25 08:03:31,cancelled,paypal
1941,2403,2022-11-03 10:40:58,completed,gift_card
1942,1383,2023-05-05 08:36:38,returned,credit_card
1943,1483,2023-09-30 10:07:11,completed,paypal
1944,2000,2024-01-09 01:35:40,completed,debit_card
1945,1517,2024-01-11 18:36:00,cancelled,debit_card
1946,1426,2022-08-04 21:50:49,returned,bank_transfer
1947,654,2022-10-25 23:12:21,returned,debit_card
1948,1999,2024-02-11 10:45:12,completed,debit_card
1949,472,2024-09-17 21:11:29,completed,debit_card
1950,63,2024-04-16 01:48:39,completed,bank_transfer
1951,2133,2022-11-23 09:30:19,completed,credit_card
1952,1211,2022-11-29 17:54:45,completed,gift_card
1953,829,2022-06-14 06:51:08,completed,credit_card
1954,130,2022-08-20 14:08:24,completed,gift_card
1955,1664,2024-08-15 22:57:31,completed,credit_card
1956,1965,2024-02-10 09:27:21,completed,bank_transfer
1957,2378,2023-12-13 12:58:05,completed,credit_card
1958,2219,2024-04-18 12:16:56,pending,bank_transfer
1959,145,2023-12-16 06:45:36,returned,paypal
1960,2160,2024-02-01 00:40:32,completed,gift_card
1961,1346,2022-01-27 17:49:33,completed,bank_transfer
1962,1788,2024-12-19 04:14:11,completed,paypal
1963,1527,2024-08-20 18:02:05,completed,bank_transfer
1964,1676,2024-06-21 05:58:24,cancelled,gift_card
1965,323,2022-03-24 11:53:10,completed,gift_card
1966,1576,2022-06-25 23:20:09,cancelled,gift_card
1967,1929,2024-03-13 05:49:50,cancelled,debit_card
1968,881,2024-04-02 09:04:47,returned,credit_card
1969,772,2023-03-26 17:31:57,cancelled,credit_card
1970,938,2023-12-06 11:21:39,completed,debit_card
1971,722,2024-04-08 14:39:06,completed,gift_card
1972,2241,2024-11-03 13:19:20,completed,bank_transfer
1973,532,2023-07-31 10:21:08,completed,paypal
1974,892,2024-06-07 07:20:26,completed,debit_card
1975,29,2023-07-01 12:21:20,completed,paypal
1976,332,2024-04-02 10:25:16,completed,gift_card
1977,1668,2024-09-28 03:29:11,completed,paypal
1978,717,2022-09-03 07:17:07,completed,gift_card
1979,1940,2024-10-07 18:58:22,completed,gift_card
1980,655,2024-04-27 09:08:02,returned,bank_transfer
1981,1970,2023-10-19 06:19:18,returned,bank_transfer
1982,753,2024-07-06 23:31:45,returned,credit_card
1983,1728,2024-11-23 05:24:43,completed,paypal
1984,351,2023-11-29 15:43:18,pending,paypal
1985,265,2023-07-27 14:02:36,completed,credit_card
1986,2279,2024-05-21 02:33:24,completed,paypal
1987,2331,2024-09-11 01:47:33,completed,debit_card
1988,1522,2024-10-03 03:07:02,pending,bank_transfer
1989,2149,2024-01-12 20:29:34,completed,bank_transfer
1990,2102,2023-08-28 16:00:46,completed,debit_card
1991,18,2023-01-09 12:47:39,pending,gift_card
1992,2239,2024-11-29 02:36:27,completed,credit_card
1993,643,2024-06-14 22:14:37,pending,bank_transfer
1994,1930,2024-08-15 13:22:02,returned,debit_card
1995,1493,2024-01-18 11:37:36,completed,debit_card
1996,1616,2022-05-02 12:17:01,completed,gift_card
1997,118,2024-06-02 13:49:05,pending,credit_card
1998,1196,2024-09-01 13:38:09,completed,bank_transfer
1999,1362,2024-01-12 09:34:13,completed,credit_card
2000,1271,2024-06-10 21:25:20,completed,gift_card
2001,1717,2023-04-02 11:08:02,returned,gift_card
2002,2310,2023-12-30 16:23:26,returned,credit_card
2003,126,2022-05-20 17:18:39,completed,debit_card
2004,812,2024-06-24 02:41:00,cancelled,debit_card
2005,1980,2024-02-17 17:43:01,returned,debit_card
2006,485,2022-09-28 01:05:46,pending,bank_transfer
2007,1138,2023-09-03 07:24:17,returned,bank_transfer
2008,1592,2024-03-03 17:43:39,completed,bank_transfer
2009,2314,2023-02-20 10:48:50,completed,bank_transfer
2010,565,2024-04-01 10:55:42,completed,debit_card
2011,1007,2024-09-08 04:30:40,completed,gift_card
2012,1525,2024-12-31 18:00:55,completed,gift_card
2013,883,2022-12-22 11:44:05,completed,gift_card
2014,1654,2024-05-07 08:14:42,pending,bank_transfer
2015,1726,2023-09-13 00:59:28,returned,debit_card
2016,1018,2023-06-10 20:30:12,cancelled,debit_card
2017,2216,2022-03-06 02:46:35,cancelled,paypal
2018,1716,2024-05-27 01:26:08,completed,credit_card
2019,1284,2024-07-23 11:54:27,returned,debit_card
2020,980,2023-11-05 15:52:12,pending,bank_transfer
2021,1313,2024-04-09 14:20:08,completed,credit_card
2022,876,2022-06-09 19:27:55,completed,credit_card
2023,1754,2024-08-08 13:10:48,completed,gift_card
2024,2466,2024-11-16 22:29:16,completed,bank_transfer
2025,10,2024-10-13 18:36:41,completed,paypal
2026,1300,2022-02-07 13:37:40,cancelled,bank_transfer
2027,1429,2024-07-19 07:57:22,cancelled,gift_card
2028,1118,2024-02-15 11:15:50,completed,bank_transfer
2029,2356,2023-12-28 01:44:29,completed,bank_transfer
2030,857,2024-11-18 06:46:43,cancelled,bank_transfer
2031,1507,2023-12-11 13:55:44,pending,paypal
2032,2210,2024-09-19 18:30:45,completed,gift_card
2033,2088,2024-08-01 21:59:27,completed,bank_transfer
2034,2411,2024-12-06 10:38:46,completed,credit_card
2035,219,2022-03-07 04:48:42,completed,gift_card
2036,193,2024-08-05 10:28:07,completed,bank_transfer
2037,2028,2024-01-18 22:21:02,completed,credit_card
2038,1957,2023-06-09 23:08:09,completed,bank_transfer
2039,2001,2023-07-17 22:13:29,cancelled,credit_card
2040,1815,2023-03-16 15:18:09,completed,paypal
2041,1547,2023-07-03 07:40:29,completed,bank_transfer
2042,1232,2024-02-22 09:10:47,completed,gift_card
2043,971,2024-10-03 16:29:52,returned,bank_transfer
2044,1413,2024-03-11 09:52:56,completed,gift_card
2045,1145,2024-09-28 21:57:43,completed,credit_card
2046,1184,2023-10-09 07:47:30,completed,debit_card
2047,1739,2024-06-18 19:15:37,completed,debit_card
2048,829,2022-04-18 07:00:25,pending,debit_card
2049,217,2023-06-13 20:08:53,pending,credit_card
2050,949,2022-05-04 14:29:01,completed,gift_card
2051,528,2023-11-24 12:09:15,completed,gift_card
2052,1717,2023-09-22 03:40:18,completed,gift_card
2053,2013,2024-09-14 08:03:00,cancelled,bank_transfer
2054,124,2022-07-24 09:38:59,cancelled,credit_card
2055,619,2023-11-21 21:31:04,completed,credit_card
2056,2375,2022-02-05 15:48:58,completed,bank_transfer
2057,344,2024-12-05 07:50:41,completed,paypal
2058,251,2024-12-05 18:09:35,completed,bank_transfer
2059,387,2024-09-09 17:52:06,cancelled,debit_card
2060,824,2022-10-14 14:13:48,returned,paypal
2061,1428,2023-06-27 19:09:31,pending,paypal
2062,2296,2024-08-10 14:19:17,completed,paypal
2063,1034,2023-06-20 17:01:30,completed,debit_card
2064,1522,2024-05-16 22:54:02,returned,debit_card
2065,95,2024-06-19 16:00:22,completed,debit_card
2066,963,2024-01-22 12:44:54,returned,debit_card
2067,775,2024-06-03 09:02:27,completed,credit_card
2068,409,2024-06-13 16:50:17,pending,paypal
2069,2294,2022-01-17 03:36:22,completed,gift_card
2070,2465,2022-01-29 21:30:16,completed,gift_card
2071,2156,2022-01-05 23:55:16,completed,credit_card
2072,2315,2023-09-06 16:54:53,completed,debit_card
2073,2150,2022-11-03 06:08:18,completed,bank_transfer
2074,800,2024-07-23 19:35:27,completed,bank_transfer
2075,1501,2023-07-06 02:30:56,completed,credit_card
2076,2292,2024-09-25 23:28:43,cancelled,debit_card
2077,2066,2023-12-15 16:35:08,pending,paypal
2078,354,2023-07-11 21:18:21,returned,credit_card
2079,663,2024-11-17 10:10:42,completed,bank_transfer
2080,2361,2023-02-15 15:19:26,completed,bank_transfer
2081,2039,2023-08-08 07:39:27,pending,debit_card
2082,2242,2023-07-04 15:27:00,pending,bank_transfer
2083,1981,2022-03-18 00:10:11,completed,debit_card
2084,1263,2023-07-06 15:28:21,completed,bank_transfer
2085,1711,2024-03-31 09:43:20,cancelled,gift_card
2086,552,2022-06-01 05:36:22,completed,paypal
2087,1773,2023-03-03 18:14:59,pending,gift_card
2088,2215,2024-01-08 00:53:27,cancelled,gift_card
2089,1070,2024-04-09 23:20:26,completed,debit_card
2090,869,2024-01-30 17:33:46,completed,gift_card
2091,1491,2023-12-15 11:51:29,returned,debit_card
2092,622,2023-08-15 02:47:14,returned,bank_transfer
2093,1888,2023-08-27 07:03:05,completed,credit_card
2094,1036,2024-11-05 07:28:54,cancelled,debit_card
2095,1296,2024-12-08 02:01:49,returned,debit_card
2096,1832,2022-03-16 23:18:31,pending,credit_card
2097,1810,2024-10-13 20:52:13,completed,debit_card
2098,448,2024-08-04 08:48:09,completed,bank_transfer
2099,417,2024-08-12 13:57:08,completed,gift_card
2100,515,2024-10-11 14:59:16,completed,paypal
2101,1558,2022-01-06 22:59:08,pending,gift_card
2102,1538,2023-03-03 08:56:36,cancelled,debit_card
2103,1355,2022-11-05 03:26:44,completed,credit_card
2104,536,2023-02-10 13:53:01,returned,debit_card
2105,581,2023-05-19 12:09:12,completed,gift_card
2106,1476,2023-05-01 01:39:18,pending,gift_card
2107,924,2023-03-25 12:10:39,completed,debit_card
2108,1798,2023-09-01 19:17:31,pending,gift_card
2109,14,2024-08-01 22:42:35,cancelled,paypal
2110,1864,2023-10-07 00:33:54,completed,gift_card
2111,671,2023-02-18 06:09:42,completed,paypal
2112,2352,2022-08-04 01:21:13,pending,gift_card
2113,548,2022-12-20 07:52:30,completed,bank_transfer
2114,2436,2024-06-16 06:13:08,completed,paypal
2115,112,2022-07-17 06:56:32,completed,gift_card
2116,2324,2022-07-16 08:29:43,completed,paypal
2117,1171,2022-04-25 19:33:52,pending,bank_transfer
2118,500,2023-11-16 15:24:12,completed,paypal
2119,2234,2024-11-01 17:08:14,cancelled,gift_card
2120,339,2023-02-08 18:12:29,completed,paypal
2121,393,2023-08-24 10:53:49,completed,paypal
2122,1515,2024-10-22 16:07:15,cancelled,credit_card
2123,775,2024-03-09 23:24:02,completed,debit_card
2124,960,2023-03-01 19:00:57,completed,bank_transfer
2125,1098,2023-11-28 20:26:22,completed,debit_card
2126,783,2023-09-13 00:12:24,completed,credit_card
2127,1434,2023-08-21 22:33:54,completed,debit_card
2128,571,2024-07-27 00:01:28,cancelled,paypal
2129,1083,2022-07-31 04:01:32,cancelled,credit_card
2130,1238,2024-09-17 01:17:20,completed,paypal
2131,1109,2023-04-06 05:06:20,completed,credit_card
2132,851,2024-09-06 02:35:31,completed,paypal
2133,670,2024-04-02 10:02:08,returned,gift_card
2134,1562,2023-03-11 10:15:37,completed,bank_transfer
2135,151,2024-01-30 04:55:21,completed,debit_card
2136,2402,2024-10-05 00:43:08,completed,debit_card
2137,253,2024-09-20 06:10:23,cancelled,paypal
2138,242,2024-09-11 01:27:36,cancelled,debit_card
2139,1764,2024-09-14 13:01:27,cancelled,credit_card
2140,1652,2023-12-26 20:38:12,completed,credit_card
2141,267,2024-09-14 08:23:10,returned,gift_card
2142,714,2024-10-07 17:08:39,pending,credit_card
2143,431,2024-05-13 11:51:19,completed,debit_card
2144,142,2024-11-24 21:35:23,completed,debit_card
2145,403,2023-07-05 02:08:42,completed,bank_transfer
2146,556,2024-02-27 23:24:24,completed,bank_transfer
2147,786,2024-04-15 12:02:35,pending,credit_card
2148,1776,2024-10-24 21:40:16,pending,gift_card
2149,2117,2023-06-14 14:01:56,completed,gift_card
2150,1469,2022-06-20 07:58:22,completed,credit_card
2151,2303,2024-06-15 21:21:04,completed,credit_card
2152,1420,2022-04-01 14:14:25,completed,gift_card
2153,200,2024-12-28 22:09:06,completed,bank_transfer
2154,2419,2024-11-23 18:23:12,pending,credit_card
2155,520,2023-06-20 07:41:20,completed,credit_card
2156,2381,2024-01-17 22:57:00,returned,credit_card
2157,384,2022-09-01 17:24:43,completed,gift_card
2158,1144,2023-01-21 17:58:31,completed,paypal
2159,811,2022-05-01 07:45:06,completed,gift_card
2160,1505,2024-12-14 07:24:17,pending,debit_card
2161,587,2022-01-12 18:18:20,completed,paypal
2162,101,2024-08-08 12:39:07,completed,bank_transfer
2163,2455,2022-04-09 10:13:11,completed,bank_transfer
2164,513,2022-12-12 16:58:30,cancelled,gift_card
2165,155,2022-12-13 13:53:32,completed,paypal
2166,1299,2024-02-24 19:41:40,returned,gift_card
2167,1244,2024-08-13 08:09:01,cancelled,paypal
2168,1254,2024-06-25 14:17:05,pending,paypal
2169,54,2022-11-21 10:23:42,returned,paypal
2170,285,2022-11-23 04:03:16,pending,gift_card
2171,1300,2024-11-01 22:38:05,completed,bank_transfer
2172,1232,2023-08-27 22:47:31,completed,credit_card
2173,1055,2023-04-04 22:06:21,returned,gift_card
2174,2116,2024-05-20 00:49:58,completed,debit_card
2175,1306,2022-06-03 06:31:47,returned,bank_transfer
2176,817,2024-08-22 20:23:29,returned,credit_card
2177,1434,2023-03-26 16:40:12,pending,debit_card
2178,244,2024-11-17 02:01:14,completed,bank_transfer
2179,1572,2024-03-16 02:10:18,cancelled,paypal
2180,1460,2022-07-10 15:49:17,cancelled,paypal
2181,2083,2024-11-19 05:41:21,cancelled,debit_card
2182,1602,2022-03-02 02:54:49,completed,debit_card
2183,518,2024-11-07 18:56:34,completed,bank_transfer
2184,1412,2022-08-23 07:02:11,completed,debit_card
2185,1542,2024-02-23 13:10:40,completed,paypal
2186,2345,2023-05-21 22:01:45,completed,debit_card
2187,1795,2022-06-04 12:04:35,completed,debit_card
2188,1578,2022-12-03 16:14:54,completed,debit_card
2189,1910,2024-01-31 19:59:33,completed,debit_card
2190,1064,2022-01-16 10:58:43,cancelled,gift_card
2191,1641,2023-02-13 09:16:55,cancelled,paypal
2192,2200,2022-06-24 12:25:45,completed,credit_card
2193,1630,2024-05-20 15:07:26,pending,credit_card
2194,1965,2024-03-16 06:16:22,cancelled,credit_card
2195,2262,2023-10-09 16:01:06,completed,gift_card
2196,1472,2024-07-31 22:11:52,completed,debit_card
2197,775,2024-04-27 02:33:18,completed,gift_card
2198,393,2022-06-15 12:35:32,completed,bank_transfer
2199,1220,2023-10-03 08:52:33,returned,paypal
2200,914,2024-04-20 08:54:49,completed,paypal
2201,2339,2024-07-12 17:09:24,completed,paypal
2202,516,2024-03-26 20:05:33,completed,paypal
2203,1591,2024-07-06 14:25:11,pending,gift_card
2204,1231,2024-11-09 11:21:21,cancelled,debit_card
2205,602,2022-10-15 02:46:49,completed,bank_transfer
2206,1967,2022-10-03 04:19:13,completed,paypal
2207,1591,2024-12-17 01:15:13,completed,credit_card
2208,1107,2024-05-10 18:57:43,completed,credit_card
2209,1410,2023-06-29 20:54:36,completed,bank_transfer
2210,194,2022-05-17 08:33:14,completed,debit_card
2211,1510,2023-09-12 19:44:05,cancelled,paypal
2212,1706,2022-06-09 22:43:17,completed,debit_card
2213,1093,2024-10-06 07:33:27,completed,credit_card
2214,1372,2023-01-28 22:57:48,pending,credit_card
2215,2240,2024-07-01 20:26:53,cancelled,bank_transfer
2216,1132,2024-10-20 12:01:54,completed,debit_card
2217,2373,2022-11-26 14:26:03,pending,gift_card
2218,2066,2024-02-15 19:19:12,cancelled,credit_card
2219,2109,2024-04-04 19:20:10,returned,paypal
2220,819,2024-12-28 01:38:29,completed,gift_card
2221,1509,2024-04-18 20:38:20,cancelled,debit_card
2222,2427,2023-12-16 23:48:18,completed,debit_card
2223,1583,2023-01-19 17:59:44,completed,credit_card
2224,448,2023-07-07 07:00:05,cancelled,debit_card
2225,2344,2024-06-26 05:19:10,completed,debit_card
2226,240,2024-02-18 06:56:42,cancelled,paypal
2227,449,2022-08-15 03:30:14,pending,debit_card
2228,1685,2022-06-06 04:47:44,completed,gift_card
2229,2375,2024-02-21 12:16:45,completed,gift_card
2230,2070,2022-04-14 17:43:08,completed,bank_transfer
2231,1505,2024-05-11 22:22:57,pending,debit_card
2232,1826,2024-10-04 06:31:18,completed,credit_card
2233,345,2024-02-04 12:21:48,completed,credit_card
2234,394,2023-12-15 07:13:04,completed,bank_transfer
2235,703,2024-08-23 19:28:09,completed,paypal
2236,706,2024-02-26 11:26:43,pending,credit_card
2237,1556,2023-01-16 13:34:33,completed,credit_card
2238,474,2022-08-20 07:40:47,completed,debit_card
2239,1521,2023-11-19 22:28:13,completed,paypal
2240,1787,2024-10-15 11:07:51,completed,credit_card
2241,1558,2024-07-14 06:06:46,cancelled,gift_card
2242,1459,2023-01-12 04:39:55,completed,credit_card
2243,584,2022-09-21 13:26:49,returned,paypal
2244,952,2023-03-11 04:04:01,completed,credit_card
2245,1993,2022-03-23 17:45:28,completed,credit_card
2246,526,2024-01-17 21:13:21,completed,paypal
2247,729,2024-03-05 12:20:22,pending,bank_transfer
2248,2036,2024-05-23 00:56:22,returned,credit_card
2249,248,2022-11-16 17:44:37,pending,debit_card
2250,1879,2023-09-16 04:21:06,returned,bank_transfer
2251,903,2024-08-24 16:12:59,completed,debit_card
2252,420,2024-11-23 18:55:53,completed,debit_card
2253,1408,2024-02-11 15:57:13,returned,gift_card
2254,1529,2023-11-22 07:39:47,completed,credit_card
2255,1929,2024-06-06 12:47:44,returned,paypal
2256,521,2023-09-18 01:54:10,completed,debit_card
2257,1183,2024-12-25 12:55:59,completed,debit_card
2258,1105,2023-05-06 15:56:18,completed,paypal
2259,1663,2022-03-29 16:39:39,completed,gift_card
2260,1142,2024-12-30 16:47:47,completed,credit_card
2261,2347,2024-01-27 14:11:21,cancelled,bank_transfer
2262,1423,2022-03-27 14:27:10,returned,gift_card
2263,699,2023-07-22 19:34:46,returned,gift_card
2264,1910,2024-04-17 04:32:12,returned,gift_card
2265,868,2023-08-16 06:29:08,completed,credit_card
2266,2300,2024-11-22 09:14:25,returned,bank_transfer
2267,2059,2024-11-22 02:05:17,completed,credit_card
2268,2378,2023-12-09 07:34:06,returned,paypal
2269,992,2024-02-25 06:48:45,completed,debit_card
2270,1623,2024-01-21 11:49:42,cancelled,debit_card
2271,229,2022-09-28 04:23:49,completed,gift_card
2272,1940,2024-07-07 13:50:14,completed,credit_card
2273,1080,2023-08-25 03:00:19,returned,credit_card
2274,974,2024-07-12 06:48:10,pending,debit_card
2275,354,2022-06-24 21:18:16,returned,credit_card
2276,732,2024-12-05 21:10:47,completed,gift_card
2277,2261,2024-06-26 12:01:39,pending,gift_card
2278,824,2023-02-03 17:10:53,returned,paypal
2279,97,2022-02-15 17:31:28,returned,debit_card
2280,1676,2024-03-05 10:13:39,completed,credit_card
2281,1935,2023-08-15 16:22:06,pending,paypal
2282,2338,2023-11-03 09:28:02,completed,gift_card
2283,2110,2022-09-02 22:27:59,pending,debit_card
2284,127,2024-01-09 19:27:06,returned,credit_card
2285,1101,2024-09-10 11:59:23,pending,paypal
2286,549,2024-10-02 06:32:00,completed,paypal
2287,395,2024-04-06 22:31:07,pending,bank_transfer
2288,396,2022-06-24 14:22:05,completed,credit_card
2289,1746,2022-01-10 12:24:58,pending,gift_card
2290,1962,2022-05-15 03:24:15,returned,credit_card
2291,2349,2022-09-01 21:13:28,cancelled,credit_card
2292,2084,2023-11-28 02:18:23,completed,gift_card
2293,2349,2023-12-13 03:47:29,pending,debit_card
2294,636,2023-07-18 22:06:13,completed,gift_card
2295,1120,2022-10-30 06:35:37,completed,credit_card
2296,2421,2024-01-19 19:40:37,completed,bank_transfer
2297,100,2023-09-04 11:26:06,completed,debit_card
2298,1208,2024-08-03 02:22:57,cancelled,gift_card
2299,603,2024-02-26 14:29:34,returned,paypal
2300,2281,2024-02-17 20:51:31,cancelled,credit_card
2301,889,2024-11-25 15:47:15,completed,paypal
2302,82,2024-03-18 08:37:34,completed,gift_card
2303,1536,2023-05-06 02:50:37,completed,credit_card
2304,1746,2024-07-03 05:07:36,pending,credit_card
2305,434,2024-07-31 13:43:36,completed,bank_transfer
2306,5,2023-08-23 14:14:21,pending,credit_card
2307,1551,2024-09-03 12:14:39,completed,debit_card
2308,231,2023-03-23 18:32:54,completed,debit_card
2309,1752,2024-09-22 18:37:55,completed,debit_card
2310,2372,2022-08-10 22:04:51,completed,gift_card
2311,1105,2023-05-17 17:45:28,cancelled,gift_card
2312,475,2024-11-17 15:55:07,completed,paypal
2313,2133,2023-11-15 11:50:33,cancelled,debit_card
2314,899,2022-06-24 11:22:04,returned,credit_card
2315,136,2024-04-02 16:50:35,pending,gift_card
2316,136,2023-09-26 00:49:20,pending,debit_card
2317,81,2022-10-15 13:24:18,completed,gift_card
2318,2,2024-10-13 01:01:30,completed,debit_card
2319,205,2024-11-17 05:34:06,returned,paypal
2320,117,2022-04-10 06:31:46,returned,debit_card
2321,1826,2022-12-28 22:27:38,returned,credit_card
2322,2229,2023-08-10 10:19:25,completed,gift_card
2323,2286,2023-09-22 15:05:13,completed,credit_card
2324,482,2024-05-14 01:47:07,completed,debit_card
2325,797,2023-04-18 10:21:56,cancelled,paypal
2326,1541,2024-06-27 23:06:40,cancelled,bank_transfer
2327,249,2023-07-28 08:34:32,returned,bank_transfer
2328,576,2023-12-30 16:22:27,returned,debit_card
2329,285,2023-01-23 12:41:42,completed,gift_card
2330,236,2023-04-07 02:33:36,completed,debit_card
2331,1964,2023-09-02 18:58:33,completed,bank_transfer
2332,368,2022-09-25 13:56:33,pending,gift_card
2333,1311,2023-05-18 10:45:30,returned,credit_card
2334,1492,2024-10-23 11:17:25,completed,debit_card
2335,2251,2024-08-16 16:58:30,completed,paypal
2336,856,2022-12-31 00:13:37,cancelled,debit_card
2337,277,2022-04-23 05:28:04,pending,bank_transfer
2338,229,2024-10-08 22:06:33,completed,paypal
2339,1586,2024-10-25 15:54:26,pending,bank_transfer
2340,2364,2023-12-13 20:27:05,completed,bank_transfer
2341,1851,2022-12-26 12:42:04,completed,debit_card
2342,1667,2024-01-19 01:54:09,completed,gift_card
2343,563,2024-06-03 15:01:50,returned,gift_card
2344,1463,2022-04-05 19:51:34,completed,debit_card
2345,583,2024-08-09 12:01:25,completed,paypal
2346,919,2022-01-26 06:21:19,returned,debit_card
2347,2018,2024-02-14 08:51:53,completed,credit_card
2348,930,2023-03-03 18:12:45,pending,debit_card
2349,1318,2022-06-12 04:43:26,completed,bank_transfer
2350,105,2022-07-17 01:57:31,completed,credit_card
2351,1853,2024-12-01 23:37:24,completed,credit_card
2352,1073,2024-10-07 10:35:23,completed,bank_transfer
2353,1112,2022-03-15 16:56:16,returned,gift_card
2354,495,2022-04-09 20:53:24,completed,gift_card
2355,122,2024-04-03 03:22:27,cancelled,gift_card
2356,2462,2023-08-22 13:06:29,returned,debit_card
2357,2454,2022-08-15 13:38:18,completed,bank_transfer
2358,564,2022-02-25 22:42:57,pending,debit_card
2359,2304,2023-12-10 23:06:40,cancelled,gift_card
2360,1101,2024-11-23 03:05:44,completed,bank_transfer
2361,2499,2023-10-30 05:49:10,completed,paypal
2362,52,2024-07-17 16:56:29,pending,credit_card
2363,2089,2024-09-20 22:26:17,cancelled,credit_card
2364,2302,2024-05-05 15:07:25,completed,bank_transfer
2365,70,2022-01-31 23:00:37,completed,bank_transfer
2366,510,2024-08-31 23:47:32,pending,paypal
2367,2133,2022-08-24 08:28:12,completed,bank_transfer
2368,639,2024-08-29 17:42:47,returned,gift_card
2369,2106,2022-10-08 03:51:03,pending,paypal
2370,1384,2023-03-13 14:09:30,completed,bank_transfer
2371,412,2024-03-04 08:43:53,completed,debit_card
2372,2392,2023-07-24 21:37:10,completed,paypal
2373,515,2023-08-22 16:18:09,pending,debit_card
2374,1250,2024-08-27 13:13:12,completed,debit_card
2375,1221,2024-06-12 11:34:41,pending,credit_card
2376,1998,2024-11-06 17:36:41,completed,gift_card
2377,1127,2022-07-20 06:46:24,completed,gift_card
2378,179,2024-06-29 10:49:56,completed,bank_transfer
2379,2475,2024-09-29 16:36:15,completed,paypal
2380,1420,2024-11-05 20:31:54,cancelled,bank_transfer
2381,2295,2023-04-27 10:23:15,completed,credit_card
2382,1163,2024-10-22 03:35:48,pending,bank_transfer
2383,131,2022-02-20 22:18:55,cancelled,credit_card
2384,2060,2023-12-30 20:51:22,cancelled,credit_card
2385,734,2024-10-01 05:55:43,completed,debit_card
2386,1899,2024-10-06 18:26:58,returned,debit_card
2387,2191,2022-04-09 01:54:59,completed,debit_card
2388,480,2024-04-10 08:05:33,completed,gift_card
2389,884,2023-12-21 14:57:50,pending,bank_transfer
2390,970,2023-07-08 16:25:17,cancelled,credit_card
2391,1668,2023-09-24 17:16:44,completed,debit_card
2392,1572,2024-05-26 16:32:33,cancelled,debit_card
2393,1612,2024-10-04 10:08:32,completed,gift_card
2394,2438,2022-05-20 07:30:40,completed,debit_card
2395,1048,2024-10-10 15:26:32,completed,gift_card
2396,681,2022-10-20 10:42:47,cancelled,paypal
2397,1631,2022-03-23 23:32:58,completed,debit_card
2398,1303,2023-07-28 06:40:59,completed,credit_card
2399,1906,2023-09-18 19:06:10,completed,bank_transfer
2400,1443,2024-04-27 23:28:47,completed,gift_card
2401,1839,2024-09-27 20:34:35,pending,gift_card
2402,237,2023-09-14 07:45:17,completed,bank_transfer
2403,2027,2024-12-17 11:56:05,completed,gift_card
2404,2171,2022-01-12 19:46:55,pending,gift_card
2405,433,2023-07-12 00:18:26,cancelled,paypal
2406,2305,2024-09-25 08:56:42,completed,credit_card
2407,444,2024-09-14 05:44:31,cancelled,bank_transfer
2408,375,2024-07-23 02:49:32,pending,paypal
2409,2340,2022-10-21 16:17:25,completed,bank_transfer
2410,1638,2024-06-25 17:08:08,completed,credit_card
2411,1632,2024-02-20 02:35:51,returned,credit_card
2412,411,2022-01-13 05:26:57,pending,paypal
2413,172,2024-04-18 03:29:16,pending,credit_card
2414,1552,2024-02-08 09:46:47,cancelled,bank_transfer
2415,1954,2023-07-16 01:26:39,pending,credit_card
2416,1744,2023-02-27 06:32:03,returned,paypal
2417,639,2023-11-10 09:13:05,pending,debit_card
2418,1079,2024-10-10 19:06:36,completed,debit_card
2419,931,2022-08-25 16:51:19,cancelled,debit_card
2420,796,2023-12-23 00:05:12,completed,credit_card
2421,1894,2023-09-13 11:11:08,returned,paypal
2422,254,2022-03-31 10:53:47,returned,gift_card
2423,1790,2022-09-22 20:40:04,completed,credit_card
2424,2019,2024-01-31 15:06:38,completed,bank_transfer
2425,1085,2023-09-25 14:49:10,completed,gift_card
2426,2384,2023-06-09 23:08:30,pending,paypal
2427,1313,2024-01-02 19:27:11,cancelled,debit_card
2428,1755,2023-09-18 12:28:46,cancelled,debit_card
2429,2308,2023-08-25 13:04:28,completed,bank_transfer
2430,1243,2024-05-23 23:05:51,completed,credit_card
2431,2165,2022-08-17 23:10:54,completed,paypal
2432,464,2024-03-19 19:51:21,completed,gift_card
2433,1838,2024-01-17 00:49:32,completed,gift_card
2434,2000,2023-04-07 05:02:10,pending,credit_card
2435,1613,2024-06-30 15:11:20,cancelled,paypal
2436,762,2024-02-18 10:37:31,completed,bank_transfer
2437,459,2023-07-31 07:14:10,returned,paypal
2438,2002,2023-11-20 04:51:48,pending,bank_transfer
2439,1637,2024-01-16 03:59:14,pending,gift_card
2440,1558,2024-02-27 04:39:44,cancelled,gift_card
2441,1419,2024-05-16 07:06:42,returned,debit_card
2442,905,2023-02-13 04:15:31,completed,gift_card
2443,723,2023-11-19 12:15:58,completed,debit_card
2444,2493,2023-03-18 12:41:23,cancelled,bank_transfer
2445,1739,2024-11-13 10:13:01,completed,paypal
2446,1802,2022-10-08 01:42:58,cancelled,bank_transfer
2447,2239,2023-03-27 14:24:36,returned,debit_card
2448,1311,2023-11-03 23:12:01,cancelled,bank_transfer
2449,2122,2023-07-22 14:18:54,cancelled,credit_card
2450,254,2024-06-20 08:45:16,pending,bank_transfer
2451,122,2022-01-09 16:54:04,cancelled,debit_card
2452,1002,2023-02-15 06:22:20,completed,paypal
2453,1748,2024-01-19 14:04:26,returned,debit_card
2454,1724,2023-10-10 22:26:17,completed,debit_card
2455,1111,2023-01-14 23:36:41,cancelled,debit_card
2456,2330,2024-07-14 18:56:48,completed,bank_transfer
2457,2383,2022-10-25 17:21:29,completed,bank_transfer
2458,2189,2024-12-01 21:59:18,completed,credit_card
2459,132,2024-11-30 15:41:37,cancelled,gift_card
2460,1654,2024-08-19 12:16:10,pending,credit_card
2461,1336,2022-10-09 17:48:02,cancelled,gift_card
2462,1383,2022-08-14 13:57:29,completed,bank_transfer
2463,796,2024-05-04 06:16:04,returned,credit_card
2464,1212,2023-09-21 11:28:47,completed,debit_card
2465,521,2023-11-30 11:52:06,returned,bank_transfer
2466,1092,2023-09-05 17:27:05,completed,credit_card
2467,2125,2023-05-25 09:35:53,pending,credit_card
2468,1825,2024-07-01 13:55:27,completed,gift_card
2469,389,2022-03-10 20:20:27,completed,paypal
2470,1128,2023-05-22 22:39:22,cancelled,paypal
2471,1990,2023-02-10 04:55:22,pending,credit_card
2472,1474,2022-07-17 18:15:40,completed,gift_card
2473,2051,2024-02-14 17:53:55,returned,debit_card
2474,1707,2022-06-07 23:34:03,pending,bank_transfer
2475,923,2024-09-23 20:47:31,pending,debit_card
2476,837,2022-09-30 17:57:21,cancelled,bank_transfer
2477,1815,2023-05-22 13:36:50,pending,credit_card
2478,1233,2024-08-08 11:33:14,completed,bank_transfer
2479,2098,2023-01-27 11:04:28,returned,bank_transfer
2480,881,2024-03-04 09:09:28,completed,paypal
2481,1612,2024-07-07 02:43:31,pending,gift_card
2482,2031,2023-07-02 19:43:58,pending,paypal
2483,82,2024-11-27 17:51:09,cancelled,bank_transfer
2484,1720,2023-10-16 03:21:07,returned,gift_card
2485,1776,2024-06-25 15:52:11,completed,paypal
2486,799,2022-06-26 17:56:13,completed,gift_card
2487,1797,2024-05-18 05:51:19,cancelled,debit_card
2488,803,2022-08-04 00:23:13,completed,bank_transfer
2489,1260,2024-12-12 21:43:44,completed,bank_transfer
2490,579,2022-12-08 13:45:56,returned,gift_card
2491,1983,2024-03-02 11:48:26,completed,credit_card
2492,1887,2024-01-30 00:41:38,completed,credit_card
2493,1530,2024-10-20 00:06:36,returned,debit_card
2494,624,2024-10-25 02:09:44,completed,credit_card
2495,2164,2024-09-30 15:36:14,completed,credit_card
2496,917,2023-02-20 08:56:53,returned,paypal
2497,862,2024-06-07 19:36:25,completed,gift_card
2498,2471,2023-05-08 17:28:24,returned,gift_card
2499,1544,2024-02-03 09:18:28,returned,gift_card
2500,1438,2022-07-06 19:42:13,completed,gift_card
2501,362,2022-04-26 16:21:59,completed,gift_card
2502,309,2024-12-27 02:27:41,returned,credit_card
2503,883,2024-09-22 10:13:02,completed,gift_card
2504,990,2022-11-07 10:10:54,returned,gift_card
2505,333,2024-07-29 05:08:31,returned,debit_card
2506,1914,2024-04-05 07:25:24,returned,bank_transfer
2507,142,2024-04-24 16:55:58,completed,bank_transfer
2508,1097,2024-03-11 00:35:51,completed,credit_card
2509,1997,2024-11-12 20:53:38,returned,gift_card
2510,992,2023-01-19 01:14:34,completed,paypal
2511,1927,2024-06-13 20:29:53,completed,bank_transfer
2512,154,2024-09-02 12:27:11,pending,credit_card
2513,332,2023-12-14 13:19:25,returned,debit_card
2514,1146,2023-02-23 06:54:02,returned,bank_transfer
2515,1778,2023-11-01 21:22:52,completed,gift_card
2516,1767,2024-02-22 14:58:17,completed,credit_card
2517,2173,2022-10-25 02:31:16,completed,debit_card
2518,2378,2024-08-17 04:54:49,returned,bank_transfer
2519,2164,2024-08-05 15:19:46,completed,debit_card
2520,1753,2023-12-25 11:12:30,completed,credit_card
2521,152,2024-09-16 14:31:52,completed,paypal
2522,1265,2023-08-20 22:47:50,completed,credit_card
2523,1536,2024-02-10 15:45:23,pending,credit_card
2524,2466,2023-09-24 17:44:59,completed,paypal
2525,1588,2024-02-24 21:34:18,completed,credit_card
2526,1264,2023-03-19 09:08:40,cancelled,paypal
2527,1790,2024-01-20 15:09:55,pending,paypal
2528,898,2023-05-26 00:16:14,returned,bank_transfer
2529,54,2023-03-01 11:14:20,completed,paypal
2530,1367,2022-03-25 01:08:32,completed,debit_card
2531,1860,2022-08-07 20:22:56,cancelled,credit_card
2532,1666,2024-01-15 15:06:38,pending,paypal
2533,2456,2024-03-11 06:08:29,cancelled,paypal
2534,1753,2023-01-06 06:43:09,completed,gift_card
2535,807,2023-12-09 15:41:28,completed,credit_card
2536,2238,2023-11-30 19:01:47,pending,debit_card
2537,621,2024-11-20 22:52:53,completed,credit_card
2538,154,2024-12-13 11:30:52,completed,debit_card
2539,1512,2022-09-22 18:42:34,completed,paypal
2540,357,2024-07-13 01:44:45,pending,gift_card
2541,2017,2024-10-09 12:43:35,pending,paypal
2542,448,2024-03-13 10:52:42,completed,debit_card
2543,419,2024-09-15 12:33:15,completed,debit_card
2544,872,2024-02-25 19:59:24,completed,gift_card
2545,204,2024-12-31 09:21:57,completed,bank_transfer
2546,96,2022-03-06 16:35:26,completed,debit_card
2547,2103,2024-09-08 08:24:07,completed,credit_card
2548,569,2024-07-24 06:40:31,completed,paypal
2549,1461,2023-02-01 11:55:09,pending,paypal
2550,1409,2024-04-23 20:30:37,completed,paypal
2551,1878,2022-11-17 17:00:17,completed,credit_card
2552,203,2024-10-26 05:41:38,cancelled,debit_card
2553,1232,2024-01-23 20:28:20,returned,paypal
2554,721,2023-12-12 09:51:32,returned,gift_card
2555,1785,2023-04-29 19:31:03,completed,gift_card
2556,920,2024-11-30 18:46:51,completed,debit_card
2557,2157,2023-04-19 22:30:59,completed,bank_transfer
2558,1772,2024-12-28 20:53:56,cancelled,bank_transfer
2559,874,2024-07-09 00:44:15,completed,paypal
2560,1677,2024-08-13 22:51:41,completed,gift_card
2561,1805,2024-12-12 20:02:28,returned,credit_card
2562,1384,2023-12-29 09:47:01,completed,bank_transfer
2563,2246,2022-07-25 12:53:20,completed,debit_card
2564,1791,2022-11-28 22:56:15,completed,credit_card
2565,2331,2024-02-29 20:44:05,returned,bank_transfer
2566,1885,2024-04-05 14:09:17,completed,paypal
2567,1185,2022-07-06 13:11:25,completed,credit_card
2568,1940,2022-09-26 04:45:13,returned,bank_transfer
2569,871,2022-11-08 03:14:11,completed,paypal
2570,1798,2024-10-11 02:25:02,cancelled,credit_card
2571,1133,2023-12-16 06:04:57,cancelled,credit_card
2572,21,2024-09-29 03:54:48,returned,credit_card
2573,1429,2022-01-30 02:53:00,cancelled,paypal
2574,1312,2024-03-15 09:43:08,cancelled,paypal
2575,1133,2022-11-12 13:22:37,cancelled,paypal
2576,1574,2024-04-11 04:28:32,completed,paypal
2577,416,2023-11-19 22:40:24,completed,credit_card
2578,7,2024-07-31 14:10:23,completed,debit_card
2579,764,2023-11-21 13:56:14,returned,gift_card
2580,967,2022-12-15 03:39:19,completed,credit_card
2581,356,2024-01-24 11:01:06,completed,credit_card
2582,1561,2023-12-03 07:08:08,pending,gift_card
2583,692,2024-06-18 18:45:07,pending,paypal
2584,1315,2023-01-18 21:41:04,completed,bank_transfer
2585,1420,2022-12-28 04:20:34,cancelled,bank_transfer
2586,313,2023-10-25 10:13:36,completed,paypal
2587,1369,2022-01-30 03:53:51,completed,paypal
2588,1036,2024-06-30 00:36:04,cancelled,debit_card
2589,685,2024-09-12 05:33:46,cancelled,credit_card
2590,1167,2023-05-09 14:06:32,completed,gift_card
2591,2441,2024-11-18 14:52:01,cancelled,paypal
2592,2298,2024-12-18 20:01:49,completed,credit_card
2593,1263,2024-07-30 12:54:49,completed,credit_card
2594,1558,2024-02-23 02:32:46,cancelled,debit_card
2595,178,2024-09-20 20:41:48,completed,paypal
2596,292,2022-06-10 06:41:58,completed,paypal
2597,1354,2024-11-15 03:32:41,cancelled,paypal
2598,2267,2022-11-04 08:06:15,completed,bank_transfer
2599,998,2024-01-20 16:39:55,returned,paypal
2600,1201,2024-03-09 04:44:30,returned,gift_card
2601,1268,2023-09-04 20:36:30,returned,credit_card
2602,1113,2023-05-02 23:33:07,completed,bank_transfer
2603,310,2024-06-16 21:30:48,completed,paypal
2604,582,2024-12-01 10:13:47,cancelled,debit_card
2605,1354,2023-03-24 23:50:23,cancelled,gift_card
2606,1312,2023-08-14 10:42:48,completed,credit_card
2607,1371,2024-03-12 09:44:54,completed,debit_card
2608,960,2023-10-07 17:57:07,returned,credit_card
2609,2136,2024-07-23 04:23:50,pending,credit_card
2610,1519,2023-05-27 12:18:02,cancelled,bank_transfer
2611,2273,2023-10-25 09:59:59,pending,gift_card
2612,1818,2022-04-04 12:40:24,completed,credit_card
2613,387,2023-10-16 04:08:27,cancelled,credit_card
2614,1216,2024-07-02 11:55:45,returned,gift_card
2615,375,2024-07-13 15:17:03,returned,bank_transfer
2616,1492,2024-05-25 03:09:17,completed,credit_card
2617,18,2024-03-03 03:52:08,completed,gift_card
2618,2139,2024-09-27 04:36:17,returned,debit_card
2619,1267,2024-10-17 16:47:31,completed,credit_card
2620,1207,2022-08-13 17:22:10,cancelled,paypal
2621,2104,2023-12-22 23:51:20,completed,debit_card
2622,1574,2023-08-26 03:40:16,cancelled,gift_card
2623,460,2022-06-20 04:19:41,completed,credit_card
2624,116,2023-05-02 06:49:40,completed,bank_transfer
2625,1036,2024-07-26 10:12:14,completed,paypal
2626,898,2023-03-21 00:20:58,returned,credit_card
2627,1412,2023-09-26 23:53:45,returned,credit_card
2628,2,2023-07-26 12:48:50,completed,bank_transfer
2629,791,2024-03-19 22:00:50,pending,credit_card
2630,1699,2023-12-01 15:02:14,cancelled,paypal
2631,2337,2023-09-05 06:33:02,cancelled,gift_card
2632,1085,2022-07-26 05:02:01,completed,debit_card
2633,2199,2024-12-27 14:02:02,completed,bank_transfer
2634,715,2024-10-30 02:44:11,completed,credit_card
2635,803,2024-10-26 13:01:26,pending,gift_card
2636,732,2022-11-15 01:31:44,pending,bank_transfer
2637,771,2023-04-17 17:11:39,returned,credit_card
2638,1626,2024-10-04 15:16:07,completed,gift_card
2639,1439,2024-07-03 05:56:03,completed,gift_card
2640,1052,2023-09-02 09:58:57,completed,debit_card
2641,768,2022-02-14 05:57:44,completed,gift_card
2642,90,2023-10-19 07:03:32,completed,credit_card
2643,119,2024-07-23 06:43:33,completed,paypal
2644,577,2023-04-23 23:35:41,completed,gift_card
2645,2082,2024-11-01 01:17:01,completed,gift_card
2646,360,2023-01-03 10:05:11,completed,gift_card
2647,752,2024-12-03 17:51:35,completed,debit_card
2648,279,2023-08-05 10:21:49,returned,gift_card
2649,734,2024-10-14 17:42:40,pending,bank_transfer
2650,858,2024-03-05 14:49:01,completed,credit_card
2651,957,2024-12-30 18:58:43,completed,bank_transfer
2652,1039,2024-09-01 14:55:21,pending,credit_card
2653,1263,2022-06-09 04:52:07,completed,gift_card
2654,2050,2023-01-13 02:10:46,completed,credit_card
2655,888,2024-07-04 20:24:12,completed,paypal
2656,2148,2023-07-11 14:12:03,returned,bank_transfer
2657,589,2023-06-16 10:52:51,completed,bank_transfer
2658,1217,2023-10-28 19:05:41,completed,credit_card
2659,1231,2024-01-27 08:49:47,completed,paypal
2660,567,2022-03-19 06:36:51,pending,credit_card
2661,321,2023-03-07 13:57:17,returned,debit_card
2662,677,2023-04-16 17:47:15,completed,credit_card
2663,2087,2024-04-02 08:43:55,completed,gift_card
2664,856,2022-11-24 07:56:49,completed,bank_transfer
2665,558,2024-04-13 02:54:36,completed,debit_card
2666,764,2023-09-07 09:14:07,cancelled,debit_card
2667,423,2022-11-08 04:00:40,completed,gift_card
2668,1751,2024-12-07 10:26:20,completed,bank_transfer
2669,1419,2024-12-11 12:33:34,returned,gift_card
2670,142,2024-07-23 17:52:20,cancelled,credit_card
2671,2115,2022-03-05 17:47:23,completed,gift_card
2672,110,2024-01-06 02:39:47,completed,credit_card
2673,202,2024-12-19 20:47:54,returned,credit_card
2674,64,2023-09-03 10:24:47,completed,bank_transfer
2675,409,2024-03-18 17:44:03,completed,bank_transfer
2676,2175,2024-10-26 13:17:29,completed,gift_card
2677,817,2023-08-09 16:51:28,pending,credit_card
2678,680,2024-10-12 18:23:14,completed,credit_card
2679,1817,2023-06-23 06:58:02,completed,bank_transfer
2680,731,2023-05-16 06:34:11,completed,debit_card
2681,1727,2024-06-05 02:51:30,completed,credit_card
2682,1562,2022-10-31 23:27:06,cancelled,debit_card
2683,526,2024-06-24 21:26:20,cancelled,gift_card
2684,2012,2022-04-22 19:34:11,completed,debit_card
2685,812,2022-06-29 08:54:14,returned,debit_card
2686,1839,2024-04-13 08:19:15,pending,gift_card
2687,156,2024-12-29 05:40:20,completed,paypal
2688,1777,2024-08-30 00:23:20,returned,debit_card
2689,1970,2024-06-19 18:18:04,completed,debit_card
2690,915,2023-12-01 13:44:29,completed,credit_card
2691,118,2024-05-02 20:40:21,pending,bank_transfer
2692,1007,2024-03-10 10:33:10,returned,credit_card
2693,1813,2024-10-01 07:38:06,completed,credit_card
2694,2012,2024-07-14 03:24:53,completed,credit_card
2695,897,2024-06-13 02:24:17,completed,debit_card
2696,1115,2024-12-18 00:12:35,completed,credit_card
2697,691,2024-04-18 04:16:32,completed,bank_transfer
2698,447,2023-12-29 23:09:52,returned,credit_card
2699,1321,2024-02-12 02:44:55,returned,debit_card
2700,1345,2024-10-27 16:08:01,completed,gift_card
2701,1729,2022-09-06 20:37:40,completed,bank_transfer
2702,2352,2022-11-20 16:39:34,pending,gift_card
2703,1812,2023-10-17 21:51:43,completed,gift_card
2704,1686,2024-12-10 04:50:46,completed,paypal
2705,1384,2024-07-08 01:54:01,completed,paypal
2706,1884,2023-03-07 04:55:33,completed,paypal
2707,686,2024-11-28 18:29:33,returned,credit_card
2708,341,2024-09-21 10:16:07,completed,debit_card
2709,1861,2022-02-19 23:14:05,returned,debit_card
2710,2400,2024-06-04 08:43:25,completed,paypal
2711,1865,2024-06-29 09:41:04,completed,bank_transfer
2712,1631,2024-05-18 16:20:27,completed,credit_card
2713,2113,2022-02-15 05:27:21,completed,credit_card
2714,782,2023-10-02 14:00:35,completed,credit_card
2715,1415,2024-01-16 10:55:25,completed,credit_card
2716,1664,2023-06-07 00:51:21,cancelled,paypal
2717,856,2023-06-02 06:31:48,pending,debit_card
2718,852,2024-07-29 02:20:54,completed,debit_card
2719,266,2024-05-14 11:31:04,completed,debit_card
2720,838,2022-10-24 16:35:37,completed,credit_card
2721,1148,2023-04-28 18:48:11,completed,gift_card
2722,999,2024-08-12 04:37:36,completed,bank_transfer
2723,2180,2022-08-19 18:39:12,completed,bank_transfer
2724,1844,2024-03-30 04:27:16,cancelled,bank_transfer
2725,2315,2023-05-04 09:03:44,cancelled,paypal
2726,1451,2024-10-02 23:04:17,completed,debit_card
2727,527,2023-08-18 10:23:32,completed,bank_transfer
2728,17,2023-03-11 19:02:54,completed,debit_card
2729,1773,2023-03-29 16:29:35,pending,bank_transfer
2730,31,2023-04-26 09:23:58,completed,debit_card
2731,889,2022-12-28 21:04:54,completed,paypal
2732,1533,2023-12-02 20:59:56,returned,debit_card
2733,1978,2023-06-07 09:36:21,completed,paypal
2734,1232,2023-02-04 16:19:58,completed,credit_card
2735,1026,2022-09-22 15:38:35,completed,debit_card
2736,24,2024-07-27 15:28:22,returned,paypal
2737,530,2024-09-05 06:26:31,cancelled,credit_card
2738,1062,2024-10-02 20:34:02,completed,paypal
2739,2377,2022-01-24 06:05:57,completed,credit_card
2740,558,2024-09-28 13:08:52,pending,gift_card
2741,951,2023-09-18 06:12:58,completed,credit_card
2742,1556,2024-03-06 11:56:00,completed,debit_card
2743,2218,2023-10-31 04:15:44,completed,credit_card
2744,449,2022-07-30 16:05:38,completed,debit_card
2745,1809,2023-11-09 15:31:27,cancelled,gift_card
2746,2323,2024-04-02 22:36:16,returned,debit_card
2747,952,2024-01-21 06:52:07,completed,gift_card
2748,2226,2024-06-07 15:18:31,completed,credit_card
2749,2379,2024-03-18 04:16:53,completed,paypal
2750,362,2023-03-23 16:24:14,completed,credit_card
2751,2490,2024-03-11 23:53:47,returned,credit_card
2752,977,2024-10-12 21:05:05,returned,credit_card
2753,383,2024-12-02 07:51:44,completed,paypal
2754,1577,2023-08-10 00:37:35,pending,paypal
2755,2357,2022-08-03 16:04:43,returned,gift_card
2756,1185,2023-07-11 12:53:02,cancelled,debit_card
2757,2090,2022-08-06 05:22:48,pending,gift_card
2758,977,2024-06-19 02:08:43,completed,bank_transfer
2759,708,2023-12-15 12:12:43,returned,bank_transfer
2760,1486,2024-09-06 03:28:20,returned,credit_card
2761,251,2023-06-05 23:58:24,completed,debit_card
2762,1805,2024-02-27 03:11:38,returned,gift_card
2763,274,2023-06-26 01:01:16,cancelled,bank_transfer
2764,1874,2024-04-06 14:12:47,cancelled,gift_card
2765,2414,2024-12-10 00:19:46,completed,debit_card
2766,2096,2023-11-05 03:44:51,returned,paypal
2767,1781,2022-07-21 06:54:52,completed,debit_card
2768,385,2024-10-17 13:33:04,completed,paypal
2769,1327,2024-04-29 06:28:12,pending,bank_transfer
2770,259,2024-02-14 13:58:51,completed,bank_transfer
2771,2262,2024-08-01 18:41:45,completed,gift_card
2772,1370,2023-11-20 17:49:01,completed,credit_card
2773,1591,2024-10-08 05:28:51,completed,paypal
2774,1100,2022-09-08 23:00:45,completed,debit_card
2775,1844,2022-07-07 14:39:05,completed,debit_card
2776,1457,2022-06-23 21:49:16,returned,bank_transfer
2777,2370,2023-03-11 02:01:20,completed,gift_card
2778,1006,2023-09-27 01:27:37,completed,credit_card
2779,192,2023-09-30 21:18:49,completed,gift_card
2780,34,2022-12-08 12:23:54,pending,paypal
2781,2015,2024-04-18 21:47:35,pending,gift_card
2782,410,2024-07-27 15:25:35,completed,credit_card
2783,2384,2024-10-25 02:23:45,completed,gift_card
2784,494,2022-11-20 05:16:45,completed,paypal
2785,2195,2023-09-15 19:07:26,completed,gift_card
2786,264,2023-03-13 07:23:25,pending,bank_transfer
2787,1154,2024-12-11 14:26:17,completed,paypal
2788,604,2024-06-14 20:47:35,pending,credit_card
2789,1962,2023-12-05 07:43:20,returned,credit_card
2790,1313,2023-08-30 16:06:27,completed,bank_transfer
2791,355,2024-05-07 15:05:30,completed,gift_card
2792,1438,2022-08-28 09:46:39,returned,bank_transfer
2793,1367,2022-01-07 03:14:59,completed,paypal
2794,838,2022-06-11 04:39:55,completed,debit_card
2795,2426,2024-06-17 01:39:40,pending,gift_card
2796,1678,2022-12-27 13:18:06,cancelled,bank_transfer
2797,909,2023-06-02 07:13:42,completed,debit_card
2798,354,2023-07-03 18:45:04,completed,paypal
2799,2023,2023-01-05 00:41:05,pending,debit_card
2800,4,2022-11-12 14:06:31,pending,bank_transfer
2801,1605,2022-08-12 16:50:31,completed,paypal
2802,2172,2023-12-07 10:22:48,completed,paypal
2803,1043,2022-07-15 15:44:05,pending,paypal
2804,20,2024-06-11 20:45:27,returned,paypal
2805,1426,2022-02-20 13:03:46,pending,debit_card
2806,181,2023-09-24 03:48:49,pending,debit_card
2807,318,2024-05-12 14:35:05,returned,bank_transfer
2808,2384,2023-09-18 17:08:47,pending,bank_transfer
2809,762,2024-04-29 10:59:40,completed,gift_card
2810,1548,2023-08-31 08:36:45,completed,credit_card
2811,2244,2024-01-29 11:27:03,completed,paypal
2812,336,2023-08-02 06:01:36,cancelled,bank_transfer
2813,187,2022-06-17 23:33:16,completed,debit_card
2814,531,2023-01-22 18:13:41,completed,paypal
2815,2120,2024-07-18 13:13:03,completed,debit_card
2816,1633,2024-04-10 15:53:16,returned,paypal
2817,853,2023-09-12 10:04:19,completed,paypal
2818,1320,2024-03-08 21:40:11,returned,credit_card
2819,336,2024-06-24 08:32:08,completed,bank_transfer
2820,530,2024-08-08 18:50:39,completed,credit_card
2821,86,2023-02-24 11:39:35,pending,bank_transfer
2822,334,2023-06-05 19:46:48,returned,bank_transfer
2823,785,2022-09-17 06:25:28,returned,debit_card
2824,807,2022-10-28 04:02:19,completed,paypal
2825,1830,2022-09-26 05:37:08,completed,credit_card
2826,822,2022-12-24 07:57:03,completed,debit_card
2827,207,2024-05-24 01:54:03,completed,credit_card
2828,1300,2024-08-16 08:31:59,completed,paypal
2829,153,2022-10-07 08:58:48,returned,bank_transfer
2830,1642,2022-11-13 10:11:22,returned,credit_card
2831,261,2022-08-19 16:14:45,completed,debit_card
2832,1509,2022-08-18 01:34:13,completed,gift_card
2833,2111,2024-01-10 08:33:27,completed,paypal
2834,225,2023-04-16 18:33:08,pending,credit_card
2835,1807,2023-04-17 03:58:50,completed,bank_transfer
2836,1495,2024-08-05 08:18:40,completed,paypal
2837,2356,2024-03-22 07:40:12,pending,bank_transfer
2838,1885,2024-08-28 07:09:18,completed,paypal
2839,2203,2024-10-03 09:20:06,completed,debit_card
2840,1323,2023-11-16 16:43:31,completed,credit_card
2841,737,2024-01-09 13:33:22,completed,credit_card
2842,958,2024-08-24 05:46:39,completed,gift_card
2843,1669,2022-12-23 12:50:07,completed,debit_card
2844,2038,2024-09-10 07:01:41,completed,credit_card
2845,350,2022-01-27 00:50:58,completed,gift_card
2846,2111,2024-01-29 22:44:13,completed,paypal
2847,1162,2023-08-03 17:33:24,completed,gift_card
2848,311,2024-07-22 11:21:09,completed,gift_card
2849,537,2023-10-12 22:01:48,pending,paypal
2850,2275,2024-05-29 13:18:05,completed,gift_card
2851,1330,2022-09-16 22:07:50,completed,paypal
2852,1191,2023-04-16 17:44:28,cancelled,paypal
2853,285,2022-11-17 18:12:59,pending,credit_card
2854,1911,2024-08-08 07:30:30,completed,paypal
2855,409,2024-10-26 10:34:45,pending,debit_card
2856,1748,2024-06-24 09:05:33,pending,bank_transfer
2857,1188,2024-08-31 12:38:00,cancelled,bank_transfer
2858,528,2024-01-09 12:14:42,returned,paypal
2859,543,2024-06-21 09:09:06,pending,gift_card
2860,1309,2022-06-14 14:49:21,completed,bank_transfer
2861,1225,2023-11-26 22:10:07,cancelled,bank_transfer
2862,328,2024-01-12 13:55:12,completed,credit_card
2863,2431,2023-04-25 12:58:48,completed,credit_card
2864,1944,2022-01-13 09:34:13,completed,debit_card
2865,824,2022-06-06 09:08:12,completed,bank_transfer
2866,1658,2023-11-07 02:50:30,completed,bank_transfer
2867,1854,2024-11-08 11:45:28,completed,debit_card
2868,2262,2024-08-09 18:28:41,cancelled,paypal
2869,949,2022-12-08 16:58:52,cancelled,debit_card
2870,1937,2024-05-30 01:51:59,completed,debit_card
2871,185,2023-10-30 09:16:42,completed,paypal
2872,1986,2023-11-17 11:58:35,cancelled,bank_transfer
2873,365,2024-08-10 21:10:11,completed,paypal
2874,33,2024-11-02 14:20:17,completed,gift_card
2875,360,2022-03-13 20:39:29,completed,credit_card
2876,688,2024-05-28 14:32:02,completed,credit_card
2877,285,2024-03-12 05:13:47,completed,gift_card
2878,1481,2024-01-27 13:24:50,completed,gift_card
2879,2427,2024-08-08 14:23:10,cancelled,gift_card
2880,1264,2023-10-19 00:43:05,returned,paypal
2881,1325,2022-06-03 16:35:38,returned,paypal
2882,927,2023-01-24 21:47:32,completed,gift_card
2883,907,2024-07-15 12:41:10,completed,debit_card
2884,2164,2024-10-04 21:01:59,returned,paypal
2885,69,2022-05-20 05:08:22,completed,bank_transfer
2886,2345,2024-03-04 13:16:54,completed,bank_transfer
2887,561,2024-01-09 23:17:52,pending,paypal
2888,579,2022-07-23 00:13:26,completed,debit_card
2889,719,2023-12-12 12:03:24,cancelled,gift_card
2890,2349,2022-03-09 16:57:10,completed,gift_card
2891,2149,2023-01-20 20:26:42,cancelled,bank_transfer
2892,1601,2024-02-15 16:49:34,completed,paypal
2893,661,2022-09-19 12:16:50,completed,gift_card
2894,231,2023-11-01 10:44:44,completed,bank_transfer
2895,179,2022-09-05 00:42:50,completed,debit_card
2896,2380,2023-05-10 09:15:14,completed,bank_transfer
2897,1916,2023-11-19 13:20:00,cancelled,gift_card
2898,370,2024-03-21 14:01:52,completed,bank_transfer
2899,2120,2024-03-07 07:45:37,completed,paypal
2900,1780,2023-10-18 19:31:35,completed,bank_transfer
2901,1591,2024-05-03 12:34:19,cancelled,bank_transfer
2902,1100,2023-10-01 23:12:44,pending,paypal
2903,2135,2024-07-20 22:03:21,pending,gift_card
2904,1663,2022-12-14 23:35:53,pending,debit_card
2905,396,2024-04-06 22:45:18,pending,gift_card
2906,276,2024-04-25 16:17:35,completed,bank_transfer
2907,574,2022-09-04 06:35:16,completed,credit_card
2908,323,2022-04-28 23:31:16,cancelled,debit_card
2909,1210,2023-05-23 22:33:05,completed,credit_card
2910,791,2023-06-09 03:45:43,completed,debit_card
2911,2406,2023-09-18 06:59:08,completed,bank_transfer
2912,1805,2023-08-01 12:37:26,cancelled,bank_transfer
2913,1981,2024-02-15 00:12:39,completed,credit_card
2914,1163,2024-04-01 09:52:01,completed,credit_card
2915,1210,2022-12-08 17:50:19,completed,credit_card
2916,1869,2022-09-15 11:20:28,returned,gift_card
2917,906,2023-05-02 00:57:22,completed,paypal
2918,900,2024-10-06 00:20:46,completed,bank_transfer
2919,194,2023-01-20 08:13:54,cancelled,bank_transfer
2920,398,2023-10-05 14:58:39,completed,bank_transfer
2921,1668,2024-02-19 18:29:12,completed,bank_transfer
2922,1292,2023-10-01 05:41:08,returned,paypal
2923,1716,2023-11-05 08:21:31,completed,debit_card
2924,1064,2022-08-19 13:48:12,returned,paypal
2925,1062,2022-08-22 02:34:21,cancelled,debit_card
2926,821,2024-11-17 09:02:21,completed,debit_card
2927,629,2022-11-14 07:46:44,pending,credit_card
2928,1773,2022-08-03 06:06:30,completed,bank_transfer
2929,1173,2023-04-04 17:14:14,completed,debit_card
2930,1834,2023-06-25 09:35:50,pending,gift_card
2931,1655,2024-07-15 09:13:14,completed,credit_card
2932,1894,2023-09-01 00:45:46,completed,debit_card
2933,1226,2024-10-24 19:26:59,cancelled,debit_card
2934,682,2024-12-08 11:58:51,pending,bank_transfer
2935,358,2024-10-30 20:37:34,completed,credit_card
2936,494,2022-11-05 19:44:10,cancelled,debit_card
2937,732,2023-10-26 08:18:00,completed,debit_card
2938,217,2023-07-04 04:42:27,cancelled,bank_transfer
2939,2164,2024-01-09 08:05:26,pending,debit_card
2940,1715,2024-03-07 18:52:26,cancelled,debit_card
2941,144,2024-05-13 21:55:38,cancelled,paypal
2942,2123,2024-12-29 17:15:58,completed,debit_card
2943,216,2024-08-21 15:40:43,completed,gift_card
2944,2100,2023-12-23 14:44:34,cancelled,credit_card
2945,1862,2024-05-23 19:10:37,returned,debit_card
2946,883,2023-03-05 01:30:00,completed,gift_card
2947,2149,2022-01-18 07:57:31,completed,credit_card
2948,601,2024-06-09 09:09:03,pending,gift_card
2949,1579,2024-06-21 14:13:35,completed,bank_transfer
2950,2016,2024-08-26 20:46:47,returned,paypal
2951,1930,2024-05-19 12:38:05,returned,credit_card
2952,634,2022-02-19 02:28:23,completed,paypal
2953,1936,2023-08-31 21:54:55,cancelled,credit_card
2954,79,2024-11-01 07:56:27,completed,bank_transfer
2955,814,2024-04-08 02:33:15,completed,credit_card
2956,1723,2022-06-28 11:38:05,returned,credit_card
2957,2370,2023-01-13 05:58:33,completed,credit_card
2958,2292,2024-11-26 02:43:56,completed,gift_card
2959,2039,2023-09-07 16:00:47,returned,paypal
2960,568,2023-07-01 21:46:39,pending,debit_card
2961,2046,2022-03-30 05:39:14,completed,bank_transfer
2962,281,2024-12-11 03:24:43,completed,debit_card
2963,625,2023-09-09 05:15:18,completed,credit_card
2964,646,2024-05-17 20:24:06,completed,debit_card
2965,2404,2024-10-05 13:21:38,pending,bank_transfer
2966,615,2023-12-06 21:33:54,cancelled,paypal
2967,660,2023-10-28 04:19:40,completed,paypal
2968,59,2023-06-15 04:34:44,pending,credit_card
2969,2139,2023-06-05 10:45:39,completed,paypal
2970,303,2022-05-03 07:51:25,completed,gift_card
2971,813,2023-12-06 00:51:17,completed,paypal
2972,2175,2023-02-18 06:05:35,returned,gift_card
2973,1854,2023-08-10 23:42:03,completed,debit_card
2974,2104,2024-04-02 08:35:59,completed,credit_card
2975,876,2022-05-18 06:24:50,pending,bank_transfer
2976,2362,2024-12-02 05:34:11,completed,bank_transfer
2977,2434,2023-07-22 09:17:04,completed,credit_card
2978,1822,2022-06-04 23:44:22,completed,credit_card
2979,450,2024-09-19 08:47:46,completed,bank_transfer
2980,2238,2024-02-09 03:38:33,pending,paypal
2981,1524,2024-10-30 17:46:38,cancelled,bank_transfer
2982,2182,2024-10-22 10:48:42,completed,gift_card
2983,1417,2023-11-12 02:55:53,pending,debit_card
2984,2323,2024-11-16 18:37:25,pending,paypal
2985,208,2024-06-04 00:16:12,completed,bank_transfer
2986,2340,2024-08-16 19:34:22,pending,gift_card
2987,1180,2022-11-24 02:09:39,completed,paypal
2988,1379,2024-12-30 12:54:29,completed,bank_transfer
2989,400,2024-03-18 02:55:09,completed,gift_card
2990,1206,2023-08-22 19:26:37,completed,gift_card
2991,520,2024-09-13 02:12:16,completed,bank_transfer
2992,1556,2023-08-25 12:28:58,returned,debit_card
2993,1145,2022-02-18 11:51:40,cancelled,credit_card
2994,1092,2022-04-17 21:20:46,returned,debit_card
2995,1676,2024-04-14 08:27:36,completed,debit_card
2996,1318,2023-10-22 12:38:18,pending,gift_card
2997,1448,2024-08-06 16:32:40,cancelled,credit_card
2998,740,2024-07-06 10:07:31,completed,gift_card
2999,2475,2022-11-04 13:31:24,completed,gift_card
3000,945,2024-10-11 04:05:11,completed,credit_card
3001,2490,2023-05-12 19:18:46,completed,credit_card
3002,272,2022-09-05 06:26:55,completed,debit_card
3003,190,2024-07-17 18:28:48,returned,gift_card
3004,805,2023-05-31 07:58:22,returned,debit_card
3005,268,2022-08-15 15:00:51,completed,gift_card
3006,1835,2024-05-02 21:28:14,completed,credit_card
3007,1400,2023-02-15 08:09:00,completed,gift_card
3008,1677,2024-11-30 01:49:14,pending,gift_card
3009,709,2023-03-02 07:52:10,cancelled,bank_transfer
3010,445,2024-05-24 16:31:24,returned,credit_card
3011,1894,2023-07-06 10:52:55,completed,gift_card
3012,671,2023-04-25 23:34:22,completed,credit_card
3013,2333,2024-03-17 19:38:57,completed,paypal
3014,525,2024-06-15 08:41:24,completed,credit_card
3015,2290,2023-09-05 04:09:33,cancelled,paypal
3016,1647,2022-09-11 18:48:17,completed,debit_card
3017,108,2022-10-24 06:13:16,completed,debit_card
3018,379,2024-12-10 13:05:07,returned,gift_card
3019,824,2023-02-08 20:47:07,completed,paypal
3020,1872,2022-12-25 11:43:17,completed,gift_card
3021,1341,2022-10-18 21:22:44,completed,gift_card
3022,118,2022-06-12 16:18:27,returned,gift_card
3023,1762,2023-09-23 04:45:36,completed,bank_transfer
3024,1274,2022-07-27 06:00:52,completed,debit_card
3025,2332,2024-09-24 12:08:06,completed,debit_card
3026,2296,2023-03-28 15:21:28,completed,bank_transfer
3027,2090,2024-10-21 13:19:58,returned,bank_transfer
3028,466,2023-11-27 08:07:13,pending,gift_card
3029,429,2023-04-03 15:22:20,completed,gift_card
3030,776,2022-09-20 05:10:43,cancelled,gift_card
3031,1031,2024-07-09 21:01:32,completed,credit_card
3032,2105,2022-01-07 01:06:41,completed,credit_card
3033,1712,2024-09-04 23:29:05,returned,debit_card
3034,2260,2024-03-03 13:15:45,returned,gift_card
3035,275,2023-04-15 10:51:47,pending,paypal
3036,728,2024-05-27 08:13:59,completed,credit_card
3037,1361,2024-02-25 18:57:30,completed,credit_card
3038,2259,2022-09-27 04:47:15,returned,bank_transfer
3039,1904,2022-03-04 09:12:46,cancelled,debit_card
3040,1373,2023-11-03 05:01:56,returned,debit_card
3041,633,2023-10-27 18:40:54,completed,paypal
3042,2445,2024-12-18 12:03:14,completed,credit_card
3043,865,2023-07-04 02:38:43,completed,paypal
3044,742,2023-06-04 16:25:08,returned,gift_card
3045,1326,2023-10-24 09:30:39,returned,bank_transfer
3046,1248,2023-07-28 00:02:24,completed,credit_card
3047,1499,2024-05-04 11:11:41,completed,debit_card
3048,2061,2023-07-13 12:00:16,completed,credit_card
3049,1905,2024-07-08 02:12:24,completed,paypal
3050,426,2023-04-05 05:13:21,completed,paypal
3051,362,2023-10-30 10:57:43,cancelled,debit_card
3052,1670,2024-09-03 02:39:52,completed,credit_card
3053,949,2022-01-31 22:34:02,cancelled,debit_card
3054,841,2023-09-28 07:16:52,completed,credit_card
3055,1030,2023-05-05 03:01:08,completed,bank_transfer
3056,2386,2022-01-04 19:07:10,completed,credit_card
3057,233,2022-12-02 17:20:39,cancelled,paypal
3058,813,2024-05-18 20:47:56,completed,debit_card
3059,83,2024-01-03 14:25:26,returned,paypal
3060,2140,2022-05-25 05:41:06,pending,debit_card
3061,1217,2022-09-04 10:49:30,completed,debit_card
3062,1731,2024-05-14 14:23:11,completed,debit_card
3063,42,2024-01-11 07:56:00,completed,paypal
3064,2020,2024-08-25 17:31:52,pending,paypal
3065,296,2022-12-27 19:37:03,cancelled,gift_card
3066,2268,2024-11-10 16:19:18,returned,bank_transfer
3067,2259,2022-09-07 06:27:46,pending,gift_card
3068,1743,2024-08-25 06:49:52,completed,debit_card
3069,2194,2024-05-08 11:32:20,completed,paypal
3070,1981,2024-10-23 15:19:52,pending,debit_card
3071,981,2023-01-31 13:50:45,completed,gift_card
3072,1703,2023-03-25 20:04:22,completed,bank_transfer
3073,2330,2023-10-02 23:20:59,completed,paypal
3074,230,2022-12-12 04:01:54,completed,gift_card
3075,384,2023-06-11 22:22:31,returned,bank_transfer
3076,1499,2023-05-24 20:06:40,cancelled,paypal
3077,1099,2023-09-10 14:24:29,completed,credit_card
3078,1676,2024-02-27 21:42:32,completed,debit_card
3079,393,2023-09-06 22:52:39,completed,paypal
3080,2452,2024-10-16 04:52:23,completed,paypal
3081,1528,2024-11-11 05:33:08,completed,gift_card
3082,2237,2023-06-30 07:06:42,pending,bank_transfer
3083,1244,2024-09-12 16:58:33,returned,debit_card
3084,1650,2024-04-09 21:39:25,completed,gift_card
3085,2047,2022-08-12 19:24:49,pending,credit_card
3086,1989,2023-10-10 15:15:41,completed,debit_card
3087,1968,2023-01-23 16:33:49,pending,bank_transfer
3088,293,2022-09-16 01:40:49,completed,gift_card
3089,1920,2022-01-31 02:39:15,completed,bank_transfer
3090,1439,2023-12-31 00:02:31,completed,gift_card
3091,1067,2023-11-03 13:38:05,completed,bank_transfer
3092,1115,2022-10-05 23:14:54,completed,credit_card
3093,709,2022-05-19 18:11:20,completed,debit_card
3094,964,2022-04-05 09:39:23,completed,debit_card
3095,417,2024-10-18 08:10:45,completed,gift_card
3096,1489,2022-09-20 20:47:04,completed,paypal
3097,2288,2023-11-21 09:28:07,cancelled,gift_card
3098,1273,2023-10-01 10:22:51,pending,credit_card
3099,740,2024-02-04 00:21:36,completed,bank_transfer
3100,19,2023-11-26 16:43:52,completed,gift_card
3101,359,2024-03-19 17:06:58,pending,paypal
3102,1433,2024-04-28 17:24:29,completed,credit_card
3103,2013,2023-01-16 06:45:48,completed,credit_card
3104,2115,2023-10-02 04:32:45,completed,credit_card
3105,216,2024-09-13 17:51:55,pending,gift_card
3106,469,2024-03-12 17:34:21,completed,debit_card
3107,1851,2024-11-17 00:04:35,returned,gift_card
3108,1533,2024-07-26 06:48:04,completed,gift_card
3109,2357,2022-11-18 21:53:40,completed,debit_card
3110,1967,2022-04-15 06:35:33,cancelled,gift_card
3111,400,2022-02-03 19:27:38,completed,credit_card
3112,2365,2022-12-14 19:30:43,pending,debit_card
3113,736,2024-12-19 16:23:58,completed,credit_card
3114,1635,2024-10-29 00:49:09,cancelled,bank_transfer
3115,1154,2024-08-04 16:46:08,completed,credit_card
3116,279,2023-04-29 04:27:41,pending,gift_card
3117,699,2024-02-02 07:28:13,completed,debit_card
3118,1358,2023-05-06 00:20:18,returned,bank_transfer
3119,2466,2024-06-06 10:27:52,cancelled,gift_card
3120,485,2024-07-10 15:49:59,returned,paypal
3121,1750,2022-11-06 04:09:26,returned,bank_transfer
3122,1413,2022-05-31 14:08:18,completed,bank_transfer
3123,1398,2022-08-26 21:49:09,cancelled,gift_card
3124,1744,2022-09-12 22:27:22,completed,credit_card
3125,1676,2024-10-20 04:20:42,returned,paypal
3126,2376,2022-02-20 19:15:43,completed,debit_card
3127,1120,2023-03-03 11:59:37,cancelled,bank_transfer
3128,1714,2024-10-13 20:05:03,returned,paypal
3129,1907,2024-12-08 04:02:47,cancelled,gift_card
3130,1772,2024-08-16 10:54:53,cancelled,debit_card
3131,2267,2022-03-03 02:40:26,completed,bank_transfer
3132,1450,2024-05-26 22:49:58,cancelled,debit_card
3133,287,2022-08-10 08:52:49,pending,gift_card
3134,1999,2023-05-10 12:53:43,completed,paypal
3135,916,2023-04-17 15:22:42,completed,credit_card
3136,1441,2024-12-02 03:11:15,completed,gift_card
3137,1122,2023-10-28 18:25:22,completed,bank_transfer
3138,851,2023-05-24 07:59:44,completed,credit_card
3139,621,2024-05-30 10:21:20,cancelled,paypal
3140,368,2023-01-17 21:23:47,completed,paypal
3141,401,2023-10-06 14:04:08,completed,gift_card
3142,981,2023-10-20 12:47:54,cancelled,debit_card
3143,231,2024-09-24 11:10:22,pending,bank_transfer
3144,1530,2024-07-22 03:34:25,completed,credit_card
3145,1218,2022-04-27 02:06:02,completed,bank_transfer
3146,336,2024-06-05 04:51:38,completed,bank_transfer
3147,1764,2023-12-02 21:36:41,cancelled,debit_card
3148,760,2022-05-07 21:33:27,completed,paypal
3149,347,2024-01-07 16:51:55,completed,bank_transfer
3150,1292,2024-10-06 03:37:29,cancelled,paypal
3151,1489,2023-02-08 11:41:05,returned,debit_card
3152,2100,2023-08-26 20:19:50,pending,gift_card
3153,1017,2024-10-14 12:05:10,cancelled,gift_card
3154,1392,2024-12-02 10:29:46,completed,debit_card
3155,2471,2024-03-17 12:31:26,completed,gift_card
3156,2492,2023-12-27 14:25:54,returned,paypal
3157,985,2023-02-17 15:34:34,returned,paypal
3158,169,2024-01-21 22:49:12,pending,debit_card
3159,809,2023-09-27 21:58:12,completed,gift_card
3160,1379,2024-04-13 10:46:07,completed,gift_card
3161,2046,2024-11-23 03:25:29,pending,bank_transfer
3162,363,2023-12-26 11:40:01,completed,bank_transfer
3163,1104,2023-02-08 13:06:17,completed,paypal
3164,1511,2024-09-02 10:14:33,returned,gift_card
3165,666,2022-02-17 04:03:54,cancelled,bank_transfer
3166,453,2024-05-01 08:20:30,returned,debit_card
3167,2228,2022-07-16 16:59:01,pending,gift_card
3168,423,2022-10-10 11:42:35,cancelled,bank_transfer
3169,1816,2024-11-30 21:16:09,completed,credit_card
3170,1055,2022-12-20 11:11:30,returned,bank_transfer
3171,296,2022-09-29 16:21:23,completed,gift_card
3172,1273,2024-10-23 10:27:02,completed,credit_card
3173,1177,2024-01-25 20:16:50,cancelled,bank_transfer
3174,2176,2022-09-17 16:26:08,returned,debit_card
3175,1908,2023-05-05 07:40:57,completed,credit_card
3176,2240,2023-06-06 05:40:28,completed,credit_card
3177,1253,2024-03-09 07:37:44,pending,debit_card
3178,1526,2022-09-04 06:01:20,cancelled,credit_card
3179,677,2022-12-20 11:44:55,cancelled,debit_card
3180,355,2024-11-22 07:48:47,pending,paypal
3181,1199,2022-06-11 10:05:59,completed,paypal
3182,950,2023-02-01 00:11:03,completed,gift_card
3183,2174,2022-07-05 13:31:41,cancelled,bank_transfer
3184,1376,2023-08-25 15:58:01,completed,bank_transfer
3185,656,2024-03-29 04:34:11,returned,debit_card
3186,1575,2023-08-22 10:34:48,pending,credit_card
3187,56,2024-07-31 22:02:29,completed,paypal
3188,2422,2023-01-12 22:55:02,returned,gift_card
3189,2144,2024-07-29 18:54:28,cancelled,credit_card
3190,1991,2022-05-18 15:25:22,completed,gift_card
3191,729,2023-05-24 07:19:45,returned,debit_card
3192,271,2024-07-04 10:30:07,cancelled,credit_card
3193,2192,2024-09-30 07:16:15,completed,bank_transfer
3194,1577,2024-05-15 07:08:59,returned,gift_card
3195,1198,2024-06-28 02:23:34,cancelled,paypal
3196,2127,2024-06-30 19:30:59,returned,paypal
3197,211,2024-04-18 00:05:42,returned,gift_card
3198,743,2024-06-30 04:42:42,completed,paypal
3199,991,2024-08-25 09:17:58,completed,credit_card
3200,870,2024-07-25 22:25:12,returned,credit_card
3201,2203,2024-12-19 06:08:38,completed,bank_transfer
3202,1230,2022-12-21 09:44:19,completed,paypal
3203,89,2024-04-21 14:42:28,completed,debit_card
3204,2233,2022-06-16 08:38:07,pending,debit_card
3205,890,2022-03-27 12:02:03,cancelled,debit_card
3206,2454,2024-03-23 18:52:33,completed,bank_transfer
3207,1225,2024-06-20 23:51:55,completed,debit_card
3208,1142,2024-12-04 03:24:27,cancelled,gift_card
3209,1223,2023-08-04 14:49:38,completed,credit_card
3210,2394,2023-11-26 22:13:28,cancelled,paypal
3211,1278,2022-05-19 01:15:57,returned,paypal
3212,1217,2022-07-11 12:31:33,pending,gift_card
3213,152,2024-11-05 01:43:56,completed,debit_card
3214,1788,2024-10-22 07:16:49,completed,paypal
3215,2121,2023-03-31 20:31:27,completed,paypal
3216,548,2022-11-17 04:39:13,completed,gift_card
3217,910,2023-07-30 13:14:36,completed,debit_card
3218,1580,2023-03-01 08:46:29,completed,gift_card
3219,1149,2024-03-31 15:22:02,completed,gift_card
3220,2393,2024-05-13 00:26:25,completed,paypal
3221,1447,2023-02-13 04:56:39,pending,debit_card
3222,2058,2022-07-25 22:30:22,returned,paypal
3223,838,2024-07-25 20:59:43,pending,credit_card
3224,70,2022-04-12 18:07:45,completed,credit_card
3225,11,2023-04-17 03:37:38,completed,credit_card
3226,2489,2024-06-18 04:02:56,completed,gift_card
3227,448,2024-12-11 17:07:35,pending,credit_card
3228,824,2023-02-14 14:27:04,completed,debit_card
3229,1714,2023-11-24 02:40:02,completed,bank_transfer
3230,1673,2024-10-18 06:28:16,completed,credit_card
3231,2233,2023-07-24 12:44:47,completed,paypal
3232,306,2023-01-14 11:17:52,completed,debit_card
3233,1057,2023-04-22 13:58:54,completed,credit_card
3234,2113,2022-08-12 07:21:26,pending,paypal
3235,121,2022-01-07 16:19:27,cancelled,debit_card
3236,1539,2023-10-05 05:07:47,completed,debit_card
3237,1286,2024-04-28 09:02:28,completed,gift_card
3238,837,2024-07-28 12:09:41,completed,gift_card
3239,1469,2023-01-26 22:30:02,completed,bank_transfer
3240,611,2024-12-26 18:36:47,completed,debit_card
3241,650,2024-02-27 21:26:26,pending,paypal
3242,182,2024-11-02 19:53:24,returned,debit_card
3243,1595,2022-02-24 14:16:23,cancelled,paypal
3244,61,2024-03-23 04:26:03,cancelled,bank_transfer
3245,2483,2024-04-24 10:44:05,completed,debit_card
3246,2406,2023-09-11 04:01:43,pending,paypal
3247,178,2024-12-08 04:13:57,pending,debit_card
3248,2237,2022-10-01 18:47:32,completed,debit_card
3249,1956,2023-09-19 23:14:38,completed,gift_card
3250,93,2024-04-23 18:33:08,completed,credit_card
3251,1772,2024-01-04 09:36:37,completed,paypal
3252,1488,2024-09-19 02:18:29,pending,bank_transfer
3253,156,2023-10-21 10:43:11,cancelled,bank_transfer
3254,966,2023-10-22 01:02:28,pending,gift_card
3255,544,2024-02-06 23:38:02,pending,credit_card
3256,2035,2023-11-19 17:53:26,completed,paypal
3257,2095,2024-07-20 04:14:38,cancelled,gift_card
3258,274,2024-12-24 22:49:16,returned,gift_card
3259,1599,2024-10-16 04:29:01,completed,paypal
3260,2282,2022-12-20 19:13:44,completed,credit_card
3261,295,2022-12-22 11:39:49,completed,debit_card
3262,936,2024-11-27 12:46:13,completed,credit_card
3263,506,2023-12-23 04:38:20,completed,paypal
3264,1968,2022-07-28 07:53:43,completed,gift_card
3265,246,2024-08-23 15:17:00,completed,credit_card
3266,1149,2022-05-09 16:32:30,returned,credit_card
3267,1316,2024-06-21 03:41:11,completed,paypal
3268,426,2022-10-11 15:06:09,cancelled,bank_transfer
3269,1680,2024-09-28 18:13:34,returned,debit_card
3270,2487,2023-11-10 02:56:07,returned,debit_card
3271,2490,2023-02-26 22:27:24,completed,credit_card
3272,691,2024-07-17 08:30:52,completed,gift_card
3273,313,2024-11-05 09:05:58,completed,gift_card
3274,1136,2024-04-11 09:17:38,completed,paypal
3275,541,2024-07-05 12:52:27,pending,bank_transfer
3276,1,2022-01-15 19:24:36,returned,bank_transfer
3277,2374,2023-01-24 02:50:47,pending,debit_card
3278,296,2022-03-25 08:37:23,completed,gift_card
3279,1305,2023-03-26 07:35:18,completed,bank_transfer
3280,162,2024-04-28 00:43:41,completed,debit_card
3281,193,2024-06-18 13:45:16,pending,credit_card
3282,1898,2022-04-03 09:09:57,completed,debit_card
3283,1665,2024-09-06 09:05:12,completed,debit_card
3284,1786,2024-01-26 21:57:16,completed,gift_card
3285,1330,2023-10-08 10:34:48,completed,credit_card
3286,597,2023-02-24 22:42:02,completed,paypal
3287,2479,2023-10-29 07:39:13,completed,bank_transfer
3288,396,2024-04-08 07:51:15,completed,gift_card
3289,513,2022-08-28 04:49:51,cancelled,credit_card
3290,2431,2022-01-14 04:47:51,cancelled,bank_transfer
3291,2300,2024-11-11 16:49:06,completed,paypal
3292,1788,2024-03-23 03:15:08,cancelled,debit_card
3293,2395,2022-11-13 04:01:21,completed,gift_card
3294,1717,2024-08-21 02:11:20,cancelled,bank_transfer
3295,1046,2023-10-08 09:27:08,completed,credit_card
3296,1672,2023-10-02 09:14:07,returned,credit_card
3297,1573,2024-12-02 05:13:42,completed,gift_card
3298,2208,2024-07-01 13:49:52,completed,debit_card
3299,1781,2022-05-14 20:51:03,completed,bank_transfer
3300,2291,2023-12-25 02:04:20,completed,gift_card
3301,1167,2023-04-02 14:05:50,completed,bank_transfer
3302,2467,2024-04-22 16:47:13,completed,gift_card
3303,1383,2023-07-13 00:13:35,completed,gift_card
3304,1043,2023-10-17 13:08:39,completed,paypal
3305,831,2022-10-30 12:47:02,completed,bank_transfer
3306,1000,2023-08-07 05:05:08,completed,gift_card
3307,622,2022-06-06 04:16:00,completed,credit_card
3308,897,2023-02-28 01:42:02,returned,credit_card
3309,1732,2022-02-13 05:53:17,completed,bank_transfer
3310,485,2022-09-02 09:41:00,completed,paypal
3311,2429,2024-06-11 18:12:48,completed,gift_card
3312,2355,2024-12-20 23:04:24,cancelled,gift_card
3313,761,2024-06-12 01:03:57,completed,bank_transfer
3314,627,2024-09-06 09:35:52,returned,bank_transfer
3315,442,2023-11-19 22:40:35,completed,debit_card
3316,1726,2024-07-20 20:37:56,pending,paypal
3317,1672,2023-05-30 10:36:31,completed,gift_card
3318,477,2022-07-16 09:21:03,pending,credit_card
3319,1179,2023-09-17 23:56:53,cancelled,gift_card
3320,149,2024-06-09 21:09:05,cancelled,gift_card
3321,798,2023-08-19 08:16:38,cancelled,credit_card
3322,624,2024-02-20 07:33:27,completed,paypal
3323,1719,2024-04-12 18:35:41,completed,gift_card
3324,2236,2022-07-08 10:17:48,returned,gift_card
3325,793,2022-08-14 21:28:44,completed,bank_transfer
3326,897,2023-07-08 07:38:35,pending,bank_transfer
3327,2166,2024-04-03 23:11:05,returned,paypal
3328,1364,2024-10-11 04:02:34,completed,gift_card
3329,828,2023-07-22 23:41:07,pending,bank_transfer
3330,1453,2023-05-08 05:48:49,pending,paypal
3331,2214,2024-03-29 15:03:40,completed,paypal
3332,1851,2023-10-19 12:21:11,completed,bank_transfer
3333,2445,2024-09-16 17:42:19,returned,bank_transfer
3334,1812,2023-02-24 21:10:12,returned,paypal
3335,2383,2024-11-29 21:44:49,completed,bank_transfer
3336,961,2023-05-14 18:56:40,completed,credit_card
3337,783,2023-10-17 22:11:34,completed,paypal
3338,93,2024-04-18 11:06:34,cancelled,gift_card
3339,1534,2023-11-10 09:32:29,completed,debit_card
3340,920,2023-12-18 08:02:31,cancelled,gift_card
3341,1214,2022-03-07 20:49:01,completed,bank_transfer
3342,1302,2024-11-20 20:45:54,cancelled,bank_transfer
3343,345,2023-04-30 06:56:42,completed,bank_transfer
3344,31,2022-08-23 19:18:18,completed,paypal
3345,1145,2022-09-06 21:04:19,completed,gift_card
3346,508,2024-11-08 04:58:10,completed,paypal
3347,2364,2024-02-03 02:14:51,completed,credit_card
3348,496,2023-03-22 20:43:11,returned,paypal
3349,346,2023-11-27 08:08:36,cancelled,paypal
3350,1919,2022-06-27 17:40:37,completed,paypal
3351,421,2022-09-18 12:39:45,completed,paypal
3352,562,2022-02-26 14:47:51,completed,debit_card
3353,1776,2024-02-03 05:16:56,cancelled,bank_transfer
3354,1273,2023-07-10 00:41:21,completed,paypal
3355,677,2023-09-26 22:56:31,returned,gift_card
3356,559,2024-06-13 19:46:27,cancelled,debit_card
3357,1599,2024-12-08 18:55:40,cancelled,debit_card
3358,533,2022-12-06 12:28:06,pending,bank_transfer
3359,1362,2023-01-16 15:58:43,returned,credit_card
3360,1234,2024-12-31 16:47:09,cancelled,credit_card
3361,2069,2024-11-10 23:43:51,completed,paypal
3362,626,2023-05-14 23:23:55,completed,gift_card
3363,1396,2024-09-19 13:02:24,completed,debit_card
3364,1233,2024-11-12 20:30:32,cancelled,paypal
3365,1167,2024-06-02 10:42:04,completed,paypal
3366,2052,2024-07-29 10:46:25,completed,gift_card
3367,1378,2022-11-26 12:39:38,completed,paypal
3368,1003,2022-10-17 03:02:27,completed,gift_card
3369,792,2023-02-19 11:38:29,returned,credit_card
3370,1496,2023-11-06 14:41:04,returned,debit_card
3371,416,2024-04-20 04:27:43,pending,gift_card
3372,1883,2024-03-10 21:48:54,completed,bank_transfer
3373,1166,2024-06-28 16:17:13,cancelled,debit_card
3374,229,2022-08-26 01:56:15,completed,bank_transfer
3375,1277,2024-02-22 10:58:40,returned,gift_card
3376,1540,2023-02-20 06:09:04,completed,paypal
3377,1379,2023-09-19 15:14:49,completed,paypal
3378,1924,2022-08-31 15:10:14,completed,credit_card
3379,1764,2024-03-20 19:35:19,cancelled,paypal
3380,2302,2024-07-19 07:24:51,returned,credit_card
3381,792,2023-05-24 23:34:12,pending,credit_card
3382,1260,2024-10-12 19:56:03,returned,debit_card
3383,2163,2024-02-28 07:45:06,returned,credit_card
3384,53,2024-09-01 18:44:53,pending,credit_card
3385,1037,2024-11-18 01:56:50,completed,debit_card
3386,1379,2024-09-14 19:42:45,cancelled,bank_transfer
3387,512,2024-05-28 04:48:51,completed,credit_card
3388,344,2024-04-22 07:06:51,pending,gift_card
3389,1443,2024-01-09 20:03:29,cancelled,paypal
3390,993,2023-07-08 07:26:12,completed,gift_card
3391,978,2023-06-21 07:04:34,completed,debit_card
3392,1645,2023-09-27 11:55:05,pending,paypal
3393,2401,2023-04-08 10:06:46,completed,gift_card
3394,89,2024-04-28 14:31:47,completed,paypal
3395,118,2023-03-01 09:53:49,completed,credit_card
3396,1353,2024-09-10 03:37:47,cancelled,credit_card
3397,795,2023-06-26 14:04:47,completed,gift_card
3398,2069,2024-07-16 17:59:24,completed,gift_card
3399,2097,2024-09-14 17:27:13,cancelled,debit_card
3400,1427,2024-09-04 16:34:29,pending,bank_transfer
3401,2195,2022-02-28 17:03:58,completed,paypal
3402,2153,2024-08-11 21:17:28,completed,paypal
3403,1587,2024-10-11 18:18:22,completed,debit_card
3404,764,2023-06-21 21:07:46,completed,debit_card
3405,1420,2024-12-03 17:29:40,completed,bank_transfer
3406,425,2024-10-18 20:05:07,cancelled,gift_card
3407,1394,2024-10-06 19:45:50,cancelled,gift_card
3408,1886,2023-03-14 15:31:45,pending,credit_card
3409,682,2023-07-22 11:42:25,returned,gift_card
3410,1223,2024-03-08 03:41:16,returned,debit_card
3411,1717,2022-10-17 19:24:43,returned,credit_card
3412,2088,2024-04-09 10:03:52,completed,paypal
3413,2005,2024-08-23 19:40:26,cancelled,credit_card
3414,1828,2022-05-13 18:19:58,completed,credit_card
3415,477,2023-10-09 22:24:29,completed,bank_transfer
3416,1616,2022-08-16 03:24:05,returned,bank_transfer
3417,1100,2022-03-17 04:45:18,completed,credit_card
3418,1291,2023-08-18 05:47:40,pending,credit_card
3419,2030,2024-03-06 17:01:33,cancelled,debit_card
3420,871,2024-10-10 21:32:33,pending,paypal
3421,2461,2023-09-05 11:17:30,completed,bank_transfer
3422,448,2024-09-26 04:39:10,completed,debit_card
3423,325,2024-07-02 06:06:24,completed,debit_card
3424,1543,2022-11-20 10:24:42,completed,debit_card
3425,1445,2024-04-10 05:35:29,completed,debit_card
3426,156,2024-05-18 15:14:33,completed,debit_card
3427,1802,2022-04-07 02:26:36,pending,credit_card
3428,529,2023-05-05 16:29:49,returned,debit_card
3429,438,2022-05-09 17:12:02,pending,bank_transfer
3430,363,2023-10-12 20:01:10,returned,credit_card
3431,1492,2024-09-02 02:52:39,completed,gift_card
3432,2220,2024-05-03 02:18:10,completed,gift_card
3433,17,2022-07-10 05:18:07,completed,credit_card
3434,951,2024-01-10 05:09:02,pending,credit_card
3435,2426,2024-10-22 14:20:40,completed,bank_transfer
3436,2133,2023-11-07 06:59:38,completed,bank_transfer
3437,2040,2023-08-01 16:15:39,returned,bank_transfer
3438,922,2023-02-10 16:39:16,completed,debit_card
3439,1307,2023-08-08 10:14:51,completed,debit_card
3440,1227,2022-08-29 10:06:02,cancelled,credit_card
3441,2107,2024-05-31 15:19:02,completed,debit_card
3442,880,2024-07-20 07:33:35,completed,gift_card
3443,992,2023-07-22 21:45:10,completed,credit_card
3444,2093,2023-08-10 08:34:57,pending,debit_card
3445,314,2023-03-30 17:59:19,completed,bank_transfer
3446,26,2024-01-11 20:48:23,cancelled,bank_transfer
3447,1344,2023-09-05 12:08:25,returned,debit_card
3448,73,2024-11-16 13:10:47,completed,credit_card
3449,1190,2024-05-16 02:19:59,completed,debit_card
3450,2190,2023-04-27 14:02:40,pending,gift_card
3451,793,2022-04-17 15:59:19,completed,debit_card
3452,89,2024-08-05 23:42:02,completed,gift_card
3453,1251,2022-06-18 01:03:16,completed,bank_transfer
3454,306,2023-12-11 03:54:24,cancelled,paypal
3455,1810,2024-10-23 06:21:25,returned,paypal
3456,439,2022-09-19 08:06:07,completed,debit_card
3457,871,2024-02-17 19:09:41,pending,bank_transfer
3458,247,2022-06-08 01:09:19,completed,debit_card
3459,2362,2022-09-09 02:26:00,returned,gift_card
3460,342,2022-05-10 11:45:14,completed,debit_card
3461,466,2024-01-05 18:20:16,completed,debit_card
3462,2319,2022-04-23 21:26:44,completed,paypal
3463,382,2022-04-20 10:02:37,completed,credit_card
3464,496,2024-10-10 11:34:49,pending,gift_card
3465,2210,2024-11-14 08:43:01,completed,bank_transfer
3466,758,2023-09-09 17:13:17,returned,bank_transfer
3467,1459,2024-05-13 06:58:13,cancelled,gift_card
3468,1892,2022-05-27 02:07:27,pending,gift_card
3469,86,2024-08-26 07:31:39,cancelled,debit_card
3470,1913,2022-02-13 00:20:27,cancelled,gift_card
3471,1634,2022-12-01 15:04:32,pending,paypal
3472,1247,2022-06-12 11:36:32,completed,paypal
3473,1686,2022-08-29 14:16:56,completed,credit_card
3474,2018,2024-10-24 16:11:51,completed,bank_transfer
3475,1847,2024-08-24 05:07:31,pending,debit_card
3476,1114,2024-03-23 13:59:15,cancelled,gift_card
3477,748,2024-01-15 13:27:28,cancelled,paypal
3478,2031,2024-07-06 04:58:35,completed,gift_card
3479,230,2022-08-26 21:30:54,completed,debit_card
3480,2164,2024-04-27 11:33:35,completed,paypal
3481,1204,2024-06-10 17:47:08,completed,debit_card
3482,441,2023-10-15 05:13:00,completed,paypal
3483,2017,2023-09-20 16:50:14,completed,bank_transfer
3484,1837,2024-12-02 21:13:08,completed,bank_transfer
3485,241,2024-06-18 07:10:35,cancelled,gift_card
3486,983,2024-02-11 13:45:05,completed,gift_card
3487,227,2024-07-12 12:31:55,returned,debit_card
3488,808,2023-07-07 09:56:48,completed,paypal
3489,1282,2022-06-23 02:03:21,returned,gift_card
3490,2079,2022-10-04 19:37:23,completed,bank_transfer
3491,1609,2023-11-05 10:33:13,completed,gift_card
3492,733,2024-12-11 22:10:50,completed,paypal
3493,898,2023-09-28 19:28:37,completed,gift_card
3494,325,2024-10-25 04:29:20,completed,gift_card
3495,1868,2022-08-28 00:20:23,completed,bank_transfer
3496,1710,2024-01-20 19:43:26,completed,credit_card
3497,1094,2024-07-13 07:02:51,completed,debit_card
3498,1772,2024-05-05 02:43:20,completed,debit_card
3499,1551,2024-12-12 08:48:05,pending,bank_transfer
3500,932,2023-01-22 14:48:39,completed,bank_transfer
3501,469,2024-11-15 20:50:11,completed,debit_card
3502,1647,2022-03-28 09:29:09,completed,paypal
3503,165,2022-01-23 11:17:48,completed,bank_transfer
3504,1569,2024-12-01 01:33:05,returned,credit_card
3505,1311,2023-04-29 04:37:47,returned,bank_transfer
3506,1232,2022-08-28 21:15:16,pending,debit_card
3507,952,2023-07-07 14:36:45,completed,credit_card
3508,1800,2022-12-11 02:33:59,returned,debit_card
3509,189,2023-12-05 10:15:50,completed,debit_card
3510,33,2022-05-27 16:32:25,completed,debit_card
3511,620,2024-06-13 17:40:35,completed,credit_card
3512,2009,2023-07-24 23:45:52,pending,credit_card
3513,2198,2024-12-05 22:56:41,completed,paypal
3514,873,2023-10-17 13:43:36,completed,paypal
3515,612,2024-05-17 09:00:31,cancelled,paypal
3516,889,2023-01-05 04:57:24,completed,gift_card
3517,1450,2024-12-16 07:47:44,completed,debit_card
3518,588,2023-08-15 05:10:47,completed,credit_card
3519,2008,2023-06-21 22:29:38,returned,credit_card
3520,1254,2022-10-16 21:51:43,cancelled,gift_card
3521,2018,2023-11-28 03:21:47,completed,bank_transfer
3522,884,2023-03-17 05:16:56,pending,gift_card
3523,1442,2024-06-26 01:16:17,completed,gift_card
3524,2212,2023-04-28 08:22:25,pending,paypal
3525,1380,2022-02-05 04:27:22,completed,debit_card
3526,525,2023-06-30 01:10:03,completed,gift_card
3527,162,2024-09-13 14:26:50,returned,gift_card
3528,1693,2023-08-05 19:48:14,returned,gift_card
3529,528,2024-08-23 19:07:56,completed,bank_transfer
3530,1592,2023-08-17 18:13:39,cancelled,gift_card
3531,54,2024-03-22 11:45:26,pending,paypal
3532,2495,2022-05-25 03:33:30,cancelled,bank_transfer
3533,1033,2024-04-25 12:07:56,returned,paypal
3534,2300,2024-06-14 15:44:52,returned,credit_card
3535,657,2024-05-11 01:27:31,cancelled,credit_card
3536,88,2024-01-18 07:44:34,returned,bank_transfer
3537,594,2023-05-03 15:19:31,completed,gift_card
3538,608,2023-02-28 19:21:22,completed,credit_card
3539,24,2024-12-26 15:06:31,completed,bank_transfer
3540,1876,2024-11-06 14:45:33,pending,gift_card
3541,977,2024-06-13 17:12:56,completed,debit_card
3542,1063,2024-11-19 08:05:16,completed,gift_card
3543,1971,2024-02-02 19:51:06,completed,bank_transfer
3544,868,2024-04-21 22:22:38,returned,bank_transfer
3545,519,2022-12-21 07:35:51,completed,debit_card
3546,591,2024-05-05 10:59:57,completed,credit_card
3547,1488,2024-02-13 14:13:01,pending,debit_card
3548,2198,2024-08-17 20:29:44,completed,bank_transfer
3549,2118,2022-01-22 05:27:41,pending,gift_card
3550,1539,2024-06-04 21:19:32,completed,gift_card
3551,1864,2023-09-02 14:56:56,returned,debit_card
3552,961,2024-09-20 04:41:58,cancelled,debit_card
3553,1283,2022-11-21 02:25:16,cancelled,gift_card
3554,195,2022-10-25 01:46:57,completed,credit_card
3555,73,2023-02-11 23:10:58,completed,paypal
3556,291,2024-12-30 13:20:07,completed,debit_card
3557,1322,2024-02-07 14:31:41,completed,credit_card
3558,807,2024-09-15 01:21:18,completed,paypal
3559,2170,2023-03-02 09:52:12,completed,credit_card
3560,1327,2023-09-01 23:29:41,completed,paypal
3561,132,2024-07-01 08:58:27,completed,paypal
3562,2392,2023-07-25 20:53:13,completed,debit_card
3563,179,2023-01-18 20:22:04,completed,bank_transfer
3564,179,2024-12-03 23:04:11,returned,credit_card
3565,1705,2023-03-23 04:29:25,completed,paypal
3566,128,2024-03-13 07:59:39,completed,paypal
3567,2066,2024-04-19 20:04:56,completed,debit_card
3568,126,2023-01-10 22:27:08,returned,paypal
3569,1727,2024-01-20 23:29:26,completed,credit_card
3570,1523,2022-05-17 15:21:49,pending,paypal
3571,1198,2024-12-01 10:26:58,completed,bank_transfer
3572,1127,2023-06-30 13:41:44,completed,debit_card
3573,740,2022-03-25 12:37:15,returned,bank_transfer
3574,525,2023-06-06 21:27:52,cancelled,paypal
3575,921,2023-03-10 02:53:15,completed,debit_card
3576,2341,2024-09-09 18:34:24,cancelled,paypal
3577,943,2023-12-02 11:17:06,completed,paypal
3578,1848,2024-04-29 10:14:05,completed,gift_card
3579,2184,2023-11-06 17:41:46,completed,gift_card
3580,2089,2022-02-11 03:11:48,pending,gift_card
3581,132,2024-07-20 17:52:06,completed,credit_card
3582,1518,2023-05-20 10:10:42,completed,credit_card
3583,384,2024-05-26 03:25:18,pending,credit_card
3584,739,2023-05-10 01:52:36,completed,debit_card
3585,2194,2024-02-02 16:52:14,completed,credit_card
3586,1947,2023-04-18 16:07:59,returned,gift_card
3587,176,2023-09-22 09:39:38,completed,paypal
3588,1412,2022-02-28 14:30:07,completed,debit_card
3589,2473,2022-08-10 06:21:33,returned,bank_transfer
3590,2130,2022-02-23 16:33:04,completed,credit_card
3591,1399,2023-04-16 18:37:08,completed,bank_transfer
3592,465,2024-09-30 13:59:26,completed,paypal
3593,51,2024-07-21 18:01:23,returned,paypal
3594,1241,2024-03-23 09:37:18,pending,debit_card
3595,1433,2024-04-14 22:33:54,completed,gift_card
3596,270,2023-11-15 20:04:22,cancelled,gift_card
3597,611,2023-07-16 01:03:48,pending,paypal
3598,559,2024-06-23 21:08:09,completed,paypal
3599,2342,2023-09-04 04:13:43,completed,paypal
3600,1212,2024-02-09 13:28:28,pending,credit_card
3601,726,2023-11-28 22:40:45,completed,credit_card
3602,1595,2024-06-22 22:05:34,completed,credit_card
3603,228,2024-04-08 18:40:37,cancelled,debit_card
3604,1671,2023-08-19 11:22:13,completed,credit_card
3605,319,2023-02-20 15:17:22,returned,paypal
3606,141,2023-08-21 15:40:36,completed,bank_transfer
3607,655,2024-09-30 16:26:40,cancelled,credit_card
3608,838,2024-05-21 03:00:55,pending,paypal
3609,1024,2023-10-09 06:13:02,completed,gift_card
3610,2382,2024-10-18 16:37:02,returned,bank_transfer
3611,1110,2022-05-12 15:47:07,pending,bank_transfer
3612,662,2022-11-19 05:01:34,completed,credit_card
3613,1757,2024-10-13 07:24:13,pending,debit_card
3614,52,2022-12-18 09:50:55,completed,bank_transfer
3615,2273,2024-06-29 03:34:17,cancelled,paypal
3616,1090,2022-11-22 04:16:51,completed,credit_card
3617,2408,2022-05-16 04:54:58,returned,paypal
3618,1753,2024-08-14 08:18:42,pending,paypal
3619,545,2024-06-04 12:23:23,cancelled,paypal
3620,1988,2024-03-31 15:52:26,completed,gift_card
3621,96,2024-03-31 14:37:48,completed,credit_card
3622,2272,2022-05-27 02:07:53,completed,debit_card
3623,42,2023-06-22 17:32:22,returned,debit_card
3624,267,2024-06-30 11:57:09,completed,debit_card
3625,2150,2023-11-18 18:01:43,returned,debit_card
3626,1699,2024-03-02 11:08:50,returned,gift_card
3627,253,2024-08-11 07:07:10,completed,debit_card
3628,1746,2022-04-14 01:50:11,cancelled,paypal
3629,399,2024-10-07 19:46:32,cancelled,credit_card
3630,1563,2024-08-08 13:11:37,completed,debit_card
3631,2133,2023-04-20 11:33:24,cancelled,debit_card
3632,262,2022-11-05 12:12:49,pending,bank_transfer
3633,1338,2024-03-13 15:00:56,pending,credit_card
3634,1042,2024-11-28 05:30:28,completed,gift_card
3635,104,2024-07-24 22:43:12,cancelled,debit_card
3636,2056,2024-01-26 10:40:35,cancelled,gift_card
3637,2291,2023-04-07 03:50:27,completed,paypal
3638,1702,2024-03-12 18:21:26,completed,paypal
3639,2443,2024-07-04 11:59:14,pending,paypal
3640,2217,2022-10-21 03:23:32,completed,credit_card
3641,35,2024-12-05 00:15:45,completed,gift_card
3642,37,2024-05-08 22:23:13,returned,gift_card
3643,382,2024-02-26 13:11:02,pending,debit_card
3644,1156,2024-01-05 16:37:23,returned,debit_card
3645,251,2024-01-04 13:41:36,completed,paypal
3646,1918,2024-10-05 01:13:07,completed,paypal
3647,1721,2024-07-01 00:11:34,completed,debit_card
3648,272,2022-07-24 17:06:23,cancelled,paypal
3649,315,2022-04-13 01:55:27,completed,debit_card
3650,1648,2023-11-22 07:35:44,returned,bank_transfer
3651,202,2024-06-02 10:48:29,completed,paypal
3652,1015,2023-08-08 02:16:25,returned,paypal
3653,2377,2022-11-22 15:46:43,cancelled,bank_transfer
3654,1760,2023-02-03 12:07:15,returned,debit_card
3655,1552,2024-10-25 10:59:07,completed,paypal
3656,279,2024-06-30 01:02:22,completed,credit_card
3657,323,2023-10-01 12:04:06,pending,debit_card
3658,1775,2023-05-30 06:39:59,completed,debit_card
3659,321,2022-08-05 10:41:22,cancelled,bank_transfer
3660,678,2024-08-01 04:32:39,cancelled,gift_card
3661,1733,2024-07-08 01:31:31,completed,gift_card
3662,1910,2024-03-15 09:25:46,pending,credit_card
3663,663,2022-09-18 05:56:51,cancelled,gift_card
3664,1263,2024-01-06 01:14:40,completed,bank_transfer
3665,1308,2023-10-20 17:13:08,completed,debit_card
3666,551,2024-03-09 01:27:18,completed,debit_card
3667,2342,2022-07-21 23:09:31,returned,bank_transfer
3668,430,2022-11-23 02:33:31,completed,credit_card
3669,2354,2024-07-22 07:32:00,pending,credit_card
3670,579,2024-10-22 03:28:37,completed,credit_card
3671,235,2024-02-19 14:53:41,completed,debit_card
3672,987,2024-12-05 22:22:24,completed,gift_card
3673,1766,2024-04-29 20:30:05,pending,paypal
3674,870,2024-02-21 13:24:22,completed,bank_transfer
3675,1970,2024-12-04 06:01:49,completed,bank_transfer
3676,1659,2024-09-26 05:19:43,completed,paypal
3677,52,2024-03-17 10:20:58,completed,gift_card
3678,260,2024-10-10 18:42:55,completed,bank_transfer
3679,1800,2024-07-22 00:26:37,cancelled,paypal
3680,362,2023-01-17 07:01:58,completed,gift_card
3681,200,2024-08-25 05:31:29,completed,paypal
3682,1388,2024-11-21 20:36:53,completed,credit_card
3683,254,2023-01-31 06:03:03,completed,gift_card
3684,531,2023-11-19 08:22:45,returned,credit_card
3685,1909,2023-02-15 17:18:57,pending,gift_card
3686,815,2023-05-27 04:51:04,pending,credit_card
3687,1576,2022-02-16 10:37:51,returned,bank_transfer
3688,27,2023-11-30 01:26:48,cancelled,bank_transfer
3689,2118,2022-01-27 14:11:32,cancelled,bank_transfer
3690,1836,2023-06-30 00:34:06,completed,debit_card
3691,1867,2022-07-22 06:15:17,completed,gift_card
3692,488,2023-11-19 13:13:15,completed,paypal
3693,1645,2024-10-18 06:32:22,returned,credit_card
3694,2013,2022-05-01 21:17:04,cancelled,debit_card
3695,1341,2024-01-22 05:21:27,returned,credit_card
3696,2268,2024-02-13 21:10:08,cancelled,paypal
3697,605,2024-10-17 22:04:53,completed,gift_card
3698,504,2023-08-13 06:52:28,completed,credit_card
3699,697,2024-08-20 03:25:53,completed,paypal
3700,842,2022-06-24 17:23:02,cancelled,gift_card
3701,1794,2024-12-19 00:47:02,completed,gift_card
3702,226,2024-08-12 05:03:59,completed,debit_card
3703,284,2022-09-30 14:11:22,completed,debit_card
3704,264,2024-07-10 04:37:38,pending,debit_card
3705,1670,2024-02-29 09:00:30,pending,gift_card
3706,2123,2023-04-26 06:39:51,cancelled,paypal
3707,101,2024-01-30 07:24:58,pending,debit_card
3708,505,2024-06-26 00:28:41,pending,credit_card
3709,269,2022-09-25 14:01:04,completed,credit_card
3710,1096,2024-08-06 21:38:01,completed,gift_card
3711,1245,2024-11-05 08:34:14,completed,debit_card
3712,1680,2024-01-18 18:59:35,returned,gift_card
3713,1583,2023-06-30 03:53:22,pending,bank_transfer
3714,596,2022-05-24 16:24:07,pending,paypal
3715,1167,2024-12-30 17:22:33,completed,debit_card
3716,723,2024-11-19 18:56:19,completed,bank_transfer
3717,1453,2024-05-08 16:18:39,cancelled,paypal
3718,2253,2024-09-30 02:12:45,completed,debit_card
3719,642,2023-02-25 01:42:29,cancelled,debit_card
3720,1921,2024-01-20 15:02:22,completed,credit_card
3721,316,2022-05-23 13:28:47,completed,credit_card
3722,1757,2024-10-08 09:27:55,completed,credit_card
3723,1494,2024-02-13 23:01:30,completed,debit_card
3724,40,2024-08-31 23:47:28,completed,bank_transfer
3725,398,2024-08-23 02:16:33,completed,gift_card
3726,2235,2024-10-10 19:00:40,pending,bank_transfer
3727,1167,2022-12-09 07:56:31,pending,bank_transfer
3728,27,2023-05-28 22:19:49,cancelled,credit_card
3729,1697,2022-10-15 06:52:53,pending,paypal
3730,2321,2023-05-16 20:07:57,cancelled,bank_transfer
3731,2148,2022-05-01 11:52:48,pending,bank_transfer
3732,2064,2022-05-19 10:18:30,returned,bank_transfer
3733,1653,2023-09-09 04:51:18,pending,paypal
3734,576,2024-12-22 22:47:49,completed,debit_card
3735,1837,2024-01-28 04:07:52,completed,credit_card
3736,445,2024-08-17 03:34:17,cancelled,gift_card
3737,710,2024-08-28 02:32:05,completed,gift_card
3738,295,2022-01-19 09:04:24,completed,paypal
3739,279,2024-04-30 15:46:43,pending,credit_card
3740,855,2024-03-09 20:37:39,returned,credit_card
3741,869,2023-08-25 19:39:02,completed,credit_card
3742,109,2024-04-12 06:08:04,completed,gift_card
3743,1854,2023-04-26 17:32:23,pending,paypal
3744,777,2023-11-26 19:08:01,completed,gift_card
3745,2193,2023-11-01 13:20:29,completed,paypal
3746,1385,2024-08-16 22:30:40,pending,gift_card
3747,2331,2024-06-06 22:00:38,returned,debit_card
3748,346,2022-08-14 00:28:22,cancelled,gift_card
3749,970,2022-01-20 06:32:07,cancelled,credit_card
3750,773,2022-11-17 01:50:12,completed,paypal
3751,2297,2024-10-02 08:37:50,completed,credit_card
3752,552,2022-05-13 20:32:15,completed,gift_card
3753,2027,2023-01-29 09:07:46,returned,paypal
3754,2060,2024-07-14 00:19:15,completed,gift_card
3755,2110,2022-11-16 13:01:22,completed,paypal
3756,862,2022-02-12 19:18:00,cancelled,credit_card
3757,1374,2024-11-02 00:23:28,completed,gift_card
3758,70,2024-11-30 23:47:03,completed,bank_transfer
3759,229,2024-10-19 08:26:41,pending,bank_transfer
3760,1215,2023-02-12 22:01:34,cancelled,gift_card
3761,859,2022-12-17 23:28:15,returned,bank_transfer
3762,1035,2023-10-25 06:52:30,pending,bank_transfer
3763,761,2023-06-21 05:15:39,completed,gift_card
3764,1735,2022-08-23 01:06:37,pending,bank_transfer
3765,2031,2024-08-28 23:24:08,completed,debit_card
3766,1984,2024-10-12 07:29:00,completed,debit_card
3767,1931,2022-11-25 06:09:47,returned,credit_card
3768,2193,2024-06-18 21:56:28,completed,bank_transfer
3769,656,2024-10-14 13:46:13,completed,credit_card
3770,2261,2023-04-22 02:35:10,cancelled,paypal
3771,1987,2023-06-16 10:25:48,returned,gift_card
3772,1981,2023-05-24 14:26:22,completed,paypal
3773,206,2024-08-04 06:03:57,completed,gift_card
3774,2464,2024-01-04 14:11:48,completed,bank_transfer
3775,1197,2024-01-02 02:05:19,returned,paypal
3776,1518,2023-10-21 12:16:49,cancelled,bank_transfer
3777,1778,2024-04-07 19:33:46,completed,gift_card
3778,510,2023-03-21 16:53:53,completed,gift_card
3779,1071,2024-12-07 15:00:18,cancelled,debit_card
3780,1214,2023-07-10 16:52:37,pending,gift_card
3781,1680,2024-04-24 23:22:04,pending,debit_card
3782,2451,2022-12-08 12:42:18,pending,credit_card
3783,2249,2022-03-16 09:41:36,completed,gift_card
3784,643,2024-02-29 07:20:43,pending,credit_card
3785,2481,2024-01-29 19:04:26,pending,debit_card
3786,2384,2022-11-29 14:00:41,completed,gift_card
3787,1271,2024-08-08 15:08:00,completed,credit_card
3788,1957,2024-12-05 06:56:57,returned,debit_card
3789,579,2022-07-06 06:06:53,completed,credit_card
3790,930,2022-10-23 04:28:17,completed,gift_card
3791,1265,2023-02-15 05:59:52,completed,debit_card
3792,1357,2023-05-14 13:15:48,completed,paypal
3793,1640,2024-10-18 02:03:00,completed,debit_card
3794,1880,2022-03-08 06:58:35,completed,credit_card
3795,1339,2024-11-07 01:21:48,returned,bank_transfer
3796,2453,2023-06-20 09:34:12,completed,debit_card
3797,2341,2024-02-06 17:30:28,completed,bank_transfer
3798,2124,2024-07-28 22:31:40,pending,bank_transfer
3799,1485,2024-09-22 19:27:30,returned,credit_card
3800,1950,2024-02-15 09:47:31,pending,bank_transfer
3801,1166,2022-10-12 13:39:31,completed,credit_card
3802,915,2024-02-15 04:52:52,completed,paypal
3803,330,2024-08-23 23:48:29,returned,paypal
3804,984,2024-03-29 12:22:58,cancelled,debit_card
3805,992,2022-07-29 17:47:10,completed,credit_card
3806,2483,2023-11-19 19:37:33,completed,paypal
3807,1759,2022-10-12 09:23:07,completed,bank_transfer
3808,345,2022-12-24 05:23:34,returned,credit_card
3809,1680,2023-09-01 22:43:26,pending,paypal
3810,1596,2022-08-21 05:49:34,completed,bank_transfer
3811,1146,2024-10-13 23:48:05,returned,gift_card
3812,1800,2022-11-06 12:40:20,completed,gift_card
3813,66,2024-04-28 00:35:17,completed,credit_card
3814,343,2023-02-20 08:15:33,completed,bank_transfer
3815,1588,2024-07-17 12:08:33,returned,credit_card
3816,2357,2022-05-20 23:45:24,completed,debit_card
3817,1275,2024-08-24 05:03:00,completed,gift_card
3818,1802,2024-10-13 05:25:47,completed,debit_card
3819,837,2022-08-11 14:28:08,returned,bank_transfer
3820,1523,2023-05-16 10:58:27,completed,credit_card
3821,1469,2022-12-18 14:25:04,completed,debit_card
3822,95,2023-09-30 20:31:53,cancelled,bank_transfer
3823,695,2024-03-23 09:53:00,pending,gift_card
3824,39,2024-03-27 20:53:03,completed,debit_card
3825,1268,2024-05-27 11:52:08,completed,bank_transfer
3826,2297,2024-10-25 20:09:57,returned,bank_transfer
3827,2169,2022-11-26 07:49:03,completed,debit_card
3828,48,2022-09-17 20:56:21,pending,bank_transfer
3829,969,2023-06-20 13:43:53,completed,credit_card
3830,483,2022-11-06 04:24:34,completed,bank_transfer
3831,2081,2024-09-02 09:46:38,pending,paypal
3832,2172,2023-08-12 11:05:15,completed,gift_card
3833,2433,2024-01-24 16:41:16,pending,credit_card
3834,1372,2024-11-27 02:37:10,cancelled,bank_transfer
3835,1994,2022-09-19 15:43:22,completed,gift_card
3836,702,2024-09-19 05:06:06,returned,debit_card
3837,635,2023-10-09 21:53:01,completed,gift_card
3838,897,2023-02-27 18:10:41,completed,bank_transfer
3839,1628,2024-07-24 09:12:12,completed,gift_card
3840,1921,2024-07-16 20:46:23,completed,debit_card
3841,1092,2024-08-22 22:50:56,completed,gift_card
3842,2394,2024-04-12 18:11:11,completed,credit_card
3843,912,2024-06-19 07:37:42,returned,bank_transfer
3844,309,2023-06-14 22:54:45,completed,debit_card
3845,1154,2024-07-21 05:11:04,completed,debit_card
3846,1864,2023-01-05 04:20:24,returned,gift_card
3847,314,2023-12-24 09:22:54,returned,bank_transfer
3848,2432,2022-07-24 18:49:59,pending,credit_card
3849,1986,2023-04-30 00:09:53,cancelled,paypal
3850,2227,2023-10-28 16:08:22,completed,paypal
3851,1228,2022-06-26 16:01:09,completed,debit_card
3852,885,2022-12-01 18:53:30,completed,paypal
3853,1118,2022-02-21 13:55:11,completed,credit_card
3854,2275,2024-11-26 12:19:11,completed,debit_card
3855,2225,2024-10-09 20:53:48,completed,paypal
3856,145,2023-01-18 05:12:26,pending,bank_transfer
3857,1967,2024-07-25 13:03:33,cancelled,bank_transfer
3858,2151,2022-07-13 07:37:37,returned,paypal
3859,998,2023-07-14 13:45:21,completed,paypal
3860,1934,2024-04-08 16:36:14,completed,paypal
3861,248,2024-07-11 15:56:18,completed,paypal
3862,1732,2023-04-19 14:05:51,cancelled,paypal
3863,1539,2023-09-17 04:45:21,completed,debit_card
3864,1049,2022-11-02 23:28:04,completed,debit_card
3865,2237,2022-01-27 20:43:49,completed,credit_card
3866,1219,2023-04-19 11:48:59,cancelled,bank_transfer
3867,196,2022-07-31 15:09:14,cancelled,debit_card
3868,1770,2024-02-11 14:33:17,completed,gift_card
3869,746,2024-06-13 04:44:15,completed,bank_transfer
3870,1233,2023-03-14 15:10:46,completed,gift_card
3871,1573,2024-08-14 23:48:09,completed,credit_card
3872,2253,2024-02-15 17:17:01,completed,debit_card
3873,1192,2024-06-17 08:42:41,completed,credit_card
3874,1556,2022-10-29 21:32:44,completed,credit_card
3875,288,2024-11-13 21:03:01,completed,credit_card
3876,1791,2022-06-17 19:55:11,pending,bank_transfer
3877,1784,2023-08-25 16:38:56,completed,gift_card
3878,1048,2024-12-10 04:09:56,cancelled,debit_card
3879,1141,2024-02-26 18:53:42,completed,debit_card
3880,300,2024-07-05 10:49:31,completed,paypal
3881,1589,2024-07-25 00:54:56,completed,bank_transfer
3882,1540,2022-03-17 03:44:44,completed,gift_card
3883,1411,2024-04-01 16:20:57,cancelled,gift_card
3884,1123,2024-12-02 05:43:10,completed,gift_card
3885,2421,2022-11-05 09:16:53,cancelled,gift_card
3886,293,2023-02-16 11:37:14,completed,gift_card
3887,2164,2024-12-05 03:59:53,completed,credit_card
3888,626,2024-10-15 03:44:45,completed,bank_transfer
3889,2272,2024-07-05 22:56:16,cancelled,bank_transfer
3890,2346,2024-09-25 21:51:49,completed,bank_transfer
3891,1634,2023-06-03 03:26:44,completed,debit_card
3892,1120,2023-03-14 19:39:31,completed,credit_card
3893,266,2024-01-24 03:37:27,pending,gift_card
3894,1770,2024-07-29 03:19:31,completed,bank_transfer
3895,1354,2024-03-24 01:09:40,completed,bank_transfer
3896,763,2022-06-21 01:54:55,cancelled,debit_card
3897,2496,2023-10-24 07:40:15,completed,credit_card
3898,1981,2023-06-24 10:51:12,completed,paypal
3899,1823,2022-01-28 20:19:52,completed,gift_card
3900,1867,2022-03-22 02:32:26,cancelled,credit_card
3901,1337,2022-11-14 15:20:57,completed,debit_card
3902,462,2024-03-20 08:36:13,pending,gift_card
3903,988,2022-01-27 08:55:14,completed,paypal
3904,756,2024-09-01 11:00:39,cancelled,credit_card
3905,764,2023-05-01 22:02:28,cancelled,debit_card
3906,2430,2023-05-29 20:25:06,completed,debit_card
3907,892,2022-09-19 03:23:55,pending,paypal
3908,749,2022-02-24 06:10:55,completed,gift_card
3909,29,2023-11-11 05:54:07,completed,credit_card
3910,1006,2023-07-20 12:45:50,completed,debit_card
3911,764,2023-10-29 04:59:39,completed,paypal
3912,33,2022-11-06 18:09:56,completed,gift_card
3913,1932,2024-11-21 20:25:34,completed,paypal
3914,2233,2023-12-31 05:24:33,completed,paypal
3915,1954,2023-06-12 06:51:20,pending,paypal
3916,1744,2024-01-24 02:31:40,completed,debit_card
3917,1757,2024-05-21 13:14:43,completed,credit_card
3918,1966,2023-09-16 16:47:54,completed,bank_transfer
3919,1088,2023-07-24 13:45:28,completed,gift_card
3920,1191,2024-10-17 00:05:54,completed,gift_card
3921,2078,2024-08-05 23:13:04,completed,credit_card
3922,1626,2024-11-03 22:37:20,pending,bank_transfer
3923,243,2024-06-28 22:34:41,completed,paypal
3924,2378,2024-08-27 17:35:07,completed,gift_card
3925,451,2024-12-22 02:55:59,pending,bank_transfer
3926,816,2023-03-22 17:24:52,cancelled,bank_transfer
3927,547,2022-04-05 22:56:08,pending,paypal
3928,1170,2022-06-21 09:48:53,completed,credit_card
3929,250,2022-04-26 19:11:42,cancelled,gift_card
3930,305,2024-07-22 21:51:37,pending,gift_card
3931,747,2023-04-10 10:17:17,completed,gift_card
3932,2204,2023-08-14 00:35:19,completed,gift_card
3933,750,2023-12-08 23:45:19,completed,credit_card
3934,1328,2024-07-07 20:55:48,completed,credit_card
3935,276,2024-12-18 17:06:56,completed,credit_card
3936,214,2024-06-27 10:24:35,completed,debit_card
3937,2487,2023-07-04 00:39:32,completed,credit_card
3938,1158,2022-01-13 21:45:18,completed,credit_card
3939,2286,2024-04-28 07:49:24,completed,gift_card
3940,1259,2023-11-23 10:48:35,completed,credit_card
3941,742,2023-05-18 12:47:39,completed,paypal
3942,2100,2022-04-02 10:16:59,pending,paypal
3943,1442,2022-02-27 16:48:18,pending,gift_card
3944,463,2024-06-07 21:42:16,completed,gift_card
3945,2467,2024-02-01 16:51:04,returned,paypal
3946,463,2022-01-29 22:19:33,completed,credit_card
3947,605,2024-09-24 07:37:46,returned,paypal
3948,557,2024-08-10 01:21:07,completed,bank_transfer
3949,2193,2024-06-26 05:31:15,completed,gift_card
3950,2240,2024-12-24 18:21:53,completed,credit_card
3951,864,2024-09-19 04:46:19,completed,credit_card
3952,2054,2024-08-16 14:35:21,completed,credit_card
3953,1224,2022-04-25 09:22:15,completed,bank_transfer
3954,1520,2023-01-25 11:00:47,cancelled,bank_transfer
3955,282,2023-07-19 02:18:08,cancelled,gift_card
3956,1500,2022-11-03 09:30:14,cancelled,gift_card
3957,1282,2024-11-09 02:54:06,cancelled,bank_transfer
3958,639,2024-07-03 14:40:12,pending,bank_transfer
3959,2054,2024-07-05 03:45:04,completed,gift_card
3960,176,2023-04-20 16:38:35,completed,debit_card
3961,347,2023-06-16 18:33:35,completed,paypal
3962,1329,2023-08-15 19:00:42,returned,debit_card
3963,2404,2022-08-13 09:40:45,pending,paypal
3964,834,2024-01-25 07:03:19,completed,paypal
3965,413,2024-07-31 10:20:44,completed,credit_card
3966,816,2022-08-13 07:42:39,completed,paypal
3967,1418,2023-11-10 01:32:05,pending,debit_card
3968,1885,2024-07-04 02:12:48,pending,gift_card
3969,91,2024-10-10 14:15:03,completed,debit_card
3970,1793,2024-09-14 21:54:57,returned,gift_card
3971,1321,2022-04-01 02:45:58,completed,gift_card
3972,2431,2022-03-18 21:50:59,completed,paypal
3973,2284,2023-05-20 02:34:13,cancelled,credit_card
3974,351,2024-11-21 21:45:52,returned,gift_card
3975,122,2023-07-31 22:03:06,completed,bank_transfer
3976,1866,2023-08-20 08:48:46,returned,paypal
3977,2438,2023-02-24 06:55:17,cancelled,paypal
3978,847,2023-05-28 20:51:36,completed,bank_transfer
3979,916,2022-10-24 13:44:01,completed,credit_card
3980,1669,2023-09-19 23:24:25,returned,gift_card
3981,422,2024-01-01 17:39:28,completed,bank_transfer
3982,601,2024-11-01 05:20:39,completed,credit_card
3983,2271,2022-01-26 00:29:15,completed,credit_card
3984,1299,2023-01-16 04:11:37,completed,paypal
3985,1324,2023-11-21 16:37:12,returned,bank_transfer
3986,482,2023-09-22 04:51:19,completed,bank_transfer
3987,787,2024-08-18 07:46:23,pending,gift_card
3988,1001,2022-09-26 22:41:40,completed,debit_card
3989,2346,2024-03-02 07:59:45,returned,debit_card
3990,48,2022-02-22 08:52:24,cancelled,debit_card
3991,953,2022-07-18 08:59:50,returned,paypal
3992,1660,2023-04-25 00:57:07,pending,credit_card
3993,32,2023-12-27 10:44:07,pending,gift_card
3994,2370,2022-05-28 19:55:53,completed,paypal
3995,2155,2024-06-17 17:44:54,completed,credit_card
3996,329,2024-05-04 17:48:48,cancelled,debit_card
3997,58,2023-02-21 06:35:15,returned,debit_card
3998,443,2023-09-16 22:50:08,returned,credit_card
3999,2042,2023-02-25 02:00:58,cancelled,debit_card
4000,1730,2023-10-16 03:36:40,completed,bank_transfer
4001,800,2024-07-09 01:11:05,cancelled,credit_card
4002,1803,2024-12-12 15:46:13,completed,debit_card
4003,743,2022-11-19 08:41:08,completed,bank_transfer
4004,702,2024-09-20 12:46:01,completed,credit_card
4005,2194,2022-07-11 09:44:49,pending,bank_transfer
4006,1903,2023-01-24 04:13:20,completed,bank_transfer
4007,2459,2022-11-01 16:24:10,cancelled,debit_card
4008,490,2024-03-14 04:25:24,completed,paypal
4009,1923,2023-10-03 17:19:58,completed,bank_transfer
4010,526,2023-07-03 18:11:20,completed,bank_transfer
4011,2008,2023-06-09 02:24:50,cancelled,gift_card
4012,1279,2023-10-19 04:57:28,completed,debit_card
4013,1194,2024-07-18 08:05:17,returned,gift_card
4014,1822,2023-05-02 03:57:12,completed,debit_card
4015,872,2023-01-09 03:13:35,completed,paypal
4016,2160,2024-03-25 15:10:20,cancelled,bank_transfer
4017,752,2024-06-08 08:36:06,completed,paypal
4018,1951,2022-12-27 11:55:25,returned,gift_card
4019,2248,2023-01-29 18:15:29,completed,debit_card
4020,698,2022-08-19 13:40:16,completed,gift_card
4021,915,2024-03-31 20:09:34,returned,debit_card
4022,1603,2023-01-04 16:23:52,completed,bank_transfer
4023,2280,2023-06-17 14:19:22,completed,bank_transfer
4024,1855,2023-11-13 18:36:33,completed,bank_transfer
4025,2085,2024-12-11 12:16:22,completed,debit_card
4026,676,2024-10-01 01:15:28,cancelled,credit_card
4027,2476,2023-02-23 09:10:29,cancelled,bank_transfer
4028,2430,2023-02-16 03:41:12,completed,gift_card
4029,938,2023-02-07 17:01:12,completed,credit_card
4030,258,2023-06-16 23:19:05,completed,gift_card
4031,1413,2023-10-02 12:24:05,completed,credit_card
4032,1209,2024-08-10 15:06:00,pending,credit_card
4033,1885,2024-03-17 02:09:45,cancelled,gift_card
4034,1308,2024-02-08 14:48:05,returned,credit_card
4035,1125,2023-05-10 13:13:10,completed,credit_card
4036,501,2022-11-10 19:52:09,cancelled,paypal
4037,1396,2024-03-23 14:17:19,pending,bank_transfer
4038,523,2023-12-06 14:14:56,completed,credit_card
4039,482,2022-12-24 11:49:55,completed,debit_card
4040,442,2024-12-09 00:12:17,returned,debit_card
4041,226,2024-08-26 17:40:44,returned,bank_transfer
4042,297,2022-11-26 08:43:39,completed,bank_transfer
4043,657,2024-07-23 03:01:03,completed,bank_transfer
4044,1000,2023-06-23 19:58:47,completed,debit_card
4045,919,2024-05-08 01:49:51,completed,paypal
4046,828,2023-04-24 01:40:48,completed,gift_card
4047,468,2024-11-05 06:12:22,completed,paypal
4048,2277,2022-07-11 10:27:22,completed,paypal
4049,689,2023-09-09 18:03:02,completed,gift_card
4050,2074,2024-10-07 10:33:12,completed,gift_card
4051,902,2023-09-09 21:39:28,returned,debit_card
4052,2167,2024-05-10 03:14:29,completed,bank_transfer
4053,764,2023-11-12 03:49:48,pending,credit_card
4054,1124,2023-09-14 09:43:57,completed,paypal
4055,1040,2024-08-14 02:19:12,returned,debit_card
4056,1353,2023-06-30 19:10:58,pending,credit_card
4057,754,2024-11-03 08:05:25,pending,credit_card
4058,634,2022-11-17 07:34:00,completed,bank_transfer
4059,1818,2024-06-24 07:15:09,completed,bank_transfer
4060,677,2023-12-29 10:27:34,completed,gift_card
4061,540,2023-03-05 23:09:41,completed,debit_card
4062,52,2023-05-02 01:43:05,returned,paypal
4063,1232,2024-01-27 13:58:11,completed,paypal
4064,1176,2023-07-09 00:41:17,completed,gift_card
4065,519,2023-07-01 10:48:11,completed,debit_card
4066,215,2022-01-21 02:21:34,completed,debit_card
4067,1245,2024-07-04 04:53:28,cancelled,paypal
4068,1310,2024-01-28 15:44:44,completed,debit_card
4069,1476,2024-07-26 21:36:42,completed,bank_transfer
4070,317,2024-01-26 11:10:07,completed,gift_card
4071,234,2022-09-23 00:09:00,pending,paypal
4072,2140,2024-02-27 02:28:14,completed,bank_transfer
4073,729,2023-09-26 06:42:29,completed,paypal
4074,845,2023-08-01 02:11:51,returned,bank_transfer
4075,1661,2024-11-02 17:36:52,completed,gift_card
4076,1194,2024-09-20 16:05:20,completed,debit_card
4077,2139,2023-03-11 05:41:28,completed,debit_card
4078,1958,2023-07-04 08:48:08,completed,credit_card
4079,1521,2022-06-20 13:36:34,completed,paypal
4080,569,2022-06-26 20:56:23,completed,credit_card
4081,1234,2023-04-22 22:57:51,pending,paypal
4082,1204,2024-04-04 00:04:53,returned,paypal
4083,18,2023-04-04 04:56:34,completed,paypal
4084,678,2023-09-07 11:26:30,returned,gift_card
4085,1879,2023-11-30 21:08:09,pending,credit_card
4086,245,2024-12-23 02:49:10,completed,debit_card
4087,259,2024-01-18 23:25:28,completed,paypal
4088,618,2024-10-08 10:01:00,cancelled,bank_transfer
4089,2181,2022-01-30 01:55:23,cancelled,gift_card
4090,1831,2024-02-05 16:37:37,pending,bank_transfer
4091,2414,2024-10-09 07:19:25,pending,bank_transfer
4092,222,2022-03-11 11:39:32,completed,gift_card
4093,786,2024-02-02 12:16:48,completed,credit_card
4094,1777,2023-08-21 20:16:32,completed,gift_card
4095,197,2022-08-28 06:34:36,completed,credit_card
4096,397,2024-09-10 15:12:31,completed,bank_transfer
4097,126,2023-09-05 05:30:49,completed,bank_transfer
4098,2067,2024-02-08 00:27:57,cancelled,debit_card
4099,2133,2023-08-27 23:06:39,completed,gift_card
4100,574,2023-05-12 05:17:52,completed,paypal
4101,1733,2022-02-11 07:32:11,returned,paypal
4102,259,2022-10-12 22:19:53,returned,bank_transfer
4103,1850,2024-03-11 21:16:58,completed,debit_card
4104,1000,2024-10-07 07:02:09,completed,debit_card
4105,658,2024-08-30 09:40:35,completed,credit_card
4106,1544,2024-02-02 21:45:22,completed,gift_card
4107,2035,2023-02-15 23:50:07,cancelled,debit_card
4108,366,2024-01-27 06:24:17,completed,bank_transfer
4109,264,2023-05-01 01:13:37,completed,credit_card
4110,2372,2024-10-02 05:12:49,completed,paypal
4111,650,2023-03-29 17:59:21,completed,bank_transfer
4112,2044,2023-10-29 05:25:32,completed,debit_card
4113,2124,2024-06-18 21:17:43,completed,gift_card
4114,1829,2023-12-01 12:38:24,pending,debit_card
4115,1374,2022-11-12 04:55:23,returned,paypal
4116,1554,2023-08-17 00:50:45,completed,credit_card
4117,2225,2024-08-22 01:47:02,completed,bank_transfer
4118,67,2023-04-04 17:19:19,completed,credit_card
4119,1138,2024-09-10 18:30:29,pending,gift_card
4120,1424,2023-03-11 22:30:57,pending,bank_transfer
4121,2315,2024-09-24 14:21:42,completed,debit_card
4122,101,2023-05-20 09:39:37,pending,debit_card
4123,1151,2023-12-01 13:05:39,completed,gift_card
4124,1007,2024-02-11 02:09:13,returned,debit_card
4125,2213,2024-10-03 12:48:30,pending,paypal
4126,1800,2023-06-30 12:28:12,cancelled,bank_transfer
4127,2191,2024-07-24 18:16:46,completed,credit_card
4128,1410,2024-08-12 04:12:28,completed,credit_card
4129,153,2023-06-30 02:32:56,pending,credit_card
4130,1787,2023-08-31 13:08:19,completed,gift_card
4131,1676,2024-05-27 00:04:07,completed,bank_transfer
4132,821,2022-10-11 15:19:33,completed,credit_card
4133,2397,2022-02-01 22:15:56,completed,credit_card
4134,1946,2022-05-15 19:24:37,pending,gift_card
4135,1526,2023-11-06 22:55:40,returned,paypal
4136,2432,2024-11-11 08:03:15,completed,debit_card
4137,560,2024-03-24 16:58:26,completed,paypal
4138,403,2023-08-03 17:51:50,pending,debit_card
4139,1054,2023-08-23 11:12:37,cancelled,gift_card
4140,2159,2023-03-28 03:52:28,pending,gift_card
4141,110,2023-09-04 05:17:58,completed,debit_card
4142,93,2024-03-24 11:11:41,completed,debit_card
4143,241,2024-10-26 19:54:31,pending,credit_card
4144,714,2023-10-14 21:26:51,cancelled,paypal
4145,1758,2022-04-29 08:16:29,returned,paypal
4146,344,2024-03-22 04:20:07,completed,credit_card
4147,141,2022-01-27 23:52:30,completed,bank_transfer
4148,2073,2024-07-16 14:23:54,completed,gift_card
4149,1044,2024-07-07 16:07:51,completed,gift_card
4150,318,2024-02-29 10:45:50,pending,credit_card
4151,544,2024-04-28 02:45:13,completed,debit_card
4152,340,2022-01-11 08:20:57,returned,paypal
4153,1394,2023-03-07 20:54:10,completed,credit_card
4154,1954,2024-12-09 03:16:22,completed,gift_card
4155,2017,2024-12-15 23:10:26,pending,paypal
4156,872,2023-07-25 06:41:52,completed,credit_card
4157,1202,2024-07-22 05:07:15,cancelled,debit_card
4158,1911,2024-08-09 23:42:20,cancelled,credit_card
4159,1890,2024-02-05 08:53:10,pending,paypal
4160,895,2024-09-11 22:52:55,completed,debit_card
4161,1679,2023-12-29 17:47:34,returned,credit_card
4162,36,2022-01-11 14:25:09,completed,debit_card
4163,2406,2024-07-25 05:59:04,completed,paypal
4164,2056,2023-10-10 01:20:47,completed,bank_transfer
4165,685,2024-12-28 00:12:20,pending,credit_card
4166,1519,2022-06-05 03:46:07,completed,bank_transfer
4167,928,2024-06-04 14:24:27,pending,credit_card
4168,360,2024-09-17 11:10:30,completed,gift_card
4169,496,2024-02-14 01:05:03,completed,gift_card
4170,1426,2022-04-18 15:12:02,completed,debit_card
4171,108,2023-07-21 11:04:54,completed,gift_card
4172,557,2023-09-08 07:36:53,completed,debit_card
4173,472,2023-02-23 16:55:09,completed,bank_transfer
4174,264,2024-03-13 16:49:08,pending,debit_card
4175,1612,2024-05-31 22:38:18,completed,gift_card
4176,953,2024-05-09 12:07:02,cancelled,credit_card
4177,2280,2022-11-22 11:32:09,returned,debit_card
4178,381,2022-07-03 22:57:56,completed,bank_transfer
4179,2050,2023-12-07 13:33:59,pending,gift_card
4180,1799,2022-10-29 14:52:33,pending,credit_card
4181,1260,2024-01-23 22:43:35,completed,bank_transfer
4182,1215,2022-09-07 22:03:11,completed,debit_card
4183,1765,2024-01-10 22:05:10,returned,bank_transfer
4184,1415,2023-04-14 05:45:48,completed,bank_transfer
4185,1559,2024-11-03 13:25:07,completed,bank_transfer
4186,446,2024-05-11 17:56:39,completed,paypal
4187,1943,2023-07-12 16:27:35,cancelled,debit_card
4188,2379,2024-04-16 01:32:59,completed,debit_card
4189,1758,2022-03-16 07:03:01,completed,gift_card
4190,1084,2023-02-25 07:16:30,completed,credit_card
4191,2075,2022-11-03 14:06:39,cancelled,credit_card
4192,1636,2024-10-05 00:44:12,pending,debit_card
4193,2472,2023-06-19 13:57:22,pending,bank_transfer
4194,1695,2023-04-27 10:13:09,completed,gift_card
4195,1961,2024-03-27 10:41:16,pending,paypal
4196,1074,2023-05-24 12:30:42,returned,paypal
4197,829,2024-08-20 01:27:26,completed,debit_card
4198,2310,2024-10-05 11:08:12,cancelled,bank_transfer
4199,1637,2024-08-16 02:19:50,pending,debit_card
4200,931,2024-07-26 12:09:51,returned,credit_card
4201,491,2024-12-04 18:46:52,completed,bank_transfer
4202,354,2024-01-28 20:52:21,completed,paypal
4203,1843,2023-08-18 22:19:26,completed,paypal
4204,1328,2024-11-25 10:12:21,completed,credit_card
4205,1369,2023-09-20 21:05:08,pending,gift_card
4206,1959,2023-08-02 23:55:31,pending,debit_card
4207,2417,2023-12-06 08:52:42,completed,bank_transfer
4208,1827,2022-03-10 18:17:27,cancelled,bank_transfer
4209,2156,2022-10-23 15:35:02,completed,bank_transfer
4210,1853,2023-06-14 19:05:38,completed,gift_card
4211,898,2023-02-21 22:49:36,returned,gift_card
4212,2407,2022-06-01 03:51:03,pending,debit_card
4213,2160,2024-07-04 03:05:23,pending,credit_card
4214,528,2024-03-03 22:44:01,completed,bank_transfer
4215,2070,2023-01-26 23:26:46,cancelled,debit_card
4216,687,2024-09-10 01:07:50,completed,bank_transfer
4217,1650,2023-12-22 15:47:17,returned,gift_card
4218,357,2024-07-14 07:02:38,completed,paypal
4219,127,2023-08-22 05:50:12,completed,debit_card
4220,523,2023-12-25 17:48:42,cancelled,debit_card
4221,955,2024-02-03 00:27:00,returned,paypal
4222,585,2023-07-28 07:55:33,completed,credit_card
4223,887,2024-10-30 16:10:27,pending,debit_card
4224,2004,2022-07-30 08:25:08,cancelled,debit_card
4225,12,2023-12-13 09:47:21,completed,paypal
4226,1134,2024-10-23 05:07:36,cancelled,debit_card
4227,1733,2024-01-30 07:50:55,completed,paypal
4228,935,2022-11-10 15:20:15,completed,paypal
4229,810,2023-03-01 12:32:49,completed,credit_card
4230,213,2024-07-04 15:45:41,completed,credit_card
4231,1409,2024-05-10 13:16:42,cancelled,bank_transfer
4232,1904,2022-08-07 23:57:01,completed,paypal
4233,2280,2024-01-02 12:33:21,completed,debit_card
4234,967,2022-11-24 18:25:54,pending,bank_transfer
4235,267,2024-06-25 18:33:27,completed,bank_transfer
4236,1025,2022-02-09 03:47:15,pending,debit_card
4237,468,2023-09-06 11:39:10,completed,bank_transfer
4238,1683,2022-08-03 17:32:39,completed,debit_card
4239,1402,2024-08-12 09:17:56,completed,debit_card
4240,635,2023-10-19 20:57:08,completed,gift_card
4241,2033,2024-09-19 00:38:03,completed,debit_card
4242,1134,2024-04-10 12:49:57,cancelled,gift_card
4243,805,2024-12-03 11:48:57,completed,gift_card
4244,885,2023-11-21 18:43:17,returned,paypal
4245,332,2023-08-04 10:58:16,completed,debit_card
4246,2089,2022-08-19 09:17:47,pending,paypal
4247,2221,2022-11-05 17:33:46,completed,gift_card
4248,2405,2022-05-01 00:24:58,completed,credit_card
4249,881,2024-12-05 07:50:57,cancelled,credit_card
4250,628,2022-12-31 11:32:16,completed,credit_card
4251,1347,2023-05-08 14:46:54,completed,bank_transfer
4252,2195,2022-12-06 05:49:11,pending,bank_transfer
4253,851,2022-01-22 01:51:53,cancelled,paypal
4254,2436,2024-08-19 19:57:57,returned,gift_card
4255,1338,2024-10-04 08:43:26,pending,paypal
4256,1665,2022-07-15 02:18:51,completed,paypal
4257,2227,2024-07-07 17:12:01,completed,bank_transfer
4258,1724,2024-01-22 19:07:56,completed,paypal
4259,2315,2024-02-19 15:49:13,completed,paypal
4260,293,2024-06-24 12:33:20,cancelled,gift_card
4261,904,2022-06-29 03:27:49,returned,paypal
4262,2174,2022-12-28 10:07:59,completed,bank_transfer
4263,106,2022-08-04 13:08:06,pending,credit_card
4264,1720,2024-09-11 08:54:23,completed,debit_card
4265,1020,2024-01-03 21:25:47,returned,paypal
4266,1610,2024-05-07 10:17:03,completed,bank_transfer
4267,2070,2024-05-26 01:42:36,cancelled,credit_card
4268,1610,2022-03-10 08:58:17,completed,gift_card
4269,710,2024-12-09 22:44:58,completed,bank_transfer
4270,1045,2024-01-23 09:01:15,returned,bank_transfer
4271,2069,2024-09-02 19:28:20,cancelled,credit_card
4272,1814,2024-11-15 10:45:46,completed,gift_card
4273,1405,2024-03-29 11:07:12,returned,gift_card
4274,2051,2023-10-22 22:49:31,completed,credit_card
4275,701,2024-03-20 04:02:23,pending,gift_card
4276,469,2024-11-23 00:02:30,completed,paypal
4277,2350,2022-10-13 05:24:59,returned,bank_transfer
4278,1097,2023-05-04 01:29:09,completed,paypal
4279,180,2023-07-28 14:35:59,completed,bank_transfer
4280,89,2024-05-19 11:28:47,completed,bank_transfer
4281,543,2024-10-29 20:03:48,completed,bank_transfer
4282,308,2023-01-17 14:00:10,returned,debit_card
4283,597,2023-09-09 18:52:36,completed,bank_transfer
4284,1786,2024-08-19 02:37:18,completed,paypal
4285,606,2023-04-13 05:18:02,cancelled,credit_card
4286,1551,2022-08-21 09:03:10,completed,bank_transfer
4287,1779,2024-09-18 20:21:17,returned,gift_card
4288,85,2024-07-01 08:27:48,returned,paypal
4289,1370,2022-08-23 10:34:08,completed,gift_card
4290,1153,2022-10-13 21:38:57,completed,debit_card
4291,717,2022-06-20 13:05:27,returned,paypal
4292,753,2022-02-18 22:23:21,completed,credit_card
4293,277,2024-06-07 23:19:58,completed,bank_transfer
4294,883,2023-12-15 01:08:23,returned,credit_card
4295,504,2023-10-23 09:06:50,completed,bank_transfer
4296,916,2024-08-08 21:07:04,cancelled,bank_transfer
4297,408,2024-05-05 03:43:32,completed,paypal
4298,816,2023-10-17 20:34:02,completed,paypal
4299,574,2022-06-27 20:09:44,completed,gift_card
4300,570,2024-05-29 20:09:32,pending,gift_card
4301,1934,2024-01-16 01:23:00,cancelled,gift_card
4302,2278,2024-11-14 02:07:42,completed,bank_transfer
4303,266,2024-06-27 07:05:00,completed,paypal
4304,261,2023-01-15 22:56:40,completed,paypal
4305,1489,2023-12-01 06:35:16,completed,debit_card
4306,13,2022-10-12 20:45:20,cancelled,debit_card
4307,379,2024-05-07 23:02:43,pending,bank_transfer
4308,2400,2024-04-30 23:16:23,completed,gift_card
4309,38,2024-06-08 07:38:17,completed,bank_transfer
4310,1328,2024-11-24 21:32:59,returned,credit_card
4311,2490,2022-07-11 03:42:14,completed,credit_card
4312,1562,2022-11-02 08:03:03,completed,credit_card
4313,2245,2023-04-17 02:25:41,completed,debit_card
4314,616,2022-08-19 21:40:24,pending,credit_card
4315,1691,2022-01-08 07:09:22,completed,credit_card
4316,465,2024-07-07 11:16:04,completed,debit_card
4317,2019,2023-12-06 03:07:17,completed,debit_card
4318,673,2023-05-21 06:47:51,completed,bank_transfer
4319,2492,2022-03-21 09:00:55,returned,gift_card
4320,329,2023-09-25 09:40:54,completed,bank_transfer
4321,86,2023-05-30 17:17:00,completed,debit_card
4322,791,2024-01-01 10:22:50,pending,credit_card
4323,365,2024-05-08 05:27:03,returned,debit_card
4324,710,2023-12-20 04:53:57,cancelled,gift_card
4325,2102,2023-11-28 18:50:16,completed,credit_card
4326,1846,2023-08-01 21:39:18,returned,paypal
4327,595,2024-08-17 18:39:49,returned,bank_transfer
4328,1247,2023-09-12 05:11:19,completed,debit_card
4329,1993,2022-07-29 05:16:46,returned,gift_card
4330,304,2023-02-07 15:55:26,pending,credit_card
4331,2280,2022-03-04 10:42:52,completed,gift_card
4332,1751,2024-09-14 22:44:02,completed,debit_card
4333,2500,2024-03-14 10:56:03,pending,credit_card
4334,1002,2023-05-06 20:42:01,completed,paypal
4335,2378,2024-01-28 07:39:38,completed,bank_transfer
4336,998,2024-12-16 14:17:38,completed,gift_card
4337,482,2024-10-22 00:01:16,completed,paypal
4338,840,2024-05-22 19:08:11,completed,credit_card
4339,1488,2024-02-28 18:19:18,cancelled,gift_card
4340,779,2024-12-27 13:12:44,returned,gift_card
4341,1595,2024-02-10 21:28:13,completed,credit_card
4342,1190,2024-05-24 08:26:58,completed,debit_card
4343,350,2024-05-07 14:55:06,completed,credit_card
4344,1775,2024-11-02 17:44:49,pending,bank_transfer
4345,1092,2024-09-13 04:42:57,returned,credit_card
4346,514,2023-07-20 04:41:16,completed,debit_card
4347,246,2024-10-06 17:10:14,completed,gift_card
4348,714,2023-06-04 15:26:29,completed,bank_transfer
4349,1507,2024-04-19 01:24:38,completed,paypal
4350,2138,2024-10-03 14:19:16,completed,bank_transfer
4351,1542,2024-10-05 08:54:33,completed,gift_card
4352,1219,2022-09-09 22:17:43,completed,credit_card
4353,2357,2023-06-14 05:17:59,pending,credit_card
4354,146,2022-04-21 20:46:38,completed,gift_card
4355,2160,2023-04-20 15:36:42,returned,gift_card
4356,2481,2023-04-16 18:25:03,completed,credit_card
4357,2497,2024-05-11 04:10:56,completed,debit_card
4358,1678,2023-09-10 00:19:56,cancelled,bank_transfer
4359,133,2022-08-08 03:17:04,completed,debit_card
4360,2391,2022-04-23 02:12:30,pending,gift_card
4361,2014,2024-07-04 03:00:48,returned,gift_card
4362,1040,2024-12-06 22:40:32,completed,gift_card
4363,78,2023-07-22 04:19:04,completed,bank_transfer
4364,1819,2024-03-01 14:19:26,completed,credit_card
4365,1148,2024-06-18 02:55:43,completed,gift_card
4366,1021,2022-06-11 02:07:05,cancelled,credit_card
4367,319,2024-02-09 07:17:26,completed,bank_transfer
4368,685,2024-04-28 23:33:31,completed,gift_card
4369,30,2024-11-09 12:04:59,completed,gift_card
4370,212,2024-01-28 19:30:33,completed,gift_card
4371,981,2024-08-16 06:15:46,returned,paypal
4372,2247,2022-05-01 02:11:53,pending,gift_card
4373,259,2022-12-12 05:16:18,pending,credit_card
4374,931,2024-04-17 20:46:00,returned,credit_card
4375,744,2022-08-06 11:04:58,pending,credit_card
4376,502,2023-02-01 09:40:47,completed,credit_card
4377,100,2023-09-03 10:34:36,cancelled,gift_card
4378,1702,2024-11-28 18:13:08,completed,bank_transfer
4379,1485,2024-06-04 08:00:43,completed,debit_card
4380,1329,2023-01-23 00:22:45,pending,bank_transfer
4381,1207,2023-04-04 12:51:02,completed,debit_card
4382,1891,2022-11-21 21:39:56,completed,gift_card
4383,897,2023-08-02 04:11:31,completed,paypal
4384,1223,2024-08-01 15:30:46,completed,bank_transfer
4385,354,2023-01-10 06:07:43,completed,bank_transfer
4386,133,2023-10-11 15:16:24,returned,credit_card
4387,1043,2023-06-11 13:51:46,pending,bank_transfer
4388,1815,2022-04-15 22:24:21,returned,credit_card
4389,578,2024-11-25 11:14:15,completed,credit_card
4390,1817,2024-01-02 01:23:26,pending,credit_card
4391,61,2024-05-30 00:51:23,cancelled,gift_card
4392,2093,2022-11-08 07:49:25,cancelled,credit_card
4393,2441,2022-02-25 15:52:06,completed,gift_card
4394,1920,2024-03-22 21:26:14,completed,gift_card
4395,1677,2024-12-01 20:05:00,pending,gift_card
4396,1317,2023-09-08 04:28:14,completed,gift_card
4397,2465,2024-05-11 21:19:51,pending,gift_card
4398,488,2023-07-17 00:25:46,completed,credit_card
4399,12,2023-05-04 02:33:22,completed,credit_card
4400,2080,2023-09-19 22:17:53,completed,bank_transfer
4401,1187,2023-10-31 05:32:16,completed,credit_card
4402,456,2024-12-27 14:11:56,cancelled,debit_card
4403,2159,2023-12-28 10:46:43,returned,gift_card
4404,102,2024-07-14 18:32:55,completed,paypal
4405,2487,2024-09-17 22:59:40,completed,credit_card
4406,477,2022-06-04 15:32:17,pending,credit_card
4407,2093,2024-02-05 08:21:13,pending,debit_card
4408,790,2024-07-03 18:24:40,returned,debit_card
4409,1224,2024-11-20 16:57:04,completed,bank_transfer
4410,406,2024-01-13 09:15:14,completed,bank_transfer
4411,1614,2024-02-03 03:49:37,completed,gift_card
4412,2244,2024-12-31 12:57:57,completed,bank_transfer
4413,2465,2023-10-31 07:34:30,pending,debit_card
4414,437,2023-12-30 08:40:22,completed,credit_card
4415,2079,2023-05-08 15:01:21,pending,bank_transfer
4416,2212,2024-09-01 17:43:05,returned,paypal
4417,529,2024-12-17 16:09:09,returned,gift_card
4418,706,2024-12-29 01:40:12,returned,debit_card
4419,2343,2024-06-05 20:03:02,completed,debit_card
4420,1041,2022-02-12 14:03:52,completed,debit_card
4421,2358,2022-05-22 12:09:51,completed,paypal
4422,663,2023-11-05 00:26:34,completed,paypal
4423,250,2023-06-27 03:23:51,returned,debit_card
4424,1097,2023-11-03 11:12:13,completed,gift_card
4425,361,2022-08-09 23:24:28,returned,credit_card
4426,1878,2022-12-19 22:08:27,completed,paypal
4427,2282,2024-09-19 15:12:45,cancelled,debit_card
4428,267,2024-10-14 01:45:17,cancelled,paypal
4429,605,2024-04-20 16:31:50,completed,gift_card
4430,699,2023-09-03 07:09:06,completed,paypal
4431,758,2022-12-13 18:12:15,cancelled,bank_transfer
4432,1571,2023-06-29 23:13:44,returned,paypal
4433,2290,2023-05-12 18:03:55,completed,bank_transfer
4434,101,2022-01-07 18:26:19,pending,gift_card
4435,449,2024-03-18 20:31:31,completed,credit_card
4436,1636,2024-06-08 12:09:31,completed,gift_card
4437,1281,2022-06-12 08:39:20,cancelled,credit_card
4438,2454,2023-09-26 22:44:49,completed,credit_card
4439,1212,2022-10-02 12:02:07,returned,gift_card
4440,2443,2023-11-06 02:26:53,cancelled,bank_transfer
4441,2148,2024-06-22 15:21:55,returned,bank_transfer
4442,246,2024-01-26 18:21:58,cancelled,gift_card
4443,673,2024-02-06 02:19:07,completed,debit_card
4444,959,2024-07-20 05:05:07,returned,bank_transfer
4445,236,2023-08-14 05:04:09,pending,gift_card
4446,124,2024-01-30 00:37:52,cancelled,debit_card
4447,2165,2024-06-26 22:46:06,cancelled,credit_card
4448,333,2024-07-20 13:08:18,returned,credit_card
4449,97,2022-10-17 10:08:23,completed,paypal
4450,1264,2024-03-16 13:13:59,completed,gift_card
4451,934,2023-10-27 11:32:18,cancelled,credit_card
4452,216,2024-11-23 15:42:38,completed,credit_card
4453,2073,2024-09-26 01:36:09,completed,bank_transfer
4454,2007,2023-02-02 18:47:56,pending,paypal
4455,1663,2022-01-12 09:08:56,completed,paypal
4456,2389,2023-12-18 05:20:01,completed,debit_card
4457,460,2024-11-09 23:25:21,pending,bank_transfer
4458,1225,2024-07-03 18:24:36,cancelled,bank_transfer
4459,915,2024-07-28 02:55:53,returned,bank_transfer
4460,1566,2024-02-26 05:26:28,completed,debit_card
4461,1326,2023-08-30 18:34:24,pending,debit_card
4462,461,2024-04-25 19:29:48,completed,paypal
4463,1915,2022-12-31 23:53:20,completed,bank_transfer
4464,1225,2024-04-10 00:18:37,completed,gift_card
4465,396,2023-05-17 13:48:46,cancelled,gift_card
4466,1289,2024-08-07 00:15:37,completed,credit_card
4467,70,2022-01-24 06:05:39,returned,credit_card
4468,225,2024-08-15 18:41:04,completed,debit_card
4469,55,2022-09-25 04:26:35,pending,credit_card
4470,606,2024-10-27 22:35:19,completed,paypal
4471,1981,2022-10-20 17:01:48,completed,paypal
4472,2239,2023-11-28 12:27:59,completed,gift_card
4473,708,2024-12-29 07:38:36,completed,paypal
4474,2277,2024-05-27 00:45:01,cancelled,paypal
4475,97,2022-09-22 17:57:47,completed,gift_card
4476,1161,2023-12-07 08:23:45,completed,gift_card
4477,862,2022-10-29 07:50:31,returned,debit_card
4478,640,2024-07-13 21:34:25,pending,paypal
4479,2068,2024-01-26 00:18:03,returned,bank_transfer
4480,129,2023-04-20 14:32:17,completed,bank_transfer
4481,1846,2022-09-28 18:17:20,completed,gift_card
4482,641,2023-12-26 02:53:15,returned,paypal
4483,333,2024-08-19 21:20:44,completed,paypal
4484,223,2023-09-25 21:01:38,pending,bank_transfer
4485,1759,2024-09-23 01:00:42,pending,debit_card
4486,514,2023-01-03 13:58:37,pending,debit_card
4487,1633,2022-08-23 18:27:59,returned,debit_card
4488,583,2023-09-03 06:34:33,completed,paypal
4489,1297,2023-03-05 01:11:25,completed,debit_card
4490,2338,2022-09-13 18:37:37,completed,debit_card
4491,2081,2023-08-26 04:36:01,pending,bank_transfer
4492,1462,2024-05-01 06:36:13,completed,paypal
4493,528,2024-10-28 22:01:36,completed,gift_card
4494,231,2024-08-25 21:20:31,pending,debit_card
4495,1893,2022-07-20 11:34:46,completed,credit_card
4496,1139,2024-11-11 03:48:35,cancelled,gift_card
4497,1714,2024-07-19 08:06:35,completed,gift_card
4498,335,2024-12-10 15:28:39,cancelled,debit_card
4499,429,2024-02-04 16:32:17,returned,gift_card
4500,1127,2022-10-09 19:55:20,completed,credit_card
4501,736,2022-11-03 04:20:35,completed,paypal
4502,996,2023-07-31 17:59:42,completed,bank_transfer
4503,408,2024-07-20 09:19:32,cancelled,credit_card
4504,2059,2023-06-21 20:37:17,pending,debit_card
4505,979,2024-10-09 00:30:09,completed,gift_card
4506,1790,2022-12-09 15:03:29,completed,paypal
4507,2313,2024-06-23 17:04:45,cancelled,bank_transfer
4508,1678,2023-08-22 02:09:32,cancelled,debit_card
4509,107,2022-05-11 22:33:55,cancelled,credit_card
4510,358,2023-08-13 09:39:18,cancelled,credit_card
4511,756,2024-04-22 17:07:52,completed,paypal
4512,2230,2024-05-02 12:39:33,cancelled,paypal
4513,411,2024-07-31 03:17:22,pending,bank_transfer
4514,174,2023-09-18 07:41:13,pending,gift_card
4515,462,2022-01-22 02:51:44,completed,bank_transfer
4516,1260,2024-07-18 03:32:12,completed,gift_card
4517,2412,2024-02-05 22:14:38,returned,credit_card
4518,760,2023-12-16 10:11:08,returned,gift_card
4519,1718,2024-10-11 11:16:43,completed,credit_card
4520,682,2023-09-02 01:47:23,pending,bank_transfer
4521,1188,2022-08-29 13:45:36,completed,gift_card
4522,1964,2024-04-19 23:22:37,returned,gift_card
4523,1093,2023-03-22 14:10:54,completed,bank_transfer
4524,869,2024-10-03 00:18:36,completed,bank_transfer
4525,897,2022-11-19 03:46:32,pending,debit_card
4526,1850,2022-03-14 18:30:51,returned,debit_card
4527,752,2024-01-30 11:11:10,completed,paypal
4528,2206,2024-01-28 00:09:18,returned,debit_card
4529,1785,2023-11-29 15:17:55,cancelled,debit_card
4530,190,2024-09-24 21:42:29,completed,gift_card
4531,128,2024-12-31 15:09:50,returned,debit_card
4532,511,2022-09-05 20:10:19,returned,paypal
4533,1538,2022-05-24 07:26:04,completed,bank_transfer
4534,1160,2022-12-20 06:22:38,completed,gift_card
4535,1608,2022-06-13 20:17:43,completed,paypal
4536,426,2022-05-31 18:37:09,completed,credit_card
4537,679,2023-04-26 09:25:16,returned,gift_card
4538,2403,2023-05-02 06:28:17,completed,debit_card
4539,26,2023-11-16 02:50:51,pending,credit_card
4540,443,2022-10-04 10:28:39,pending,gift_card
4541,2207,2022-04-13 18:11:05,completed,gift_card
4542,27,2023-02-01 04:16:42,pending,debit_card
4543,175,2024-03-29 11:08:58,completed,bank_transfer
4544,880,2022-08-31 10:16:57,completed,paypal
4545,124,2024-05-26 15:55:53,completed,debit_card
4546,195,2023-07-22 13:07:12,completed,debit_card
4547,1814,2022-10-30 04:43:21,pending,paypal
4548,866,2022-07-11 15:36:26,completed,debit_card
4549,2440,2022-10-28 18:23:51,completed,debit_card
4550,601,2024-11-23 19:16:41,completed,debit_card
4551,2450,2024-05-12 15:55:32,completed,credit_card
4552,1341,2023-04-17 21:46:20,pending,debit_card
4553,1498,2024-01-19 04:00:03,completed,gift_card
4554,673,2024-02-10 22:22:55,cancelled,bank_transfer
4555,29,2023-04-11 12:43:04,completed,gift_card
4556,1069,2023-08-09 17:25:26,pending,gift_card
4557,797,2024-11-11 01:07:52,completed,credit_card
4558,1896,2022-08-13 17:15:26,completed,bank_transfer
4559,99,2022-11-23 23:02:47,completed,credit_card
4560,733,2024-09-13 10:52:01,completed,credit_card
4561,1166,2023-07-10 23:32:08,completed,bank_transfer
4562,1532,2024-01-28 18:50:07,cancelled,bank_transfer
4563,2005,2024-07-18 18:43:49,completed,gift_card
4564,1738,2023-02-13 13:24:41,completed,gift_card
4565,2121,2022-10-11 11:38:59,completed,gift_card
4566,151,2024-08-17 01:38:47,pending,gift_card
4567,159,2023-11-26 18:24:38,completed,bank_transfer
4568,450,2023-10-19 19:28:48,cancelled,paypal
4569,741,2024-04-19 11:33:42,pending,debit_card
4570,542,2022-12-28 12:42:38,pending,paypal
4571,1119,2024-09-08 04:46:27,completed,gift_card
4572,908,2023-03-31 21:08:40,completed,bank_transfer
4573,2047,2023-09-26 05:54:53,completed,paypal
4574,152,2024-10-22 07:20:25,completed,paypal
4575,482,2024-02-01 22:03:07,completed,bank_transfer
4576,1546,2024-05-04 16:03:31,completed,gift_card
4577,277,2022-05-22 23:36:48,completed,credit_card
4578,2455,2022-08-19 03:55:12,pending,debit_card
4579,1264,2024-12-31 13:59:29,completed,paypal
4580,2312,2022-05-29 03:23:30,pending,paypal
4581,1432,2023-09-15 22:27:04,returned,debit_card
4582,2160,2024-05-10 16:29:13,completed,paypal
4583,263,2023-11-03 02:31:26,completed,bank_transfer
4584,2452,2024-12-05 04:44:15,completed,gift_card
4585,1053,2022-10-19 22:38:54,cancelled,credit_card
4586,1103,2023-06-12 10:07:33,completed,debit_card
4587,229,2024-01-03 12:17:38,completed,bank_transfer
4588,629,2023-06-04 11:09:13,returned,paypal
4589,816,2023-02-08 05:06:36,completed,debit_card
4590,885,2023-05-14 05:32:13,pending,credit_card
4591,1537,2023-09-23 14:24:27,cancelled,debit_card
4592,2270,2023-09-12 17:42:17,cancelled,credit_card
4593,807,2022-01-19 01:55:42,pending,paypal
4594,327,2023-03-08 16:50:13,cancelled,paypal
4595,837,2023-03-16 06:52:09,pending,gift_card
4596,1001,2023-11-08 04:55:37,pending,credit_card
4597,1713,2023-10-02 09:53:00,completed,credit_card
4598,406,2024-02-10 19:43:00,completed,credit_card
4599,994,2023-08-27 23:46:17,cancelled,paypal
4600,1973,2024-05-31 03:08:48,completed,bank_transfer
4601,618,2024-12-17 00:58:21,returned,credit_card
4602,1341,2022-03-25 23:05:24,returned,paypal
4603,1930,2024-05-11 08:18:20,cancelled,paypal
4604,1032,2022-07-30 09:13:25,completed,bank_transfer
4605,2345,2024-05-12 18:15:57,cancelled,gift_card
4606,2474,2023-12-05 10:15:55,returned,bank_transfer
4607,333,2024-12-30 06:18:19,completed,bank_transfer
4608,57,2022-07-24 06:32:03,completed,bank_transfer
4609,817,2023-06-01 06:10:41,returned,gift_card
4610,630,2024-09-30 11:05:58,completed,paypal
4611,2490,2024-11-14 01:32:11,completed,bank_transfer
4612,1578,2023-02-24 20:47:36,completed,debit_card
4613,2334,2023-06-07 01:33:08,cancelled,credit_card
4614,613,2023-01-20 19:45:42,returned,bank_transfer
4615,920,2023-06-18 13:27:48,pending,gift_card
4616,1204,2024-07-26 13:07:55,completed,bank_transfer
4617,1258,2024-03-30 10:56:46,completed,bank_transfer
4618,1554,2023-05-19 10:06:55,pending,paypal
4619,1864,2022-01-19 09:51:17,pending,paypal
4620,1026,2022-08-08 23:39:10,pending,gift_card
4621,1984,2024-06-14 22:07:01,returned,credit_card
4622,2062,2024-08-28 17:35:20,returned,gift_card
4623,2015,2024-07-18 12:24:58,pending,paypal
4624,1781,2022-11-03 10:36:03,completed,debit_card
4625,33,2022-08-28 20:16:05,returned,debit_card
4626,1406,2024-05-23 21:11:25,completed,bank_transfer
4627,1429,2024-06-20 00:34:49,returned,debit_card
4628,1343,2023-10-21 10:02:25,cancelled,debit_card
4629,926,2024-06-18 11:07:49,pending,gift_card
4630,1108,2024-12-13 21:10:52,completed,gift_card
4631,121,2024-03-26 09:05:27,cancelled,paypal
4632,1658,2023-06-14 17:03:01,pending,gift_card
4633,930,2024-03-05 04:04:31,returned,paypal
4634,555,2024-08-17 10:49:03,pending,debit_card
4635,533,2023-09-14 16:41:18,completed,debit_card
4636,1709,2022-02-10 11:36:21,cancelled,bank_transfer
4637,1907,2024-07-18 21:56:09,completed,bank_transfer
4638,1568,2023-06-03 06:16:22,completed,gift_card
4639,2463,2024-08-03 00:08:06,completed,credit_card
4640,235,2023-01-18 17:00:41,completed,debit_card
4641,442,2023-04-16 06:19:13,returned,debit_card
4642,2132,2024-04-30 14:58:10,completed,gift_card
4643,1552,2023-12-22 20:06:22,pending,gift_card
4644,645,2022-04-21 12:29:20,completed,bank_transfer
4645,943,2022-10-22 18:06:37,completed,gift_card
4646,2224,2024-04-03 00:12:46,cancelled,debit_card
4647,1164,2024-04-16 03:50:22,returned,debit_card
4648,1614,2024-11-06 09:21:08,completed,credit_card
4649,1831,2023-02-24 20:37:12,returned,gift_card
4650,2223,2022-06-24 06:03:42,completed,credit_card
4651,1103,2024-11-07 08:37:40,completed,debit_card
4652,1173,2022-04-05 23:57:00,completed,debit_card
4653,1199,2024-04-23 13:14:06,completed,debit_card
4654,956,2024-07-23 10:54:19,cancelled,bank_transfer
4655,1077,2024-05-10 19:12:55,completed,bank_transfer
4656,2078,2022-12-20 11:24:29,returned,bank_transfer
4657,132,2024-02-10 19:00:39,cancelled,debit_card
4658,443,2022-05-18 03:55:41,pending,gift_card
4659,2384,2024-09-06 16:35:03,completed,bank_transfer
4660,273,2022-11-26 03:39:17,returned,bank_transfer
4661,2426,2023-08-17 09:54:34,completed,paypal
4662,57,2024-09-07 01:24:02,completed,bank_transfer
4663,345,2024-03-31 07:46:27,completed,debit_card
4664,634,2023-09-22 01:12:24,completed,gift_card
4665,1324,2024-07-16 19:59:10,returned,gift_card
4666,275,2024-05-17 21:50:56,completed,gift_card
4667,1176,2022-03-28 00:26:32,completed,bank_transfer
4668,767,2023-04-20 09:29:37,completed,paypal
4669,2016,2024-08-16 18:50:26,returned,gift_card
4670,946,2023-08-09 00:17:17,returned,paypal
4671,712,2023-01-17 08:50:12,pending,credit_card
4672,789,2023-06-21 12:51:00,completed,gift_card
4673,373,2024-05-04 04:13:21,cancelled,gift_card
4674,597,2024-09-26 07:02:39,pending,credit_card
4675,1302,2023-11-10 10:57:59,returned,gift_card
4676,265,2024-02-19 00:24:52,completed,gift_card
4677,156,2022-06-06 10:07:01,completed,gift_card
4678,1362,2024-10-16 01:03:11,completed,paypal
4679,1523,2024-05-19 14:58:30,cancelled,bank_transfer
4680,884,2023-05-27 17:55:01,pending,credit_card
4681,1043,2024-05-05 23:12:02,completed,bank_transfer
4682,780,2023-07-27 15:33:20,cancelled,credit_card
4683,156,2022-03-21 15:45:34,cancelled,debit_card
4684,2419,2024-10-22 02:56:28,completed,bank_transfer
4685,519,2022-05-10 06:14:23,pending,credit_card
4686,1760,2023-02-15 23:53:13,completed,debit_card
4687,630,2022-11-30 16:22:33,cancelled,debit_card
4688,1561,2024-07-10 01:13:25,completed,gift_card
4689,258,2023-07-29 10:33:51,completed,gift_card
4690,2090,2023-11-24 00:25:49,completed,credit_card
4691,2454,2022-05-15 11:34:27,pending,debit_card
4692,655,2023-03-08 00:09:21,completed,debit_card
4693,1526,2024-11-09 17:56:53,completed,debit_card
4694,1023,2022-12-16 12:59:12,completed,gift_card
4695,115,2022-06-01 18:39:01,returned,gift_card
4696,2115,2024-01-09 08:07:52,completed,paypal
4697,101,2023-06-03 01:55:48,cancelled,credit_card
4698,1926,2023-10-03 18:08:53,completed,bank_transfer
4699,948,2024-05-11 00:40:17,completed,bank_transfer
4700,1438,2024-10-31 11:14:28,pending,gift_card
4701,2008,2023-04-09 12:00:36,cancelled,bank_transfer
4702,2384,2023-12-09 14:19:50,pending,gift_card
4703,2349,2022-10-10 12:26:07,pending,gift_card
4704,1360,2024-06-22 04:54:07,completed,debit_card
4705,347,2022-09-04 21:54:58,returned,credit_card
4706,1864,2024-08-11 10:26:16,pending,bank_transfer
4707,715,2024-09-28 08:35:32,completed,bank_transfer
4708,1135,2023-08-09 21:54:22,completed,bank_transfer
4709,2106,2024-06-06 20:57:13,completed,paypal
4710,1810,2024-12-01 21:37:56,completed,gift_card
4711,1440,2024-02-08 06:10:54,pending,gift_card
4712,2051,2024-04-28 19:29:46,completed,debit_card
4713,1779,2024-12-22 10:49:40,completed,gift_card
4714,1019,2023-02-08 11:08:26,completed,credit_card
4715,2223,2023-08-28 16:29:03,completed,gift_card
4716,1030,2024-12-30 17:42:54,returned,gift_card
4717,1922,2023-03-14 02:53:39,completed,paypal
4718,483,2024-03-03 07:42:42,returned,debit_card
4719,305,2024-07-01 00:09:39,returned,bank_transfer
4720,2488,2024-11-16 18:35:40,completed,paypal
4721,966,2024-03-11 19:05:18,returned,bank_transfer
4722,2044,2024-07-18 19:20:22,returned,gift_card
4723,868,2024-01-31 16:59:39,completed,paypal
4724,412,2024-01-19 23:05:54,cancelled,bank_transfer
4725,1533,2024-12-07 08:19:45,completed,paypal
4726,2105,2024-08-13 03:52:01,completed,paypal
4727,945,2024-08-23 10:33:31,completed,paypal
4728,2311,2023-09-02 18:38:00,pending,paypal
4729,195,2023-04-05 18:33:31,completed,paypal
4730,1917,2023-06-04 09:17:06,completed,paypal
4731,829,2024-09-27 15:51:36,completed,paypal
4732,2000,2024-12-25 14:55:53,returned,bank_transfer
4733,1074,2023-12-31 11:20:10,cancelled,bank_transfer
4734,405,2024-06-02 14:28:33,completed,debit_card
4735,608,2022-09-18 11:20:00,cancelled,debit_card
4736,1383,2022-10-30 13:36:34,pending,bank_transfer
4737,1025,2022-04-07 21:43:06,returned,gift_card
4738,1374,2023-07-11 20:07:38,completed,bank_transfer
4739,1430,2024-08-21 00:04:42,completed,gift_card
4740,2167,2024-07-30 16:56:32,completed,debit_card
4741,333,2024-07-05 21:14:21,completed,credit_card
4742,999,2024-08-04 14:17:25,returned,credit_card
4743,2265,2023-12-10 08:57:17,returned,bank_transfer
4744,1989,2024-05-10 17:23:38,returned,gift_card
4745,1613,2024-11-22 07:22:12,completed,paypal
4746,459,2022-07-29 15:15:12,completed,credit_card
4747,133,2022-07-12 23:52:22,completed,gift_card
4748,1915,2024-05-05 09:41:11,completed,debit_card
4749,1860,2022-11-06 06:01:45,completed,paypal
4750,922,2024-03-29 14:25:15,completed,paypal
4751,2101,2023-02-08 12:14:01,cancelled,bank_transfer
4752,2162,2024-10-12 18:46:00,completed,paypal
4753,901,2023-08-16 10:18:26,completed,paypal
4754,2329,2024-02-22 08:06:28,pending,credit_card
4755,891,2022-04-05 02:45:56,completed,gift_card
4756,1218,2024-04-23 09:51:21,completed,paypal
4757,959,2023-10-18 02:19:37,completed,gift_card
4758,2256,2022-06-27 17:13:49,cancelled,debit_card
4759,2272,2023-12-26 00:56:22,completed,debit_card
4760,186,2024-10-14 02:37:08,completed,bank_transfer
4761,792,2022-11-04 22:13:49,completed,credit_card
4762,1660,2022-09-16 11:04:05,cancelled,credit_card
4763,179,2023-06-28 18:27:22,completed,credit_card
4764,2301,2024-06-16 21:04:34,returned,gift_card
4765,2151,2022-12-31 11:17:54,completed,bank_transfer
4766,718,2023-02-05 22:17:57,pending,paypal
4767,1911,2024-07-19 01:11:55,completed,debit_card
4768,1672,2024-01-20 21:28:33,completed,debit_card
4769,718,2022-06-21 16:34:52,returned,credit_card
4770,778,2024-05-22 17:05:22,completed,gift_card
4771,733,2024-10-20 05:04:41,completed,paypal
4772,1264,2024-02-23 07:41:13,returned,debit_card
4773,2277,2024-03-17 02:26:14,cancelled,paypal
4774,1560,2023-02-10 17:33:00,cancelled,gift_card
4775,480,2024-11-04 02:19:09,completed,bank_transfer
4776,2364,2023-04-11 08:10:39,completed,debit_card
4777,632,2023-10-21 01:58:44,returned,credit_card
4778,85,2023-01-07 09:21:03,cancelled,bank_transfer
4779,1623,2024-09-15 07:51:05,pending,bank_transfer
4780,2133,2024-08-12 06:49:15,cancelled,credit_card
4781,561,2024-02-27 22:31:12,completed,bank_transfer
4782,514,2023-06-01 17:55:59,completed,debit_card
4783,1752,2023-09-20 12:24:25,completed,gift_card
4784,2340,2024-02-15 21:15:10,completed,bank_transfer
4785,2229,2023-05-13 22:50:28,returned,gift_card
4786,1085,2023-02-03 19:05:42,completed,gift_card
4787,232,2024-10-14 03:49:02,returned,paypal
4788,1066,2023-07-27 17:03:00,completed,credit_card
4789,1044,2024-10-07 13:31:55,completed,credit_card
4790,463,2023-09-23 16:35:32,completed,paypal
4791,713,2022-02-01 07:12:10,completed,credit_card
4792,563,2024-09-21 04:19:28,returned,bank_transfer
4793,2062,2024-11-17 03:06:34,completed,gift_card
4794,61,2024-06-19 23:11:35,completed,bank_transfer
4795,2239,2022-10-25 22:17:32,returned,credit_card
4796,391,2022-07-10 18:24:35,completed,paypal
4797,543,2024-02-09 19:08:28,pending,credit_card
4798,566,2022-09-24 13:21:45,returned,credit_card
4799,2349,2024-03-05 16:51:10,returned,debit_card
4800,691,2024-06-23 17:54:03,completed,debit_card
4801,2078,2022-03-21 19:38:39,completed,debit_card
4802,474,2023-05-11 23:54:51,pending,gift_card
4803,2164,2024-03-14 10:15:25,completed,gift_card
4804,9,2024-01-19 17:49:34,pending,paypal
4805,2203,2024-05-19 04:04:00,cancelled,bank_transfer
4806,1376,2024-05-28 06:17:48,returned,paypal
4807,2,2024-09-11 10:32:30,returned,debit_card
4808,80,2022-10-18 16:12:18,pending,bank_transfer
4809,1422,2023-02-21 03:43:39,completed,paypal
4810,546,2022-01-22 02:45:35,completed,debit_card
4811,772,2024-08-29 21:20:02,completed,credit_card
4812,802,2024-09-29 05:04:38,completed,bank_transfer
4813,1365,2024-12-07 11:48:10,completed,gift_card
4814,1890,2024-06-05 23:16:52,completed,paypal
4815,952,2023-03-09 18:41:49,completed,gift_card
4816,1485,2024-09-30 12:21:38,completed,paypal
4817,653,2024-07-07 03:01:49,completed,credit_card
4818,1493,2024-05-26 16:41:12,completed,bank_transfer
4819,1569,2023-11-29 15:08:30,completed,debit_card
4820,349,2024-09-14 03:05:20,returned,debit_card
4821,1685,2022-01-23 03:48:16,cancelled,credit_card
4822,2122,2024-10-16 12:57:29,completed,gift_card
4823,516,2022-11-12 14:28:32,completed,gift_card
4824,1211,2024-09-10 18:00:43,completed,gift_card
4825,1957,2023-01-19 04:06:12,completed,debit_card
4826,1845,2022-10-25 13:49:59,completed,paypal
4827,1739,2024-11-17 08:04:54,completed,bank_transfer
4828,830,2024-12-23 08:51:26,completed,paypal
4829,652,2022-09-12 22:56:00,completed,debit_card
4830,37,2023-09-21 10:24:07,completed,bank_transfer
4831,1448,2023-10-24 06:04:55,pending,credit_card
4832,2181,2022-08-08 01:44:13,returned,bank_transfer
4833,2197,2022-09-06 06:19:21,completed,paypal
4834,2088,2024-07-09 02:59:14,returned,debit_card
4835,806,2023-03-30 15:55:38,completed,bank_transfer
4836,1404,2024-08-29 17:15:03,pending,bank_transfer
4837,2055,2022-11-29 10:09:50,returned,bank_transfer
4838,2496,2023-10-17 21:47:19,returned,gift_card
4839,2146,2022-07-08 12:24:15,returned,debit_card
4840,383,2024-10-04 12:04:04,completed,paypal
4841,2011,2023-04-15 18:26:58,returned,paypal
4842,2296,2022-03-07 03:09:05,completed,bank_transfer
4843,1203,2024-07-08 01:08:41,completed,bank_transfer
4844,535,2022-10-14 17:15:23,completed,debit_card
4845,1827,2023-10-30 04:21:23,returned,bank_transfer
4846,2311,2023-09-09 20:04:49,completed,paypal
4847,486,2022-06-25 18:46:39,completed,gift_card
4848,1979,2022-06-13 00:00:16,completed,gift_card
4849,1998,2024-06-26 00:22:11,completed,debit_card
4850,1995,2023-10-05 17:37:55,completed,gift_card
4851,1256,2023-07-04 05:55:48,completed,credit_card
4852,370,2024-02-21 17:13:52,completed,debit_card
4853,2100,2022-09-18 10:46:09,completed,gift_card
4854,573,2024-11-12 09:13:47,completed,paypal
4855,1749,2024-11-17 18:07:21,pending,gift_card
4856,2345,2024-01-17 18:29:09,pending,paypal
4857,387,2024-11-04 11:26:32,completed,paypal
4858,1555,2024-12-29 12:31:59,returned,gift_card
4859,1493,2023-07-20 00:13:05,completed,paypal
4860,374,2023-05-31 13:17:51,cancelled,debit_card
4861,2242,2022-12-29 11:06:55,completed,paypal
4862,976,2024-05-09 13:55:13,pending,bank_transfer
4863,1682,2023-09-13 10:19:00,completed,paypal
4864,73,2024-07-31 00:50:38,completed,gift_card
4865,604,2024-05-23 00:37:08,completed,bank_transfer
4866,825,2022-09-27 16:30:50,returned,credit_card
4867,2326,2024-09-28 08:55:19,returned,gift_card
4868,2077,2024-10-02 23:27:35,completed,paypal
4869,556,2023-01-25 21:30:28,completed,paypal
4870,2292,2024-09-18 18:31:57,completed,paypal
4871,1798,2022-06-27 11:11:44,completed,gift_card
4872,581,2022-09-08 10:11:15,completed,debit_card
4873,1366,2023-11-19 20:07:33,completed,debit_card
4874,2323,2024-07-26 01:52:44,completed,paypal
4875,249,2023-06-13 15:05:16,returned,gift_card
4876,1467,2022-09-22 14:53:33,pending,gift_card
4877,897,2023-10-24 10:21:10,completed,gift_card
4878,1369,2023-10-04 02:50:04,completed,bank_transfer
4879,1739,2024-05-25 02:41:30,completed,gift_card
4880,665,2024-08-21 06:33:43,completed,paypal
4881,1886,2022-07-23 08:55:03,pending,gift_card
4882,188,2022-03-07 05:01:09,completed,paypal
4883,2358,2022-06-26 03:37:07,completed,bank_transfer
4884,1937,2024-09-28 16:59:23,cancelled,paypal
4885,2072,2022-07-24 09:37:34,completed,gift_card
4886,2031,2024-07-05 23:00:14,cancelled,bank_transfer
4887,1069,2023-11-11 05:38:23,completed,debit_card
4888,2448,2024-05-19 17:34:18,completed,debit_card
4889,1987,2023-04-12 12:12:37,returned,credit_card
4890,1955,2024-03-26 17:04:49,pending,gift_card
4891,1478,2024-08-23 01:14:56,completed,debit_card
4892,1759,2024-10-11 20:14:04,completed,gift_card
4893,516,2024-04-20 08:48:28,cancelled,credit_card
4894,1823,2022-01-16 09:48:34,completed,debit_card
4895,1742,2024-04-13 07:19:42,returned,credit_card
4896,1505,2024-09-22 16:38:28,returned,credit_card
4897,2410,2024-09-28 18:34:58,completed,debit_card
4898,891,2024-10-31 22:47:15,pending,gift_card
4899,1642,2024-09-21 17:22:11,cancelled,paypal
4900,965,2023-11-02 04:51:24,completed,bank_transfer
4901,350,2024-12-13 01:29:58,pending,credit_card
4902,1854,2023-03-23 11:33:21,completed,credit_card
4903,2447,2023-06-14 18:13:56,pending,gift_card
4904,503,2022-11-17 08:41:13,completed,bank_transfer
4905,1336,2022-09-02 11:36:17,completed,debit_card
4906,2223,2024-03-22 02:32:42,cancelled,credit_card
4907,1737,2023-09-30 10:49:45,completed,paypal
4908,341,2024-12-29 08:14:19,returned,credit_card
4909,217,2024-03-10 08:26:54,completed,credit_card
4910,425,2024-04-11 10:35:14,completed,credit_card
4911,817,2024-06-13 04:40:12,completed,bank_transfer
4912,920,2024-07-14 10:46:41,completed,credit_card
4913,849,2023-11-13 04:33:36,cancelled,paypal
4914,191,2024-12-11 20:37:01,pending,gift_card
4915,2233,2024-10-10 15:15:44,completed,credit_card
4916,2089,2023-12-08 18:39:18,completed,paypal
4917,1676,2024-11-16 13:07:54,completed,bank_transfer
4918,2184,2024-11-06 20:02:16,cancelled,credit_card
4919,193,2024-08-14 18:39:26,completed,paypal
4920,2094,2023-11-12 08:12:40,completed,gift_card
4921,1391,2022-05-28 01:20:26,cancelled,debit_card
4922,1226,2023-07-08 13:05:57,completed,bank_transfer
4923,2377,2024-01-28 23:51:02,pending,credit_card
4924,1834,2024-06-24 17:45:22,returned,credit_card
4925,1106,2022-07-25 00:43:26,completed,paypal
4926,838,2022-12-27 07:09:55,returned,credit_card
4927,626,2024-09-16 11:10:04,completed,gift_card
4928,1225,2024-07-07 22:06:52,pending,bank_transfer
4929,2500,2023-11-12 04:28:22,completed,credit_card
4930,1556,2024-07-21 22:59:45,completed,credit_card
4931,1411,2024-07-27 18:20:30,returned,debit_card
4932,2306,2024-07-04 08:33:21,completed,credit_card
4933,1109,2024-10-15 03:34:25,completed,credit_card
4934,1681,2022-06-23 20:39:36,cancelled,paypal
4935,1808,2023-11-15 16:58:41,cancelled,credit_card
4936,1015,2023-09-13 20:00:18,completed,gift_card
4937,1552,2023-12-30 03:02:13,cancelled,credit_card
4938,1221,2024-12-15 04:20:16,completed,bank_transfer
4939,719,2024-02-15 06:31:12,completed,bank_transfer
4940,1893,2022-09-03 07:26:29,cancelled,gift_card
4941,1101,2024-07-25 18:55:13,returned,debit_card
4942,1940,2023-03-16 21:43:49,completed,bank_transfer
4943,1856,2022-10-04 10:13:13,pending,gift_card
4944,1807,2024-08-16 23:06:12,cancelled,credit_card
4945,2339,2024-10-29 02:58:40,returned,paypal
4946,1534,2023-10-03 08:26:11,completed,debit_card
4947,1086,2023-06-08 15:00:50,pending,debit_card
4948,1097,2024-04-06 20:41:51,completed,bank_transfer
4949,482,2023-08-28 12:52:50,completed,paypal
4950,1983,2024-03-31 05:37:01,returned,gift_card
4951,179,2023-02-02 18:49:53,returned,paypal
4952,530,2024-12-06 10:07:17,completed,gift_card
4953,34,2024-02-20 06:00:15,completed,gift_card
4954,1980,2024-02-08 18:09:04,completed,paypal
4955,1510,2024-02-13 21:38:14,pending,bank_transfer
4956,2143,2022-01-18 12:32:07,completed,debit_card
4957,691,2023-06-07 15:08:17,returned,credit_card
4958,1180,2023-06-16 14:11:52,completed,credit_card
4959,1496,2024-07-07 19:13:39,returned,gift_card
4960,577,2022-05-29 00:06:58,returned,gift_card
4961,1123,2022-08-22 02:57:10,cancelled,paypal
4962,1950,2023-07-20 04:31:24,pending,gift_card
4963,1678,2024-11-25 13:05:21,returned,credit_card
4964,1506,2024-04-30 06:31:13,completed,gift_card
4965,286,2022-04-16 16:41:29,pending,bank_transfer
4966,2153,2024-10-17 01:06:45,completed,credit_card
4967,2144,2023-06-14 03:14:28,completed,credit_card
4968,1126,2023-02-16 23:55:00,returned,gift_card
4969,1533,2024-11-07 02:24:32,completed,paypal
4970,2164,2024-08-18 14:37:14,cancelled,debit_card
4971,1776,2024-09-02 09:48:30,completed,credit_card
4972,1416,2024-07-11 20:25:33,completed,paypal
4973,1610,2022-03-18 06:13:59,completed,bank_transfer
4974,256,2024-07-15 04:15:09,returned,debit_card
4975,1262,2023-03-12 23:15:19,completed,bank_transfer
4976,764,2024-03-06 11:41:24,completed,debit_card
4977,2172,2022-04-08 23:05:36,cancelled,debit_card
4978,1398,2024-07-20 12:26:51,cancelled,paypal
4979,688,2024-09-24 03:00:50,pending,gift_card
4980,204,2022-05-28 04:52:45,returned,paypal
4981,2184,2023-12-29 00:14:27,completed,paypal
4982,1357,2023-09-19 02:13:06,completed,debit_card
4983,61,2023-12-25 00:20:50,completed,debit_card
4984,2365,2023-12-15 08:59:47,completed,debit_card
4985,303,2023-10-11 16:35:57,cancelled,bank_transfer
4986,1909,2024-10-29 18:56:34,completed,bank_transfer
4987,126,2022-11-30 12:48:05,cancelled,paypal
4988,1021,2023-09-24 20:07:52,pending,debit_card
4989,1773,2024-12-29 13:02:21,completed,debit_card
4990,1020,2023-05-21 03:43:49,cancelled,bank_transfer
4991,1231,2023-12-10 19:22:50,pending,paypal
4992,1611,2024-10-07 14:31:45,completed,paypal
4993,1955,2024-06-16 03:49:42,completed,bank_transfer
4994,2281,2024-01-21 01:53:16,completed,debit_card
4995,2322,2024-01-21 11:15:52,completed,paypal
4996,741,2023-11-08 09:00:18,returned,debit_card
4997,1094,2024-06-28 12:04:31,returned,debit_card
4998,413,2024-01-28 20:15:41,returned,debit_card
4999,1965,2022-07-16 01:21:14,returned,bank_transfer
5000,1092,2022-11-06 15:35:28,returned,debit_card
5001,852,2024-07-23 23:50:58,completed,gift_card
5002,411,2024-10-10 03:51:08,returned,gift_card
5003,921,2024-12-15 09:38:19,completed,bank_transfer
5004,2019,2024-10-18 04:07:07,completed,credit_card
5005,2148,2022-05-17 13:16:53,cancelled,paypal
5006,1486,2024-10-01 12:58:50,returned,paypal
5007,95,2024-12-27 18:14:19,pending,paypal
5008,1582,2024-06-06 12:26:23,cancelled,credit_card
5009,1476,2022-07-13 08:53:32,completed,bank_transfer
5010,598,2023-01-30 10:26:23,completed,bank_transfer
5011,1352,2024-09-24 17:14:06,returned,bank_transfer
5012,1600,2023-08-17 01:13:29,returned,paypal
5013,153,2023-05-20 09:49:29,pending,debit_card
5014,1938,2024-12-19 18:37:16,cancelled,paypal
5015,2332,2024-09-07 18:25:22,completed,credit_card
5016,1871,2022-08-02 05:39:42,completed,debit_card
5017,474,2024-01-08 19:38:49,cancelled,bank_transfer
5018,250,2023-06-11 03:37:48,cancelled,credit_card
5019,715,2024-08-08 01:13:19,returned,credit_card
5020,1352,2024-08-29 15:16:18,completed,debit_card
5021,1036,2024-10-22 21:47:51,pending,credit_card
5022,338,2024-11-01 07:08:30,returned,bank_transfer
5023,2076,2024-04-03 18:32:52,returned,paypal
5024,2409,2024-01-09 06:20:58,returned,credit_card
5025,1216,2024-10-23 21:50:49,completed,debit_card
5026,1380,2022-12-30 00:29:10,completed,credit_card
5027,810,2024-10-22 08:39:43,completed,bank_transfer
5028,2462,2023-06-25 04:28:36,completed,gift_card
5029,2135,2024-10-18 12:29:55,returned,gift_card
5030,2428,2024-03-28 02:27:37,completed,debit_card
5031,779,2023-05-02 21:01:45,returned,bank_transfer
5032,2256,2024-10-21 17:18:05,completed,debit_card
5033,187,2022-08-23 03:56:36,cancelled,gift_card
5034,466,2024-10-11 21:26:53,completed,credit_card
5035,1845,2024-05-22 07:48:01,returned,debit_card
5036,1277,2024-09-21 14:17:33,returned,gift_card
5037,125,2022-10-25 09:27:26,cancelled,credit_card
5038,2399,2024-08-04 20:16:36,cancelled,credit_card
5039,289,2022-07-28 19:26:51,pending,debit_card
5040,1406,2024-10-31 21:59:57,completed,gift_card
5041,632,2024-12-26 19:22:01,completed,bank_transfer
5042,1445,2024-02-01 01:51:02,cancelled,debit_card
5043,444,2024-02-29 21:04:55,completed,credit_card
5044,134,2022-02-26 13:54:48,completed,gift_card
5045,1600,2024-12-10 17:41:14,completed,paypal
5046,2020,2023-07-12 21:15:16,returned,paypal
5047,1109,2022-02-09 04:14:23,completed,debit_card
5048,641,2024-09-29 11:32:54,completed,bank_transfer
5049,2335,2022-06-21 09:16:27,completed,credit_card
5050,358,2024-09-15 14:20:23,completed,gift_card
5051,1078,2024-06-28 14:44:07,pending,credit_card
5052,2423,2023-12-05 10:47:59,returned,gift_card
5053,869,2023-07-21 16:18:08,completed,credit_card
5054,2452,2024-03-10 12:29:31,completed,paypal
5055,38,2023-12-25 01:27:12,completed,gift_card
5056,556,2024-04-08 10:14:59,completed,credit_card
5057,927,2024-10-21 20:34:41,pending,gift_card
5058,1074,2023-01-13 01:30:46,returned,gift_card
5059,2305,2023-11-20 11:50:22,completed,paypal
5060,876,2024-09-15 01:56:16,completed,bank_transfer
5061,2168,2023-06-09 08:03:14,cancelled,gift_card
5062,1312,2022-05-02 06:01:12,cancelled,bank_transfer
5063,2198,2024-01-20 20:48:39,completed,credit_card
5064,288,2022-03-24 18:25:21,completed,gift_card
5065,977,2024-11-03 06:05:31,cancelled,bank_transfer
5066,943,2024-02-08 22:52:29,completed,gift_card
5067,361,2024-08-26 20:09:11,cancelled,paypal
5068,334,2023-02-24 19:52:19,completed,credit_card
5069,1037,2022-11-21 01:14:02,pending,credit_card
5070,165,2024-07-01 15:31:13,completed,bank_transfer
5071,1267,2023-10-02 00:21:22,returned,debit_card
5072,2196,2024-04-27 19:40:26,completed,gift_card
5073,2329,2024-06-11 13:48:37,completed,paypal
5074,1907,2024-10-23 12:56:15,pending,gift_card
5075,1023,2024-02-23 13:48:35,pending,credit_card
5076,1106,2023-09-10 13:39:56,pending,paypal
5077,1586,2024-10-07 07:10:21,completed,credit_card
5078,2297,2024-04-02 09:50:10,returned,gift_card
5079,1587,2023-08-11 18:34:52,completed,gift_card
5080,2076,2024-10-28 21:50:42,pending,credit_card
5081,1453,2024-06-01 13:57:54,cancelled,paypal
5082,2460,2024-01-21 16:33:53,completed,paypal
5083,1706,2024-01-17 16:46:26,completed,bank_transfer
5084,1745,2022-06-15 11:48:27,cancelled,credit_card
5085,1437,2023-03-16 13:45:01,completed,gift_card
5086,179,2024-01-13 23:28:15,completed,gift_card
5087,432,2024-06-20 01:58:26,completed,credit_card
5088,2411,2024-06-07 01:11:11,completed,gift_card
5089,1451,2024-04-27 19:52:45,completed,credit_card
5090,618,2024-10-08 18:47:36,returned,credit_card
5091,585,2024-12-16 10:53:39,cancelled,paypal
5092,1930,2024-11-14 06:55:09,pending,credit_card
5093,1901,2024-10-04 01:55:16,completed,credit_card
5094,749,2024-09-17 07:42:46,completed,gift_card
5095,862,2023-08-01 20:22:12,completed,gift_card
5096,1052,2023-03-26 16:03:47,completed,gift_card
5097,1108,2024-02-09 10:35:05,completed,gift_card
5098,2057,2022-07-10 07:42:53,cancelled,paypal
5099,1967,2023-11-20 06:01:29,completed,gift_card
5100,1188,2024-08-19 19:56:25,completed,gift_card
5101,421,2023-10-31 07:52:06,returned,bank_transfer
5102,1306,2023-11-23 04:39:15,completed,credit_card
5103,1357,2024-01-31 13:17:05,completed,paypal
5104,1075,2024-10-18 06:33:10,completed,bank_transfer
5105,2105,2024-12-14 15:13:25,pending,debit_card
5106,1656,2024-05-18 02:14:38,completed,credit_card
5107,1111,2022-10-13 11:57:05,completed,debit_card
5108,27,2024-04-26 06:06:26,cancelled,gift_card
5109,844,2022-12-01 21:37:32,completed,gift_card
5110,146,2022-03-17 08:40:08,cancelled,bank_transfer
5111,1044,2024-01-02 05:52:46,completed,gift_card
5112,462,2022-12-12 21:32:04,returned,bank_transfer
5113,2105,2024-08-18 08:29:36,completed,debit_card
5114,1518,2022-10-30 07:40:27,completed,paypal
5115,2461,2022-04-17 00:15:07,cancelled,credit_card
5116,1653,2024-11-13 03:06:29,pending,debit_card
5117,2493,2024-11-07 19:57:16,completed,debit_card
5118,2479,2022-08-22 20:54:56,cancelled,gift_card
5119,584,2022-06-27 16:59:08,cancelled,paypal
5120,656,2024-01-09 04:52:12,completed,debit_card
5121,2364,2023-01-17 10:25:13,completed,credit_card
5122,2273,2022-05-12 17:27:48,completed,paypal
5123,908,2023-01-21 06:40:28,completed,bank_transfer
5124,1534,2024-12-20 11:31:06,completed,debit_card
5125,81,2024-05-10 01:34:23,pending,gift_card
5126,1855,2023-08-31 02:53:21,pending,debit_card
5127,453,2024-03-11 17:45:07,completed,gift_card
5128,650,2023-06-22 06:51:30,completed,bank_transfer
5129,1607,2024-07-02 19:11:43,completed,paypal
5130,1378,2024-12-29 14:37:10,completed,bank_transfer
5131,227,2024-09-16 03:25:48,cancelled,debit_card
5132,868,2023-01-31 02:16:11,completed,credit_card
5133,972,2022-10-30 14:37:58,pending,paypal
5134,609,2023-05-26 10:03:34,pending,paypal
5135,123,2024-04-05 17:30:49,completed,paypal
5136,2081,2024-01-04 04:45:34,completed,credit_card
5137,712,2023-04-20 02:10:32,completed,credit_card
5138,1280,2024-11-24 08:49:38,pending,debit_card
5139,656,2024-05-26 11:36:01,completed,debit_card
5140,1623,2022-03-09 19:11:05,pending,gift_card
5141,313,2024-01-21 03:12:13,pending,debit_card
5142,264,2024-09-02 08:32:33,completed,bank_transfer
5143,2232,2024-11-18 06:39:19,returned,debit_card
5144,2129,2024-08-06 00:44:15,completed,bank_transfer
5145,506,2022-12-26 11:37:40,returned,gift_card
5146,2423,2023-12-22 13:14:57,completed,gift_card
5147,1476,2022-08-20 09:20:45,cancelled,bank_transfer
5148,145,2022-02-09 09:54:21,completed,bank_transfer
5149,237,2022-08-05 02:52:40,cancelled,credit_card
5150,720,2023-07-25 11:55:40,completed,debit_card
5151,522,2023-05-21 23:30:46,completed,gift_card
5152,1454,2024-07-01 20:43:00,cancelled,debit_card
5153,1449,2022-05-30 06:23:00,completed,credit_card
5154,2242,2023-09-26 08:03:42,pending,gift_card
5155,1592,2024-09-15 22:53:14,completed,debit_card
5156,94,2024-02-04 09:32:16,completed,debit_card
5157,916,2022-12-13 02:38:51,completed,gift_card
5158,2297,2024-12-01 10:22:15,completed,bank_transfer
5159,1379,2023-02-04 02:58:53,completed,bank_transfer
5160,163,2023-10-04 22:56:32,completed,gift_card
5161,220,2022-09-26 19:53:25,completed,paypal
5162,1057,2024-03-11 05:33:33,pending,credit_card
5163,309,2022-07-21 15:54:35,completed,credit_card
5164,1820,2024-09-04 13:02:34,cancelled,bank_transfer
5165,654,2024-12-05 02:31:26,pending,credit_card
5166,2118,2024-05-08 06:24:30,completed,bank_transfer
5167,1663,2023-02-27 05:22:55,returned,credit_card
5168,2197,2024-05-31 20:43:10,completed,bank_transfer
5169,624,2022-03-30 13:59:25,completed,credit_card
5170,2234,2024-10-28 09:05:03,pending,debit_card
5171,1498,2024-02-02 16:44:11,completed,gift_card
5172,1091,2022-12-03 11:33:13,pending,debit_card
5173,1873,2023-11-03 06:04:26,returned,bank_transfer
5174,1772,2024-10-02 04:45:53,completed,bank_transfer
5175,1759,2022-06-30 00:44:22,returned,gift_card
5176,325,2023-12-03 10:15:07,completed,gift_card
5177,2491,2024-11-12 12:35:38,cancelled,credit_card
5178,2346,2024-08-17 16:26:06,completed,paypal
5179,503,2023-02-17 03:42:24,cancelled,gift_card
5180,1116,2024-12-09 17:05:43,completed,bank_transfer
5181,1606,2023-07-15 22:54:27,cancelled,debit_card
5182,1629,2023-11-01 20:17:39,cancelled,credit_card
5183,117,2024-12-01 07:21:42,completed,debit_card
5184,1270,2024-11-26 21:49:55,returned,paypal
5185,1628,2023-11-10 10:38:15,completed,gift_card
5186,1095,2023-04-06 22:45:14,pending,bank_transfer
5187,1454,2024-10-12 18:06:34,completed,credit_card
5188,80,2022-01-26 22:37:48,pending,debit_card
5189,1469,2022-02-10 06:58:19,completed,debit_card
5190,1298,2024-06-04 18:55:42,cancelled,credit_card
5191,1130,2022-01-15 00:56:08,returned,bank_transfer
5192,806,2023-04-11 15:25:07,completed,paypal
5193,390,2023-08-29 18:33:50,completed,gift_card
5194,1718,2024-02-15 03:48:57,completed,paypal
5195,5,2024-10-20 20:46:44,completed,credit_card
5196,487,2024-09-08 22:22:17,cancelled,bank_transfer
5197,2485,2024-02-13 02:43:04,cancelled,paypal
5198,244,2024-11-14 01:53:02,cancelled,paypal
5199,1066,2023-11-20 07:40:55,cancelled,debit_card
5200,2460,2022-08-11 02:34:42,returned,bank_transfer
5201,1462,2022-11-02 16:28:18,completed,paypal
5202,1231,2023-07-28 18:34:42,cancelled,credit_card
5203,1483,2024-04-09 22:51:04,completed,bank_transfer
5204,374,2023-05-27 09:55:28,completed,bank_transfer
5205,2204,2023-03-27 13:31:02,pending,gift_card
5206,581,2024-04-16 03:00:48,returned,paypal
5207,290,2024-11-16 03:17:48,completed,credit_card
5208,2433,2024-08-02 18:37:10,returned,paypal
5209,1774,2023-12-05 02:15:50,completed,gift_card
5210,634,2024-08-11 02:21:10,returned,bank_transfer
5211,1075,2023-06-26 14:49:30,completed,paypal
5212,1147,2023-03-14 02:06:42,completed,credit_card
5213,1511,2023-08-29 10:23:55,cancelled,credit_card
5214,26,2023-06-04 05:57:25,completed,bank_transfer
5215,800,2023-07-02 18:00:38,completed,credit_card
5216,891,2022-01-22 04:03:36,completed,credit_card
5217,2437,2024-10-25 20:50:55,returned,credit_card
5218,215,2023-07-09 06:46:14,cancelled,credit_card
5219,1648,2022-06-05 18:02:03,returned,bank_transfer
5220,1523,2024-09-29 11:13:13,cancelled,debit_card
5221,439,2024-05-05 10:37:47,pending,bank_transfer
5222,680,2023-11-21 05:04:29,completed,gift_card
5223,1056,2023-05-06 22:50:46,completed,credit_card
5224,1542,2024-07-13 18:10:53,pending,debit_card
5225,2041,2024-07-24 23:31:33,pending,credit_card
5226,2074,2024-02-08 23:22:14,completed,paypal
5227,1173,2024-07-05 00:26:43,completed,bank_transfer
5228,2328,2023-11-15 15:29:03,completed,bank_transfer
5229,1100,2023-09-08 12:16:12,completed,bank_transfer
5230,1628,2024-03-17 18:51:41,completed,bank_transfer
5231,2376,2024-10-26 10:05:48,cancelled,credit_card
5232,3,2023-05-18 14:30:08,completed,gift_card
5233,2098,2024-12-09 22:53:49,completed,gift_card
5234,1153,2022-04-10 10:35:25,completed,bank_transfer
5235,1670,2024-03-20 05:56:19,returned,bank_transfer
5236,1307,2024-07-07 09:17:27,completed,debit_card
5237,417,2024-02-01 10:07:49,completed,bank_transfer
5238,1500,2023-07-03 07:42:17,completed,gift_card
5239,1772,2024-10-08 23:34:09,completed,credit_card
5240,1347,2023-12-25 00:16:03,returned,credit_card
5241,597,2024-05-12 09:20:10,completed,credit_card
5242,86,2023-12-25 02:59:25,completed,gift_card
5243,566,2022-12-09 14:04:05,completed,debit_card
5244,1380,2022-06-21 15:27:36,pending,gift_card
5245,1865,2024-07-28 22:37:38,returned,bank_transfer
5246,1619,2023-01-17 09:47:47,cancelled,paypal
5247,1362,2023-07-25 03:42:29,completed,bank_transfer
5248,1309,2023-03-11 10:03:41,completed,credit_card
5249,871,2023-04-13 21:34:11,completed,credit_card
5250,382,2023-03-01 09:20:33,completed,debit_card
5251,716,2024-01-14 12:13:08,completed,credit_card
5252,2255,2024-06-26 22:56:32,completed,debit_card
5253,630,2024-12-26 23:13:40,pending,paypal
5254,1348,2024-02-20 15:44:52,completed,paypal
5255,1562,2023-12-09 11:40:37,completed,bank_transfer
5256,2408,2024-05-02 09:31:26,completed,credit_card
5257,355,2024-10-26 05:40:26,returned,credit_card
5258,2178,2024-06-06 09:51:05,completed,bank_transfer
5259,255,2022-12-14 00:39:02,completed,paypal
5260,1244,2024-10-18 12:49:08,cancelled,bank_transfer
5261,1612,2024-09-05 13:08:40,returned,gift_card
5262,899,2024-11-10 22:37:15,pending,paypal
5263,875,2024-11-11 22:45:20,pending,gift_card
5264,2384,2022-12-11 07:57:40,completed,paypal
5265,1666,2024-08-29 04:22:37,completed,bank_transfer
5266,1335,2024-03-06 05:34:48,completed,credit_card
5267,1507,2023-08-23 05:25:57,completed,paypal
5268,1501,2022-11-04 02:02:49,returned,bank_transfer
5269,2200,2022-04-11 23:41:40,completed,credit_card
5270,63,2024-08-30 05:02:28,pending,bank_transfer
5271,1830,2022-11-03 01:56:23,returned,bank_transfer
5272,1137,2023-06-03 19:06:07,completed,gift_card
5273,668,2023-05-03 10:35:24,completed,gift_card
5274,553,2024-05-29 01:30:26,completed,bank_transfer
5275,386,2022-05-30 04:18:02,completed,debit_card
5276,170,2024-05-02 11:02:46,returned,gift_card
5277,2076,2022-02-18 17:48:40,completed,debit_card
5278,1164,2024-04-28 21:12:49,pending,bank_transfer
5279,2408,2022-02-22 22:20:47,completed,bank_transfer
5280,2110,2022-05-27 04:10:33,completed,paypal
5281,2037,2022-05-25 22:44:49,completed,bank_transfer
5282,1487,2024-04-17 13:43:58,completed,paypal
5283,1178,2022-08-31 11:55:40,completed,bank_transfer
5284,605,2024-07-23 19:44:34,completed,debit_card
5285,2081,2023-06-23 20:38:06,completed,credit_card
5286,548,2024-11-03 19:28:45,completed,credit_card
5287,2010,2024-12-22 06:43:39,pending,debit_card
5288,403,2023-12-09 01:57:29,cancelled,gift_card
5289,708,2024-08-06 17:07:20,cancelled,credit_card
5290,969,2023-11-10 17:38:24,returned,debit_card
5291,23,2022-09-30 21:58:27,cancelled,bank_transfer
5292,1500,2022-10-18 04:11:33,completed,bank_transfer
5293,1759,2023-04-25 15:57:53,pending,gift_card
5294,1200,2024-05-30 02:15:26,cancelled,paypal
5295,1511,2023-07-25 22:46:20,completed,bank_transfer
5296,2260,2023-09-22 17:29:00,cancelled,debit_card
5297,940,2022-02-09 02:30:19,pending,credit_card
5298,1038,2022-12-09 06:54:59,completed,credit_card
5299,1914,2023-03-04 02:33:44,completed,paypal
5300,1914,2022-10-03 20:35:11,cancelled,paypal
5301,2076,2024-03-24 19:59:16,pending,gift_card
5302,1098,2024-11-01 07:03:13,returned,bank_transfer
5303,1391,2024-11-24 21:15:45,cancelled,paypal
5304,1151,2023-12-05 00:04:37,completed,gift_card
5305,210,2023-08-22 04:06:37,returned,credit_card
5306,2059,2022-08-28 06:24:04,completed,bank_transfer
5307,2024,2022-10-18 10:30:40,pending,bank_transfer
5308,969,2022-04-21 13:43:15,completed,gift_card
5309,552,2022-11-25 19:22:49,completed,paypal
5310,252,2022-11-05 20:19:23,pending,bank_transfer
5311,1371,2023-02-27 17:17:30,pending,bank_transfer
5312,2141,2024-10-15 10:09:39,cancelled,gift_card
5313,501,2022-11-15 05:50:19,cancelled,gift_card
5314,1947,2022-07-14 20:55:31,completed,gift_card
5315,2021,2023-11-19 07:59:28,completed,paypal
5316,1054,2023-06-04 10:24:31,pending,debit_card
5317,2033,2024-10-16 18:38:53,completed,gift_card
5318,933,2022-11-27 04:12:00,returned,credit_card
5319,1117,2023-04-23 06:20:57,completed,debit_card
5320,2115,2024-08-18 17:44:49,cancelled,gift_card
5321,1738,2024-09-28 04:36:56,returned,paypal
5322,991,2022-03-13 22:37:26,cancelled,gift_card
5323,1909,2023-02-05 03:50:14,completed,paypal
5324,1481,2024-09-29 00:58:51,completed,debit_card
5325,1642,2022-03-27 10:32:07,cancelled,credit_card
5326,582,2023-05-13 05:17:04,pending,bank_transfer
5327,282,2024-07-16 05:49:51,pending,paypal
5328,1795,2022-12-29 08:53:06,completed,gift_card
5329,1298,2022-09-08 10:43:35,returned,credit_card
5330,1901,2023-11-26 08:22:49,returned,debit_card
5331,985,2024-02-21 13:19:28,completed,credit_card
5332,2109,2022-05-22 13:04:59,cancelled,debit_card
5333,1126,2023-04-01 16:48:31,completed,bank_transfer
5334,2068,2024-11-17 14:20:59,completed,debit_card
5335,2386,2022-07-18 10:16:24,pending,bank_transfer
5336,1114,2024-08-09 02:13:14,completed,debit_card
5337,1746,2023-02-03 07:35:17,cancelled,paypal
5338,1893,2022-05-31 01:05:05,completed,paypal
5339,1621,2022-07-13 07:04:00,returned,gift_card
5340,1077,2024-07-19 08:14:24,completed,credit_card
5341,2184,2024-01-30 11:32:04,completed,gift_card
5342,1850,2024-09-25 06:31:36,completed,credit_card
5343,1163,2024-10-11 14:43:18,returned,debit_card
5344,1214,2023-10-01 12:06:55,pending,credit_card
5345,982,2024-02-04 06:31:00,pending,bank_transfer
5346,373,2022-06-26 07:33:41,completed,gift_card
5347,2455,2024-12-16 19:21:53,completed,debit_card
5348,2120,2023-10-19 14:57:59,completed,credit_card
5349,1769,2023-06-26 15:36:42,cancelled,bank_transfer
5350,2320,2024-12-23 18:00:01,pending,paypal
5351,2484,2023-06-02 05:16:17,completed,credit_card
5352,2450,2022-12-18 15:22:49,returned,bank_transfer
5353,618,2024-12-04 07:05:13,completed,debit_card
5354,232,2024-03-15 12:22:19,returned,paypal
5355,1168,2023-11-18 19:13:54,completed,debit_card
5356,1359,2024-11-19 22:32:54,pending,credit_card
5357,2467,2024-09-15 15:22:37,completed,gift_card
5358,51,2024-11-04 13:06:34,returned,credit_card
5359,1702,2024-02-23 20:24:35,completed,debit_card
5360,241,2023-05-24 12:04:42,completed,gift_card
5361,1093,2023-05-08 17:09:51,completed,credit_card
5362,370,2023-06-15 02:05:35,pending,debit_card
5363,906,2022-08-03 12:15:44,returned,gift_card
5364,1763,2024-10-15 22:47:24,completed,credit_card
5365,1124,2024-10-13 19:23:16,completed,credit_card
5366,2013,2023-07-28 21:41:23,returned,credit_card
5367,2496,2024-07-22 01:51:42,completed,paypal
5368,923,2024-01-28 10:16:39,completed,paypal
5369,21,2023-09-20 19:25:26,pending,debit_card
5370,889,2023-12-21 07:24:09,cancelled,gift_card
5371,683,2023-06-10 19:08:26,completed,debit_card
5372,2022,2023-11-29 12:06:01,completed,debit_card
5373,2277,2023-11-30 06:45:43,cancelled,paypal
5374,2284,2022-04-20 17:01:15,completed,bank_transfer
5375,2074,2023-11-30 13:06:05,completed,credit_card
5376,953,2024-08-24 15:34:45,completed,paypal
5377,729,2024-01-05 15:27:52,completed,bank_transfer
5378,1702,2024-12-25 21:42:12,completed,paypal
5379,1100,2022-12-25 13:36:56,completed,credit_card
5380,835,2023-05-13 22:33:35,completed,bank_transfer
5381,2426,2024-05-04 10:08:05,completed,gift_card
5382,1952,2023-08-27 10:45:32,cancelled,paypal
5383,1779,2024-07-15 03:01:18,cancelled,credit_card
5384,255,2023-06-06 21:25:37,returned,gift_card
5385,2258,2022-09-06 09:18:48,cancelled,gift_card
5386,573,2023-10-20 05:37:39,returned,bank_transfer
5387,929,2022-05-25 05:13:13,returned,paypal
5388,1520,2024-05-19 02:11:24,completed,gift_card
5389,396,2023-06-01 09:05:43,returned,gift_card
5390,121,2022-05-16 08:49:52,completed,credit_card
5391,243,2024-11-22 20:21:45,cancelled,credit_card
5392,95,2024-05-12 14:29:58,completed,gift_card
5393,1204,2024-09-10 15:13:43,returned,credit_card
5394,2036,2023-08-03 14:48:24,completed,paypal
5395,546,2023-06-17 06:46:12,pending,bank_transfer
5396,173,2023-05-26 18:08:18,cancelled,paypal
5397,2003,2024-04-07 16:42:25,completed,paypal
5398,1632,2022-09-26 18:23:17,completed,debit_card
5399,1805,2022-11-26 11:06:33,pending,debit_card
5400,1112,2023-12-26 21:49:28,completed,debit_card
5401,2108,2024-09-25 22:34:36,completed,credit_card
5402,607,2024-11-25 17:00:33,completed,gift_card
5403,189,2022-07-15 09:57:41,cancelled,paypal
5404,1144,2023-12-29 01:41:35,completed,bank_transfer
5405,1362,2022-12-04 09:21:08,returned,bank_transfer
5406,458,2022-11-03 10:59:41,completed,bank_transfer
5407,769,2022-11-06 09:45:52,returned,paypal
5408,1813,2024-04-11 14:44:47,completed,gift_card
5409,1813,2024-07-09 04:55:41,pending,bank_transfer
5410,2115,2023-01-25 09:22:00,completed,debit_card
5411,1252,2024-05-10 20:00:46,completed,gift_card
5412,145,2024-08-16 01:46:42,cancelled,debit_card
5413,1468,2023-11-22 08:42:45,cancelled,debit_card
5414,1861,2023-03-12 17:05:17,completed,gift_card
5415,1386,2022-03-10 10:25:15,completed,credit_card
5416,2213,2023-05-13 14:53:56,completed,gift_card
5417,542,2022-05-26 14:22:41,completed,credit_card
5418,1473,2024-03-02 17:35:54,pending,credit_card
5419,1563,2022-10-23 17:40:48,completed,gift_card
5420,1734,2024-01-07 01:21:24,returned,gift_card
5421,2436,2024-07-12 09:26:57,cancelled,paypal
5422,1984,2023-07-03 03:31:57,pending,bank_transfer
5423,2155,2024-07-04 06:23:20,completed,gift_card
5424,1840,2024-05-10 07:43:20,pending,debit_card
5425,2135,2024-05-08 22:15:57,completed,bank_transfer
5426,2248,2022-06-22 18:39:19,completed,credit_card
5427,162,2024-12-17 16:54:05,completed,paypal
5428,2354,2022-01-30 12:40:16,completed,debit_card
5429,1561,2024-01-23 14:55:28,completed,credit_card
5430,121,2024-06-07 23:21:10,completed,bank_transfer
5431,958,2024-01-11 08:21:10,cancelled,paypal
5432,1329,2022-06-14 15:58:58,cancelled,gift_card
5433,673,2023-05-28 11:54:55,completed,bank_transfer
5434,1744,2024-06-13 12:03:52,completed,bank_transfer
5435,10,2023-11-10 21:02:55,pending,credit_card
5436,982,2024-01-01 15:54:06,completed,gift_card
5437,2474,2023-12-10 22:53:19,pending,bank_transfer
5438,324,2023-08-25 10:19:39,returned,paypal
5439,2083,2024-07-02 02:34:10,cancelled,bank_transfer
5440,1929,2024-05-26 17:41:45,completed,paypal
5441,2148,2023-05-20 08:17:04,completed,debit_card
5442,1049,2022-08-11 20:18:53,pending,credit_card
5443,2193,2024-08-22 02:53:41,completed,gift_card
5444,444,2023-01-07 09:46:00,returned,debit_card
5445,113,2024-05-21 00:36:51,pending,bank_transfer
5446,2111,2024-01-18 03:10:11,completed,paypal
5447,2033,2024-07-23 04:30:50,completed,debit_card
5448,1895,2023-08-18 03:48:30,returned,bank_transfer
5449,826,2023-05-12 01:53:11,completed,debit_card
5450,775,2024-12-28 00:29:41,completed,bank_transfer
5451,79,2024-06-26 05:14:40,completed,paypal
5452,2086,2023-08-03 20:24:21,cancelled,gift_card
5453,481,2022-08-03 23:16:01,completed,paypal
5454,1953,2024-11-05 17:58:05,cancelled,paypal
5455,979,2023-11-03 20:05:48,pending,debit_card
5456,1512,2023-06-19 16:33:30,cancelled,paypal
5457,2106,2023-12-10 13:44:35,completed,bank_transfer
5458,43,2022-11-29 21:28:50,completed,credit_card
5459,1100,2024-12-29 07:27:54,completed,bank_transfer
5460,1476,2024-09-29 09:00:49,completed,gift_card
5461,1826,2022-07-23 10:11:17,pending,credit_card
5462,1494,2024-12-19 10:48:32,completed,credit_card
5463,1298,2022-05-25 09:03:14,completed,gift_card
5464,1163,2024-08-23 08:13:15,cancelled,credit_card
5465,834,2023-12-28 18:24:28,returned,debit_card
5466,541,2024-11-27 11:05:25,completed,bank_transfer
5467,2119,2024-05-12 09:22:16,pending,paypal
5468,328,2023-11-06 15:03:22,completed,gift_card
5469,265,2024-12-13 12:16:35,completed,gift_card
5470,1774,2022-07-16 16:11:25,completed,debit_card
5471,278,2024-02-01 22:04:43,completed,debit_card
5472,1892,2023-10-06 05:55:51,completed,gift_card
5473,123,2023-10-09 11:22:31,pending,credit_card
5474,2416,2023-08-22 05:51:01,completed,debit_card
5475,261,2024-03-28 01:23:29,pending,bank_transfer
5476,2141,2024-07-01 11:52:06,completed,credit_card
5477,474,2023-08-13 05:40:19,cancelled,paypal
5478,638,2024-02-23 19:57:52,returned,paypal
5479,899,2024-05-14 01:45:53,returned,credit_card
5480,1200,2024-06-08 15:10:55,completed,debit_card
5481,965,2023-06-15 15:36:09,returned,credit_card
5482,627,2023-10-20 06:38:15,completed,credit_card
5483,215,2023-10-12 23:23:07,completed,paypal
5484,212,2023-01-28 14:53:52,completed,credit_card
5485,1045,2024-05-02 21:55:18,pending,paypal
5486,350,2024-01-13 06:34:15,completed,debit_card
5487,2050,2023-01-22 10:00:36,completed,credit_card
5488,2232,2024-06-29 20:06:57,returned,paypal
5489,1238,2023-07-26 20:37:27,pending,debit_card
5490,1986,2023-04-01 07:33:24,completed,debit_card
5491,2172,2023-08-29 17:22:04,pending,gift_card
5492,1543,2022-04-28 16:54:16,completed,paypal
5493,1216,2024-08-21 11:50:20,completed,bank_transfer
5494,1870,2022-05-18 13:15:08,completed,gift_card
5495,568,2024-09-05 16:01:26,completed,gift_card
5496,1991,2022-05-18 06:08:48,completed,gift_card
5497,487,2024-11-06 09:12:15,completed,gift_card
5498,1787,2023-05-19 01:35:17,completed,credit_card
5499,1614,2024-04-12 08:37:25,completed,debit_card
5500,557,2023-06-16 02:47:35,cancelled,bank_transfer
5501,1316,2024-05-10 22:32:26,cancelled,bank_transfer
5502,897,2022-03-31 13:05:00,cancelled,gift_card
5503,1519,2022-04-16 10:07:03,completed,debit_card
5504,1595,2022-05-30 08:57:16,completed,paypal
5505,1801,2024-10-04 07:02:44,completed,bank_transfer
5506,96,2023-12-04 13:38:25,completed,paypal
5507,753,2023-09-27 03:29:21,cancelled,paypal
5508,2290,2023-11-29 22:44:42,completed,bank_transfer
5509,2261,2024-01-26 13:36:33,completed,gift_card
5510,346,2024-07-24 09:09:33,cancelled,bank_transfer
5511,2170,2024-05-10 03:18:51,completed,paypal
5512,335,2022-06-10 12:27:17,completed,paypal
5513,1347,2023-10-11 07:52:05,pending,credit_card
5514,1845,2022-08-22 18:47:17,cancelled,credit_card
5515,1289,2024-10-15 04:10:43,pending,paypal
5516,1766,2024-03-15 15:02:10,completed,credit_card
5517,2014,2023-01-07 18:20:47,returned,gift_card
5518,2413,2024-08-05 16:23:37,cancelled,paypal
5519,1967,2023-02-17 00:25:18,pending,credit_card
5520,1405,2022-06-19 16:35:56,completed,gift_card
5521,523,2023-12-07 23:13:44,completed,bank_transfer
5522,458,2022-10-12 00:19:22,pending,gift_card
5523,2219,2023-08-28 08:19:56,pending,bank_transfer
5524,762,2023-08-12 10:07:12,completed,credit_card
5525,1773,2024-01-05 15:46:01,cancelled,debit_card
5526,149,2023-04-13 09:16:19,returned,gift_card
5527,2440,2022-02-21 12:04:47,completed,gift_card
5528,949,2023-11-02 07:29:56,returned,bank_transfer
5529,619,2022-11-15 10:57:47,completed,debit_card
5530,1854,2023-06-14 01:50:46,cancelled,gift_card
5531,1191,2023-04-13 11:53:32,cancelled,credit_card
5532,2126,2024-05-12 14:12:05,completed,credit_card
5533,1021,2024-03-02 05:18:36,completed,debit_card
5534,1421,2022-12-06 08:54:07,completed,bank_transfer
5535,71,2023-11-08 19:56:25,completed,debit_card
5536,328,2023-02-22 03:05:03,pending,debit_card
5537,523,2022-12-16 19:11:17,completed,debit_card
5538,479,2024-09-22 15:19:36,completed,debit_card
5539,1875,2022-11-14 10:00:49,completed,bank_transfer
5540,786,2024-01-08 10:06:04,cancelled,debit_card
5541,1180,2022-09-25 05:53:48,cancelled,bank_transfer
5542,1663,2024-07-05 11:30:58,cancelled,debit_card
5543,1015,2024-01-08 07:49:18,completed,debit_card
5544,1766,2023-10-30 20:08:46,cancelled,credit_card
5545,1422,2024-02-24 05:18:25,cancelled,paypal
5546,546,2022-02-20 22:59:18,returned,debit_card
5547,912,2023-12-24 12:20:24,completed,credit_card
5548,1512,2024-07-05 07:49:40,completed,debit_card
5549,34,2022-12-16 15:19:35,completed,bank_transfer
5550,1978,2023-02-07 01:37:50,completed,credit_card
5551,773,2022-12-21 18:46:08,completed,credit_card
5552,1944,2022-11-11 21:46:03,completed,gift_card
5553,78,2023-11-16 03:52:05,completed,paypal
5554,1134,2023-03-14 04:11:28,completed,paypal
5555,1942,2024-12-15 04:06:29,cancelled,credit_card
5556,1281,2024-06-06 09:54:57,completed,debit_card
5557,2201,2024-11-23 10:58:16,completed,bank_transfer
5558,643,2023-09-24 05:17:23,returned,paypal
5559,53,2024-06-05 10:13:46,completed,paypal
5560,1437,2024-07-04 20:52:29,completed,credit_card
5561,1521,2022-01-19 14:22:52,completed,credit_card
5562,826,2022-05-09 14:38:52,completed,bank_transfer
5563,1544,2022-10-06 15:56:12,completed,gift_card
5564,1753,2023-01-02 16:35:10,returned,debit_card
5565,1172,2024-04-10 16:17:15,completed,credit_card
5566,1565,2024-11-06 09:56:08,completed,credit_card
5567,1300,2022-08-28 03:38:52,pending,credit_card
5568,2196,2023-04-20 13:14:57,completed,paypal
5569,930,2022-08-31 00:49:29,returned,credit_card
5570,414,2024-09-15 17:09:19,cancelled,credit_card
5571,977,2024-08-24 16:20:32,completed,gift_card
5572,1904,2023-08-27 09:09:12,pending,bank_transfer
5573,283,2024-09-22 21:44:18,completed,paypal
5574,972,2022-09-19 04:08:56,completed,bank_transfer
5575,1745,2023-03-07 18:46:21,completed,gift_card
5576,1597,2023-09-26 08:27:45,returned,bank_transfer
5577,1864,2022-12-03 06:12:49,pending,paypal
5578,8,2023-08-29 23:14:35,completed,credit_card
5579,1349,2022-02-11 10:50:19,returned,debit_card
5580,154,2023-11-16 23:01:58,completed,credit_card
5581,2357,2023-04-27 18:17:52,completed,paypal
5582,1107,2022-06-30 08:10:10,completed,paypal
5583,2457,2024-01-27 21:51:24,completed,gift_card
5584,415,2024-10-07 03:00:52,pending,credit_card
5585,2297,2024-12-08 05:08:48,completed,paypal
5586,135,2024-03-06 07:13:57,completed,debit_card
5587,1179,2022-07-17 01:46:51,completed,credit_card
5588,972,2024-10-08 15:45:13,completed,paypal
5589,397,2023-08-08 01:13:53,cancelled,gift_card
5590,1491,2023-06-15 04:56:32,completed,bank_transfer
5591,2096,2024-02-19 12:52:47,completed,credit_card
5592,1075,2022-08-05 06:51:44,returned,bank_transfer
5593,2143,2022-05-19 10:12:46,returned,gift_card
5594,852,2024-08-02 02:34:54,completed,bank_transfer
5595,1146,2024-05-29 14:32:35,cancelled,debit_card
5596,981,2022-05-02 05:27:31,cancelled,paypal
5597,921,2024-10-17 22:24:48,completed,paypal
5598,1958,2022-08-28 23:08:03,completed,bank_transfer
5599,1443,2023-10-04 02:33:41,completed,paypal
5600,810,2024-10-30 15:53:49,completed,gift_card
5601,1058,2022-12-12 14:36:10,completed,credit_card
5602,1535,2022-12-03 00:59:18,pending,debit_card
5603,529,2023-03-09 09:55:27,completed,bank_transfer
5604,1335,2024-02-02 11:56:24,completed,paypal
5605,1393,2024-08-19 21:37:12,completed,bank_transfer
5606,684,2024-03-06 14:03:09,completed,debit_card
5607,1142,2024-07-08 02:25:54,completed,bank_transfer
5608,2328,2023-01-28 15:46:01,cancelled,gift_card
5609,1938,2022-08-31 01:40:07,completed,debit_card
5610,1269,2024-01-28 09:11:11,completed,credit_card
5611,1724,2023-10-14 20:41:37,returned,credit_card
5612,1770,2024-07-26 15:42:18,completed,paypal
5613,1028,2022-03-29 17:34:13,completed,gift_card
5614,956,2024-09-20 00:35:33,completed,credit_card
5615,1136,2024-01-03 14:15:12,cancelled,paypal
5616,1559,2022-11-26 11:26:27,completed,credit_card
5617,982,2023-09-14 04:25:37,returned,paypal
5618,1965,2022-11-09 05:45:10,completed,paypal
5619,649,2022-12-06 08:09:51,completed,credit_card
5620,645,2023-01-03 10:07:24,cancelled,paypal
5621,2296,2023-09-26 02:19:45,completed,paypal
5622,811,2022-05-31 04:43:31,cancelled,debit_card
5623,691,2024-06-11 21:12:14,completed,debit_card
5624,146,2023-07-02 22:49:44,pending,gift_card
5625,1085,2024-12-09 10:08:04,completed,gift_card
5626,473,2024-12-07 00:00:22,pending,bank_transfer
5627,1972,2024-12-19 05:31:30,completed,paypal
5628,145,2024-08-01 23:01:50,completed,credit_card
5629,608,2022-10-06 07:07:46,returned,bank_transfer
5630,1945,2023-12-05 05:34:35,completed,gift_card
5631,813,2023-07-19 16:51:30,returned,gift_card
5632,1186,2024-08-01 13:06:10,completed,debit_card
5633,1206,2024-03-31 14:39:44,completed,paypal
5634,1721,2023-04-26 12:38:58,completed,credit_card
5635,648,2024-07-01 18:50:28,completed,bank_transfer
5636,2455,2023-07-10 18:34:30,completed,gift_card
5637,2245,2023-12-28 03:28:13,completed,gift_card
5638,500,2023-02-01 10:50:30,completed,gift_card
5639,1305,2024-01-13 08:08:23,completed,bank_transfer
5640,1129,2024-09-14 08:38:35,returned,paypal
5641,1270,2022-08-12 11:27:39,returned,gift_card
5642,2440,2023-01-02 10:11:52,cancelled,debit_card
5643,1228,2024-12-25 14:30:18,returned,debit_card
5644,2002,2024-09-20 20:36:47,completed,bank_transfer
5645,2126,2023-02-02 02:37:44,cancelled,debit_card
5646,717,2024-08-24 01:15:19,completed,bank_transfer
5647,995,2023-10-19 07:21:03,completed,gift_card
5648,1964,2024-12-29 07:52:32,pending,paypal
5649,2323,2023-07-08 07:09:48,returned,gift_card
5650,43,2022-06-03 15:54:25,completed,debit_card
5651,2473,2022-01-31 02:26:47,completed,paypal
5652,1183,2023-12-07 20:41:10,completed,debit_card
5653,132,2022-01-11 08:30:19,completed,bank_transfer
5654,1257,2022-04-14 20:16:29,cancelled,debit_card
5655,896,2022-02-06 12:07:36,cancelled,debit_card
5656,2049,2023-10-26 03:06:57,returned,paypal
5657,2253,2024-11-15 08:32:35,returned,credit_card
5658,1351,2024-07-10 09:40:51,returned,paypal
5659,2041,2022-07-20 09:21:29,pending,credit_card
5660,1882,2024-12-20 05:16:05,returned,bank_transfer
5661,436,2023-09-03 21:11:15,cancelled,gift_card
5662,647,2022-06-04 13:49:18,completed,gift_card
5663,2327,2024-11-29 09:20:49,completed,paypal
5664,527,2023-03-01 12:37:56,cancelled,gift_card
5665,1153,2022-01-26 12:12:52,returned,paypal
5666,1656,2023-05-05 18:15:52,completed,debit_card
5667,611,2024-04-18 11:24:05,completed,gift_card
5668,1643,2023-09-13 17:39:11,returned,bank_transfer
5669,793,2022-08-06 15:53:17,completed,bank_transfer
5670,1044,2023-03-01 11:39:11,completed,credit_card
5671,1839,2024-10-08 21:50:51,completed,debit_card
5672,1332,2024-04-03 01:39:06,completed,gift_card
5673,502,2023-06-03 13:37:49,cancelled,paypal
5674,436,2024-07-04 08:26:43,completed,credit_card
5675,771,2024-03-05 11:33:57,completed,gift_card
5676,1325,2024-05-31 06:23:31,completed,credit_card
5677,2141,2024-09-09 03:05:17,returned,gift_card
5678,1678,2023-07-31 14:24:18,completed,paypal
5679,1919,2023-03-02 03:42:43,pending,gift_card
5680,1618,2022-11-22 11:28:45,cancelled,credit_card
5681,304,2024-07-23 10:26:14,completed,debit_card
5682,23,2022-08-03 06:43:43,completed,credit_card
5683,2346,2024-04-05 23:36:19,completed,credit_card
5684,895,2024-08-11 22:31:45,returned,bank_transfer
5685,2272,2023-09-24 02:15:20,completed,credit_card
5686,446,2024-10-24 18:21:52,pending,credit_card
5687,1739,2024-06-14 08:57:58,completed,debit_card
5688,2121,2024-08-02 04:18:58,pending,paypal
5689,825,2023-09-24 22:59:52,completed,bank_transfer
5690,1524,2024-06-01 15:48:31,cancelled,debit_card
5691,401,2023-09-18 05:43:24,pending,paypal
5692,228,2023-12-01 16:49:54,pending,debit_card
5693,349,2023-12-10 10:25:36,pending,debit_card
5694,1669,2023-03-23 22:06:49,returned,bank_transfer
5695,312,2022-01-23 14:59:38,returned,debit_card
5696,1609,2023-05-02 02:44:30,completed,gift_card
5697,1034,2022-11-25 07:50:09,cancelled,credit_card
5698,2399,2024-01-18 07:31:00,completed,gift_card
5699,1851,2023-05-17 04:29:08,returned,gift_card
5700,1444,2023-01-16 02:42:54,completed,gift_card
5701,84,2024-11-04 22:45:04,pending,paypal
5702,575,2023-09-19 21:26:52,completed,bank_transfer
5703,854,2023-04-19 12:19:01,completed,credit_card
5704,2327,2024-06-09 00:23:02,completed,debit_card
5705,2034,2024-02-20 04:06:15,completed,credit_card
5706,1410,2024-05-11 06:37:24,completed,paypal
5707,811,2023-12-12 16:48:06,completed,credit_card
5708,375,2023-07-28 20:05:34,completed,paypal
5709,1494,2024-05-02 13:16:36,completed,credit_card
5710,1875,2022-10-20 19:53:02,completed,bank_transfer
5711,1092,2023-08-14 22:09:37,completed,bank_transfer
5712,2437,2022-01-14 21:41:00,completed,gift_card
5713,1894,2024-05-06 02:32:28,completed,credit_card
5714,880,2022-04-06 04:11:28,cancelled,gift_card
5715,649,2022-04-05 18:19:52,completed,paypal
5716,2319,2024-05-20 00:10:07,completed,paypal
5717,1601,2024-09-04 03:38:07,returned,credit_card
5718,1066,2024-10-14 03:18:51,completed,debit_card
5719,162,2023-07-27 03:50:23,completed,paypal
5720,1042,2023-12-04 16:54:52,cancelled,credit_card
5721,383,2024-09-05 05:35:10,returned,paypal
5722,1181,2024-03-08 19:42:48,completed,credit_card
5723,1494,2024-10-19 12:21:55,completed,debit_card
5724,648,2023-02-13 11:47:32,completed,credit_card
5725,2436,2024-11-20 11:37:20,cancelled,paypal
5726,571,2023-04-01 12:46:28,completed,bank_transfer
5727,1285,2022-05-09 23:57:19,completed,debit_card
5728,884,2024-05-15 13:50:24,pending,gift_card
5729,986,2024-10-12 16:47:53,returned,debit_card
5730,1127,2022-11-01 05:07:29,completed,credit_card
5731,734,2024-04-13 13:10:59,returned,credit_card
5732,145,2022-06-19 07:27:08,cancelled,gift_card
5733,2045,2022-02-22 11:37:58,pending,paypal
5734,1283,2024-09-03 22:59:03,returned,gift_card
5735,2487,2024-08-29 07:16:33,completed,debit_card
5736,1794,2022-10-20 16:27:49,cancelled,bank_transfer
5737,1922,2024-09-14 12:09:16,completed,debit_card
5738,2212,2022-09-25 18:14:07,completed,gift_card
5739,2467,2024-04-28 22:14:22,pending,paypal
5740,1009,2024-07-23 16:05:54,completed,bank_transfer
5741,1349,2023-03-02 08:54:07,completed,gift_card
5742,1581,2023-04-07 18:42:39,returned,credit_card
5743,3,2022-07-24 17:24:27,completed,bank_transfer
5744,2049,2023-07-08 17:30:08,completed,gift_card
5745,1568,2024-02-05 21:12:57,cancelled,debit_card
5746,1155,2023-09-18 08:10:28,completed,paypal
5747,817,2024-04-13 21:23:08,completed,credit_card
5748,2308,2024-05-09 05:49:31,completed,bank_transfer
5749,988,2023-08-01 05:44:44,pending,gift_card
5750,1213,2024-12-29 01:05:23,completed,debit_card
5751,241,2023-05-28 01:33:05,pending,credit_card
5752,1408,2024-06-02 14:07:38,completed,paypal
5753,348,2022-06-21 10:24:54,cancelled,credit_card
5754,1452,2023-05-21 22:37:29,completed,credit_card
5755,1913,2023-09-16 08:37:24,completed,debit_card
5756,1874,2022-09-05 19:19:26,completed,paypal
5757,629,2024-05-26 14:24:18,completed,paypal
5758,892,2022-01-31 22:57:19,completed,bank_transfer
5759,1977,2022-05-26 01:25:33,returned,debit_card
5760,2227,2024-03-01 18:18:25,pending,bank_transfer
5761,1131,2024-08-02 15:14:09,completed,credit_card
5762,912,2024-05-03 14:43:43,completed,bank_transfer
5763,1642,2024-11-10 00:10:44,completed,gift_card
5764,1656,2024-01-27 10:04:40,completed,credit_card
5765,621,2024-05-05 12:55:21,completed,debit_card
5766,687,2024-07-27 21:58:36,completed,credit_card
5767,1343,2024-07-05 01:19:12,completed,gift_card
5768,1179,2022-04-13 14:33:16,completed,credit_card
5769,2218,2022-06-26 19:42:52,pending,debit_card
5770,405,2024-08-27 13:07:01,completed,gift_card
5771,2454,2024-10-25 06:17:24,completed,paypal
5772,820,2023-06-02 06:20:00,completed,paypal
5773,453,2024-01-06 04:17:37,completed,paypal
5774,830,2022-07-09 06:20:42,completed,bank_transfer
5775,2430,2023-08-29 04:25:47,returned,gift_card
5776,2400,2024-01-07 09:39:52,completed,paypal
5777,2281,2023-03-18 06:35:08,cancelled,bank_transfer
5778,2238,2024-03-27 10:21:12,completed,credit_card
5779,1627,2022-02-19 03:19:40,completed,bank_transfer
5780,1572,2023-10-09 07:44:42,completed,credit_card
5781,2397,2022-02-24 21:22:05,completed,gift_card
5782,629,2024-07-30 00:44:46,completed,gift_card
5783,1162,2022-12-02 12:59:55,completed,bank_transfer
5784,1567,2023-03-14 14:27:47,completed,paypal
5785,2217,2023-01-17 10:53:38,completed,gift_card
5786,2263,2022-11-30 02:10:01,cancelled,credit_card
5787,685,2023-06-14 04:21:03,cancelled,bank_transfer
5788,2174,2024-03-16 21:36:31,completed,gift_card
5789,2152,2022-06-06 10:39:55,completed,paypal
5790,1488,2024-05-20 16:41:31,completed,credit_card
5791,182,2024-08-20 12:57:07,returned,bank_transfer
5792,590,2023-09-08 05:56:45,returned,debit_card
5793,1410,2022-01-20 22:24:15,cancelled,bank_transfer
5794,1976,2024-07-25 22:04:30,completed,credit_card
5795,830,2023-06-22 07:45:42,completed,gift_card
5796,507,2023-12-20 00:27:58,pending,bank_transfer
5797,2215,2022-10-12 19:25:47,completed,gift_card
5798,789,2022-12-04 20:41:15,pending,credit_card
5799,773,2024-05-28 08:08:12,pending,gift_card
5800,983,2024-02-08 05:36:36,completed,bank_transfer
5801,2235,2024-12-10 12:09:14,cancelled,credit_card
5802,1877,2024-05-07 06:20:53,completed,paypal
5803,1488,2024-05-20 02:03:39,completed,gift_card
5804,2390,2022-03-21 04:31:31,pending,bank_transfer
5805,1484,2024-02-17 19:53:51,completed,debit_card
5806,445,2023-07-12 21:28:32,completed,bank_transfer
5807,400,2024-05-15 05:31:49,completed,paypal
5808,1098,2022-02-13 14:43:41,returned,paypal
5809,829,2022-06-09 02:02:36,returned,debit_card
5810,1237,2023-03-03 16:21:51,completed,gift_card
5811,1756,2022-12-06 03:04:31,pending,gift_card
5812,1483,2023-03-16 23:35:57,cancelled,gift_card
5813,781,2024-12-07 19:12:43,completed,paypal
5814,1052,2023-04-16 23:40:15,returned,paypal
5815,240,2024-09-12 08:03:38,cancelled,debit_card
5816,2051,2023-11-11 09:00:51,completed,debit_card
5817,1609,2024-07-19 06:58:12,pending,gift_card
5818,432,2024-11-05 07:01:49,completed,credit_card
5819,663,2024-09-10 14:38:02,pending,gift_card
5820,27,2023-12-29 12:16:49,cancelled,gift_card
5821,1812,2024-02-28 21:59:26,completed,credit_card
5822,1462,2022-04-06 00:09:11,completed,bank_transfer
5823,514,2022-11-30 05:59:31,completed,credit_card
5824,880,2023-09-01 08:02:15,completed,bank_transfer
5825,373,2024-01-28 12:54:16,completed,gift_card
5826,2415,2024-11-20 08:09:23,completed,gift_card
5827,1165,2024-01-04 06:12:51,completed,debit_card
5828,229,2022-02-14 22:53:32,completed,paypal
5829,1892,2024-05-16 20:32:55,completed,debit_card
5830,1601,2024-05-19 18:40:10,completed,bank_transfer
5831,1613,2024-04-18 22:44:04,completed,paypal
5832,2128,2023-03-12 09:03:40,returned,gift_card
5833,2216,2024-11-07 18:21:55,cancelled,bank_transfer
5834,1595,2024-04-05 20:48:00,completed,debit_card
5835,971,2023-02-14 20:19:02,completed,gift_card
5836,933,2023-06-25 03:32:08,completed,bank_transfer
5837,1339,2024-10-11 00:36:02,pending,gift_card
5838,1464,2024-11-27 18:47:51,cancelled,debit_card
5839,1875,2022-11-27 13:41:09,returned,gift_card
5840,56,2024-02-12 01:39:51,returned,paypal
5841,1463,2023-03-02 22:54:01,cancelled,bank_transfer
5842,1484,2024-04-02 08:37:50,returned,bank_transfer
5843,2474,2024-08-29 08:37:59,pending,debit_card
5844,995,2023-10-01 04:46:36,completed,debit_card
5845,2491,2024-07-19 15:38:43,returned,debit_card
5846,471,2024-10-28 11:13:48,completed,gift_card
5847,773,2023-09-03 09:20:49,completed,debit_card
5848,2243,2024-11-24 11:28:27,pending,paypal
5849,1842,2024-05-23 16:29:08,pending,gift_card
5850,213,2023-01-19 06:32:01,pending,debit_card
5851,1938,2022-10-13 04:35:12,completed,debit_card
5852,2144,2022-08-09 03:59:11,cancelled,bank_transfer
5853,2253,2024-01-05 05:48:53,completed,debit_card
5854,971,2022-01-05 03:35:00,pending,debit_card
5855,1708,2024-10-29 22:34:12,completed,gift_card
5856,2174,2022-04-21 14:11:28,completed,bank_transfer
5857,416,2022-06-09 12:09:16,cancelled,gift_card
5858,356,2024-12-13 11:55:26,pending,gift_card
5859,384,2024-12-09 17:53:31,completed,debit_card
5860,55,2023-12-20 22:15:59,pending,gift_card
5861,402,2022-12-14 07:10:13,cancelled,credit_card
5862,1218,2024-06-10 17:14:03,completed,bank_transfer
5863,1948,2024-08-13 04:07:40,cancelled,paypal
5864,2109,2024-07-20 21:27:23,completed,debit_card
5865,926,2024-03-17 19:12:44,completed,paypal
5866,1649,2022-11-11 09:44:00,pending,bank_transfer
5867,919,2024-02-05 08:14:23,completed,credit_card
5868,1414,2022-04-25 03:53:38,completed,debit_card
5869,212,2022-09-08 06:20:55,completed,bank_transfer
5870,1776,2023-12-24 13:35:20,completed,credit_card
5871,1942,2023-12-12 08:56:04,pending,bank_transfer
5872,762,2024-09-12 00:46:58,completed,bank_transfer
5873,1465,2023-08-27 12:52:16,completed,gift_card
5874,84,2024-03-20 04:11:55,cancelled,gift_card
5875,2235,2024-06-22 22:45:03,cancelled,credit_card
5876,755,2024-03-21 06:51:05,pending,debit_card
5877,1376,2024-05-22 10:38:26,returned,debit_card
5878,1283,2023-10-27 08:01:22,completed,debit_card
5879,1674,2024-05-30 09:16:52,completed,paypal
5880,318,2023-11-05 21:10:31,cancelled,paypal
5881,379,2024-06-25 02:36:59,pending,debit_card
5882,1759,2024-04-27 23:43:59,completed,credit_card
5883,1150,2024-11-29 01:41:20,completed,bank_transfer
5884,684,2023-10-27 05:28:07,pending,debit_card
5885,208,2024-12-01 23:35:38,returned,debit_card
5886,727,2023-10-19 03:48:28,pending,gift_card
5887,1626,2024-08-03 23:02:45,pending,debit_card
5888,58,2023-07-13 20:41:31,returned,bank_transfer
5889,617,2022-06-17 11:25:25,completed,debit_card
5890,543,2024-10-17 07:04:15,completed,gift_card
5891,132,2023-02-16 04:25:16,cancelled,debit_card
5892,1801,2022-04-10 20:33:34,returned,gift_card
5893,705,2022-12-14 00:53:16,completed,credit_card
5894,1550,2024-10-10 13:07:47,completed,gift_card
5895,819,2024-01-05 12:10:38,completed,gift_card
5896,408,2022-11-26 20:16:53,cancelled,debit_card
5897,972,2023-10-25 20:47:06,completed,credit_card
5898,1347,2023-08-23 22:58:51,completed,gift_card
5899,337,2024-12-02 17:31:13,completed,debit_card
5900,1715,2024-07-25 11:16:10,completed,credit_card
5901,357,2024-04-07 09:37:51,pending,paypal
5902,2208,2024-06-04 19:36:51,completed,bank_transfer
5903,88,2022-07-23 00:03:12,completed,debit_card
5904,2042,2024-07-25 06:54:49,returned,gift_card
5905,37,2024-10-06 10:22:43,completed,paypal
5906,922,2022-06-08 06:47:53,pending,paypal
5907,2385,2024-03-23 05:40:44,completed,debit_card
5908,2348,2023-02-15 23:09:06,pending,bank_transfer
5909,731,2024-05-09 06:34:04,completed,credit_card
5910,432,2023-12-19 21:20:13,completed,bank_transfer
5911,1961,2022-10-09 14:59:59,completed,debit_card
5912,1155,2024-02-07 18:39:38,completed,paypal
5913,2426,2022-12-26 06:56:04,cancelled,gift_card
5914,2451,2022-08-25 13:17:53,completed,paypal
5915,656,2024-05-14 07:36:03,returned,debit_card
5916,82,2022-12-18 14:38:59,pending,debit_card
5917,2065,2024-12-20 23:07:28,completed,debit_card
5918,1456,2024-09-07 20:12:34,completed,credit_card
5919,487,2024-12-28 16:07:58,completed,gift_card
5920,2231,2023-04-04 03:46:09,completed,gift_card
5921,230,2023-04-07 05:53:14,pending,debit_card
5922,441,2022-09-30 03:43:14,returned,gift_card
5923,1401,2024-09-22 09:12:34,cancelled,gift_card
5924,990,2023-04-09 04:07:06,cancelled,gift_card
5925,407,2024-08-12 10:53:18,pending,credit_card
5926,1784,2024-11-07 23:13:24,completed,debit_card
5927,1501,2023-11-22 02:01:32,returned,paypal
5928,309,2022-10-30 20:29:39,completed,bank_transfer
5929,1388,2024-07-21 17:28:05,pending,credit_card
5930,2235,2024-08-27 07:21:07,completed,debit_card
5931,2149,2024-09-09 23:52:57,completed,debit_card
5932,2226,2022-01-13 16:22:13,completed,gift_card
5933,2102,2024-11-02 11:00:17,returned,paypal
5934,1030,2022-03-01 20:57:41,pending,bank_transfer
5935,257,2024-04-23 04:16:29,completed,bank_transfer
5936,2076,2023-05-02 13:16:25,returned,gift_card
5937,1971,2024-07-31 20:01:44,completed,bank_transfer
5938,1929,2024-04-05 10:40:44,completed,bank_transfer
5939,293,2024-11-22 10:08:50,completed,gift_card
5940,833,2023-07-25 04:09:36,completed,gift_card
5941,385,2024-03-12 04:32:38,returned,credit_card
5942,22,2023-12-13 12:24:22,returned,credit_card
5943,2275,2024-04-20 10:21:57,completed,bank_transfer
5944,1868,2024-03-08 11:35:38,completed,debit_card
5945,129,2023-06-15 16:50:36,completed,bank_transfer
5946,1897,2023-06-19 17:59:30,completed,debit_card
5947,1557,2023-01-16 03:04:06,completed,debit_card
5948,1911,2024-06-11 03:51:11,returned,debit_card
5949,1147,2023-10-24 03:09:56,returned,credit_card
5950,1108,2022-11-23 00:07:54,completed,bank_transfer
5951,1070,2024-12-09 05:57:52,completed,paypal
5952,2061,2023-05-09 04:30:05,completed,gift_card
5953,692,2024-04-05 16:26:05,completed,debit_card
5954,2222,2024-05-15 09:59:34,cancelled,bank_transfer
5955,123,2022-11-13 07:27:45,cancelled,bank_transfer
5956,1290,2022-11-21 01:07:06,completed,bank_transfer
5957,1725,2022-07-31 07:05:27,returned,gift_card
5958,205,2023-07-29 17:06:33,cancelled,paypal
5959,475,2024-07-12 17:51:52,completed,paypal
5960,2150,2024-11-18 03:11:52,pending,debit_card
5961,1044,2023-05-16 12:47:41,completed,gift_card
5962,390,2023-08-09 14:14:00,returned,debit_card
5963,1288,2024-01-10 06:51:23,cancelled,bank_transfer
5964,2452,2024-12-27 21:38:40,pending,bank_transfer
5965,388,2022-09-10 18:33:47,completed,gift_card
5966,1696,2023-08-09 19:19:49,returned,gift_card
5967,1359,2024-03-22 22:23:02,completed,debit_card
5968,2132,2023-11-25 23:02:06,completed,paypal
5969,2002,2023-12-03 23:12:03,completed,credit_card
5970,1033,2023-09-05 08:48:11,returned,credit_card
5971,1449,2023-06-21 15:55:28,completed,debit_card
5972,865,2024-09-14 22:44:15,completed,credit_card
5973,214,2024-01-13 21:52:41,pending,credit_card
5974,203,2024-10-29 14:23:25,pending,bank_transfer
5975,2499,2022-01-27 21:35:12,completed,credit_card
5976,612,2024-08-14 01:46:46,cancelled,debit_card
5977,2078,2024-01-18 02:40:13,completed,paypal
5978,97,2023-01-03 10:16:41,completed,gift_card
5979,1035,2023-10-10 20:28:15,completed,credit_card
5980,908,2024-09-15 13:58:33,pending,credit_card
5981,643,2024-12-27 16:08:31,pending,bank_transfer
5982,2419,2024-06-02 06:22:45,completed,bank_transfer
5983,167,2024-10-01 22:23:49,returned,debit_card
5984,2201,2022-11-14 09:47:10,pending,paypal
5985,1960,2024-01-25 05:11:19,completed,credit_card
5986,762,2023-09-09 18:20:13,completed,bank_transfer
5987,354,2024-03-22 19:14:17,pending,paypal
5988,561,2024-10-01 10:09:50,completed,bank_transfer
5989,1590,2024-12-02 21:42:53,completed,credit_card
5990,2341,2024-05-15 17:48:38,completed,paypal
5991,2065,2023-03-13 08:45:34,pending,credit_card
5992,2493,2024-08-21 10:55:05,pending,credit_card
5993,2403,2024-01-16 23:49:08,completed,bank_transfer
5994,1642,2022-10-27 08:10:23,pending,bank_transfer
5995,2221,2023-06-29 01:50:06,completed,gift_card
5996,722,2024-06-24 06:54:08,completed,debit_card
5997,617,2022-07-24 17:57:34,pending,bank_transfer
5998,1134,2022-11-01 07:17:17,cancelled,gift_card
5999,2291,2023-07-05 05:51:22,returned,debit_card
6000,1732,2024-02-24 23:17:30,pending,bank_transfer
6001,1171,2023-12-24 23:16:00,completed,credit_card
6002,2337,2023-08-02 03:52:31,completed,debit_card
6003,1128,2024-03-01 00:25:50,completed,paypal
6004,345,2022-07-21 00:23:54,cancelled,debit_card
6005,1702,2024-09-18 17:11:27,completed,credit_card
6006,302,2024-03-29 15:18:30,completed,credit_card
6007,1478,2024-11-13 23:07:38,completed,gift_card
6008,2343,2024-11-06 05:12:49,completed,bank_transfer
6009,789,2024-02-15 04:39:07,completed,gift_card
6010,1404,2023-11-23 17:40:56,completed,credit_card
6011,1022,2024-11-09 12:00:04,completed,debit_card
6012,2480,2024-08-20 23:17:45,completed,credit_card
6013,373,2024-10-22 19:26:07,completed,bank_transfer
6014,1104,2022-12-28 00:23:57,cancelled,credit_card
6015,532,2022-03-17 01:25:53,completed,debit_card
6016,1507,2023-06-28 13:46:06,completed,gift_card
6017,2177,2022-01-29 20:28:47,completed,gift_card
6018,286,2023-04-28 10:26:31,pending,gift_card
6019,1770,2024-07-29 05:21:37,cancelled,credit_card
6020,913,2023-05-23 01:11:25,cancelled,gift_card
6021,77,2024-11-06 02:21:27,completed,paypal
6022,2197,2024-01-23 04:01:11,returned,bank_transfer
6023,611,2024-05-29 05:27:23,completed,debit_card
6024,487,2024-08-19 00:07:38,pending,paypal
6025,752,2023-07-25 00:49:32,returned,paypal
6026,1546,2024-01-11 04:47:37,pending,gift_card
6027,1848,2024-12-02 02:34:41,returned,bank_transfer
6028,1605,2022-12-26 15:29:49,cancelled,paypal
6029,730,2023-12-19 23:53:45,pending,paypal
6030,1887,2023-02-24 20:14:48,completed,debit_card
6031,1362,2023-01-17 18:26:39,returned,bank_transfer
6032,169,2023-05-28 07:23:49,completed,gift_card
6033,2293,2023-10-30 11:27:34,pending,gift_card
6034,729,2023-12-04 01:04:01,pending,bank_transfer
6035,704,2023-09-10 22:21:17,completed,paypal
6036,926,2024-04-22 16:16:10,pending,bank_transfer
6037,901,2023-09-18 12:45:54,completed,credit_card
6038,1289,2024-06-29 15:18:42,cancelled,debit_card
6039,1352,2024-08-26 23:59:40,completed,bank_transfer
6040,2063,2024-06-22 00:20:52,completed,debit_card
6041,2180,2024-11-09 17:41:14,completed,debit_card
6042,277,2023-06-12 10:40:46,completed,debit_card
6043,1581,2023-07-23 03:46:28,cancelled,paypal
6044,2140,2023-06-04 18:37:05,completed,debit_card
6045,741,2024-07-13 13:57:50,completed,paypal
6046,960,2022-12-27 17:59:57,completed,bank_transfer
6047,1592,2022-08-25 12:11:34,returned,bank_transfer
6048,1391,2024-08-04 11:34:21,completed,paypal
6049,15,2023-07-14 11:03:51,completed,credit_card
6050,1598,2022-10-19 07:55:01,completed,debit_card
6051,1528,2024-06-04 10:53:17,completed,credit_card
6052,832,2024-12-17 14:46:38,pending,gift_card
6053,821,2024-01-04 20:08:29,completed,debit_card
6054,1336,2024-06-04 09:03:38,completed,paypal
6055,1181,2022-06-08 03:23:24,pending,gift_card
6056,589,2024-12-04 05:09:54,pending,bank_transfer
6057,2178,2023-02-03 07:43:44,completed,paypal
6058,1356,2022-08-11 19:03:17,pending,credit_card
6059,354,2022-08-11 22:30:54,completed,debit_card
6060,561,2024-12-25 07:12:40,returned,gift_card
6061,2237,2022-04-27 20:00:04,cancelled,bank_transfer
6062,1775,2024-05-06 02:26:43,returned,debit_card
6063,635,2024-07-05 00:11:23,pending,credit_card
6064,607,2024-07-24 03:21:26,completed,gift_card
6065,1385,2024-02-29 01:28:46,cancelled,bank_transfer
6066,2232,2022-08-27 20:14:35,completed,bank_transfer
6067,1976,2023-12-26 04:10:58,completed,paypal
6068,13,2022-07-17 23:03:17,returned,paypal
6069,795,2022-02-18 23:01:06,returned,bank_transfer
6070,2440,2023-05-18 14:37:31,pending,debit_card
6071,2187,2023-05-27 04:21:15,returned,paypal
6072,1064,2022-01-11 03:56:45,completed,paypal
6073,1281,2024-12-16 18:14:15,completed,credit_card
6074,460,2023-06-09 23:23:09,cancelled,debit_card
6075,1843,2024-12-21 02:51:00,completed,paypal
6076,2352,2022-10-13 09:55:43,pending,debit_card
6077,1331,2024-01-15 22:29:49,completed,credit_card
6078,523,2024-07-27 00:53:53,cancelled,bank_transfer
6079,400,2024-02-19 16:54:50,completed,bank_transfer
6080,22,2024-06-17 17:11:47,returned,debit_card
6081,2240,2024-12-13 11:09:44,completed,gift_card
6082,613,2024-01-17 21:45:54,completed,bank_transfer
6083,768,2024-02-18 10:12:08,returned,paypal
6084,2167,2022-10-20 08:33:37,completed,gift_card
6085,2417,2023-05-25 14:21:57,completed,debit_card
6086,952,2024-02-27 03:14:33,returned,credit_card
6087,413,2023-04-10 20:05:16,pending,debit_card
6088,2054,2024-06-22 12:01:27,completed,credit_card
6089,955,2022-08-06 02:52:43,cancelled,debit_card
6090,798,2024-04-20 17:11:08,completed,debit_card
6091,2332,2024-03-24 14:48:38,completed,debit_card
6092,471,2024-08-23 02:15:54,completed,paypal
6093,2192,2024-03-03 08:10:09,returned,gift_card
6094,540,2024-05-30 19:08:35,cancelled,bank_transfer
6095,1622,2022-11-29 23:12:40,cancelled,debit_card
6096,1878,2022-12-28 15:29:42,cancelled,gift_card
6097,1031,2024-12-26 03:26:20,returned,credit_card
6098,173,2023-11-19 13:13:22,cancelled,credit_card
6099,1522,2024-05-06 03:05:12,cancelled,gift_card
6100,1393,2023-09-20 12:49:57,returned,debit_card
6101,2016,2024-01-14 10:05:06,pending,paypal
6102,2362,2023-12-25 00:41:49,completed,bank_transfer
6103,226,2023-12-31 08:54:38,pending,bank_transfer
6104,186,2024-07-13 22:04:47,completed,credit_card
6105,643,2023-02-19 00:52:28,cancelled,bank_transfer
6106,2005,2024-06-16 02:45:41,completed,credit_card
6107,579,2023-12-07 16:54:20,pending,paypal
6108,2139,2022-08-14 17:07:04,completed,bank_transfer
6109,263,2023-02-07 08:42:43,completed,bank_transfer
6110,1923,2023-04-23 02:13:26,completed,paypal
6111,443,2023-05-19 21:11:31,returned,credit_card
6112,1031,2024-10-04 18:26:24,returned,bank_transfer
6113,2017,2023-06-16 09:24:20,completed,paypal
6114,209,2024-12-22 16:50:07,completed,gift_card
6115,432,2024-01-21 21:33:19,completed,paypal
6116,1883,2023-06-15 00:56:14,returned,gift_card
6117,646,2024-01-08 03:10:44,completed,debit_card
6118,2281,2024-01-26 00:45:03,pending,credit_card
6119,132,2023-07-13 13:14:35,completed,gift_card
6120,606,2022-08-02 02:29:25,cancelled,gift_card
6121,814,2022-05-25 08:01:18,pending,debit_card
6122,1961,2024-11-23 02:37:17,returned,paypal
6123,1492,2024-10-21 22:14:27,completed,bank_transfer
6124,2269,2024-09-15 04:24:29,pending,credit_card
6125,604,2024-01-08 12:25:12,cancelled,credit_card
6126,1035,2024-08-22 05:35:33,completed,debit_card
6127,28,2024-09-06 06:34:25,returned,gift_card
6128,2263,2022-11-29 02:26:14,completed,debit_card
6129,2212,2024-09-13 20:02:28,completed,paypal
6130,334,2022-01-17 05:43:34,completed,debit_card
6131,1755,2022-08-01 13:56:22,cancelled,debit_card
6132,229,2022-03-20 18:18:59,returned,gift_card
6133,45,2024-10-11 07:01:54,completed,credit_card
6134,1699,2024-05-09 05:57:52,completed,bank_transfer
6135,486,2023-05-04 14:37:06,completed,debit_card
6136,1124,2024-02-22 20:44:52,completed,gift_card
6137,1974,2023-11-24 08:43:53,cancelled,paypal
6138,12,2023-09-05 09:27:13,completed,gift_card
6139,1505,2024-06-04 05:44:24,cancelled,bank_transfer
6140,1780,2024-06-10 02:08:02,returned,debit_card
6141,1316,2024-10-10 18:12:27,completed,paypal
6142,2281,2023-07-08 18:59:36,cancelled,paypal
6143,247,2022-09-17 23:35:47,pending,bank_transfer
6144,2259,2023-09-17 08:38:22,pending,bank_transfer
6145,1003,2024-04-29 03:22:49,returned,credit_card
6146,1387,2024-09-16 20:12:42,completed,bank_transfer
6147,148,2024-11-14 05:43:01,completed,paypal
6148,1883,2024-10-30 10:28:56,completed,gift_card
6149,1931,2024-08-23 09:58:05,completed,paypal
6150,1759,2022-08-09 11:06:06,returned,credit_card
6151,466,2023-09-28 05:44:24,returned,debit_card
6152,360,2024-10-16 10:08:11,pending,bank_transfer
6153,1187,2024-03-06 15:13:17,completed,credit_card
6154,1421,2024-08-24 09:04:15,completed,bank_transfer
6155,556,2024-03-03 07:56:02,completed,bank_transfer
6156,17,2022-06-03 22:43:33,cancelled,credit_card
6157,211,2024-03-02 15:04:00,returned,credit_card
6158,355,2024-10-06 02:20:37,returned,paypal
6159,1130,2024-03-09 11:55:52,returned,credit_card
6160,1451,2024-03-06 11:11:37,pending,bank_transfer
6161,1070,2023-07-10 00:40:48,returned,gift_card
6162,1972,2024-09-08 22:03:12,completed,paypal
6163,1518,2023-09-15 23:28:08,completed,debit_card
6164,286,2024-10-07 04:04:22,pending,gift_card
6165,83,2022-03-22 17:54:37,returned,credit_card
6166,1987,2024-08-23 04:45:17,completed,debit_card
6167,642,2023-11-23 00:59:59,cancelled,gift_card
6168,2192,2023-10-06 09:50:27,returned,gift_card
6169,585,2023-09-27 02:56:36,pending,paypal
6170,2472,2023-10-04 15:01:31,returned,debit_card
6171,1898,2024-01-03 08:32:37,completed,gift_card
6172,995,2022-11-30 05:59:08,pending,debit_card
6173,974,2022-10-10 18:29:42,completed,paypal
6174,2393,2024-06-11 09:34:14,completed,credit_card
6175,2486,2024-01-19 17:29:54,completed,credit_card
6176,961,2024-11-05 03:54:58,completed,gift_card
6177,425,2023-04-15 15:30:28,pending,bank_transfer
6178,1005,2024-12-18 03:14:06,completed,gift_card
6179,1603,2024-08-03 04:00:27,completed,debit_card
6180,299,2024-10-22 09:56:18,pending,paypal
6181,727,2023-11-03 14:57:28,returned,gift_card
6182,1575,2023-11-30 05:27:48,completed,gift_card
6183,2369,2023-03-12 05:21:01,completed,paypal
6184,894,2023-12-15 05:45:35,completed,credit_card
6185,583,2023-08-20 12:23:18,completed,gift_card
6186,1756,2024-09-25 10:18:46,completed,debit_card
6187,2147,2024-12-12 12:15:44,returned,bank_transfer
6188,145,2024-11-13 04:00:43,completed,paypal
6189,699,2024-05-22 01:39:36,completed,paypal
6190,1731,2024-06-21 07:33:40,pending,bank_transfer
6191,2351,2023-09-29 16:19:49,cancelled,paypal
6192,1102,2024-01-20 06:12:02,completed,debit_card
6193,118,2023-03-10 16:32:15,completed,credit_card
6194,2012,2022-11-29 13:18:37,completed,paypal
6195,1613,2023-10-12 23:32:03,completed,paypal
6196,409,2024-06-22 21:10:40,cancelled,debit_card
6197,727,2024-10-23 05:41:00,completed,gift_card
6198,182,2024-08-08 10:05:27,returned,bank_transfer
6199,2026,2024-12-22 05:16:45,completed,paypal
6200,2416,2024-04-14 19:05:57,returned,debit_card
6201,1683,2023-01-15 10:44:12,completed,paypal
6202,1203,2024-07-21 17:24:14,cancelled,paypal
6203,1694,2022-09-01 01:24:55,cancelled,paypal
6204,839,2024-03-29 19:19:30,completed,paypal
6205,1,2023-12-25 12:20:29,completed,gift_card
6206,416,2022-02-22 17:38:45,completed,paypal
6207,643,2024-08-30 04:19:14,pending,bank_transfer
6208,1931,2022-07-21 18:01:24,returned,credit_card
6209,89,2024-03-10 19:08:29,cancelled,bank_transfer
6210,2028,2024-03-25 08:28:43,cancelled,bank_transfer
6211,832,2024-08-12 11:39:34,completed,credit_card
6212,995,2023-12-14 09:08:27,pending,bank_transfer
6213,842,2024-05-21 16:16:56,returned,credit_card
6214,269,2024-10-08 16:35:32,returned,credit_card
6215,2391,2022-06-29 15:30:49,returned,gift_card
6216,597,2024-11-23 19:08:23,returned,paypal
6217,898,2023-08-18 21:42:36,completed,debit_card
6218,121,2024-08-06 02:56:18,completed,bank_transfer
6219,1380,2024-04-11 18:18:10,completed,gift_card
6220,1560,2023-12-15 09:22:13,pending,gift_card
6221,1946,2023-12-02 05:41:09,pending,debit_card
6222,1052,2022-06-14 17:59:30,completed,gift_card
6223,582,2023-09-12 07:00:27,returned,credit_card
6224,412,2024-11-09 14:17:25,cancelled,bank_transfer
6225,866,2022-10-02 10:37:51,pending,gift_card
6226,1299,2023-06-14 12:31:19,cancelled,debit_card
6227,1593,2024-06-20 05:01:53,cancelled,paypal
6228,1555,2023-03-02 11:50:23,pending,credit_card
6229,1429,2023-03-31 22:53:21,completed,debit_card
6230,959,2023-09-23 21:59:32,completed,credit_card
6231,1254,2022-02-22 06:59:04,completed,bank_transfer
6232,1662,2024-11-06 02:19:35,completed,debit_card
6233,1134,2022-06-11 02:51:35,cancelled,paypal
6234,1174,2023-08-07 05:31:23,completed,credit_card
6235,2447,2024-09-06 14:34:53,completed,credit_card
6236,657,2023-12-06 15:06:36,pending,bank_transfer
6237,64,2024-01-13 23:15:30,completed,debit_card
6238,1971,2023-03-16 13:04:21,completed,paypal
6239,985,2024-12-21 00:26:32,completed,gift_card
6240,1476,2024-08-17 14:46:22,pending,credit_card
6241,2082,2024-11-24 08:59:52,completed,credit_card
6242,1895,2024-04-23 23:16:59,completed,bank_transfer
6243,362,2024-03-10 06:27:41,completed,debit_card
6244,407,2024-09-11 21:23:23,completed,paypal
6245,1190,2023-10-08 12:07:44,completed,gift_card
6246,645,2024-05-25 18:41:12,completed,debit_card
6247,1762,2024-10-10 06:05:32,pending,paypal
6248,1448,2024-03-02 14:28:45,pending,bank_transfer
6249,1519,2024-02-27 06:12:13,completed,debit_card
6250,354,2023-06-10 07:30:32,completed,bank_transfer
6251,1692,2023-01-09 16:53:31,returned,gift_card
6252,443,2022-03-08 03:27:19,pending,credit_card
6253,544,2022-04-29 09:26:18,completed,bank_transfer
6254,1520,2022-10-24 13:20:40,completed,paypal
6255,970,2024-09-22 05:08:42,returned,credit_card
6256,521,2024-06-27 12:47:00,cancelled,debit_card
6257,1098,2022-11-05 13:31:36,cancelled,credit_card
6258,1864,2023-10-04 08:22:43,completed,paypal
6259,53,2024-12-23 18:39:01,completed,gift_card
6260,272,2023-06-26 21:23:59,completed,gift_card
6261,2115,2024-01-13 12:06:36,pending,paypal
6262,1794,2023-09-28 01:01:05,completed,debit_card
6263,1137,2023-03-05 19:03:55,completed,paypal
6264,1424,2023-12-27 09:21:03,completed,credit_card
6265,2371,2022-02-23 21:52:14,completed,debit_card
6266,1837,2024-10-11 16:13:43,completed,bank_transfer
6267,1713,2022-08-26 14:49:49,cancelled,gift_card
6268,492,2023-12-25 05:10:02,completed,credit_card
6269,2311,2022-06-05 05:44:58,completed,gift_card
6270,2011,2024-09-07 07:13:19,pending,debit_card
6271,918,2023-10-21 06:38:21,completed,paypal
6272,3,2022-08-28 01:10:50,completed,paypal
6273,2269,2024-02-22 03:56:13,returned,gift_card
6274,906,2022-10-07 07:33:58,completed,gift_card
6275,2358,2023-07-30 14:00:40,completed,credit_card
6276,736,2023-12-17 16:40:44,completed,gift_card
6277,2312,2024-04-24 00:05:59,completed,paypal
6278,1529,2022-12-08 08:23:43,completed,gift_card
6279,1383,2024-10-04 02:59:59,completed,gift_card
6280,1155,2024-02-20 06:34:32,completed,credit_card
6281,2405,2024-10-25 01:16:47,cancelled,paypal
6282,316,2022-07-12 00:55:10,completed,gift_card
6283,2477,2024-03-12 02:25:59,cancelled,credit_card
6284,882,2024-02-02 21:10:54,returned,gift_card
6285,2226,2022-02-09 04:34:45,pending,debit_card
6286,2354,2023-04-25 21:27:45,returned,bank_transfer
6287,1346,2022-06-03 16:34:13,completed,bank_transfer
6288,755,2024-01-07 03:25:29,returned,gift_card
6289,2294,2023-06-20 15:39:46,completed,bank_transfer
6290,2470,2024-11-04 05:41:13,completed,credit_card
6291,1690,2024-07-28 07:34:47,pending,gift_card
6292,197,2023-10-13 21:15:55,returned,gift_card
6293,2236,2022-11-11 01:27:24,pending,paypal
6294,1629,2022-06-21 14:42:58,cancelled,debit_card
6295,2234,2023-06-16 01:16:24,returned,debit_card
6296,1514,2023-05-30 11:46:56,pending,debit_card
6297,1256,2023-01-13 06:47:59,completed,paypal
6298,1452,2024-05-15 21:16:22,cancelled,bank_transfer
6299,1289,2024-11-25 17:07:56,returned,paypal
6300,1133,2023-05-06 13:48:25,completed,gift_card
6301,629,2023-05-27 09:48:35,completed,paypal
6302,2036,2024-09-04 22:50:17,returned,bank_transfer
6303,826,2024-12-07 02:26:55,pending,paypal
6304,2106,2023-03-02 19:07:42,pending,paypal
6305,242,2024-11-26 07:56:30,cancelled,credit_card
6306,1879,2024-05-09 07:06:28,completed,paypal
6307,356,2024-02-02 00:46:51,completed,debit_card
6308,794,2024-11-30 10:09:12,completed,bank_transfer
6309,2248,2022-06-22 16:43:08,completed,debit_card
6310,948,2022-06-17 16:53:04,pending,bank_transfer
6311,1395,2024-03-22 15:44:12,completed,gift_card
6312,2148,2022-09-17 02:21:49,pending,credit_card
6313,2453,2022-07-08 19:22:12,returned,paypal
6314,2323,2024-12-31 03:15:32,completed,paypal
6315,152,2024-06-08 08:35:04,returned,debit_card
6316,454,2023-06-19 03:37:13,returned,paypal
6317,921,2024-01-16 01:41:36,completed,debit_card
6318,1280,2023-03-04 13:07:55,completed,bank_transfer
6319,102,2024-09-10 09:02:20,completed,credit_card
6320,1330,2023-04-09 03:22:10,returned,credit_card
6321,1527,2024-11-21 22:01:39,completed,credit_card
6322,2077,2023-09-17 03:39:54,completed,credit_card
6323,981,2022-02-08 00:22:50,completed,paypal
6324,648,2023-04-05 23:10:46,completed,credit_card
6325,975,2024-06-02 22:16:22,completed,bank_transfer
6326,152,2024-06-11 05:05:20,pending,bank_transfer
6327,1973,2024-07-02 19:29:39,completed,gift_card
6328,1306,2024-04-11 11:48:45,returned,gift_card
6329,943,2023-09-17 18:09:03,completed,bank_transfer
6330,2084,2023-04-01 07:31:20,completed,paypal
6331,36,2024-03-01 13:25:13,completed,gift_card
6332,571,2022-07-09 02:02:27,completed,gift_card
6333,511,2024-08-25 14:32:37,returned,debit_card
6334,501,2023-07-18 00:42:29,completed,credit_card
6335,442,2022-11-27 14:02:15,completed,credit_card
6336,528,2024-11-21 05:33:36,completed,debit_card
6337,568,2022-01-30 14:07:53,pending,debit_card
6338,799,2024-05-19 05:13:33,cancelled,credit_card
6339,598,2023-10-26 06:35:57,cancelled,bank_transfer
6340,1959,2024-04-05 07:57:57,completed,debit_card
6341,1678,2023-07-01 00:55:25,pending,paypal
6342,1899,2024-04-07 11:14:21,completed,gift_card
6343,494,2022-08-07 02:48:50,completed,gift_card
6344,2087,2024-02-05 00:58:45,completed,gift_card
6345,1244,2024-10-24 07:46:35,completed,gift_card
6346,980,2024-08-12 00:39:27,completed,paypal
6347,878,2023-10-29 18:26:16,returned,credit_card
6348,1416,2022-06-10 02:43:48,cancelled,bank_transfer
6349,1901,2022-03-02 06:55:28,pending,paypal
6350,1002,2024-08-06 06:23:01,completed,gift_card
6351,1295,2024-09-17 23:38:56,completed,gift_card
6352,717,2022-05-12 23:58:17,pending,paypal
6353,1661,2024-11-21 23:31:29,pending,bank_transfer
6354,1747,2023-07-08 13:36:51,pending,gift_card
6355,1445,2024-04-14 16:35:59,returned,bank_transfer
6356,551,2023-07-02 13:45:12,completed,credit_card
6357,702,2023-01-22 08:48:37,completed,gift_card
6358,1814,2024-06-08 20:58:22,cancelled,bank_transfer
6359,971,2023-09-29 01:29:57,returned,debit_card
6360,2216,2024-06-25 06:49:11,pending,paypal
6361,694,2022-03-01 15:02:55,pending,debit_card
6362,475,2024-04-23 15:27:14,pending,bank_transfer
6363,1994,2022-03-26 19:12:08,completed,debit_card
6364,1573,2024-08-28 05:07:12,completed,credit_card
6365,2233,2022-02-26 18:14:10,cancelled,gift_card
6366,532,2022-11-28 02:12:09,returned,paypal
6367,963,2023-10-03 04:36:55,completed,gift_card
6368,1210,2024-01-05 22:05:55,completed,gift_card
6369,2095,2023-02-20 20:49:40,completed,paypal
6370,934,2023-12-21 10:34:24,completed,gift_card
6371,1291,2022-07-30 17:53:50,cancelled,credit_card
6372,273,2024-01-13 09:58:09,completed,bank_transfer
6373,1429,2022-07-28 14:42:06,completed,bank_transfer
6374,537,2024-02-04 02:37:15,completed,debit_card
6375,94,2024-10-06 01:14:41,completed,bank_transfer
6376,353,2024-03-19 06:47:00,completed,credit_card
6377,390,2023-09-13 10:17:17,completed,paypal
6378,493,2022-10-02 04:11:12,completed,paypal
6379,1419,2024-07-29 18:36:26,completed,debit_card
6380,129,2024-05-21 16:22:23,returned,bank_transfer
6381,306,2024-03-07 19:08:50,returned,debit_card
6382,2222,2023-07-09 14:33:21,completed,bank_transfer
6383,73,2023-06-03 03:02:47,completed,paypal
6384,1999,2022-11-13 02:07:51,completed,gift_card
6385,2460,2024-05-27 10:17:14,completed,gift_card
6386,416,2024-08-03 09:25:13,pending,debit_card
6387,277,2024-01-24 23:23:41,completed,paypal
6388,602,2023-06-18 05:21:14,pending,debit_card
6389,276,2023-06-27 04:02:39,completed,paypal
6390,1436,2023-04-06 22:44:50,completed,gift_card
6391,2285,2024-11-18 03:07:25,completed,gift_card
6392,2016,2023-03-11 01:42:51,pending,bank_transfer
6393,2195,2024-05-20 16:44:56,returned,credit_card
6394,1554,2023-09-28 05:40:42,completed,gift_card
6395,1257,2023-02-09 07:10:00,pending,bank_transfer
6396,2027,2024-12-12 17:24:09,completed,bank_transfer
6397,1013,2024-12-15 15:37:13,completed,credit_card
6398,2056,2022-12-15 03:19:02,completed,bank_transfer
6399,530,2024-12-24 17:12:54,returned,credit_card
6400,2428,2022-02-25 21:51:09,completed,credit_card
6401,2254,2024-06-22 20:36:25,completed,credit_card
6402,56,2024-03-12 10:15:08,completed,bank_transfer
6403,2486,2024-05-20 02:38:48,completed,debit_card
6404,2039,2022-04-29 06:05:14,completed,gift_card
6405,654,2024-12-24 20:41:56,completed,gift_card
6406,329,2023-07-27 15:56:43,completed,credit_card
6407,2495,2023-01-26 14:06:37,pending,credit_card
6408,1476,2022-03-06 04:30:23,pending,paypal
6409,1922,2024-06-08 09:58:13,completed,debit_card
6410,81,2024-02-21 09:13:18,pending,credit_card
6411,1921,2023-06-28 14:41:04,cancelled,bank_transfer
6412,1257,2022-07-13 06:06:08,returned,paypal
6413,336,2024-01-30 07:09:29,cancelled,debit_card
6414,290,2023-05-22 13:09:46,completed,gift_card
6415,1112,2022-09-16 15:17:41,returned,gift_card
6416,2236,2022-06-18 01:03:09,completed,debit_card
6417,1726,2023-07-15 05:57:04,returned,bank_transfer
6418,1403,2022-01-12 16:23:57,pending,debit_card
6419,2418,2023-11-24 10:37:21,completed,bank_transfer
6420,614,2024-10-14 23:27:16,completed,gift_card
6421,1283,2023-10-03 19:16:06,cancelled,bank_transfer
6422,1140,2024-07-31 07:41:40,cancelled,debit_card
6423,79,2024-10-28 00:22:01,pending,credit_card
6424,1386,2024-10-12 18:31:04,cancelled,bank_transfer
6425,557,2024-03-22 22:04:34,completed,paypal
6426,916,2022-05-14 12:47:27,completed,credit_card
6427,678,2024-06-18 12:43:15,pending,gift_card
6428,1679,2024-07-27 14:40:40,completed,debit_card
6429,1198,2023-07-10 11:26:40,cancelled,credit_card
6430,515,2024-11-14 04:24:55,returned,credit_card
6431,1948,2024-01-02 14:06:16,completed,gift_card
6432,2260,2024-01-02 04:57:01,pending,credit_card
6433,570,2023-07-23 23:18:33,completed,credit_card
6434,1369,2023-04-11 12:49:50,completed,paypal
6435,1821,2024-01-18 18:26:37,pending,credit_card
6436,2042,2023-03-03 17:00:23,completed,credit_card
6437,1931,2022-02-17 21:00:18,completed,paypal
6438,1265,2023-02-14 09:40:00,returned,paypal
6439,562,2024-05-03 02:09:01,pending,gift_card
6440,172,2024-06-24 22:43:12,pending,debit_card
6441,1787,2023-03-15 11:05:24,pending,gift_card
6442,2234,2023-10-25 05:35:26,completed,credit_card
6443,143,2022-11-17 14:04:39,pending,debit_card
6444,2464,2022-04-06 14:23:38,completed,bank_transfer
6445,2177,2023-09-19 05:34:37,returned,paypal
6446,1664,2023-06-28 02:03:59,returned,gift_card
6447,307,2024-07-02 08:23:16,completed,bank_transfer
6448,726,2023-12-05 23:25:49,pending,bank_transfer
6449,51,2023-07-05 09:31:33,completed,bank_transfer
6450,703,2024-08-26 05:15:24,completed,gift_card
6451,2271,2022-07-29 11:16:17,pending,bank_transfer
6452,16,2023-02-04 15:06:23,returned,credit_card
6453,679,2024-03-10 03:03:45,pending,gift_card
6454,685,2024-05-16 18:10:19,pending,credit_card
6455,411,2023-07-24 17:54:09,returned,credit_card
6456,667,2024-08-26 16:43:04,completed,gift_card
6457,997,2024-01-26 22:59:44,returned,paypal
6458,1636,2024-01-07 02:02:47,completed,paypal
6459,1364,2024-08-20 23:54:50,pending,gift_card
6460,1084,2023-05-25 05:07:55,pending,credit_card
6461,364,2023-07-30 00:23:04,cancelled,gift_card
6462,783,2023-11-16 09:05:35,completed,paypal
6463,242,2024-07-01 18:16:10,completed,debit_card
6464,486,2022-10-17 12:43:17,pending,credit_card
6465,2388,2022-08-26 07:34:44,completed,credit_card
6466,1871,2024-03-14 03:34:03,completed,gift_card
6467,728,2024-05-15 22:59:11,completed,gift_card
6468,846,2022-01-16 09:49:10,returned,paypal
6469,1960,2023-07-24 20:23:22,pending,paypal
6470,1475,2024-12-05 02:45:33,cancelled,bank_transfer
6471,2304,2022-02-06 14:47:46,cancelled,debit_card
6472,2070,2022-10-24 09:32:44,completed,credit_card
6473,1156,2023-07-29 09:14:04,completed,credit_card
6474,1840,2024-11-02 00:57:00,cancelled,bank_transfer
6475,2326,2024-11-26 01:33:09,completed,bank_transfer
6476,1971,2024-05-14 09:12:47,completed,gift_card
6477,1507,2023-04-15 07:47:22,pending,credit_card
6478,2218,2022-04-24 08:35:45,completed,paypal
6479,943,2023-11-24 20:59:55,completed,gift_card
6480,185,2024-11-07 11:57:50,cancelled,paypal
6481,2116,2022-02-24 06:28:42,pending,gift_card
6482,330,2023-07-10 05:39:55,pending,gift_card
6483,78,2024-09-22 18:16:41,cancelled,debit_card
6484,2068,2023-03-10 13:36:17,completed,paypal
6485,536,2024-03-04 20:22:23,pending,debit_card
6486,1754,2024-05-20 12:16:29,completed,bank_transfer
6487,886,2022-11-26 05:13:07,cancelled,credit_card
6488,612,2024-07-15 05:45:51,completed,credit_card
6489,1825,2024-01-04 10:46:25,completed,gift_card
6490,2176,2023-02-11 19:38:27,returned,credit_card
6491,404,2024-09-08 20:39:58,completed,gift_card
6492,813,2024-07-06 04:01:21,pending,gift_card
6493,952,2022-11-07 11:49:19,completed,debit_card
6494,1910,2024-08-14 09:39:24,cancelled,bank_transfer
6495,1242,2023-12-29 22:26:54,completed,credit_card
6496,1159,2024-09-01 12:55:50,returned,bank_transfer
6497,763,2022-08-25 10:57:39,completed,paypal
6498,1734,2022-09-23 11:47:23,cancelled,bank_transfer
6499,422,2022-04-23 17:00:04,completed,gift_card
6500,43,2024-06-08 04:26:24,pending,credit_card
6501,2222,2023-08-03 08:17:09,completed,paypal
6502,1507,2023-10-29 15:38:44,completed,credit_card
6503,1133,2024-07-12 01:05:45,returned,debit_card
6504,300,2024-12-27 20:21:38,pending,paypal
6505,1732,2023-08-25 00:22:09,completed,paypal
6506,1026,2022-05-11 22:07:20,completed,paypal
6507,1918,2022-11-14 15:42:40,returned,gift_card
6508,2213,2023-03-23 12:55:56,completed,credit_card
6509,954,2024-11-16 17:01:49,cancelled,credit_card
6510,1677,2024-08-08 16:23:42,completed,paypal
6511,1979,2022-09-29 18:53:01,completed,credit_card
6512,18,2023-11-08 18:27:12,completed,bank_transfer
6513,1464,2024-12-22 19:10:27,returned,paypal
6514,2240,2024-03-20 00:42:38,completed,credit_card
6515,1981,2022-02-21 20:01:23,completed,debit_card
6516,512,2024-05-06 22:28:31,completed,bank_transfer
6517,1035,2024-04-08 13:33:42,pending,bank_transfer
6518,2413,2024-10-10 12:06:32,returned,bank_transfer
6519,2181,2024-10-31 15:39:31,completed,bank_transfer
6520,111,2024-08-23 06:38:18,completed,gift_card
6521,1787,2024-06-09 18:41:16,completed,bank_transfer
6522,15,2024-04-25 20:34:21,completed,credit_card
6523,1780,2024-07-24 13:57:29,pending,bank_transfer
6524,11,2023-06-10 13:16:52,returned,credit_card
6525,694,2022-01-16 08:13:43,returned,bank_transfer
6526,1647,2022-10-24 02:49:46,completed,credit_card
6527,1802,2023-08-18 14:16:31,returned,gift_card
6528,997,2024-10-02 14:58:30,completed,gift_card
6529,1417,2023-10-16 05:36:31,completed,debit_card
6530,1639,2022-03-31 15:28:28,pending,debit_card
6531,773,2024-03-09 21:17:48,completed,credit_card
6532,1223,2024-04-21 03:39:03,completed,paypal
6533,2143,2023-11-24 09:09:53,completed,gift_card
6534,1085,2022-09-20 04:35:16,completed,gift_card
6535,540,2024-03-12 00:15:13,returned,bank_transfer
6536,769,2024-01-09 13:16:27,pending,bank_transfer
6537,1471,2024-04-07 06:01:19,returned,gift_card
6538,1359,2024-07-03 17:40:06,returned,paypal
6539,1047,2022-06-01 23:28:45,pending,gift_card
6540,1400,2022-06-30 05:20:00,pending,debit_card
6541,101,2022-01-23 10:23:09,completed,credit_card
6542,1633,2022-11-06 06:47:23,completed,bank_transfer
6543,1664,2024-03-12 12:59:34,cancelled,bank_transfer
6544,2445,2024-12-19 12:58:22,completed,bank_transfer
6545,2465,2024-09-29 00:18:36,completed,gift_card
6546,691,2024-01-29 01:11:25,pending,gift_card
6547,1870,2022-06-08 14:49:18,returned,debit_card
6548,1564,2024-12-30 17:09:09,completed,debit_card
6549,2343,2023-08-08 17:50:44,completed,gift_card
6550,760,2023-01-18 03:30:28,completed,paypal
6551,1559,2023-02-01 15:56:21,completed,debit_card
6552,1722,2023-12-30 20:07:48,completed,paypal
6553,404,2022-11-11 21:37:08,returned,debit_card
6554,1666,2024-09-23 20:33:06,completed,bank_transfer
6555,1985,2022-07-13 03:11:53,completed,debit_card
6556,1404,2024-10-03 08:03:38,returned,gift_card
6557,591,2023-06-25 21:04:06,completed,gift_card
6558,2391,2022-12-07 23:19:39,cancelled,paypal
6559,2465,2023-09-22 01:15:47,completed,paypal
6560,392,2022-05-29 15:46:35,completed,bank_transfer
6561,1180,2024-08-14 21:55:22,completed,gift_card
6562,1613,2022-05-11 06:49:21,completed,debit_card
6563,646,2023-09-18 12:35:21,completed,bank_transfer
6564,160,2024-10-07 03:19:12,completed,paypal
6565,996,2024-09-19 13:18:48,completed,paypal
6566,1929,2024-11-12 20:14:19,completed,paypal
6567,335,2022-06-24 07:23:16,completed,credit_card
6568,1762,2024-11-18 11:03:13,pending,gift_card
6569,1266,2024-02-14 23:04:15,completed,debit_card
6570,200,2024-07-24 23:34:55,cancelled,paypal
6571,1574,2023-06-01 00:59:07,pending,paypal
6572,995,2022-11-04 16:35:29,completed,credit_card
6573,994,2024-08-14 14:36:18,completed,debit_card
6574,1555,2024-08-04 06:32:28,returned,credit_card
6575,599,2022-03-09 13:40:17,completed,credit_card
6576,1073,2022-08-13 12:08:10,cancelled,gift_card
6577,1233,2022-11-21 22:45:06,completed,debit_card
6578,47,2022-07-06 16:54:56,completed,credit_card
6579,564,2022-08-14 11:20:27,completed,credit_card
6580,1609,2023-11-02 05:37:23,pending,paypal
6581,682,2023-09-19 11:13:17,cancelled,credit_card
6582,831,2023-05-09 23:41:36,returned,paypal
6583,686,2024-06-25 07:01:05,completed,debit_card
6584,269,2024-05-31 05:21:25,completed,credit_card
6585,604,2024-10-25 03:36:58,completed,debit_card
6586,1951,2023-09-18 10:50:16,completed,paypal
6587,1097,2023-05-15 20:34:27,completed,debit_card
6588,753,2022-05-24 00:48:19,pending,gift_card
6589,848,2024-12-29 15:04:34,cancelled,credit_card
6590,2098,2024-11-10 21:15:46,returned,gift_card
6591,832,2024-10-01 05:05:33,pending,credit_card
6592,2434,2024-02-14 17:17:57,completed,bank_transfer
6593,237,2024-01-14 21:05:32,completed,paypal
6594,1985,2022-09-25 04:21:29,completed,debit_card
6595,139,2023-07-11 13:13:29,cancelled,debit_card
6596,1811,2023-01-07 00:12:43,completed,bank_transfer
6597,344,2022-11-06 02:36:22,completed,gift_card
6598,583,2023-01-14 16:41:43,returned,bank_transfer
6599,259,2022-12-14 02:27:12,cancelled,debit_card
6600,1648,2024-09-07 04:21:10,pending,credit_card
6601,1222,2024-06-22 08:22:25,cancelled,gift_card
6602,628,2023-01-10 13:55:19,completed,debit_card
6603,1651,2022-12-25 12:41:20,completed,paypal
6604,1133,2023-12-07 21:52:37,completed,gift_card
6605,776,2024-08-18 15:49:39,returned,debit_card
6606,1424,2022-08-17 16:44:08,completed,credit_card
6607,1478,2024-06-12 03:23:12,returned,credit_card
6608,1468,2023-12-25 06:51:34,returned,gift_card
6609,2080,2022-10-03 18:47:21,pending,gift_card
6610,2447,2024-08-25 23:29:58,completed,debit_card
6611,142,2024-07-18 12:39:44,completed,credit_card
6612,1783,2023-07-07 01:26:17,completed,credit_card
6613,1334,2022-05-03 11:27:29,completed,debit_card
6614,1223,2024-01-25 17:17:30,completed,bank_transfer
6615,1232,2022-01-27 12:24:17,pending,gift_card
6616,617,2024-05-28 12:31:53,returned,bank_transfer
6617,2169,2022-12-19 15:23:34,completed,paypal
6618,1904,2022-11-23 05:27:47,completed,debit_card
6619,2217,2024-10-26 04:42:14,returned,bank_transfer
6620,230,2023-05-03 05:06:05,pending,bank_transfer
6621,1307,2023-01-14 18:15:36,returned,gift_card
6622,935,2024-03-10 12:15:55,completed,credit_card
6623,1154,2024-12-31 23:58:14,completed,bank_transfer
6624,2227,2024-07-09 12:00:52,completed,bank_transfer
6625,126,2023-07-14 15:05:52,completed,gift_card
6626,2231,2024-01-29 18:16:24,cancelled,bank_transfer
6627,1516,2024-03-26 09:27:42,completed,gift_card
6628,2047,2023-10-09 22:57:32,completed,gift_card
6629,2205,2022-09-11 00:55:19,completed,paypal
6630,1265,2023-01-26 04:13:31,pending,debit_card
6631,1951,2023-05-18 02:57:01,cancelled,credit_card
6632,137,2023-08-27 10:05:34,completed,credit_card
6633,280,2023-09-27 19:32:16,cancelled,bank_transfer
6634,1355,2023-11-16 02:07:44,returned,debit_card
6635,1314,2024-12-27 14:05:24,completed,bank_transfer
6636,1637,2024-06-14 09:29:28,returned,gift_card
6637,462,2023-06-17 01:32:19,pending,debit_card
6638,143,2022-07-12 12:45:19,cancelled,credit_card
6639,814,2023-08-30 15:08:43,pending,gift_card
6640,258,2023-10-29 02:48:09,returned,credit_card
6641,54,2023-03-08 07:05:40,completed,gift_card
6642,1539,2023-12-31 20:33:48,cancelled,gift_card
6643,1934,2024-05-12 14:31:16,completed,bank_transfer
6644,294,2024-07-12 10:30:46,completed,paypal
6645,764,2024-06-04 10:14:42,cancelled,paypal
6646,798,2023-04-08 15:55:05,returned,gift_card
6647,513,2023-12-20 02:33:10,completed,debit_card
6648,309,2023-11-10 01:34:40,completed,paypal
6649,2146,2024-01-12 05:36:42,completed,gift_card
6650,2315,2024-09-01 06:25:09,completed,paypal
6651,168,2023-03-11 07:04:06,cancelled,bank_transfer
6652,1841,2023-11-01 13:05:20,completed,bank_transfer
6653,588,2023-01-28 02:13:58,completed,gift_card
6654,2099,2023-09-23 16:22:22,pending,paypal
6655,2050,2024-04-02 18:15:12,completed,bank_transfer
6656,2381,2024-12-16 14:57:22,returned,bank_transfer
6657,942,2022-08-29 08:02:03,returned,credit_card
6658,385,2023-09-19 11:52:54,returned,debit_card
6659,88,2024-02-04 07:41:03,returned,bank_transfer
6660,2248,2023-03-27 16:32:56,pending,gift_card
6661,2423,2024-03-07 06:29:21,completed,credit_card
6662,1484,2022-01-26 14:14:52,completed,debit_card
6663,693,2024-10-25 03:38:30,completed,gift_card
6664,1707,2023-01-27 15:32:46,completed,paypal
6665,841,2022-08-28 03:40:42,completed,paypal
6666,1514,2022-07-29 01:01:54,cancelled,gift_card
6667,1733,2022-08-21 15:26:34,completed,bank_transfer
6668,1943,2024-03-02 19:57:30,cancelled,credit_card
6669,66,2024-05-02 18:05:39,completed,debit_card
6670,2425,2023-06-21 23:13:48,completed,paypal
6671,1322,2024-04-22 07:14:25,returned,debit_card
6672,898,2024-01-12 07:40:14,cancelled,paypal
6673,2364,2023-10-31 22:20:16,cancelled,debit_card
6674,257,2022-11-13 04:07:19,completed,paypal
6675,1625,2024-11-20 12:42:05,completed,credit_card
6676,133,2022-04-04 01:54:16,completed,paypal
6677,969,2023-03-07 21:09:31,cancelled,gift_card
6678,1324,2024-03-09 19:16:18,pending,paypal
6679,913,2022-02-07 23:56:09,completed,debit_card
6680,586,2024-12-31 16:03:17,completed,debit_card
6681,2358,2023-04-10 17:42:54,completed,gift_card
6682,911,2024-10-15 20:44:40,cancelled,debit_card
6683,771,2023-11-14 13:20:23,pending,bank_transfer
6684,1370,2022-08-01 04:47:48,cancelled,paypal
6685,1863,2022-05-30 13:00:10,cancelled,bank_transfer
6686,2235,2024-08-23 02:25:35,returned,paypal
6687,1492,2024-05-21 12:04:51,completed,gift_card
6688,1469,2024-12-12 01:15:23,completed,paypal
6689,1850,2024-12-22 11:26:31,pending,paypal
6690,2048,2022-03-31 06:43:22,returned,bank_transfer
6691,1678,2022-09-26 04:21:11,pending,paypal
6692,80,2022-08-04 09:19:59,pending,credit_card
6693,1827,2024-02-11 04:54:17,completed,paypal
6694,1815,2022-12-01 04:09:02,pending,credit_card
6695,34,2022-09-04 23:32:17,cancelled,credit_card
6696,1354,2023-09-13 23:59:25,cancelled,credit_card
6697,649,2023-04-15 00:50:32,completed,gift_card
6698,2464,2023-05-22 03:48:22,returned,bank_transfer
6699,634,2024-04-12 04:09:55,pending,credit_card
6700,1437,2023-08-09 00:34:11,completed,debit_card
6701,1269,2024-11-26 22:11:19,completed,gift_card
6702,2010,2024-08-08 03:33:20,cancelled,credit_card
6703,1259,2024-11-28 07:00:46,returned,paypal
6704,30,2023-03-22 18:03:19,completed,credit_card
6705,1951,2024-11-07 22:36:44,completed,credit_card
6706,75,2023-01-27 15:02:36,pending,bank_transfer
6707,1116,2024-06-01 22:55:12,returned,debit_card
6708,2425,2023-07-12 10:17:43,pending,bank_transfer
6709,1703,2023-06-12 03:05:52,pending,bank_transfer
6710,1992,2023-03-06 01:48:28,completed,gift_card
6711,750,2023-04-08 09:42:36,cancelled,debit_card
6712,2132,2024-11-14 10:13:32,pending,credit_card
6713,1841,2023-10-03 01:29:09,completed,debit_card
6714,1570,2024-09-15 08:36:45,pending,bank_transfer
6715,2052,2022-04-15 07:23:32,pending,bank_transfer
6716,2110,2022-06-03 11:08:21,cancelled,credit_card
6717,1182,2024-04-24 18:44:14,completed,debit_card
6718,793,2022-03-10 09:10:09,cancelled,bank_transfer
6719,1455,2023-03-16 01:44:57,completed,debit_card
6720,121,2024-11-22 07:50:25,completed,paypal
6721,835,2023-03-25 15:31:45,completed,gift_card
6722,1389,2024-11-10 00:58:06,pending,paypal
6723,373,2023-02-16 03:17:20,returned,credit_card
6724,1834,2024-06-07 07:35:29,completed,bank_transfer
6725,82,2023-03-08 18:10:19,pending,debit_card
6726,2189,2024-05-18 09:14:48,completed,credit_card
6727,1235,2022-03-02 19:58:09,cancelled,gift_card
6728,2424,2024-03-01 02:29:03,completed,debit_card
6729,183,2022-04-28 03:53:36,completed,debit_card
6730,906,2023-10-11 17:27:28,completed,paypal
6731,1171,2023-05-02 02:20:04,completed,paypal
6732,450,2024-10-20 07:46:54,returned,paypal
6733,328,2023-10-11 08:09:15,cancelled,credit_card
6734,916,2024-10-29 11:02:39,completed,paypal
6735,2150,2024-09-12 16:43:41,completed,gift_card
6736,330,2022-01-08 02:04:45,pending,bank_transfer
6737,578,2024-09-08 14:01:17,cancelled,credit_card
6738,2074,2023-12-12 00:25:44,completed,gift_card
6739,1631,2024-10-07 17:00:35,completed,bank_transfer
6740,1423,2023-07-30 15:45:07,completed,bank_transfer
6741,1293,2023-10-24 21:02:56,cancelled,gift_card
6742,1805,2022-06-02 11:17:05,completed,debit_card
6743,1630,2023-06-30 12:07:16,completed,gift_card
6744,1549,2023-05-09 02:27:20,completed,bank_transfer
6745,2370,2023-02-12 16:24:49,completed,gift_card
6746,2413,2023-12-04 10:33:30,completed,paypal
6747,2108,2024-04-19 13:43:49,pending,credit_card
6748,1259,2024-01-30 07:10:07,cancelled,gift_card
6749,162,2024-01-27 08:05:11,pending,paypal
6750,2036,2024-02-07 18:07:16,pending,gift_card
6751,1719,2024-07-17 23:06:51,completed,gift_card
6752,2396,2024-10-17 23:53:15,completed,gift_card
6753,2480,2022-12-17 04:43:18,cancelled,bank_transfer
6754,443,2024-07-25 09:56:27,completed,credit_card
6755,2204,2023-07-15 16:45:32,completed,credit_card
6756,722,2022-04-28 17:28:12,cancelled,debit_card
6757,118,2022-04-30 06:44:46,pending,bank_transfer
6758,1824,2024-02-28 15:38:06,completed,debit_card
6759,1586,2024-04-22 06:36:06,cancelled,gift_card
6760,617,2024-04-17 01:43:17,completed,gift_card
6761,272,2022-10-15 21:08:52,pending,gift_card
6762,388,2022-08-23 01:11:34,completed,paypal
6763,327,2022-04-11 05:38:34,pending,debit_card
6764,2259,2024-07-05 16:49:52,cancelled,bank_transfer
6765,692,2024-08-12 21:02:02,cancelled,credit_card
6766,1750,2024-01-09 15:59:22,completed,debit_card
6767,494,2023-05-26 18:54:17,completed,paypal
6768,1129,2023-12-27 04:53:08,completed,debit_card
6769,95,2024-05-29 16:42:22,completed,gift_card
6770,1999,2023-06-22 08:50:56,completed,paypal
6771,1058,2022-07-18 08:49:06,cancelled,paypal
6772,1851,2023-03-08 18:50:54,completed,credit_card
6773,1693,2023-12-28 12:31:24,pending,bank_transfer
6774,1174,2022-12-08 10:24:44,completed,paypal
6775,1486,2023-04-16 03:56:29,completed,paypal
6776,1810,2024-09-15 18:34:16,cancelled,debit_card
6777,281,2024-08-23 21:55:20,completed,debit_card
6778,90,2024-12-19 17:43:14,completed,debit_card
6779,1205,2024-09-13 06:18:57,completed,debit_card
6780,794,2023-02-09 08:51:28,returned,bank_transfer
6781,2287,2024-02-22 02:14:36,completed,debit_card
6782,2226,2024-08-05 22:56:54,cancelled,debit_card
6783,286,2022-04-28 11:19:09,completed,bank_transfer
6784,708,2024-06-30 22:21:35,returned,credit_card
6785,1897,2022-12-24 06:01:00,pending,debit_card
6786,572,2022-11-01 11:51:58,completed,gift_card
6787,903,2024-08-18 16:53:00,completed,debit_card
6788,2392,2022-12-06 17:07:47,returned,gift_card
6789,2329,2023-01-28 09:27:48,pending,paypal
6790,1187,2024-02-23 21:47:19,returned,gift_card
6791,968,2022-05-02 16:48:33,completed,credit_card
6792,1505,2024-05-11 13:52:22,completed,debit_card
6793,1414,2024-02-09 23:27:54,completed,debit_card
6794,1134,2024-03-12 09:53:00,completed,bank_transfer
6795,1790,2022-12-10 17:03:57,cancelled,debit_card
6796,1177,2023-10-20 10:42:36,pending,bank_transfer
6797,654,2022-11-14 08:13:59,completed,bank_transfer
6798,965,2022-05-16 01:07:21,completed,credit_card
6799,979,2024-06-05 16:45:21,returned,gift_card
6800,20,2024-12-07 22:25:51,completed,gift_card
6801,2431,2023-02-13 23:30:47,completed,paypal
6802,1989,2024-07-01 18:29:53,completed,debit_card
6803,1193,2023-01-11 23:06:44,pending,paypal
6804,964,2022-01-21 00:36:10,completed,paypal
6805,1844,2022-09-25 10:39:38,returned,paypal
6806,873,2023-07-29 03:05:24,completed,credit_card
6807,708,2023-07-12 21:26:42,completed,debit_card
6808,2445,2024-03-30 23:30:40,completed,bank_transfer
6809,1525,2023-08-22 23:29:36,completed,credit_card
6810,1143,2023-04-17 22:39:24,returned,debit_card
6811,864,2023-08-26 13:37:02,cancelled,paypal
6812,571,2022-08-05 16:50:19,returned,bank_transfer
6813,408,2023-12-16 01:55:39,completed,debit_card
6814,2310,2023-09-20 21:54:20,completed,credit_card
6815,400,2023-02-14 06:24:36,completed,paypal
6816,206,2023-06-16 04:54:27,cancelled,debit_card
6817,116,2023-02-20 08:02:08,pending,bank_transfer
6818,1961,2023-01-06 06:55:37,pending,bank_transfer
6819,708,2024-03-31 08:13:36,returned,credit_card
6820,1657,2024-10-24 09:21:06,cancelled,gift_card
6821,1051,2022-06-30 20:59:45,cancelled,bank_transfer
6822,1815,2023-09-18 04:12:20,cancelled,paypal
6823,36,2024-08-16 18:38:50,completed,gift_card
6824,1861,2022-10-19 09:57:05,returned,paypal
6825,2499,2024-09-13 17:57:17,completed,paypal
6826,1992,2024-07-17 12:34:09,completed,gift_card
6827,1220,2024-02-01 14:06:07,completed,gift_card
6828,406,2022-04-03 03:49:55,completed,bank_transfer
6829,634,2024-10-21 18:15:42,cancelled,debit_card
6830,1210,2024-05-11 21:21:31,completed,gift_card
6831,997,2022-11-01 22:29:05,completed,paypal
6832,1382,2024-11-23 23:40:17,completed,paypal
6833,139,2023-08-31 00:21:21,returned,paypal
6834,1050,2024-09-25 05:04:53,cancelled,credit_card
6835,409,2024-05-28 20:42:29,returned,gift_card
6836,1632,2023-10-20 05:30:08,completed,credit_card
6837,1954,2023-07-02 13:38:50,completed,bank_transfer
6838,411,2024-03-28 10:15:27,completed,paypal
6839,100,2024-04-15 08:06:21,completed,debit_card
6840,710,2024-09-29 10:37:00,returned,debit_card
6841,407,2024-07-02 08:29:55,completed,bank_transfer
6842,1822,2023-12-06 01:17:03,cancelled,bank_transfer
6843,553,2022-08-17 00:03:01,completed,bank_transfer
6844,1726,2023-02-15 05:32:19,completed,credit_card
6845,164,2024-01-15 09:02:43,returned,paypal
6846,278,2023-09-23 08:18:25,completed,paypal
6847,327,2022-12-01 07:19:18,completed,gift_card
6848,912,2024-07-17 05:07:46,cancelled,debit_card
6849,2013,2024-04-24 16:05:55,completed,credit_card
6850,546,2023-07-31 16:49:38,pending,debit_card
6851,1533,2024-08-18 10:02:26,completed,gift_card
6852,1738,2023-12-21 20:06:12,returned,debit_card
6853,656,2024-11-09 13:40:37,completed,paypal
6854,786,2024-08-30 16:41:37,completed,credit_card
6855,876,2024-11-11 07:50:27,cancelled,bank_transfer
6856,123,2024-09-15 20:50:16,cancelled,credit_card
6857,70,2023-03-28 23:25:28,completed,credit_card
6858,1023,2024-02-11 11:08:16,completed,paypal
6859,192,2022-07-13 13:22:15,pending,debit_card
6860,2138,2023-12-22 08:02:14,completed,gift_card
6861,237,2022-03-28 02:47:35,completed,paypal
6862,797,2023-06-03 03:40:27,completed,gift_card
6863,1469,2023-08-15 10:23:50,pending,bank_transfer
6864,1006,2023-12-30 06:17:06,completed,credit_card
6865,2010,2023-12-15 08:01:10,returned,debit_card
6866,1304,2024-03-10 11:44:10,pending,paypal
6867,175,2022-08-28 16:41:28,completed,debit_card
6868,313,2023-08-23 21:46:33,returned,gift_card
6869,21,2023-06-20 19:07:39,pending,debit_card
6870,1657,2024-12-27 05:05:01,completed,paypal
6871,1941,2024-11-04 16:30:50,completed,gift_card
6872,2188,2023-01-22 14:39:51,returned,debit_card
6873,2305,2024-12-30 11:53:35,completed,debit_card
6874,2118,2024-03-26 08:14:14,cancelled,paypal
6875,1664,2024-04-06 15:35:49,completed,debit_card
6876,839,2022-02-06 18:22:02,completed,paypal
6877,1479,2023-08-08 01:59:41,pending,bank_transfer
6878,315,2024-05-25 03:36:26,pending,paypal
6879,193,2024-09-18 02:13:13,cancelled,credit_card
6880,2388,2023-01-21 16:08:38,pending,bank_transfer
6881,342,2022-06-15 14:33:37,completed,debit_card
6882,1177,2023-03-18 04:07:46,completed,credit_card
6883,817,2024-12-04 06:13:50,completed,debit_card
6884,1541,2024-05-03 23:01:34,completed,paypal
6885,1106,2024-11-24 19:05:38,completed,gift_card
6886,349,2022-04-01 21:54:14,cancelled,bank_transfer
6887,2,2024-06-26 13:18:02,pending,gift_card
6888,722,2022-11-20 01:06:40,completed,debit_card
6889,2211,2022-09-17 17:22:44,completed,gift_card
6890,1574,2023-05-13 19:30:09,completed,debit_card
6891,1131,2022-07-24 23:23:28,completed,gift_card
6892,733,2022-01-27 03:23:19,returned,gift_card
6893,1580,2024-08-22 04:41:45,pending,gift_card
6894,1219,2024-12-29 01:26:16,cancelled,credit_card
6895,1035,2024-05-14 18:58:46,completed,paypal
6896,2289,2023-03-29 09:46:33,returned,debit_card
6897,307,2023-09-19 19:12:15,completed,credit_card
6898,1050,2024-01-02 07:49:02,completed,paypal
6899,2238,2022-11-13 09:56:45,completed,gift_card
6900,1637,2024-09-05 08:31:39,completed,debit_card
6901,1727,2024-09-28 03:00:03,completed,debit_card
6902,102,2024-08-04 12:27:02,pending,credit_card
6903,1149,2023-11-09 06:32:19,completed,bank_transfer
6904,1767,2024-04-02 17:20:09,cancelled,debit_card
6905,2014,2024-04-21 10:44:48,pending,paypal
6906,1912,2023-11-03 22:48:57,completed,paypal
6907,927,2024-11-23 00:28:22,cancelled,credit_card
6908,516,2023-01-05 06:06:54,completed,paypal
6909,114,2024-09-27 02:49:04,completed,paypal
6910,1410,2022-04-17 06:21:35,completed,paypal
6911,568,2024-11-14 05:07:47,returned,gift_card
6912,1591,2024-09-17 09:02:08,returned,paypal
6913,2138,2023-06-29 13:17:20,completed,bank_transfer
6914,207,2023-06-15 09:23:52,completed,paypal
6915,1457,2023-01-30 03:00:30,returned,debit_card
6916,1493,2023-03-28 14:39:57,returned,paypal
6917,2175,2022-01-21 06:28:48,completed,paypal
6918,1580,2023-05-07 03:25:25,completed,debit_card
6919,844,2022-03-27 07:01:18,completed,gift_card
6920,2056,2024-03-02 03:09:34,returned,debit_card
6921,1458,2024-10-17 07:01:24,completed,debit_card
6922,1058,2022-04-21 20:45:53,completed,credit_card
6923,852,2024-03-22 22:33:36,returned,gift_card
6924,166,2023-11-20 23:10:25,completed,gift_card
6925,100,2022-02-21 17:10:59,completed,credit_card
6926,1696,2023-05-13 13:59:47,completed,credit_card
6927,2168,2024-08-09 19:04:01,completed,paypal
6928,1924,2024-04-25 02:01:17,completed,gift_card
6929,856,2023-11-03 13:21:33,cancelled,paypal
6930,1316,2024-10-05 13:30:04,pending,bank_transfer
6931,629,2022-05-27 20:43:02,returned,paypal
6932,324,2023-05-16 19:07:48,completed,credit_card
6933,1294,2023-04-06 09:20:40,pending,gift_card
6934,2378,2024-04-17 16:36:28,cancelled,debit_card
6935,299,2024-06-21 19:53:35,completed,debit_card
6936,945,2022-02-21 04:50:31,pending,bank_transfer
6937,1190,2023-11-04 20:54:12,returned,bank_transfer
6938,2108,2023-04-13 06:36:06,completed,debit_card
6939,595,2023-11-12 20:30:06,returned,paypal
6940,2219,2024-02-03 03:11:13,cancelled,paypal
6941,1890,2024-07-25 06:50:22,completed,debit_card
6942,510,2024-05-04 03:18:19,returned,credit_card
6943,188,2023-05-28 08:07:33,completed,bank_transfer
6944,1891,2022-03-01 06:20:18,cancelled,gift_card
6945,1284,2022-04-15 03:43:15,pending,paypal
6946,1881,2022-12-15 11:41:23,completed,debit_card
6947,1276,2024-09-03 17:30:22,completed,credit_card
6948,1963,2023-07-16 03:33:46,completed,bank_transfer
6949,454,2024-08-02 19:54:14,completed,debit_card
6950,1312,2022-05-25 15:20:07,completed,gift_card
6951,848,2023-02-11 22:57:15,completed,paypal
6952,2009,2024-08-26 15:20:47,completed,paypal
6953,446,2024-04-24 02:52:30,returned,gift_card
6954,1676,2024-07-26 07:29:31,returned,credit_card
6955,1975,2022-04-27 16:34:21,returned,gift_card
6956,1345,2024-10-16 07:37:15,completed,bank_transfer
6957,1664,2023-11-27 09:30:57,completed,credit_card
6958,2130,2023-11-18 11:07:13,completed,gift_card
6959,790,2023-09-21 19:02:03,completed,paypal
6960,1408,2022-10-30 10:58:40,completed,debit_card
6961,2273,2022-06-14 08:40:11,completed,credit_card
6962,1881,2022-01-25 14:25:07,completed,paypal
6963,481,2022-06-13 01:00:34,cancelled,bank_transfer
6964,1136,2024-08-29 11:52:20,pending,debit_card
6965,2263,2022-10-15 23:06:45,completed,bank_transfer
6966,469,2024-12-14 09:14:39,completed,credit_card
6967,808,2023-06-10 04:08:25,cancelled,bank_transfer
6968,2294,2023-10-07 16:06:20,pending,debit_card
6969,837,2022-07-22 13:28:16,returned,credit_card
6970,1688,2024-02-01 22:25:23,returned,gift_card
6971,2386,2022-11-24 09:18:32,returned,paypal
6972,829,2024-12-26 17:54:08,completed,gift_card
6973,541,2024-05-03 14:59:46,completed,debit_card
6974,2443,2022-12-28 10:08:30,completed,credit_card
6975,2480,2023-09-29 02:36:10,completed,bank_transfer
6976,1612,2024-11-16 16:56:35,cancelled,bank_transfer
6977,327,2024-12-25 15:42:29,cancelled,credit_card
6978,1692,2022-10-31 22:11:01,returned,bank_transfer
6979,1850,2023-10-18 11:45:54,pending,gift_card
6980,2425,2023-01-24 08:04:31,completed,paypal
6981,334,2024-08-19 23:36:59,pending,debit_card
6982,1114,2023-04-04 06:45:26,completed,gift_card
6983,1365,2022-11-27 01:59:41,completed,gift_card
6984,1875,2022-02-23 19:44:54,completed,credit_card
6985,1050,2024-01-11 12:54:13,completed,debit_card
6986,2474,2023-10-24 21:27:42,returned,gift_card
6987,1878,2023-07-05 13:55:25,completed,paypal
6988,1973,2024-10-04 02:25:45,pending,bank_transfer
6989,2005,2024-09-22 14:45:25,cancelled,paypal
6990,2129,2024-07-07 18:40:54,completed,debit_card
6991,921,2023-12-13 08:23:12,completed,debit_card
6992,341,2024-09-25 22:06:13,completed,credit_card
6993,532,2022-03-11 06:28:31,returned,paypal
6994,2293,2022-06-14 11:41:33,cancelled,gift_card
6995,115,2024-05-22 22:47:03,completed,credit_card
6996,1756,2023-07-17 00:10:10,completed,debit_card
6997,875,2023-07-05 19:23:14,cancelled,bank_transfer
6998,1201,2024-11-01 04:04:44,completed,gift_card
6999,1585,2023-02-01 00:57:56,completed,bank_transfer
7000,221,2023-01-14 17:15:52,pending,debit_card
7001,1763,2022-07-16 23:13:40,returned,paypal
7002,1198,2024-10-18 16:44:11,completed,paypal
7003,1738,2024-08-26 20:36:29,pending,gift_card
7004,1718,2023-09-14 03:01:15,pending,debit_card
7005,175,2023-06-28 22:34:57,completed,bank_transfer
7006,1078,2024-07-26 12:31:06,pending,bank_transfer
7007,683,2022-03-12 14:41:23,completed,gift_card
7008,1043,2022-03-04 01:41:29,pending,bank_transfer
7009,787,2024-12-28 23:08:55,completed,debit_card
7010,1375,2024-08-20 19:14:33,pending,gift_card
7011,1873,2023-02-21 12:50:13,completed,gift_card
7012,694,2024-10-01 13:23:32,completed,paypal
7013,1793,2022-12-11 14:16:05,completed,bank_transfer
7014,2260,2022-07-16 10:45:07,completed,paypal
7015,2075,2022-10-02 00:32:19,pending,bank_transfer
7016,2111,2023-12-18 18:55:25,completed,debit_card
7017,1779,2024-07-16 11:21:09,completed,gift_card
7018,324,2024-07-02 02:15:19,completed,credit_card
7019,591,2023-03-05 14:55:00,cancelled,paypal
7020,1421,2024-11-10 07:59:16,pending,bank_transfer
7021,1971,2023-11-25 10:36:56,completed,gift_card
7022,2094,2022-10-21 21:56:58,returned,bank_transfer
7023,1401,2024-11-05 16:29:54,returned,credit_card
7024,1660,2023-06-27 23:38:20,completed,paypal
7025,1305,2023-09-27 03:16:45,returned,credit_card
7026,756,2024-12-13 10:41:07,completed,bank_transfer
7027,606,2023-06-12 07:15:38,cancelled,credit_card
7028,501,2023-08-03 18:22:19,completed,paypal
7029,2104,2024-05-28 11:14:02,completed,paypal
7030,774,2024-04-23 16:14:15,completed,gift_card
7031,1265,2023-12-30 16:51:54,cancelled,bank_transfer
7032,1423,2022-05-14 21:52:57,completed,paypal
7033,1860,2022-11-05 10:18:42,completed,gift_card
7034,1957,2023-05-31 23:11:11,completed,credit_card
7035,2088,2024-11-14 15:39:35,returned,bank_transfer
7036,703,2023-12-25 13:54:04,completed,gift_card
7037,368,2022-11-06 00:32:59,completed,bank_transfer
7038,822,2024-10-16 19:10:17,pending,bank_transfer
7039,2460,2024-02-13 16:53:00,completed,credit_card
7040,1662,2024-12-13 22:43:29,pending,bank_transfer
7041,1532,2024-03-13 08:32:01,pending,paypal
7042,534,2023-01-09 10:04:00,completed,bank_transfer
7043,595,2022-02-02 10:17:13,cancelled,paypal
7044,1250,2024-04-26 05:55:24,completed,paypal
7045,368,2022-09-11 13:10:39,cancelled,paypal
7046,1186,2024-11-13 21:50:27,returned,bank_transfer
7047,1258,2024-07-16 17:51:48,returned,gift_card
7048,835,2022-11-12 20:36:12,completed,credit_card
7049,351,2022-04-03 10:47:07,pending,debit_card
7050,1382,2024-06-26 02:59:24,cancelled,bank_transfer
7051,953,2023-09-26 22:59:20,returned,bank_transfer
7052,2093,2022-10-28 20:59:28,completed,bank_transfer
7053,572,2024-05-03 19:25:30,completed,bank_transfer
7054,1113,2022-03-23 23:35:44,pending,gift_card
7055,1833,2024-04-09 20:58:38,completed,bank_transfer
7056,131,2024-11-10 18:50:23,pending,paypal
7057,137,2024-02-14 08:52:44,completed,credit_card
7058,2372,2022-12-07 01:33:54,completed,debit_card
7059,916,2024-05-27 23:27:00,cancelled,paypal
7060,1224,2024-11-13 10:05:34,completed,paypal
7061,1899,2023-09-18 03:55:26,completed,bank_transfer
7062,1341,2023-02-26 11:11:25,cancelled,debit_card
7063,175,2023-02-21 17:23:45,completed,debit_card
7064,1068,2024-10-29 14:26:19,completed,paypal
7065,178,2024-08-19 02:08:41,completed,credit_card
7066,736,2022-05-20 17:53:22,completed,gift_card
7067,1072,2022-08-13 12:44:11,completed,gift_card
7068,263,2024-11-02 21:50:00,completed,credit_card
7069,634,2023-07-01 06:16:02,completed,debit_card
7070,1974,2022-03-10 05:29:28,completed,bank_transfer
7071,1786,2024-06-09 02:58:11,completed,paypal
7072,1371,2023-11-21 18:15:31,completed,debit_card
7073,2367,2022-09-13 04:33:41,cancelled,credit_card
7074,1924,2023-03-14 06:58:31,completed,credit_card
7075,559,2024-06-30 16:41:30,pending,credit_card
7076,626,2024-08-22 20:18:47,cancelled,bank_transfer
7077,1337,2023-01-26 16:15:43,completed,debit_card
7078,154,2023-11-13 10:27:36,returned,credit_card
7079,1705,2024-08-22 22:32:19,cancelled,gift_card
7080,351,2023-04-23 23:40:15,cancelled,credit_card
7081,387,2023-04-07 02:54:12,completed,bank_transfer
7082,1572,2024-06-30 15:00:33,completed,gift_card
7083,120,2022-10-21 19:13:12,completed,paypal
7084,2030,2022-11-18 02:50:35,pending,credit_card
7085,1074,2022-09-03 02:09:22,completed,paypal
7086,1834,2024-06-01 20:08:54,completed,paypal
7087,1857,2024-06-20 20:34:04,cancelled,paypal
7088,2228,2024-02-28 13:59:35,returned,credit_card
7089,1388,2024-11-03 19:34:06,pending,gift_card
7090,729,2023-06-15 22:22:10,completed,bank_transfer
7091,1309,2022-03-23 06:17:31,completed,bank_transfer
7092,1635,2024-07-10 07:24:46,completed,gift_card
7093,3,2023-09-15 21:43:14,completed,paypal
7094,2417,2023-11-30 17:03:13,returned,paypal
7095,1012,2022-01-11 18:08:59,completed,paypal
7096,1778,2022-11-05 05:06:20,completed,debit_card
7097,1893,2024-03-24 18:50:02,completed,paypal
7098,797,2022-12-30 11:41:06,completed,paypal
7099,2157,2022-03-12 21:26:58,returned,debit_card
7100,933,2024-06-26 14:27:09,completed,bank_transfer
7101,2070,2023-04-17 08:58:40,cancelled,debit_card
7102,697,2023-12-24 21:57:27,returned,credit_card
7103,2272,2024-10-09 15:12:32,completed,gift_card
7104,878,2023-04-11 15:51:39,cancelled,debit_card
7105,2193,2024-12-13 12:08:45,completed,gift_card
7106,1879,2023-09-26 04:56:32,cancelled,paypal
7107,1504,2024-11-01 06:37:08,completed,gift_card
7108,11,2024-08-22 16:15:21,completed,debit_card
7109,1486,2022-09-19 02:15:20,cancelled,bank_transfer
7110,583,2022-08-09 18:32:21,completed,paypal
7111,2238,2024-12-26 20:40:09,cancelled,gift_card
7112,14,2022-12-30 10:24:36,returned,paypal
7113,1553,2022-05-04 18:40:23,completed,paypal
7114,342,2022-03-25 09:44:03,pending,debit_card
7115,1210,2023-12-09 04:18:03,returned,paypal
7116,2353,2024-07-05 06:28:33,pending,bank_transfer
7117,1182,2022-10-09 01:16:34,completed,debit_card
7118,679,2024-02-04 22:46:32,pending,bank_transfer
7119,1708,2024-07-27 09:09:58,completed,bank_transfer
7120,919,2022-10-01 18:36:20,returned,bank_transfer
7121,402,2024-07-23 04:33:35,completed,debit_card
7122,559,2024-07-01 10:51:02,pending,bank_transfer
7123,405,2024-10-04 03:26:57,completed,credit_card
7124,2142,2024-10-03 06:19:22,completed,bank_transfer
7125,2359,2022-07-23 01:24:15,completed,gift_card
7126,1934,2024-04-20 22:30:18,cancelled,debit_card
7127,55,2023-01-28 10:21:43,pending,credit_card
7128,890,2023-12-31 15:06:24,completed,bank_transfer
7129,396,2023-07-02 08:03:06,completed,credit_card
7130,1154,2024-12-31 09:28:26,completed,debit_card
7131,2257,2024-10-01 01:59:11,completed,gift_card
7132,1771,2024-10-08 08:54:06,pending,bank_transfer
7133,1233,2024-06-23 14:01:31,cancelled,paypal
7134,1659,2024-09-21 12:49:06,pending,credit_card
7135,2427,2024-01-01 04:36:12,completed,debit_card
7136,1209,2024-12-31 00:33:15,returned,debit_card
7137,1011,2024-05-14 22:04:49,completed,paypal
7138,950,2022-02-20 00:57:05,completed,credit_card
7139,847,2023-09-19 04:20:11,cancelled,gift_card
7140,131,2022-08-29 16:05:52,completed,debit_card
7141,1584,2024-06-12 17:31:25,pending,paypal
7142,1584,2023-06-11 11:25:45,completed,credit_card
7143,55,2023-07-03 10:50:10,returned,paypal
7144,2185,2024-12-18 03:41:22,pending,debit_card
7145,611,2024-12-14 01:04:40,pending,debit_card
7146,763,2024-08-31 05:23:06,completed,gift_card
7147,240,2024-10-01 18:16:08,pending,gift_card
7148,2302,2024-10-29 01:53:35,completed,credit_card
7149,1133,2022-05-08 20:22:47,completed,paypal
7150,505,2024-09-11 16:19:07,completed,credit_card
7151,198,2023-10-02 02:15:33,completed,credit_card
7152,2390,2022-04-06 02:45:44,completed,credit_card
7153,1239,2022-07-02 06:16:17,completed,gift_card
7154,532,2024-12-01 09:41:46,completed,bank_transfer
7155,1926,2024-02-05 08:41:49,completed,bank_transfer
7156,1087,2024-01-19 12:43:01,pending,credit_card
7157,1537,2024-11-22 14:54:19,returned,credit_card
7158,2372,2024-03-18 09:20:34,completed,paypal
7159,250,2023-09-20 13:06:04,completed,debit_card
7160,1291,2024-12-27 09:15:20,completed,credit_card
7161,1540,2024-06-14 15:26:09,cancelled,paypal
7162,2239,2022-05-10 13:57:59,cancelled,gift_card
7163,1547,2022-01-11 17:42:03,completed,bank_transfer
7164,1154,2024-12-23 02:52:07,cancelled,debit_card
7165,295,2023-05-12 03:06:54,cancelled,gift_card
7166,199,2024-08-17 06:45:19,cancelled,gift_card
7167,1573,2024-11-22 12:56:45,pending,credit_card
7168,1601,2024-01-27 23:38:43,cancelled,bank_transfer
7169,1635,2023-06-23 08:29:34,cancelled,credit_card
7170,1698,2023-04-03 22:20:24,completed,debit_card
7171,1363,2024-09-27 00:40:52,completed,debit_card
7172,13,2024-08-04 02:41:49,completed,credit_card
7173,307,2023-09-11 15:03:36,completed,gift_card
7174,2381,2024-01-14 06:16:28,completed,credit_card
7175,1455,2024-11-15 00:06:59,completed,credit_card
7176,2192,2022-08-19 21:01:18,completed,gift_card
7177,2215,2023-09-06 11:01:32,returned,credit_card
7178,610,2024-08-10 23:23:49,completed,gift_card
7179,1510,2023-02-25 09:50:28,completed,credit_card
7180,199,2024-12-18 14:58:51,cancelled,credit_card
7181,1060,2023-06-05 05:35:46,cancelled,debit_card
7182,1834,2022-07-01 17:15:18,cancelled,paypal
7183,2369,2022-01-31 21:55:03,cancelled,credit_card
7184,1939,2024-10-22 18:24:19,completed,debit_card
7185,1206,2024-10-09 23:29:55,returned,gift_card
7186,1294,2023-09-23 03:36:31,pending,bank_transfer
7187,1493,2022-07-22 16:53:15,completed,credit_card
7188,1831,2022-07-09 09:01:37,completed,paypal
7189,2479,2024-05-23 05:47:52,completed,credit_card
7190,1846,2023-02-27 17:14:17,pending,debit_card
7191,1702,2024-07-09 04:01:04,cancelled,debit_card
7192,1513,2023-06-27 09:02:11,completed,debit_card
7193,2036,2023-11-16 09:04:23,completed,gift_card
7194,1100,2024-06-16 01:23:37,completed,paypal
7195,1233,2022-07-08 17:18:45,completed,bank_transfer
7196,2295,2023-07-20 23:41:03,completed,credit_card
7197,432,2024-05-13 09:59:19,cancelled,debit_card
7198,680,2024-09-12 19:17:20,pending,gift_card
7199,1476,2023-11-18 02:00:02,completed,paypal
7200,658,2024-09-20 22:14:37,completed,credit_card
7201,1896,2022-11-16 07:17:04,completed,debit_card
7202,1490,2024-12-28 20:32:08,completed,paypal
7203,2214,2024-03-21 06:57:46,cancelled,debit_card
7204,270,2023-03-11 13:16:57,cancelled,credit_card
7205,94,2023-12-17 10:11:04,returned,paypal
7206,977,2024-06-27 14:39:49,completed,credit_card
7207,1212,2022-09-24 19:53:11,pending,debit_card
7208,1863,2024-01-23 14:31:39,cancelled,gift_card
7209,1819,2024-06-05 20:15:12,completed,bank_transfer
7210,1333,2024-06-07 16:56:00,returned,gift_card
7211,1787,2024-06-19 01:22:52,pending,credit_card
7212,318,2023-10-21 23:41:29,returned,paypal
7213,2140,2024-12-25 10:35:47,returned,gift_card
7214,2248,2023-03-20 17:38:28,completed,bank_transfer
7215,741,2023-08-17 19:45:16,completed,bank_transfer
7216,518,2024-04-13 11:13:24,completed,paypal
7217,1977,2024-06-19 05:37:16,pending,debit_card
7218,2499,2022-12-11 22:27:56,completed,bank_transfer
7219,1978,2023-07-29 04:36:34,pending,debit_card
7220,1812,2024-12-30 15:05:58,pending,paypal
7221,1125,2022-11-25 10:32:39,cancelled,paypal
7222,1306,2023-12-30 06:23:14,returned,credit_card
7223,2393,2023-08-25 11:31:05,cancelled,debit_card
7224,907,2023-03-28 11:37:51,completed,credit_card
7225,69,2024-09-24 13:27:06,completed,gift_card
7226,2440,2022-11-13 17:21:17,returned,bank_transfer
7227,700,2024-10-24 23:51:29,completed,debit_card
7228,1257,2023-02-19 06:43:55,completed,debit_card
7229,1015,2024-12-01 09:50:26,cancelled,gift_card
7230,1840,2023-08-21 21:30:49,pending,paypal
7231,218,2023-05-01 07:47:37,completed,paypal
7232,1772,2024-03-23 19:21:25,completed,paypal
7233,1403,2024-01-08 17:52:24,completed,bank_transfer
7234,705,2022-02-27 14:00:51,completed,paypal
7235,875,2024-08-20 02:57:35,cancelled,gift_card
7236,1674,2024-07-29 02:06:54,pending,gift_card
7237,1870,2023-06-17 22:49:52,completed,gift_card
7238,123,2024-02-18 13:58:25,completed,paypal
7239,1508,2024-09-26 20:24:49,cancelled,debit_card
7240,63,2024-03-24 04:25:18,cancelled,credit_card
7241,2125,2022-05-26 20:54:03,cancelled,credit_card
7242,1968,2023-08-16 11:47:26,returned,credit_card
7243,1104,2024-12-22 18:17:46,completed,credit_card
7244,686,2024-07-03 11:23:41,completed,bank_transfer
7245,1726,2022-12-21 06:39:21,completed,credit_card
7246,34,2023-08-30 17:19:59,returned,debit_card
7247,2461,2022-08-15 03:55:59,completed,credit_card
7248,1671,2024-03-26 08:36:49,completed,gift_card
7249,175,2022-11-06 02:54:39,returned,gift_card
7250,363,2023-10-10 19:33:28,completed,bank_transfer
7251,2357,2024-02-18 22:21:45,completed,bank_transfer
7252,384,2023-04-11 07:08:39,cancelled,debit_card
7253,2230,2024-04-20 08:53:23,completed,paypal
7254,201,2024-11-24 05:28:59,returned,bank_transfer
7255,1475,2024-04-16 13:25:15,completed,credit_card
7256,597,2024-02-16 07:08:32,completed,gift_card
7257,1649,2024-07-29 20:25:39,cancelled,bank_transfer
7258,2394,2024-07-26 16:18:39,returned,credit_card
7259,1337,2023-05-15 07:53:21,cancelled,paypal
7260,2215,2022-07-06 09:00:02,returned,debit_card
7261,168,2024-07-03 14:57:50,completed,gift_card
7262,2055,2024-01-08 04:02:28,cancelled,debit_card
7263,210,2023-07-20 22:33:21,cancelled,credit_card
7264,949,2023-04-11 11:05:05,completed,gift_card
7265,1794,2022-12-25 16:38:30,completed,paypal
7266,234,2023-02-10 07:10:40,cancelled,gift_card
7267,898,2023-08-29 01:09:09,completed,gift_card
7268,114,2024-04-07 10:33:26,cancelled,paypal
7269,1526,2022-09-06 07:00:41,completed,bank_transfer
7270,1051,2022-02-12 17:08:03,completed,gift_card
7271,2330,2023-10-29 19:37:59,completed,credit_card
7272,1804,2024-12-13 12:50:12,completed,bank_transfer
7273,1449,2023-08-03 15:29:21,returned,gift_card
7274,1111,2024-07-05 10:25:12,completed,paypal
7275,2352,2022-03-10 17:00:54,completed,paypal
7276,1361,2023-10-28 00:16:16,cancelled,paypal
7277,1127,2023-07-15 06:47:51,cancelled,gift_card
7278,2056,2024-09-28 02:46:58,completed,gift_card
7279,1910,2023-11-23 06:19:36,returned,bank_transfer
7280,2036,2024-05-31 20:50:11,completed,bank_transfer
7281,2053,2024-10-23 00:24:37,completed,debit_card
7282,346,2023-12-23 00:58:55,completed,gift_card
7283,1179,2023-03-20 20:23:58,completed,credit_card
7284,2079,2024-02-17 03:55:40,returned,debit_card
7285,1857,2024-09-25 05:57:19,pending,gift_card
7286,1025,2024-12-06 13:35:47,pending,debit_card
7287,11,2023-06-30 23:15:52,returned,debit_card
7288,2239,2023-03-04 22:21:29,completed,credit_card
7289,2249,2022-08-12 03:49:55,cancelled,bank_transfer
7290,1942,2023-10-07 21:41:52,completed,paypal
7291,895,2024-12-09 08:54:16,cancelled,paypal
7292,1135,2024-12-07 09:19:52,completed,gift_card
7293,1264,2023-09-03 21:32:32,cancelled,debit_card
7294,152,2024-06-21 04:35:51,completed,bank_transfer
7295,608,2024-07-25 17:51:54,completed,debit_card
7296,2214,2022-12-26 14:25:39,completed,paypal
7297,2170,2022-11-10 12:54:36,returned,paypal
7298,770,2023-07-18 01:45:27,completed,credit_card
7299,2047,2024-07-28 11:44:50,completed,gift_card
7300,2457,2024-12-04 22:29:19,completed,debit_card
7301,1853,2023-12-07 13:16:19,completed,paypal
7302,2148,2024-01-20 16:57:16,pending,debit_card
7303,2151,2024-03-05 03:29:56,returned,debit_card
7304,591,2022-08-11 13:25:51,pending,credit_card
7305,370,2024-10-29 16:22:06,returned,debit_card
7306,1296,2023-10-23 13:38:37,returned,debit_card
7307,2065,2024-02-16 14:02:35,returned,paypal
7308,702,2022-10-24 22:31:27,returned,credit_card
7309,1361,2023-12-06 14:53:22,completed,paypal
7310,795,2023-01-24 22:14:02,cancelled,gift_card
7311,1522,2024-09-08 16:56:40,cancelled,debit_card
7312,8,2024-03-27 19:06:56,completed,debit_card
7313,1964,2024-09-01 06:52:13,pending,bank_transfer
7314,1531,2023-04-04 11:39:01,completed,bank_transfer
7315,1905,2022-08-22 13:37:34,cancelled,gift_card
7316,2303,2022-03-06 13:34:13,cancelled,paypal
7317,474,2023-05-27 05:21:46,returned,bank_transfer
7318,1965,2024-10-20 05:18:39,completed,paypal
7319,270,2022-01-22 17:43:50,completed,debit_card
7320,506,2024-06-24 10:41:51,completed,paypal
7321,1563,2022-06-08 00:31:08,completed,gift_card
7322,192,2024-05-10 02:51:19,pending,bank_transfer
7323,1334,2023-01-01 18:36:32,completed,credit_card
7324,149,2023-09-30 11:17:21,pending,paypal
7325,1108,2024-01-15 09:25:58,completed,gift_card
7326,1159,2024-06-06 16:28:24,completed,credit_card
7327,296,2023-12-23 18:37:58,cancelled,gift_card
7328,2496,2024-11-18 00:38:39,pending,bank_transfer
7329,1908,2023-02-19 14:13:30,pending,credit_card
7330,1996,2023-01-10 08:12:25,pending,paypal
7331,796,2024-08-01 21:32:03,completed,debit_card
7332,255,2024-11-28 16:09:41,cancelled,paypal
7333,682,2022-09-30 21:10:10,completed,paypal
7334,1413,2022-01-05 20:12:14,completed,paypal
7335,919,2023-02-01 18:47:23,completed,paypal
7336,817,2023-09-02 01:35:05,completed,debit_card
7337,635,2022-06-10 04:14:06,cancelled,bank_transfer
7338,1929,2024-11-24 07:32:28,completed,gift_card
7339,1605,2024-02-12 08:41:01,cancelled,paypal
7340,765,2023-07-24 15:02:25,completed,paypal
7341,1141,2024-07-14 09:11:00,returned,bank_transfer
7342,346,2023-12-08 04:45:27,completed,paypal
7343,2360,2024-03-19 04:46:58,completed,debit_card
7344,320,2022-12-26 06:17:30,completed,debit_card
7345,108,2023-08-31 18:19:54,completed,paypal
7346,1995,2023-03-25 05:04:38,completed,debit_card
7347,192,2024-11-20 09:26:35,cancelled,paypal
7348,551,2022-01-04 06:42:14,returned,gift_card
7349,133,2023-08-03 08:51:51,completed,credit_card
7350,1603,2024-11-28 09:56:06,completed,gift_card
7351,2265,2024-12-31 01:24:51,completed,credit_card
7352,1457,2022-03-24 17:33:57,completed,credit_card
7353,811,2024-05-21 21:29:06,cancelled,paypal
7354,617,2024-11-15 21:16:06,returned,debit_card
7355,1103,2022-12-09 14:38:13,completed,debit_card
7356,534,2024-12-26 22:23:14,cancelled,bank_transfer
7357,886,2023-04-09 05:17:02,completed,gift_card
7358,900,2024-05-31 04:14:40,pending,debit_card
7359,2078,2022-09-03 10:15:40,pending,gift_card
7360,413,2024-04-01 06:23:16,returned,gift_card
7361,581,2022-12-05 12:44:17,completed,credit_card
7362,1886,2024-01-03 05:34:16,completed,bank_transfer
7363,101,2022-08-18 19:02:10,completed,gift_card
7364,2476,2023-04-12 01:12:52,cancelled,gift_card
7365,832,2024-11-07 09:05:26,completed,paypal
7366,1249,2023-02-07 20:26:45,returned,paypal
7367,135,2022-04-04 00:12:21,completed,bank_transfer
7368,2460,2022-07-04 06:32:55,completed,bank_transfer
7369,364,2023-03-05 02:46:51,returned,bank_transfer
7370,2474,2023-01-20 06:21:15,pending,gift_card
7371,1779,2024-03-30 20:15:46,completed,gift_card
7372,1755,2024-10-30 20:48:17,cancelled,bank_transfer
7373,2422,2023-12-06 06:38:01,completed,bank_transfer
7374,2289,2022-01-31 06:17:15,cancelled,paypal
7375,1218,2024-10-14 21:27:16,pending,gift_card
7376,615,2022-12-27 22:01:08,completed,credit_card
7377,532,2022-01-17 03:17:09,completed,paypal
7378,316,2022-10-12 15:00:43,cancelled,bank_transfer
7379,150,2023-12-02 02:43:34,cancelled,credit_card
7380,674,2024-03-22 16:39:46,completed,bank_transfer
7381,1274,2022-12-21 12:13:57,cancelled,debit_card
7382,2484,2024-08-26 08:16:37,completed,bank_transfer
7383,1163,2023-10-04 22:25:52,completed,credit_card
7384,996,2022-01-10 10:36:15,cancelled,paypal
7385,491,2022-07-07 22:28:47,cancelled,bank_transfer
7386,2120,2024-08-10 13:29:34,cancelled,bank_transfer
7387,1054,2023-02-25 02:14:34,completed,debit_card
7388,1399,2022-08-25 03:54:34,completed,gift_card
7389,2217,2024-08-20 02:36:30,cancelled,debit_card
7390,1436,2022-12-04 17:43:23,completed,paypal
7391,711,2022-12-22 23:30:34,completed,bank_transfer
7392,1456,2022-11-08 07:12:56,completed,gift_card
7393,1220,2024-07-26 14:36:23,returned,debit_card
7394,1631,2023-07-02 20:07:55,cancelled,paypal
7395,2176,2023-10-10 17:05:46,completed,gift_card
7396,489,2024-05-11 23:21:46,completed,credit_card
7397,2189,2024-09-18 19:14:03,completed,debit_card
7398,2450,2022-09-28 23:17:26,returned,debit_card
7399,1655,2023-05-12 14:59:58,cancelled,paypal
7400,1649,2024-02-25 14:30:23,completed,paypal
7401,638,2022-01-14 05:59:13,pending,paypal
7402,2166,2024-08-31 18:24:07,completed,debit_card
7403,2305,2024-08-17 15:04:50,pending,gift_card
7404,1929,2024-09-20 05:29:38,completed,debit_card
7405,606,2024-01-08 18:19:53,completed,paypal
7406,266,2023-04-18 08:24:49,completed,paypal
7407,852,2024-06-25 09:48:48,completed,gift_card
7408,66,2023-06-14 07:50:49,completed,bank_transfer
7409,89,2024-11-09 15:46:28,completed,gift_card
7410,1592,2024-04-12 00:49:12,cancelled,credit_card
7411,2239,2024-11-23 09:18:46,completed,credit_card
7412,1038,2024-07-03 13:52:20,completed,gift_card
7413,1050,2023-03-12 20:08:27,completed,gift_card
7414,186,2024-12-05 03:42:40,completed,debit_card
7415,1715,2023-11-07 02:30:54,completed,credit_card
7416,1082,2023-09-02 08:26:13,completed,bank_transfer
7417,685,2023-09-09 23:41:59,completed,debit_card
7418,1445,2024-05-05 19:49:40,cancelled,credit_card
7419,2439,2022-04-25 08:56:39,completed,gift_card
7420,788,2023-05-09 15:52:18,completed,bank_transfer
7421,477,2022-01-15 16:42:43,completed,credit_card
7422,1495,2023-07-14 18:37:07,completed,paypal
7423,2263,2022-09-22 17:45:37,completed,bank_transfer
7424,1948,2024-06-09 06:50:02,cancelled,debit_card
7425,2117,2024-03-04 16:28:06,pending,credit_card
7426,2084,2023-12-27 00:15:07,completed,paypal
7427,2157,2022-04-23 11:45:09,completed,paypal
7428,2221,2023-01-07 19:53:35,completed,gift_card
7429,638,2023-09-29 09:48:55,cancelled,paypal
7430,372,2024-02-14 08:09:17,pending,gift_card
7431,1844,2023-07-11 20:41:30,completed,credit_card
7432,1860,2023-01-12 09:52:07,returned,bank_transfer
7433,576,2024-02-15 09:07:14,cancelled,paypal
7434,624,2022-09-30 09:14:15,completed,debit_card
7435,2471,2023-08-31 20:51:07,pending,paypal
7436,1182,2022-04-03 11:11:37,completed,bank_transfer
7437,1798,2023-07-19 22:21:54,completed,credit_card
7438,1546,2024-08-09 08:09:42,completed,credit_card
7439,1875,2023-02-08 15:41:06,pending,paypal
7440,178,2024-06-09 12:22:43,returned,credit_card
7441,957,2023-11-26 12:34:32,completed,gift_card
7442,810,2023-06-06 13:33:44,cancelled,credit_card
7443,1529,2022-08-15 01:55:12,pending,gift_card
7444,1073,2024-10-25 11:00:52,completed,bank_transfer
7445,82,2022-12-28 23:15:33,completed,credit_card
7446,163,2022-08-24 19:00:16,pending,paypal
7447,1469,2024-07-10 17:54:45,returned,paypal
7448,240,2024-12-03 11:03:35,completed,paypal
7449,686,2024-07-21 05:55:25,cancelled,credit_card
7450,1076,2023-05-30 16:02:55,completed,gift_card
7451,1567,2022-06-18 09:59:31,completed,debit_card
7452,1133,2024-11-22 02:37:12,returned,gift_card
7453,94,2023-04-05 04:41:39,completed,gift_card
7454,858,2023-06-20 07:23:28,completed,bank_transfer
7455,478,2023-11-12 18:39:14,returned,credit_card
7456,887,2022-05-31 16:40:03,completed,paypal
7457,1212,2024-05-18 07:19:45,completed,paypal
7458,125,2022-09-18 02:18:51,pending,debit_card
7459,1193,2024-05-08 05:02:05,completed,paypal
7460,1524,2023-11-12 18:25:58,completed,paypal
7461,1487,2024-10-09 13:26:26,returned,debit_card
7462,497,2023-01-30 21:19:40,completed,credit_card
7463,483,2023-03-29 13:21:47,completed,credit_card
7464,513,2022-12-21 05:43:22,pending,debit_card
7465,1292,2023-09-04 08:02:19,completed,gift_card
7466,432,2024-12-10 16:59:00,completed,gift_card
7467,1174,2023-02-20 21:41:07,completed,bank_transfer
7468,1940,2024-01-23 02:50:57,completed,debit_card
7469,960,2023-06-20 21:44:05,completed,debit_card
7470,112,2023-07-31 15:34:03,completed,credit_card
7471,60,2024-08-22 01:16:39,completed,paypal
7472,1218,2024-06-10 20:00:38,completed,gift_card
7473,127,2024-08-28 02:33:55,completed,credit_card
7474,2497,2024-12-24 18:39:20,completed,credit_card
7475,1741,2024-07-04 22:38:14,completed,paypal
7476,1549,2022-12-10 23:00:10,pending,gift_card
7477,1832,2023-02-02 04:15:45,cancelled,debit_card
7478,2482,2024-08-12 00:51:33,returned,paypal
7479,140,2023-08-01 08:12:34,completed,bank_transfer
7480,1099,2024-04-16 12:33:37,completed,debit_card
7481,1195,2024-01-07 20:44:17,pending,bank_transfer
7482,648,2022-01-14 15:57:49,completed,credit_card
7483,1116,2024-12-20 07:31:35,completed,paypal
7484,567,2024-12-06 11:25:25,cancelled,paypal
7485,1510,2022-08-24 06:42:30,pending,gift_card
7486,250,2023-03-09 14:43:09,cancelled,credit_card
7487,2212,2023-06-10 18:14:11,completed,gift_card
7488,2443,2022-10-19 18:06:05,pending,credit_card
7489,1932,2024-06-09 00:21:11,returned,debit_card
7490,1473,2023-11-26 07:05:55,completed,gift_card
7491,1864,2024-12-19 10:06:00,returned,bank_transfer
7492,597,2024-11-07 14:56:03,returned,gift_card
7493,1176,2022-07-11 00:19:43,returned,debit_card
7494,2336,2024-08-31 17:59:19,completed,debit_card
7495,1552,2024-01-31 20:16:24,cancelled,credit_card
7496,427,2024-04-10 10:14:41,returned,debit_card
7497,461,2023-07-14 15:19:53,cancelled,debit_card
7498,1402,2024-07-03 02:20:28,returned,bank_transfer
7499,1721,2024-06-06 19:06:18,completed,debit_card
7500,2466,2022-11-20 16:18:24,completed,paypal
7501,117,2022-09-07 11:45:51,pending,debit_card
7502,867,2022-11-21 10:59:29,returned,credit_card
7503,139,2024-02-27 09:20:53,completed,debit_card
7504,73,2024-07-21 07:30:06,returned,gift_card
7505,135,2022-10-23 23:30:43,pending,bank_transfer
7506,2320,2024-06-12 05:30:31,cancelled,credit_card
7507,1230,2023-01-06 01:37:58,completed,debit_card
7508,1142,2024-11-30 22:21:18,completed,credit_card
7509,288,2022-06-22 08:31:00,completed,gift_card
7510,2150,2024-11-11 10:32:14,completed,debit_card
7511,431,2023-03-14 02:52:03,returned,paypal
7512,1603,2024-04-04 00:06:34,completed,paypal
7513,285,2024-01-21 22:05:21,completed,paypal
7514,375,2023-04-16 13:13:50,completed,debit_card
7515,562,2024-08-01 08:12:56,completed,debit_card
7516,2120,2023-10-10 22:09:52,pending,debit_card
7517,2414,2024-05-26 09:56:16,pending,bank_transfer
7518,547,2024-03-01 23:21:16,cancelled,credit_card
7519,971,2022-10-03 19:47:05,completed,bank_transfer
7520,1391,2022-06-26 16:17:01,completed,gift_card
7521,691,2023-05-03 21:15:22,completed,debit_card
7522,1498,2024-05-09 21:01:34,completed,bank_transfer
7523,437,2023-08-19 06:10:08,completed,debit_card
7524,1628,2024-04-26 07:56:10,returned,paypal
7525,787,2023-02-02 01:07:05,cancelled,paypal
7526,904,2022-07-20 04:16:32,cancelled,debit_card
7527,2482,2024-09-30 13:02:50,completed,credit_card
7528,436,2022-03-26 14:53:08,cancelled,paypal
7529,2101,2024-09-03 15:49:06,pending,paypal
7530,1814,2023-12-25 13:52:48,completed,paypal
7531,1922,2022-07-22 11:14:22,completed,paypal
7532,2426,2022-06-12 08:13:39,completed,paypal
7533,1626,2024-11-22 15:14:06,completed,debit_card
7534,1169,2024-02-29 15:49:53,completed,credit_card
7535,1618,2023-12-12 04:53:32,completed,bank_transfer
7536,631,2024-12-16 14:13:36,completed,paypal
7537,1602,2023-07-02 21:48:51,completed,credit_card
7538,1390,2022-07-07 03:40:55,completed,debit_card
7539,365,2024-05-01 17:51:22,completed,gift_card
7540,2272,2024-12-02 18:22:24,cancelled,credit_card
7541,896,2024-12-23 11:15:40,completed,debit_card
7542,1481,2024-12-28 22:57:05,cancelled,credit_card
7543,1498,2024-10-05 04:36:29,completed,debit_card
7544,1538,2023-06-22 22:32:15,pending,gift_card
7545,1959,2023-04-20 05:43:32,pending,paypal
7546,392,2022-11-03 08:42:29,completed,debit_card
7547,405,2024-10-02 14:04:46,completed,credit_card
7548,968,2024-10-19 07:22:17,cancelled,bank_transfer
7549,202,2022-07-11 06:30:26,pending,bank_transfer
7550,1578,2022-08-13 20:08:02,completed,gift_card
7551,1217,2024-08-12 07:31:00,completed,debit_card
7552,1164,2024-02-17 09:05:17,pending,gift_card
7553,56,2023-11-21 14:38:42,pending,gift_card
7554,1533,2024-09-29 19:30:40,completed,gift_card
7555,2248,2022-11-14 00:26:40,completed,debit_card
7556,1352,2024-11-11 17:44:41,completed,paypal
7557,1056,2024-10-11 09:57:39,returned,bank_transfer
7558,2151,2024-11-26 05:30:55,returned,bank_transfer
7559,1919,2023-07-03 10:46:24,completed,gift_card
7560,181,2023-06-17 17:42:57,completed,gift_card
7561,1172,2023-09-04 05:53:42,completed,credit_card
7562,644,2022-01-26 16:21:11,completed,bank_transfer
7563,802,2023-10-01 12:06:20,completed,debit_card
7564,1640,2023-02-22 00:31:28,completed,debit_card
7565,1694,2024-06-02 03:37:29,cancelled,debit_card
7566,1299,2022-07-21 05:01:09,completed,debit_card
7567,1599,2023-05-29 11:08:08,completed,paypal
7568,2406,2023-01-13 13:25:50,returned,paypal
7569,220,2023-04-27 13:11:09,completed,debit_card
7570,1408,2022-12-23 16:31:58,completed,credit_card
7571,613,2024-03-27 05:58:01,returned,debit_card
7572,2339,2023-04-13 10:13:27,completed,credit_card
7573,1876,2024-07-07 00:57:24,returned,debit_card
7574,2013,2022-05-18 05:43:31,completed,credit_card
7575,1599,2023-06-04 14:57:54,cancelled,credit_card
7576,1792,2024-09-25 12:03:28,cancelled,debit_card
7577,1577,2024-10-31 17:56:01,completed,debit_card
7578,833,2022-12-27 07:36:26,returned,debit_card
7579,2208,2024-09-18 13:31:02,pending,paypal
7580,915,2023-12-24 08:34:55,returned,credit_card
7581,2273,2022-08-21 00:14:26,pending,paypal
7582,2050,2024-02-22 13:24:51,cancelled,gift_card
7583,83,2024-02-29 07:23:37,completed,bank_transfer
7584,484,2022-11-17 05:06:54,completed,gift_card
7585,329,2024-12-07 10:48:39,pending,debit_card
7586,2224,2023-12-05 20:00:08,completed,credit_card
7587,329,2023-06-01 07:55:17,completed,bank_transfer
7588,990,2022-08-29 08:53:44,cancelled,debit_card
7589,857,2022-04-26 11:06:23,returned,credit_card
7590,1924,2024-01-13 02:16:30,completed,paypal
7591,163,2022-12-15 05:08:47,completed,bank_transfer
7592,1877,2024-08-23 17:09:28,completed,debit_card
7593,1274,2023-10-23 10:56:28,completed,debit_card
7594,1465,2024-04-05 10:05:02,completed,paypal
7595,1719,2023-09-30 05:29:32,pending,gift_card
7596,94,2023-04-07 09:27:13,completed,credit_card
7597,1914,2023-12-16 19:42:50,returned,paypal
7598,1532,2023-09-10 03:11:51,completed,credit_card
7599,2297,2024-10-10 12:05:11,returned,gift_card
7600,1648,2024-08-01 01:14:01,completed,gift_card
7601,1788,2024-11-22 00:45:34,completed,gift_card
7602,880,2024-07-01 09:40:28,completed,credit_card
7603,1695,2023-08-08 03:07:37,returned,paypal
7604,2114,2022-05-20 22:16:52,cancelled,credit_card
7605,1184,2023-10-02 18:50:36,completed,bank_transfer
7606,2011,2022-05-20 10:59:08,completed,bank_transfer
7607,1892,2023-03-25 20:53:26,returned,debit_card
7608,2107,2024-08-24 18:12:04,cancelled,gift_card
7609,2216,2023-08-13 16:26:58,cancelled,bank_transfer
7610,1272,2023-11-09 19:25:01,completed,gift_card
7611,466,2024-02-09 05:59:42,completed,bank_transfer
7612,719,2024-12-21 07:16:52,cancelled,paypal
7613,407,2024-10-11 04:19:55,completed,credit_card
7614,875,2022-01-25 11:35:52,completed,paypal
7615,2152,2024-09-07 19:52:27,returned,bank_transfer
7616,560,2023-09-27 15:51:15,cancelled,bank_transfer
7617,2186,2022-09-19 23:18:35,completed,credit_card
7618,1847,2023-10-26 15:48:24,completed,credit_card
7619,1970,2024-11-18 21:07:53,completed,bank_transfer
7620,1906,2023-11-05 17:49:17,completed,debit_card
7621,230,2023-11-11 03:57:29,cancelled,gift_card
7622,1561,2022-06-28 15:52:44,returned,gift_card
7623,1410,2023-06-25 04:52:52,completed,paypal
7624,2248,2024-03-05 21:05:11,cancelled,debit_card
7625,688,2023-12-13 13:21:47,completed,debit_card
7626,406,2024-01-15 02:40:58,cancelled,bank_transfer
7627,1151,2024-12-05 22:48:28,completed,paypal
7628,1309,2024-05-19 16:46:49,pending,paypal
7629,2167,2022-12-09 22:09:28,completed,debit_card
7630,1843,2023-11-15 22:10:32,completed,debit_card
7631,114,2024-08-11 08:45:38,returned,paypal
7632,584,2023-12-09 08:38:47,completed,debit_card
7633,738,2023-12-02 13:40:14,completed,credit_card
7634,1887,2022-07-22 13:40:01,pending,debit_card
7635,2058,2023-09-02 03:11:13,completed,paypal
7636,252,2023-03-21 18:11:48,completed,debit_card
7637,2322,2024-11-17 18:14:32,returned,gift_card
7638,1724,2022-09-06 19:31:28,completed,bank_transfer
7639,1691,2023-06-18 17:16:15,completed,bank_transfer
7640,1242,2024-03-28 16:46:23,returned,bank_transfer
7641,1218,2022-01-04 02:06:39,pending,paypal
7642,686,2024-11-16 17:02:45,pending,gift_card
7643,226,2023-12-12 19:02:09,completed,paypal
7644,2037,2024-01-19 16:24:15,completed,bank_transfer
7645,161,2023-07-23 12:10:55,pending,credit_card
7646,403,2024-06-11 07:50:32,returned,credit_card
7647,1085,2023-07-13 07:23:50,pending,gift_card
7648,88,2023-07-16 18:56:32,returned,debit_card
7649,1059,2023-12-30 09:40:14,completed,debit_card
7650,2145,2023-05-07 15:52:27,pending,bank_transfer
7651,2214,2023-02-23 15:14:38,cancelled,bank_transfer
7652,517,2023-05-08 15:41:27,completed,debit_card
7653,2020,2023-12-02 07:47:54,completed,bank_transfer
7654,1694,2023-01-28 20:04:07,completed,bank_transfer
7655,1501,2023-02-28 05:37:35,completed,debit_card
7656,539,2024-01-22 14:35:36,returned,paypal
7657,2427,2023-05-20 23:02:38,cancelled,credit_card
7658,1478,2024-09-12 13:06:08,completed,gift_card
7659,2111,2024-09-05 09:02:27,pending,debit_card
7660,721,2023-06-17 21:40:50,cancelled,debit_card
7661,652,2023-08-12 04:31:36,cancelled,credit_card
7662,1239,2022-09-29 00:52:02,cancelled,debit_card
7663,391,2024-11-07 15:41:23,completed,credit_card
7664,1480,2024-06-23 10:53:03,pending,debit_card
7665,1540,2024-09-12 13:57:08,returned,bank_transfer
7666,1473,2024-04-11 09:27:28,cancelled,paypal
7667,1421,2023-02-09 00:49:15,cancelled,gift_card
7668,1709,2022-05-25 20:25:28,completed,debit_card
7669,567,2023-04-27 22:33:35,completed,debit_card
7670,1068,2023-06-05 04:10:27,completed,gift_card
7671,863,2023-04-14 00:26:15,completed,bank_transfer
7672,473,2024-09-05 12:40:15,completed,debit_card
7673,1426,2024-07-15 21:29:39,completed,paypal
7674,1793,2024-10-30 06:31:17,completed,bank_transfer
7675,451,2024-02-22 22:18:06,completed,bank_transfer
7676,1988,2022-12-28 08:24:02,completed,paypal
7677,413,2024-06-28 16:10:42,returned,credit_card
7678,827,2024-12-26 00:39:40,pending,credit_card
7679,507,2022-12-24 13:41:15,cancelled,credit_card
7680,1810,2024-07-25 01:35:36,cancelled,gift_card
7681,62,2024-09-06 17:36:08,cancelled,gift_card
7682,1016,2024-03-27 22:29:39,cancelled,paypal
7683,1237,2024-12-17 08:31:49,completed,bank_transfer
7684,2016,2023-04-30 01:09:20,completed,credit_card
7685,1127,2022-10-18 11:58:40,completed,bank_transfer
7686,2375,2022-02-28 17:08:03,completed,gift_card
7687,1459,2024-11-04 01:40:54,returned,credit_card
7688,287,2023-12-28 09:12:16,completed,debit_card
7689,90,2023-02-16 07:15:34,completed,bank_transfer
7690,293,2023-04-30 16:05:55,pending,bank_transfer
7691,2394,2023-02-08 04:40:06,completed,credit_card
7692,1033,2022-06-15 11:02:01,returned,credit_card
7693,421,2024-02-13 22:57:01,returned,credit_card
7694,1237,2023-12-29 13:42:52,completed,bank_transfer
7695,1268,2024-04-29 03:54:04,completed,paypal
7696,440,2023-07-18 18:50:03,completed,bank_transfer
7697,2209,2022-03-04 07:02:08,cancelled,paypal
7698,2354,2024-10-01 11:36:51,returned,credit_card
7699,286,2022-02-03 22:33:14,cancelled,bank_transfer
7700,1477,2024-04-16 02:03:50,cancelled,gift_card
7701,1429,2023-02-21 05:09:46,completed,debit_card
7702,1324,2024-07-07 12:42:44,completed,debit_card
7703,430,2023-08-25 04:23:51,completed,paypal
7704,1815,2024-03-02 09:40:17,pending,paypal
7705,2047,2023-08-07 05:20:45,completed,credit_card
7706,1426,2023-04-28 23:37:47,returned,bank_transfer
7707,915,2023-10-08 14:23:49,completed,credit_card
7708,575,2022-07-25 05:12:08,completed,paypal
7709,420,2023-03-17 23:05:02,completed,debit_card
7710,493,2024-08-12 18:59:14,completed,paypal
7711,2277,2022-08-05 03:01:03,completed,gift_card
7712,733,2022-08-22 15:50:44,completed,credit_card
7713,2039,2024-04-08 04:45:39,completed,credit_card
7714,1719,2024-11-30 02:45:48,completed,credit_card
7715,9,2024-10-04 22:02:13,completed,paypal
7716,1519,2022-02-05 10:23:42,completed,debit_card
7717,2481,2024-07-07 04:46:23,completed,debit_card
7718,1066,2022-09-30 12:11:22,completed,gift_card
7719,1427,2024-09-14 16:58:20,completed,bank_transfer
7720,2210,2024-10-10 15:17:19,pending,gift_card
7721,1009,2024-06-13 21:02:54,completed,debit_card
7722,1201,2024-08-31 07:33:34,completed,credit_card
7723,1381,2023-12-18 12:29:26,completed,bank_transfer
7724,69,2024-10-17 00:01:51,cancelled,credit_card
7725,1175,2023-01-09 08:47:22,completed,paypal
7726,1741,2024-10-25 08:15:15,returned,debit_card
7727,1924,2023-04-07 10:16:46,returned,paypal
7728,1452,2024-01-21 17:31:57,cancelled,bank_transfer
7729,1573,2024-05-25 10:09:51,completed,gift_card
7730,1450,2024-10-09 06:08:38,returned,bank_transfer
7731,1466,2023-07-22 19:12:20,completed,gift_card
7732,1901,2023-09-05 21:06:52,completed,paypal
7733,610,2024-01-18 19:44:17,pending,debit_card
7734,2302,2024-04-27 07:34:39,completed,credit_card
7735,126,2022-10-29 04:38:37,cancelled,gift_card
7736,1061,2022-05-25 21:42:31,pending,paypal
7737,88,2022-07-08 13:29:36,pending,credit_card
7738,1861,2023-03-01 20:08:13,returned,bank_transfer
7739,1865,2024-07-06 17:47:45,returned,credit_card
7740,1941,2024-08-15 06:46:00,completed,bank_transfer
7741,413,2024-03-09 11:18:29,completed,bank_transfer
7742,1237,2023-12-31 13:07:13,completed,bank_transfer
7743,1129,2024-07-27 01:52:58,completed,paypal
7744,1840,2024-08-31 23:47:19,completed,bank_transfer
7745,2088,2024-07-06 12:20:05,returned,credit_card
7746,46,2022-04-04 02:01:09,cancelled,gift_card
7747,569,2023-10-14 04:36:52,returned,credit_card
7748,695,2024-09-14 01:54:40,cancelled,gift_card
7749,2266,2024-08-03 00:49:38,completed,debit_card
7750,2271,2024-10-21 21:45:46,returned,bank_transfer
7751,967,2024-01-12 16:38:06,completed,gift_card
7752,1417,2023-03-02 02:03:01,completed,credit_card
7753,1629,2022-06-01 11:15:08,cancelled,gift_card
7754,2061,2023-08-12 15:50:08,returned,debit_card
7755,1530,2024-10-21 22:50:17,completed,gift_card
7756,637,2024-05-07 11:13:12,completed,gift_card
7757,1746,2023-11-25 04:09:24,completed,bank_transfer
7758,1307,2022-08-06 11:38:56,completed,debit_card
7759,2029,2024-12-23 15:39:51,cancelled,credit_card
7760,1052,2024-01-11 17:28:51,completed,credit_card
7761,1424,2024-10-31 18:08:23,pending,credit_card
7762,2265,2023-04-26 00:27:49,pending,debit_card
7763,1806,2024-03-15 16:00:44,cancelled,bank_transfer
7764,398,2022-11-09 03:52:47,cancelled,credit_card
7765,2074,2024-04-17 19:26:40,completed,paypal
7766,1163,2024-12-26 09:44:27,returned,credit_card
7767,1109,2024-06-24 15:56:30,returned,paypal
7768,681,2023-08-18 11:01:36,completed,gift_card
7769,148,2023-03-03 15:57:11,pending,debit_card
7770,760,2024-10-02 09:51:49,completed,paypal
7771,96,2024-10-19 11:12:56,pending,bank_transfer
7772,1547,2022-03-15 22:34:42,completed,gift_card
7773,2015,2024-01-11 13:49:58,returned,gift_card
7774,2246,2023-02-13 05:05:34,completed,bank_transfer
7775,105,2022-10-19 19:22:39,completed,paypal
7776,2122,2023-10-29 16:49:19,returned,debit_card
7777,852,2024-08-01 19:52:15,completed,gift_card
7778,1796,2024-02-28 13:50:47,completed,gift_card
7779,2100,2023-02-24 01:44:54,pending,debit_card
7780,701,2022-11-13 11:34:20,completed,credit_card
7781,580,2024-10-15 06:53:22,completed,debit_card
7782,2487,2023-04-25 14:17:06,completed,bank_transfer
7783,1725,2022-02-01 15:25:54,returned,debit_card
7784,1622,2024-11-23 20:33:23,completed,gift_card
7785,971,2022-05-23 01:28:36,completed,paypal
7786,263,2024-02-14 16:25:47,completed,bank_transfer
7787,1592,2022-03-03 20:57:33,completed,credit_card
7788,2220,2024-03-09 21:28:21,returned,bank_transfer
7789,1106,2024-09-03 17:08:04,completed,debit_card
7790,1291,2024-10-30 05:10:20,cancelled,credit_card
7791,525,2024-09-02 00:13:56,pending,debit_card
7792,792,2024-01-24 10:30:01,completed,debit_card
7793,444,2024-11-19 03:13:40,completed,credit_card
7794,2207,2022-12-09 06:25:04,pending,paypal
7795,2080,2022-04-16 23:16:42,completed,credit_card
7796,1026,2024-07-20 12:58:54,completed,gift_card
7797,1309,2024-10-08 07:44:50,completed,bank_transfer
7798,1406,2024-12-21 07:33:46,cancelled,bank_transfer
7799,2091,2023-07-04 14:13:45,completed,credit_card
7800,367,2022-03-15 20:23:45,returned,bank_transfer
7801,1380,2024-12-08 01:48:49,completed,debit_card
7802,2082,2024-06-22 11:01:54,completed,bank_transfer
7803,1720,2023-09-27 03:24:28,completed,credit_card
7804,1591,2024-09-09 23:00:55,completed,debit_card
7805,2466,2022-06-16 18:24:21,pending,credit_card
7806,909,2024-12-17 21:40:24,completed,bank_transfer
7807,1131,2024-05-03 16:11:41,completed,debit_card
7808,1554,2023-08-29 12:33:37,completed,debit_card
7809,726,2024-02-22 13:33:10,completed,gift_card
7810,1660,2022-10-17 13:21:46,completed,debit_card
7811,1521,2023-10-20 19:37:24,returned,paypal
7812,2189,2024-06-07 08:09:11,completed,paypal
7813,1591,2024-11-05 06:16:55,returned,debit_card
7814,1570,2024-08-30 21:53:41,completed,paypal
7815,1187,2024-07-22 08:23:44,completed,gift_card
7816,1035,2023-10-01 10:22:34,completed,credit_card
7817,1290,2022-10-31 00:21:14,completed,paypal
7818,761,2023-08-22 01:37:01,cancelled,paypal
7819,2442,2022-08-27 06:01:03,completed,bank_transfer
7820,1973,2024-08-20 03:57:27,completed,gift_card
7821,1429,2022-09-18 14:13:43,completed,paypal
7822,2138,2022-02-25 09:21:18,cancelled,gift_card
7823,861,2022-10-04 05:50:28,cancelled,credit_card
7824,18,2024-01-27 06:47:04,completed,credit_card
7825,486,2023-06-23 19:07:21,completed,debit_card
7826,341,2024-09-04 23:37:12,pending,gift_card
7827,1442,2023-04-01 01:13:51,completed,bank_transfer
7828,1548,2023-07-13 22:02:12,completed,bank_transfer
7829,898,2022-04-13 16:32:27,returned,paypal
7830,2013,2022-05-07 15:29:02,completed,bank_transfer
7831,230,2024-05-28 10:48:51,completed,credit_card
7832,913,2024-07-16 23:15:05,completed,credit_card
7833,638,2024-02-16 11:15:01,cancelled,credit_card
7834,1070,2024-01-19 01:37:51,completed,bank_transfer
7835,882,2024-03-13 17:17:02,cancelled,credit_card
7836,594,2024-03-22 19:25:28,returned,debit_card
7837,1399,2022-10-25 05:23:55,pending,debit_card
7838,140,2023-11-20 11:54:03,completed,credit_card
7839,1020,2023-06-03 04:29:29,returned,bank_transfer
7840,405,2024-11-08 13:57:25,cancelled,bank_transfer
7841,618,2024-02-14 17:07:25,cancelled,debit_card
7842,2034,2024-10-06 04:57:31,completed,gift_card
7843,405,2024-08-01 09:38:11,completed,bank_transfer
7844,855,2022-05-21 00:24:07,completed,gift_card
7845,2261,2022-04-24 22:06:58,completed,credit_card
7846,1758,2022-04-25 02:39:27,cancelled,gift_card
7847,1473,2024-06-29 00:27:42,returned,debit_card
7848,1636,2024-12-16 15:37:56,cancelled,credit_card
7849,2376,2023-11-30 09:52:13,pending,paypal
7850,953,2024-09-04 01:27:32,returned,credit_card
7851,2024,2023-01-31 23:02:20,cancelled,paypal
7852,410,2024-12-31 19:23:32,completed,bank_transfer
7853,1686,2022-12-13 21:48:33,completed,credit_card
7854,551,2024-01-31 00:19:44,completed,credit_card
7855,2143,2022-05-05 14:45:52,completed,credit_card
7856,2275,2024-05-28 02:27:55,pending,credit_card
7857,1443,2024-05-17 19:19:13,completed,paypal
7858,404,2022-08-01 09:12:30,cancelled,bank_transfer
7859,2218,2024-03-22 18:50:41,completed,paypal
7860,90,2024-08-24 06:01:34,pending,debit_card
7861,2083,2024-03-12 21:23:21,completed,paypal
7862,538,2024-08-25 20:32:17,completed,debit_card
7863,1271,2023-10-30 06:42:52,completed,credit_card
7864,1230,2024-11-09 16:18:39,completed,paypal
7865,573,2023-12-17 20:24:20,completed,bank_transfer
7866,1038,2024-07-01 23:45:29,completed,bank_transfer
7867,1897,2023-08-05 02:32:36,completed,debit_card
7868,2009,2023-11-17 13:32:10,completed,debit_card
7869,563,2024-12-16 03:26:55,pending,gift_card
7870,558,2022-07-17 04:18:01,completed,bank_transfer
7871,2249,2023-10-26 18:47:49,pending,paypal
7872,2035,2023-12-18 16:56:35,cancelled,paypal
7873,1407,2024-09-30 08:04:05,pending,gift_card
7874,1417,2024-08-14 04:41:12,returned,paypal
7875,498,2024-07-06 22:57:19,completed,debit_card
7876,233,2024-02-07 23:43:57,pending,paypal
7877,1686,2024-10-28 16:06:49,cancelled,paypal
7878,356,2022-05-31 05:38:36,cancelled,bank_transfer
7879,689,2024-03-25 02:04:41,cancelled,paypal
7880,1974,2024-05-18 00:45:06,completed,gift_card
7881,1904,2022-06-07 02:41:19,completed,bank_transfer
7882,643,2022-07-20 10:06:46,pending,gift_card
7883,1487,2024-11-12 18:33:11,completed,gift_card
7884,1721,2022-06-28 22:27:10,completed,credit_card
7885,237,2024-12-25 13:23:58,cancelled,bank_transfer
7886,362,2023-06-15 15:53:31,returned,bank_transfer
7887,2109,2022-07-13 23:21:46,completed,credit_card
7888,2086,2023-09-15 08:54:43,cancelled,paypal
7889,1478,2024-12-06 09:49:31,completed,paypal
7890,1193,2022-09-09 10:53:28,pending,bank_transfer
7891,2363,2024-08-07 20:23:28,completed,paypal
7892,495,2023-08-01 07:28:05,cancelled,credit_card
7893,2109,2022-11-02 12:51:15,cancelled,bank_transfer
7894,1708,2023-07-30 05:56:32,completed,paypal
7895,472,2023-12-19 06:13:45,pending,bank_transfer
7896,1274,2022-04-10 11:06:39,completed,debit_card
7897,657,2023-10-16 17:56:58,completed,debit_card
7898,1815,2024-09-06 14:47:12,completed,credit_card
7899,1954,2024-01-10 12:36:57,completed,paypal
7900,772,2022-11-10 22:51:22,completed,credit_card
7901,860,2023-07-24 13:50:55,returned,bank_transfer
7902,340,2024-09-16 10:16:51,cancelled,bank_transfer
7903,854,2023-04-22 01:50:52,returned,gift_card
7904,580,2024-10-29 07:46:06,cancelled,gift_card
7905,890,2024-09-01 11:27:52,returned,paypal
7906,1263,2024-05-02 09:17:23,pending,credit_card
7907,2270,2023-03-09 12:57:42,completed,bank_transfer
7908,2413,2024-08-28 13:41:41,pending,debit_card
7909,1244,2024-06-12 17:55:59,returned,debit_card
7910,2186,2024-07-06 19:00:29,cancelled,gift_card
7911,634,2024-08-26 11:43:29,completed,debit_card
7912,1278,2023-08-29 19:00:27,completed,paypal
7913,141,2022-07-29 01:14:29,completed,bank_transfer
7914,540,2023-07-06 04:55:03,completed,credit_card
7915,495,2023-04-25 16:07:43,completed,debit_card
7916,863,2022-03-13 07:11:14,completed,bank_transfer
7917,391,2023-01-01 20:29:41,completed,bank_transfer
7918,677,2024-03-04 01:51:50,pending,gift_card
7919,1499,2023-01-16 19:09:44,completed,paypal
7920,1613,2022-09-16 23:59:19,pending,bank_transfer
7921,55,2022-01-16 22:36:57,completed,debit_card
7922,1616,2024-07-13 12:15:26,pending,gift_card
7923,849,2024-01-13 22:13:45,completed,bank_transfer
7924,1658,2024-04-14 04:42:16,returned,debit_card
7925,1788,2024-11-01 22:57:51,completed,paypal
7926,385,2023-07-11 12:47:25,pending,paypal
7927,699,2024-06-20 22:13:00,cancelled,debit_card
7928,1370,2022-02-11 18:07:24,completed,debit_card
7929,581,2024-05-15 06:03:23,completed,credit_card
7930,1186,2022-03-20 10:01:11,completed,paypal
7931,1894,2024-04-13 13:08:14,completed,paypal
7932,2287,2023-03-08 06:28:39,completed,credit_card
7933,1693,2023-06-15 03:51:10,completed,gift_card
7934,1775,2024-12-13 09:17:47,completed,gift_card
7935,2361,2023-03-02 16:54:29,completed,debit_card
7936,1109,2023-01-26 05:23:28,cancelled,credit_card
7937,646,2024-11-21 12:54:54,cancelled,gift_card
7938,1974,2023-09-26 06:00:19,completed,credit_card
7939,1201,2024-06-14 20:56:10,pending,credit_card
7940,916,2023-01-01 18:57:58,returned,gift_card
7941,1629,2022-05-15 22:31:53,completed,credit_card
7942,1310,2024-07-28 10:43:05,completed,gift_card
7943,984,2022-07-26 05:55:26,pending,credit_card
7944,13,2023-03-28 16:34:18,cancelled,bank_transfer
7945,456,2024-06-28 01:55:38,completed,gift_card
7946,1131,2023-01-28 20:08:10,cancelled,debit_card
7947,904,2023-04-12 13:35:37,cancelled,paypal
7948,2023,2024-09-20 15:06:59,completed,credit_card
7949,1566,2024-12-29 21:26:38,pending,debit_card
7950,1241,2023-08-06 08:41:41,completed,debit_card
7951,771,2024-10-02 09:00:05,cancelled,credit_card
7952,2104,2023-05-30 02:39:29,pending,paypal
7953,1839,2024-05-24 19:01:40,completed,gift_card
7954,2196,2024-07-04 12:18:13,returned,bank_transfer
7955,1263,2022-04-28 01:48:58,completed,bank_transfer
7956,2271,2023-06-14 03:17:08,pending,debit_card
7957,2274,2023-12-20 06:31:24,returned,paypal
7958,2216,2022-07-15 01:42:11,pending,gift_card
7959,485,2024-07-30 16:41:23,pending,paypal
7960,675,2022-10-17 18:08:31,completed,credit_card
7961,2208,2024-09-01 07:50:39,returned,credit_card
7962,1041,2023-02-04 15:12:12,pending,paypal
7963,89,2024-03-16 04:59:58,completed,debit_card
7964,2193,2024-06-13 05:07:09,returned,debit_card
7965,350,2022-03-14 19:51:02,pending,paypal
7966,1973,2024-12-17 14:25:17,returned,debit_card
7967,1197,2023-03-05 13:23:32,completed,gift_card
7968,581,2023-10-10 13:01:46,cancelled,credit_card
7969,17,2022-03-26 13:57:51,cancelled,credit_card
7970,1809,2023-12-22 08:15:43,completed,gift_card
7971,560,2023-05-27 10:26:44,completed,bank_transfer
7972,432,2023-03-21 15:47:46,completed,paypal
7973,1053,2022-12-25 16:10:39,pending,bank_transfer
7974,1499,2024-11-21 12:15:04,cancelled,bank_transfer
7975,665,2024-02-21 13:07:45,completed,paypal
7976,1242,2024-03-26 08:20:13,completed,paypal
7977,513,2024-02-12 21:12:28,returned,gift_card
7978,376,2022-04-24 00:56:14,completed,bank_transfer
7979,904,2023-07-29 09:06:08,returned,bank_transfer
7980,1760,2024-06-23 03:35:13,completed,gift_card
7981,368,2023-07-21 18:54:47,cancelled,credit_card
7982,731,2024-06-07 14:19:07,cancelled,bank_transfer
7983,1379,2023-05-04 00:36:51,completed,credit_card
7984,1287,2024-11-29 19:25:11,completed,debit_card
7985,692,2024-09-08 13:26:38,cancelled,credit_card
7986,816,2023-03-16 15:56:46,completed,gift_card
7987,1244,2024-10-21 13:07:18,completed,gift_card
7988,1801,2024-11-14 17:25:42,completed,debit_card
7989,1829,2022-07-11 11:54:13,completed,credit_card
7990,1708,2023-10-30 07:54:00,completed,paypal
7991,1920,2023-04-29 05:54:19,cancelled,bank_transfer
7992,1126,2024-04-08 17:40:07,completed,gift_card
7993,18,2024-09-01 17:11:50,completed,bank_transfer
7994,2209,2022-07-29 15:57:48,completed,paypal
7995,1562,2022-06-09 13:03:43,completed,bank_transfer
7996,1790,2024-09-05 02:38:33,cancelled,gift_card
7997,1214,2022-01-10 05:15:16,completed,debit_card
7998,2091,2024-12-04 17:52:29,pending,bank_transfer
7999,1791,2024-11-11 23:42:16,completed,paypal
8000,1423,2022-03-04 04:31:45,completed,credit_card
8001,317,2024-08-24 02:42:35,returned,bank_transfer
8002,589,2024-07-16 09:50:26,completed,paypal
8003,1043,2024-08-19 16:24:22,completed,paypal
8004,1472,2024-09-18 07:10:50,pending,bank_transfer
8005,426,2024-10-19 18:37:39,completed,paypal
8006,917,2022-10-11 16:05:13,returned,credit_card
8007,1486,2024-07-13 17:18:54,returned,gift_card
8008,1138,2023-03-08 11:50:57,completed,gift_card
8009,882,2024-09-10 15:58:44,completed,credit_card
8010,1227,2023-08-21 20:38:59,returned,debit_card
8011,956,2024-07-16 11:06:07,cancelled,gift_card
8012,329,2023-04-14 23:31:32,cancelled,credit_card
8013,1569,2024-06-24 02:47:31,returned,bank_transfer
8014,1256,2023-12-24 14:27:48,completed,credit_card
8015,1762,2024-10-01 02:24:07,completed,gift_card
8016,1824,2024-04-29 00:18:53,pending,gift_card
8017,619,2023-11-14 19:10:48,completed,bank_transfer
8018,176,2024-06-26 16:11:19,pending,paypal
8019,238,2022-04-07 04:27:46,completed,gift_card
8020,345,2024-03-21 02:19:07,completed,credit_card
8021,1526,2023-04-15 07:24:15,completed,paypal
8022,1721,2024-01-11 01:23:17,completed,debit_card
8023,724,2024-02-20 10:15:10,completed,credit_card
8024,2108,2024-06-05 18:11:39,completed,credit_card
8025,1445,2022-11-23 15:36:33,returned,credit_card
8026,1398,2022-07-16 05:14:55,completed,credit_card
8027,1364,2023-07-16 00:01:31,returned,credit_card
8028,357,2024-02-05 08:25:11,cancelled,paypal
8029,1508,2024-12-17 15:37:08,completed,debit_card
8030,333,2024-06-05 07:34:03,pending,bank_transfer
8031,922,2024-04-12 13:14:17,completed,debit_card
8032,1417,2024-11-16 15:20:06,completed,bank_transfer
8033,2080,2022-05-19 09:40:49,completed,credit_card
8034,2321,2022-03-27 19:05:10,completed,gift_card
8035,595,2023-07-18 05:19:25,cancelled,bank_transfer
8036,1369,2023-04-17 21:14:06,completed,debit_card
8037,1969,2024-11-04 12:14:54,completed,paypal
8038,1929,2024-11-05 03:43:51,completed,bank_transfer
8039,1546,2023-07-24 15:18:28,cancelled,credit_card
8040,1174,2022-12-23 11:55:30,cancelled,debit_card
8041,906,2024-07-12 20:47:05,returned,paypal
8042,1292,2022-02-25 10:08:51,completed,bank_transfer
8043,2180,2024-12-06 05:04:34,completed,credit_card
8044,296,2022-05-21 11:30:11,completed,gift_card
8045,110,2024-02-12 07:51:32,pending,paypal
8046,1345,2024-12-05 06:39:44,returned,debit_card
8047,846,2023-01-20 01:22:23,completed,bank_transfer
8048,1679,2024-06-02 20:55:48,returned,debit_card
8049,2263,2024-02-28 17:37:44,cancelled,gift_card
8050,818,2024-10-25 23:43:25,pending,credit_card
8051,1614,2023-07-22 00:37:10,completed,credit_card
8052,515,2024-04-02 02:57:52,pending,paypal
8053,577,2024-08-20 06:27:57,completed,credit_card
8054,2400,2024-07-01 21:09:19,cancelled,credit_card
8055,1999,2023-06-25 20:59:07,returned,credit_card
8056,35,2024-05-15 08:40:09,completed,debit_card
8057,1339,2024-12-30 03:48:42,completed,gift_card
8058,437,2023-11-22 16:18:45,pending,credit_card
8059,1502,2024-01-06 15:20:45,cancelled,credit_card
8060,1949,2023-05-06 06:37:07,pending,gift_card
8061,165,2024-02-19 14:08:24,pending,bank_transfer
8062,974,2022-05-12 13:23:01,returned,debit_card
8063,2046,2024-10-10 05:52:42,pending,bank_transfer
8064,1627,2022-10-05 03:57:18,cancelled,gift_card
8065,99,2023-09-02 01:41:32,cancelled,debit_card
8066,901,2024-02-17 21:55:01,cancelled,debit_card
8067,2081,2024-10-14 17:04:14,completed,gift_card
8068,1309,2022-06-01 15:06:28,completed,credit_card
8069,1179,2022-04-21 01:50:47,completed,paypal
8070,1947,2024-12-13 14:43:39,completed,debit_card
8071,1500,2023-12-22 02:58:50,pending,gift_card
8072,644,2024-03-17 18:33:32,completed,debit_card
8073,2421,2022-05-11 09:42:44,completed,credit_card
8074,1971,2023-05-21 13:00:47,pending,bank_transfer
8075,239,2023-03-01 14:06:02,completed,gift_card
8076,1935,2023-07-23 02:40:40,pending,debit_card
8077,693,2024-06-04 13:32:48,completed,bank_transfer
8078,84,2024-12-22 03:10:30,completed,paypal
8079,2359,2022-07-14 07:25:49,pending,credit_card
8080,522,2023-03-24 22:47:32,completed,credit_card
8081,1917,2023-10-02 12:54:10,completed,credit_card
8082,1596,2024-02-19 07:55:38,completed,credit_card
8083,365,2024-11-29 23:38:49,completed,credit_card
8084,1411,2024-08-04 15:23:35,returned,credit_card
8085,1727,2023-07-28 21:58:04,returned,gift_card
8086,172,2024-10-08 11:01:13,pending,debit_card
8087,2454,2023-01-08 17:04:27,completed,bank_transfer
8088,2090,2022-11-01 23:52:19,cancelled,gift_card
8089,2459,2023-09-08 03:30:47,completed,credit_card
8090,1085,2024-07-23 07:13:44,completed,debit_card
8091,1190,2024-10-19 00:02:15,completed,gift_card
8092,1789,2023-03-11 19:30:43,completed,debit_card
8093,2364,2023-05-10 15:08:45,returned,debit_card
8094,1009,2023-05-20 14:37:56,cancelled,credit_card
8095,1524,2023-03-03 07:27:35,pending,paypal
8096,1291,2022-10-06 14:15:51,cancelled,gift_card
8097,43,2023-04-29 17:56:13,completed,bank_transfer
8098,427,2022-12-14 18:06:04,completed,debit_card
8099,969,2023-07-31 11:43:28,completed,bank_transfer
8100,2030,2024-06-11 23:13:32,completed,debit_card
8101,478,2022-01-28 07:00:31,completed,bank_transfer
8102,617,2024-03-04 04:22:42,completed,gift_card
8103,269,2022-08-27 04:59:59,completed,credit_card
8104,1870,2023-03-24 17:44:27,completed,credit_card
8105,295,2022-01-19 23:16:28,completed,gift_card
8106,1937,2023-07-23 03:36:11,completed,debit_card
8107,1247,2023-05-09 12:14:26,returned,bank_transfer
8108,2336,2023-08-26 08:21:04,pending,debit_card
8109,704,2024-07-30 03:18:48,completed,gift_card
8110,1718,2024-06-05 03:40:46,returned,paypal
8111,1845,2023-12-23 09:14:18,cancelled,paypal
8112,2373,2022-12-01 20:27:27,completed,debit_card
8113,12,2022-11-07 03:28:12,returned,gift_card
8114,1473,2024-11-02 13:54:08,cancelled,paypal
8115,971,2023-12-07 18:51:43,completed,gift_card
8116,473,2023-06-03 22:24:38,completed,credit_card
8117,2139,2023-04-07 05:52:59,cancelled,paypal
8118,714,2023-09-18 04:34:08,completed,bank_transfer
8119,660,2024-08-25 23:08:26,cancelled,gift_card
8120,653,2024-01-31 04:53:07,completed,debit_card
8121,1913,2023-10-13 18:44:04,completed,paypal
8122,2376,2024-09-23 13:06:31,cancelled,gift_card
8123,264,2024-12-12 01:01:29,completed,debit_card
8124,1510,2024-10-10 15:15:14,pending,bank_transfer
8125,959,2023-04-09 17:29:57,completed,credit_card
8126,165,2024-03-06 21:15:44,pending,credit_card
8127,157,2022-12-08 06:41:53,completed,debit_card
8128,1366,2022-09-13 04:51:55,cancelled,debit_card
8129,1979,2023-07-01 13:35:47,cancelled,gift_card
8130,809,2024-09-09 04:38:37,completed,debit_card
8131,1738,2023-05-19 19:39:20,completed,debit_card
8132,2233,2023-10-10 08:13:36,pending,paypal
8133,2500,2024-04-09 08:06:37,completed,credit_card
8134,1448,2022-07-17 01:45:20,completed,paypal
8135,1982,2023-08-26 04:27:49,cancelled,debit_card
8136,2343,2024-09-29 04:36:49,cancelled,paypal
8137,1246,2024-07-11 07:59:52,completed,debit_card
8138,2475,2024-08-27 22:31:31,completed,paypal
8139,2487,2023-11-14 15:55:53,completed,bank_transfer
8140,904,2022-10-17 20:07:55,completed,debit_card
8141,2117,2023-08-04 23:26:25,completed,gift_card
8142,1495,2022-03-30 11:25:33,completed,gift_card
8143,1075,2023-09-08 00:24:27,cancelled,debit_card
8144,2500,2023-02-01 10:35:28,completed,debit_card
8145,330,2024-04-26 22:25:04,completed,debit_card
8146,2407,2023-12-28 04:36:03,returned,credit_card
8147,2069,2023-11-09 13:51:57,cancelled,gift_card
8148,1265,2023-09-08 10:25:24,completed,paypal
8149,664,2024-03-27 00:15:34,cancelled,credit_card
8150,944,2024-08-09 01:36:03,returned,credit_card
8151,2169,2024-09-08 14:29:53,cancelled,credit_card
8152,339,2023-01-26 16:22:19,cancelled,gift_card
8153,2038,2023-07-19 12:33:39,cancelled,debit_card
8154,1223,2024-04-27 17:34:00,cancelled,gift_card
8155,2180,2022-05-02 08:26:54,returned,credit_card
8156,1223,2024-07-04 02:24:04,completed,credit_card
8157,1970,2024-08-18 12:13:53,completed,credit_card
8158,46,2023-08-14 20:42:05,cancelled,credit_card
8159,2410,2023-07-20 00:26:09,completed,credit_card
8160,1485,2024-03-12 17:50:52,completed,credit_card
8161,943,2024-07-26 11:54:51,completed,credit_card
8162,855,2022-02-20 10:04:28,returned,gift_card
8163,424,2022-02-03 01:43:28,cancelled,credit_card
8164,1614,2023-08-10 19:02:17,completed,gift_card
8165,190,2024-10-03 16:07:43,completed,gift_card
8166,1554,2024-06-01 05:05:15,cancelled,debit_card
8167,862,2022-01-16 17:35:31,completed,paypal
8168,872,2023-10-12 13:10:52,completed,credit_card
8169,1590,2024-05-05 19:04:04,returned,debit_card
8170,1487,2023-05-26 13:37:58,completed,paypal
8171,1750,2022-06-21 08:27:33,cancelled,paypal
8172,1489,2023-06-23 02:38:19,completed,credit_card
8173,2332,2024-08-01 06:14:19,completed,bank_transfer
8174,1461,2023-12-17 15:31:41,completed,bank_transfer
8175,1468,2022-07-31 17:07:56,completed,debit_card
8176,1406,2024-01-06 07:11:55,completed,bank_transfer
8177,292,2024-07-24 02:31:56,returned,paypal
8178,1737,2022-05-11 15:10:47,pending,debit_card
8179,890,2022-02-07 18:36:46,cancelled,gift_card
8180,1956,2024-10-01 11:06:00,completed,credit_card
8181,1725,2024-01-09 02:06:42,completed,gift_card
8182,278,2023-10-11 01:54:45,completed,credit_card
8183,438,2024-10-09 16:29:41,completed,debit_card
8184,276,2023-06-30 13:37:39,completed,paypal
8185,762,2024-01-19 12:40:23,completed,gift_card
8186,1577,2024-02-13 19:29:49,returned,credit_card
8187,1667,2023-12-06 08:14:20,completed,gift_card
8188,1736,2024-04-12 12:35:11,completed,credit_card
8189,2441,2022-11-30 02:02:19,completed,gift_card
8190,2337,2023-03-21 16:23:50,completed,debit_card
8191,225,2024-01-25 00:17:07,returned,gift_card
8192,125,2024-07-20 08:12:21,completed,credit_card
8193,2411,2023-09-02 21:37:39,returned,gift_card
8194,2225,2024-10-21 06:38:49,pending,credit_card
8195,2018,2022-11-04 14:48:32,completed,credit_card
8196,33,2022-06-19 15:34:51,returned,credit_card
8197,2343,2023-02-21 17:08:47,returned,credit_card
8198,1253,2023-09-20 15:52:42,cancelled,debit_card
8199,1591,2024-05-10 22:10:06,completed,credit_card
8200,2475,2024-06-12 12:28:12,pending,bank_transfer
8201,584,2022-01-20 09:39:31,completed,credit_card
8202,881,2023-12-11 03:47:04,completed,gift_card
8203,1642,2022-02-01 08:22:35,completed,paypal
8204,853,2023-06-04 15:31:50,completed,gift_card
8205,2377,2024-04-30 20:01:42,cancelled,gift_card
8206,790,2024-06-20 08:41:57,completed,debit_card
8207,1653,2022-09-19 23:05:25,returned,debit_card
8208,541,2024-04-16 21:52:34,completed,debit_card
8209,1012,2022-04-26 08:19:59,completed,bank_transfer
8210,1964,2024-06-23 14:54:29,completed,paypal
8211,1436,2023-07-07 07:29:44,completed,gift_card
8212,396,2024-01-02 19:42:26,completed,debit_card
8213,745,2023-12-23 09:41:48,cancelled,gift_card
8214,1512,2024-05-22 11:15:22,cancelled,credit_card
8215,131,2022-12-13 05:12:12,cancelled,debit_card
8216,510,2024-03-14 01:00:43,completed,credit_card
8217,278,2024-06-20 21:25:58,cancelled,paypal
8218,1773,2022-10-22 19:46:03,completed,gift_card
8219,1765,2022-04-15 15:58:04,completed,paypal
8220,253,2024-09-24 14:46:22,completed,gift_card
8221,1633,2023-05-30 14:39:12,completed,debit_card
8222,202,2024-11-26 23:25:22,completed,debit_card
8223,895,2024-05-14 14:29:21,completed,gift_card
8224,590,2023-01-25 09:21:30,completed,paypal
8225,1149,2024-04-17 03:16:58,pending,paypal
8226,1517,2023-10-05 10:42:20,completed,paypal
8227,1656,2024-06-25 22:28:50,completed,debit_card
8228,1532,2024-11-20 21:30:25,returned,gift_card
8229,573,2024-08-11 23:52:09,pending,gift_card
8230,461,2024-03-19 01:32:32,completed,credit_card
8231,1764,2023-12-17 18:15:01,returned,credit_card
8232,767,2024-12-26 23:48:27,returned,bank_transfer
8233,696,2023-02-15 21:28:48,pending,bank_transfer
8234,1915,2022-03-11 03:31:03,returned,bank_transfer
8235,1612,2024-12-07 23:57:41,returned,debit_card
8236,118,2023-05-07 17:58:21,completed,debit_card
8237,1890,2024-08-23 05:53:42,pending,debit_card
8238,1715,2024-06-20 14:57:34,completed,debit_card
8239,275,2022-04-25 08:19:20,completed,paypal
8240,1598,2024-09-16 12:25:02,completed,bank_transfer
8241,1207,2023-10-25 21:28:50,cancelled,bank_transfer
8242,1397,2023-05-23 03:46:33,completed,credit_card
8243,864,2024-07-26 11:18:05,completed,credit_card
8244,2445,2023-12-02 11:21:38,returned,bank_transfer
8245,649,2022-01-16 03:50:18,completed,debit_card
8246,993,2022-07-18 14:36:03,completed,credit_card
8247,1789,2022-07-03 08:14:03,completed,paypal
8248,2147,2024-04-07 12:12:52,pending,paypal
8249,2052,2023-07-28 18:19:06,completed,bank_transfer
8250,1081,2023-10-18 13:21:50,completed,debit_card
8251,576,2022-06-05 14:27:46,completed,bank_transfer
8252,348,2023-01-13 18:58:58,cancelled,debit_card
8253,898,2024-07-25 00:49:01,returned,credit_card
8254,1016,2024-07-06 23:04:11,completed,debit_card
8255,421,2023-05-11 22:26:58,cancelled,credit_card
8256,1016,2022-11-19 19:34:45,pending,paypal
8257,2395,2022-10-21 13:20:27,returned,gift_card
8258,1146,2023-02-20 05:00:25,completed,paypal
8259,2257,2024-07-15 14:09:23,pending,bank_transfer
8260,2497,2024-12-24 00:05:11,cancelled,credit_card
8261,682,2023-07-13 21:08:10,completed,bank_transfer
8262,2364,2022-08-09 06:34:31,completed,gift_card
8263,2284,2022-12-22 04:12:26,completed,debit_card
8264,539,2023-03-24 06:43:10,completed,gift_card
8265,2045,2024-03-02 08:40:00,completed,bank_transfer
8266,1797,2022-02-13 04:38:20,completed,debit_card
8267,880,2024-06-25 22:22:11,completed,debit_card
8268,302,2024-03-13 12:22:05,completed,credit_card
8269,284,2024-12-28 23:29:37,completed,gift_card
8270,1032,2022-01-27 14:45:57,completed,credit_card
8271,956,2024-08-16 03:24:42,completed,paypal
8272,103,2024-11-29 06:38:00,completed,paypal
8273,1547,2023-03-03 08:55:51,returned,paypal
8274,1827,2024-08-10 19:47:38,completed,debit_card
8275,1637,2024-11-17 00:12:13,completed,credit_card
8276,1381,2024-02-06 20:56:17,completed,paypal
8277,325,2024-03-13 14:12:28,returned,bank_transfer
8278,1250,2024-06-10 16:50:04,cancelled,credit_card
8279,653,2024-08-08 14:16:39,pending,gift_card
8280,686,2024-08-19 04:33:56,returned,bank_transfer
8281,1650,2024-04-26 10:53:04,completed,gift_card
8282,1818,2023-10-05 21:27:16,pending,paypal
8283,494,2023-06-05 10:08:19,cancelled,debit_card
8284,1012,2023-12-08 17:45:15,completed,bank_transfer
8285,2154,2022-09-16 06:44:05,returned,paypal
8286,815,2022-07-01 12:09:44,cancelled,credit_card
8287,571,2022-12-08 06:38:35,completed,credit_card
8288,1545,2022-03-19 11:00:19,returned,bank_transfer
8289,158,2023-11-03 21:47:02,cancelled,paypal
8290,167,2024-07-29 19:42:49,completed,debit_card
8291,1143,2023-10-15 22:41:12,completed,bank_transfer
8292,1998,2024-10-02 01:44:07,pending,gift_card
8293,2219,2022-04-06 10:29:27,returned,bank_transfer
8294,1876,2024-08-12 19:17:30,completed,bank_transfer
8295,874,2022-05-20 23:31:15,returned,credit_card
8296,2486,2024-07-23 08:50:04,completed,debit_card
8297,2052,2022-08-30 11:31:42,completed,credit_card
8298,1039,2024-04-23 06:49:54,returned,paypal
8299,2263,2023-05-07 08:11:49,completed,bank_transfer
8300,327,2022-04-10 22:12:34,completed,gift_card
8301,678,2023-04-11 07:48:22,pending,credit_card
8302,2172,2024-01-15 05:25:17,completed,debit_card
8303,1358,2023-06-04 17:13:41,completed,debit_card
8304,1405,2023-06-17 20:47:06,pending,credit_card
8305,1904,2024-04-20 06:23:23,returned,gift_card
8306,1183,2022-02-21 10:09:18,returned,gift_card
8307,1714,2024-10-18 11:27:04,completed,paypal
8308,1914,2023-06-04 16:48:26,completed,bank_transfer
8309,308,2023-06-23 17:19:20,returned,paypal
8310,1625,2024-10-28 09:39:58,completed,credit_card
8311,2138,2022-04-08 03:10:22,cancelled,bank_transfer
8312,1893,2024-04-24 05:44:39,completed,debit_card
8313,2415,2023-11-04 15:42:30,completed,credit_card
8314,2341,2024-02-21 09:26:19,completed,credit_card
8315,2273,2024-04-04 10:18:40,completed,credit_card
8316,1465,2024-05-03 22:25:25,returned,credit_card
8317,1422,2024-03-17 05:07:14,completed,debit_card
8318,1351,2024-11-29 02:41:01,completed,debit_card
8319,513,2022-10-24 15:45:37,completed,debit_card
8320,286,2023-10-17 13:02:27,returned,credit_card
8321,2451,2024-01-03 16:10:07,cancelled,bank_transfer
8322,349,2024-04-27 19:34:19,completed,paypal
8323,1488,2024-07-22 19:24:59,completed,gift_card
8324,968,2022-05-30 02:29:14,completed,gift_card
8325,1027,2024-10-16 09:14:50,completed,credit_card
8326,552,2022-12-05 15:02:27,returned,gift_card
8327,1266,2024-12-25 22:34:02,completed,bank_transfer
8328,1330,2022-07-14 00:08:41,completed,gift_card
8329,1584,2024-02-02 03:58:44,pending,paypal
8330,680,2023-01-16 07:21:55,cancelled,gift_card
8331,157,2024-05-16 18:16:32,completed,bank_transfer
8332,1689,2024-12-31 18:36:36,completed,bank_transfer
8333,1045,2024-01-03 12:16:30,pending,paypal
8334,532,2024-08-01 18:05:55,completed,credit_card
8335,2454,2022-07-15 01:03:27,cancelled,bank_transfer
8336,696,2024-12-09 10:35:58,cancelled,bank_transfer
8337,1981,2022-12-28 20:24:16,returned,credit_card
8338,2349,2023-11-01 20:29:43,completed,bank_transfer
8339,132,2023-08-16 12:43:07,cancelled,bank_transfer
8340,113,2023-09-22 07:47:39,completed,debit_card
8341,545,2024-10-27 02:28:27,completed,gift_card
8342,978,2024-09-25 16:30:37,pending,gift_card
8343,1148,2022-09-30 10:05:57,cancelled,paypal
8344,1060,2023-07-26 21:05:14,completed,paypal
8345,274,2023-07-20 02:44:38,completed,debit_card
8346,1741,2024-01-03 14:54:59,returned,credit_card
8347,523,2023-02-12 07:09:10,pending,debit_card
8348,1522,2024-06-25 13:01:29,cancelled,debit_card
8349,2425,2024-02-08 20:54:40,completed,gift_card
8350,545,2024-08-21 10:24:13,cancelled,paypal
8351,1779,2024-06-30 04:15:33,pending,paypal
8352,629,2023-03-17 00:43:00,cancelled,debit_card
8353,44,2024-08-25 15:05:15,completed,paypal
8354,1766,2024-10-15 12:42:56,completed,gift_card
8355,2222,2023-10-21 07:08:43,returned,debit_card
8356,1779,2024-06-11 12:06:18,cancelled,bank_transfer
8357,872,2022-11-17 10:57:41,cancelled,paypal
8358,158,2024-01-03 12:55:40,cancelled,bank_transfer
8359,730,2024-12-15 04:18:13,completed,bank_transfer
8360,992,2024-07-19 15:01:40,completed,bank_transfer
8361,414,2023-10-01 01:02:56,completed,debit_card
8362,2160,2024-07-23 23:26:58,returned,gift_card
8363,1394,2024-11-28 19:06:30,completed,gift_card
8364,1516,2023-12-28 17:07:02,cancelled,debit_card
8365,352,2024-04-10 02:05:31,completed,paypal
8366,350,2024-08-29 19:48:44,cancelled,paypal
8367,2446,2024-03-19 09:53:57,returned,paypal
8368,1652,2024-08-04 01:27:10,pending,credit_card
8369,1802,2022-03-10 23:48:12,completed,gift_card
8370,1871,2024-09-26 01:12:39,completed,gift_card
8371,548,2022-03-22 23:58:02,cancelled,bank_transfer
8372,1073,2024-11-02 16:27:51,completed,gift_card
8373,790,2024-07-24 09:18:48,completed,debit_card
8374,957,2024-02-02 07:48:25,completed,gift_card
8375,83,2022-06-30 14:34:24,completed,gift_card
8376,124,2024-01-29 13:05:11,completed,paypal
8377,91,2024-01-05 23:04:52,pending,gift_card
8378,160,2023-11-03 18:51:59,completed,paypal
8379,1306,2024-05-02 18:16:43,completed,debit_card
8380,2443,2023-01-10 08:20:51,completed,gift_card
8381,325,2024-12-22 01:22:52,pending,credit_card
8382,1126,2024-11-03 13:44:48,completed,paypal
8383,863,2023-06-09 19:02:15,completed,debit_card
8384,2112,2023-05-28 11:08:29,completed,gift_card
8385,1977,2023-05-27 07:09:22,cancelled,paypal
8386,2046,2024-10-27 03:09:46,completed,debit_card
8387,823,2024-04-28 06:57:53,completed,bank_transfer
8388,914,2024-06-05 17:14:06,cancelled,paypal
8389,1212,2024-08-13 06:20:52,cancelled,gift_card
8390,417,2024-03-23 12:49:26,returned,gift_card
8391,684,2023-03-21 19:33:50,completed,gift_card
8392,2137,2022-11-09 19:15:27,completed,credit_card
8393,718,2024-09-14 08:15:31,completed,bank_transfer
8394,657,2024-02-13 03:51:50,completed,gift_card
8395,1039,2023-10-16 22:29:49,completed,debit_card
8396,195,2024-10-07 18:56:58,completed,credit_card
8397,2354,2022-02-08 20:14:48,pending,bank_transfer
8398,978,2022-08-24 09:28:41,returned,credit_card
8399,94,2023-09-14 04:46:30,completed,gift_card
8400,2369,2024-08-16 07:41:04,completed,debit_card
8401,130,2024-11-15 14:40:49,cancelled,debit_card
8402,2430,2023-08-09 12:45:49,returned,paypal
8403,353,2022-07-05 10:17:02,completed,bank_transfer
8404,430,2024-03-15 19:38:29,completed,paypal
8405,6,2023-03-30 19:27:12,cancelled,gift_card
8406,220,2023-06-08 07:57:16,completed,gift_card
8407,1581,2024-12-15 02:13:16,pending,bank_transfer
8408,1350,2023-02-18 13:19:27,cancelled,credit_card
8409,1272,2022-02-15 18:19:50,pending,gift_card
8410,1247,2022-09-10 23:12:34,completed,credit_card
8411,498,2024-11-16 08:39:21,completed,paypal
8412,897,2024-01-30 21:12:24,returned,gift_card
8413,304,2023-07-09 14:54:08,completed,gift_card
8414,924,2024-07-21 20:49:17,cancelled,debit_card
8415,1406,2024-03-25 22:45:42,pending,credit_card
8416,2394,2024-04-27 21:56:34,completed,bank_transfer
8417,256,2023-12-27 20:28:20,completed,debit_card
8418,1705,2024-03-15 15:07:02,cancelled,gift_card
8419,1035,2024-03-15 14:37:48,pending,bank_transfer
8420,1387,2024-08-17 22:42:45,completed,debit_card
8421,2314,2024-04-24 00:34:38,completed,gift_card
8422,470,2024-12-14 13:00:56,completed,debit_card
8423,33,2023-12-19 05:12:14,returned,credit_card
8424,2031,2022-11-11 07:45:04,completed,credit_card
8425,2169,2022-05-31 02:06:08,pending,gift_card
8426,1633,2023-12-08 10:51:49,completed,credit_card
8427,1770,2024-04-22 15:28:33,cancelled,gift_card
8428,1410,2022-02-24 15:46:49,pending,debit_card
8429,137,2024-07-12 16:43:03,completed,bank_transfer
8430,1649,2023-05-06 09:07:18,pending,paypal
8431,574,2022-09-22 12:36:41,completed,bank_transfer
8432,1382,2024-07-06 02:12:32,completed,credit_card
8433,720,2024-02-10 06:31:34,completed,gift_card
8434,2400,2024-01-28 21:04:19,returned,debit_card
8435,805,2023-12-13 17:50:19,completed,credit_card
8436,80,2024-03-31 21:33:11,returned,gift_card
8437,274,2022-11-11 22:48:59,completed,gift_card
8438,160,2023-12-19 12:29:19,cancelled,gift_card
8439,2194,2022-05-28 13:07:10,cancelled,credit_card
8440,491,2024-06-28 06:46:12,completed,bank_transfer
8441,1029,2024-05-31 04:20:46,cancelled,bank_transfer
8442,752,2022-08-21 22:40:29,pending,paypal
8443,778,2023-11-01 03:44:22,completed,paypal
8444,2173,2024-11-02 04:23:14,completed,credit_card
8445,2077,2024-06-03 02:45:30,completed,debit_card
8446,1789,2022-06-23 18:12:34,cancelled,gift_card
8447,462,2024-08-07 02:53:29,returned,debit_card
8448,2257,2024-06-29 03:37:54,completed,debit_card
8449,150,2023-03-01 03:57:57,completed,paypal
8450,295,2022-09-19 18:24:27,pending,bank_transfer
8451,1070,2022-01-06 01:53:33,completed,bank_transfer
8452,988,2024-03-21 09:02:51,completed,debit_card
8453,2271,2023-06-03 22:06:43,cancelled,debit_card
8454,1266,2024-12-25 22:14:11,completed,bank_transfer
8455,2367,2024-08-18 02:24:04,completed,gift_card
8456,2241,2023-12-22 03:41:01,completed,bank_transfer
8457,2119,2023-05-23 00:56:25,completed,gift_card
8458,839,2022-07-10 17:00:03,cancelled,debit_card
8459,2184,2024-08-15 16:42:26,completed,bank_transfer
8460,1212,2022-10-13 01:05:18,pending,paypal
8461,1595,2023-11-21 02:36:38,completed,credit_card
8462,524,2023-02-03 21:02:30,completed,debit_card
8463,889,2024-12-22 22:55:52,completed,debit_card
8464,2035,2023-02-27 22:43:11,completed,debit_card
8465,2326,2024-04-04 04:20:45,cancelled,debit_card
8466,2187,2022-02-25 17:33:48,completed,debit_card
8467,1528,2024-07-23 20:37:20,completed,bank_transfer
8468,505,2024-05-09 06:58:18,completed,paypal
8469,1464,2024-12-12 18:25:50,completed,debit_card
8470,740,2024-12-01 11:13:44,cancelled,debit_card
8471,1905,2024-11-24 03:08:35,completed,debit_card
8472,466,2023-09-09 05:30:35,completed,bank_transfer
8473,812,2023-05-08 17:53:43,completed,credit_card
8474,408,2024-05-07 02:35:51,cancelled,credit_card
8475,800,2022-07-07 20:09:22,pending,paypal
8476,2287,2023-04-25 17:31:37,completed,paypal
8477,1816,2022-04-13 06:16:10,returned,debit_card
8478,219,2024-04-19 08:26:56,completed,credit_card
8479,1214,2022-02-28 04:47:15,returned,debit_card
8480,2394,2023-02-19 17:30:40,completed,bank_transfer
8481,946,2023-08-04 12:01:22,completed,gift_card
8482,2308,2024-06-20 08:03:50,completed,credit_card
8483,2178,2023-06-17 21:26:47,completed,bank_transfer
8484,1665,2024-08-25 23:47:14,returned,paypal
8485,65,2024-12-14 14:13:51,completed,paypal
8486,1621,2023-06-23 16:42:24,completed,debit_card
8487,2171,2023-07-27 02:02:36,completed,credit_card
8488,652,2023-01-17 11:53:09,cancelled,bank_transfer
8489,42,2024-01-22 05:20:47,completed,debit_card
8490,1151,2023-11-06 14:53:18,completed,debit_card
8491,644,2024-09-20 01:31:00,returned,credit_card
8492,497,2022-01-09 18:45:41,completed,paypal
8493,712,2024-06-25 21:06:53,pending,bank_transfer
8494,564,2023-09-14 07:46:24,completed,bank_transfer
8495,1220,2022-04-15 12:33:46,completed,debit_card
8496,2100,2023-09-17 00:39:01,pending,bank_transfer
8497,1316,2024-09-14 17:13:03,completed,debit_card
8498,2190,2022-04-22 10:25:14,completed,bank_transfer
8499,706,2022-11-10 19:12:49,returned,debit_card
8500,2017,2024-09-07 03:44:12,completed,gift_card
8501,1615,2022-06-12 20:43:40,completed,gift_card
8502,2051,2022-07-27 03:19:28,completed,credit_card
8503,1427,2024-07-04 07:11:38,completed,paypal
8504,1890,2024-12-17 23:57:32,completed,bank_transfer
8505,811,2024-07-22 10:32:26,completed,paypal
8506,1768,2023-08-22 12:10:30,completed,gift_card
8507,131,2023-02-15 17:56:49,completed,bank_transfer
8508,1076,2023-01-23 12:13:20,completed,debit_card
8509,449,2024-02-18 14:03:44,completed,paypal
8510,1338,2022-05-03 12:33:47,completed,paypal
8511,750,2023-03-09 09:14:47,completed,credit_card
8512,1606,2024-09-27 02:30:37,completed,paypal
8513,1813,2024-04-12 23:01:35,pending,credit_card
8514,1935,2023-12-30 04:35:00,completed,paypal
8515,1664,2024-07-05 07:24:38,completed,credit_card
8516,726,2024-12-08 05:05:31,completed,paypal
8517,921,2023-02-15 08:08:23,returned,debit_card
8518,1402,2024-12-01 08:25:00,completed,paypal
8519,1457,2022-09-14 03:11:09,pending,paypal
8520,173,2023-12-12 08:27:23,completed,credit_card
8521,687,2024-08-29 00:32:14,completed,credit_card
8522,923,2024-08-15 06:41:01,completed,bank_transfer
8523,1208,2024-08-17 19:37:40,completed,paypal
8524,804,2022-04-20 21:28:22,completed,bank_transfer
8525,633,2024-12-18 20:06:43,pending,gift_card
8526,2292,2023-01-06 23:28:24,completed,credit_card
8527,2275,2024-06-08 08:12:32,completed,credit_card
8528,2170,2024-10-13 12:18:32,completed,paypal
8529,1405,2023-09-28 15:27:37,completed,paypal
8530,2466,2023-10-08 03:50:11,completed,paypal
8531,222,2022-10-28 03:10:55,completed,credit_card
8532,717,2024-12-15 22:33:38,cancelled,gift_card
8533,1661,2024-02-06 10:52:37,returned,gift_card
8534,381,2022-04-16 06:19:28,cancelled,paypal
8535,1532,2024-10-22 23:22:28,completed,bank_transfer
8536,1714,2024-06-27 20:07:49,completed,debit_card
8537,872,2023-07-29 21:24:02,pending,bank_transfer
8538,658,2024-10-16 12:27:56,pending,debit_card
8539,1995,2024-10-21 14:46:33,cancelled,bank_transfer
8540,675,2023-08-05 02:33:25,returned,bank_transfer
8541,427,2024-07-23 12:54:31,pending,bank_transfer
8542,1030,2023-02-13 04:47:18,completed,bank_transfer
8543,2054,2024-05-30 02:26:12,completed,bank_transfer
8544,716,2023-06-05 06:26:42,completed,paypal
8545,1748,2024-05-29 10:54:04,completed,gift_card
8546,1497,2024-06-24 02:18:11,completed,gift_card
8547,2263,2024-01-03 15:24:10,completed,credit_card
8548,64,2024-10-27 02:52:09,completed,gift_card
8549,1697,2022-10-10 23:56:29,completed,bank_transfer
8550,1651,2022-05-14 21:35:58,completed,gift_card
8551,69,2023-02-16 23:52:37,pending,credit_card
8552,2207,2022-08-11 12:28:50,completed,bank_transfer
8553,658,2024-06-16 11:24:36,completed,credit_card
8554,1450,2022-01-04 16:39:51,pending,debit_card
8555,2178,2023-02-22 17:57:30,completed,paypal
8556,2344,2024-01-21 04:17:34,completed,bank_transfer
8557,1862,2023-09-04 13:56:33,returned,gift_card
8558,570,2022-02-27 06:25:52,completed,debit_card
8559,93,2024-01-19 22:49:34,pending,gift_card
8560,2204,2024-05-09 10:16:54,completed,paypal
8561,830,2023-11-10 16:13:16,completed,debit_card
8562,1081,2024-01-21 13:08:54,completed,credit_card
8563,542,2023-11-19 20:56:14,pending,gift_card
8564,1256,2022-01-13 00:09:38,completed,paypal
8565,1166,2023-05-11 05:56:40,returned,debit_card
8566,1030,2024-05-01 19:36:15,completed,credit_card
8567,701,2024-10-17 06:46:42,completed,debit_card
8568,2382,2022-11-13 19:38:50,completed,credit_card
8569,1978,2023-12-02 14:14:43,returned,paypal
8570,883,2023-12-13 18:48:11,completed,paypal
8571,631,2022-10-11 01:14:56,cancelled,debit_card
8572,353,2022-05-20 04:14:28,completed,debit_card
8573,1629,2023-06-13 09:28:02,returned,credit_card
8574,2295,2024-06-29 13:27:37,completed,bank_transfer
8575,428,2023-10-30 06:09:30,pending,credit_card
8576,1138,2023-01-06 14:38:20,completed,debit_card
8577,2136,2024-10-02 15:10:58,cancelled,credit_card
8578,861,2023-01-26 12:06:07,pending,credit_card
8579,466,2024-07-26 00:51:03,pending,bank_transfer
8580,1879,2023-12-02 00:04:14,cancelled,bank_transfer
8581,2111,2024-01-20 00:34:26,completed,bank_transfer
8582,783,2024-09-08 10:19:48,completed,gift_card
8583,1632,2022-10-06 21:13:40,returned,paypal
8584,2071,2022-08-30 06:24:21,cancelled,paypal
8585,1001,2022-02-07 19:34:12,completed,debit_card
8586,567,2024-05-16 03:38:04,cancelled,debit_card
8587,2049,2023-10-19 17:43:17,completed,bank_transfer
8588,2139,2023-05-28 19:50:30,completed,credit_card
8589,650,2024-10-15 06:25:44,completed,bank_transfer
8590,2175,2023-06-07 20:56:18,returned,debit_card
8591,236,2023-12-27 14:29:23,cancelled,gift_card
8592,160,2023-08-02 10:00:30,completed,paypal
8593,2286,2022-10-08 15:56:11,completed,debit_card
8594,1629,2022-08-08 21:30:58,completed,bank_transfer
8595,527,2022-08-11 03:18:14,completed,debit_card
8596,447,2023-01-29 17:58:22,completed,debit_card
8597,2146,2022-07-21 21:41:42,cancelled,credit_card
8598,2206,2023-05-01 09:52:10,completed,credit_card
8599,994,2024-08-12 06:17:46,returned,gift_card
8600,1937,2023-11-25 14:43:58,completed,paypal
8601,53,2024-10-08 03:00:11,pending,credit_card
8602,1243,2024-02-14 08:08:25,returned,bank_transfer
8603,346,2023-08-16 16:11:07,pending,credit_card
8604,1249,2024-10-30 11:53:04,cancelled,paypal
8605,295,2022-05-31 10:32:17,completed,credit_card
8606,1272,2024-08-28 16:46:53,cancelled,credit_card
8607,1082,2024-08-10 07:29:50,completed,gift_card
8608,23,2024-07-12 06:28:09,completed,paypal
8609,1277,2024-01-21 07:02:27,returned,paypal
8610,1431,2023-10-30 20:26:41,pending,debit_card
8611,591,2024-06-19 18:17:03,pending,gift_card
8612,845,2024-01-10 09:34:46,completed,debit_card
8613,93,2024-09-02 14:26:15,returned,bank_transfer
8614,730,2022-01-28 10:25:02,returned,paypal
8615,1970,2024-08-15 08:13:34,returned,debit_card
8616,1123,2023-11-06 10:08:08,completed,credit_card
8617,1940,2024-01-23 19:01:34,completed,debit_card
8618,281,2024-08-01 01:18:17,pending,gift_card
8619,643,2024-02-18 21:48:53,completed,paypal
8620,1899,2022-04-22 01:21:25,cancelled,bank_transfer
8621,2235,2024-12-24 03:34:47,completed,bank_transfer
8622,868,2023-07-24 23:34:27,cancelled,credit_card
8623,71,2023-07-13 23:31:42,returned,paypal
8624,2409,2024-12-29 06:29:13,returned,bank_transfer
8625,1835,2024-06-07 22:55:22,completed,gift_card
8626,1617,2024-01-18 06:00:47,cancelled,paypal
8627,2135,2023-09-13 10:25:30,pending,credit_card
8628,2139,2022-05-22 17:25:19,completed,credit_card
8629,222,2024-10-31 23:57:45,completed,bank_transfer
8630,1455,2022-02-03 10:58:17,returned,credit_card
8631,1762,2022-07-14 19:15:31,cancelled,bank_transfer
8632,307,2022-12-13 20:00:04,completed,paypal
8633,138,2023-10-07 12:05:06,completed,debit_card
8634,1158,2022-03-28 23:33:56,completed,paypal
8635,2150,2024-08-28 07:02:10,cancelled,bank_transfer
8636,1454,2024-11-05 07:21:47,completed,debit_card
8637,2456,2024-03-11 07:02:01,completed,debit_card
8638,1540,2022-06-20 07:16:07,returned,credit_card
8639,2067,2024-05-07 14:32:05,pending,gift_card
8640,1761,2023-07-30 08:42:31,completed,debit_card
8641,965,2024-01-01 19:01:27,pending,debit_card
8642,507,2023-12-07 19:22:41,completed,debit_card
8643,1882,2023-12-10 20:54:13,completed,paypal
8644,501,2024-01-23 23:24:11,returned,credit_card
8645,2041,2024-03-21 21:23:41,completed,paypal
8646,1912,2023-03-17 18:48:31,cancelled,debit_card
8647,2237,2023-11-11 19:28:49,completed,credit_card
8648,1423,2022-01-25 05:45:45,cancelled,bank_transfer
8649,365,2024-10-23 03:40:01,pending,credit_card
8650,2160,2024-11-20 02:40:13,returned,gift_card
8651,1548,2024-07-30 15:20:14,completed,gift_card
8652,2016,2024-04-02 11:04:38,pending,credit_card
8653,2241,2024-08-01 14:24:52,pending,bank_transfer
8654,156,2022-12-13 06:09:47,returned,paypal
8655,520,2024-02-08 19:39:47,pending,bank_transfer
8656,1265,2023-11-10 17:42:30,completed,debit_card
8657,918,2022-08-30 19:18:48,completed,credit_card
8658,1551,2023-03-20 08:23:52,cancelled,bank_transfer
8659,973,2023-10-08 02:20:40,pending,paypal
8660,308,2022-02-10 21:19:35,pending,bank_transfer
8661,878,2022-02-13 13:43:05,cancelled,paypal
8662,112,2023-01-18 01:31:38,completed,gift_card
8663,2116,2022-01-10 19:16:05,completed,debit_card
8664,2198,2024-06-18 01:06:39,pending,gift_card
8665,572,2023-03-17 00:24:19,completed,debit_card
8666,727,2024-07-09 09:14:13,completed,paypal
8667,719,2022-11-22 21:09:26,returned,gift_card
8668,795,2023-11-04 08:40:09,pending,credit_card
8669,2447,2024-05-24 10:17:04,pending,debit_card
8670,237,2023-10-30 08:34:19,cancelled,paypal
8671,1821,2022-08-09 15:32:21,cancelled,credit_card
8672,1225,2024-10-28 13:47:18,completed,debit_card
8673,2409,2024-12-08 14:28:45,completed,credit_card
8674,1094,2023-06-27 06:27:03,returned,bank_transfer
8675,1569,2024-12-05 08:48:04,completed,paypal
8676,1212,2023-12-05 04:22:25,completed,bank_transfer
8677,405,2023-04-30 21:18:50,cancelled,bank_transfer
8678,1870,2022-12-22 16:22:33,pending,debit_card
8679,1171,2024-02-21 04:55:36,pending,debit_card
8680,1370,2022-10-03 23:10:00,completed,paypal
8681,2347,2024-01-19 15:48:18,completed,gift_card
8682,2012,2024-11-02 23:43:00,completed,bank_transfer
8683,1012,2024-06-24 09:59:27,cancelled,gift_card
8684,2019,2024-01-23 09:09:15,cancelled,gift_card
8685,765,2022-12-18 17:30:18,completed,paypal
8686,572,2023-08-15 01:23:39,cancelled,bank_transfer
8687,780,2023-10-11 15:22:54,cancelled,bank_transfer
8688,740,2024-10-13 17:10:44,completed,paypal
8689,844,2024-01-19 06:46:45,completed,gift_card
8690,370,2023-11-21 03:56:19,pending,credit_card
8691,586,2024-06-28 23:54:09,completed,credit_card
8692,2493,2023-10-13 04:47:01,pending,paypal
8693,270,2022-02-25 17:34:22,completed,paypal
8694,1444,2024-05-21 09:10:45,cancelled,paypal
8695,1828,2024-01-14 13:08:24,completed,paypal
8696,525,2024-03-18 01:51:47,returned,credit_card
8697,2405,2023-01-18 21:19:09,completed,debit_card
8698,645,2022-09-06 17:58:04,completed,debit_card
8699,693,2023-10-23 11:30:22,completed,debit_card
8700,1188,2023-01-23 09:39:49,completed,paypal
8701,130,2023-10-09 03:34:32,returned,debit_card
8702,1092,2023-07-11 17:30:31,completed,paypal
8703,1907,2024-06-20 00:50:39,returned,debit_card
8704,1438,2024-09-11 08:06:12,completed,bank_transfer
8705,2058,2022-02-05 18:14:54,returned,bank_transfer
8706,639,2023-11-09 20:53:08,cancelled,bank_transfer
8707,1236,2022-01-02 09:07:07,completed,debit_card
8708,2121,2022-03-07 17:23:19,cancelled,credit_card
8709,387,2024-06-14 03:10:55,completed,paypal
8710,2175,2022-01-06 14:15:29,returned,gift_card
8711,315,2023-12-23 02:51:24,cancelled,bank_transfer
8712,1075,2023-08-17 04:33:40,completed,gift_card
8713,1972,2022-07-29 12:43:49,completed,paypal
8714,1688,2023-10-18 04:15:40,returned,bank_transfer
8715,427,2024-03-15 06:36:13,cancelled,gift_card
8716,2338,2024-06-29 04:09:23,cancelled,paypal
8717,1770,2024-10-04 16:50:44,completed,credit_card
8718,210,2022-11-11 07:52:00,completed,credit_card
8719,1369,2023-08-21 16:39:48,completed,bank_transfer
8720,2439,2022-01-13 14:06:33,returned,paypal
8721,1539,2024-02-19 10:49:13,completed,credit_card
8722,1367,2022-02-23 06:55:04,completed,credit_card
8723,1942,2022-02-08 01:51:20,completed,gift_card
8724,504,2024-06-19 22:46:57,returned,paypal
8725,2017,2024-05-24 21:19:07,completed,credit_card
8726,1420,2024-08-29 06:51:12,pending,bank_transfer
8727,489,2024-10-15 11:51:19,completed,credit_card
8728,339,2024-05-09 22:18:06,returned,debit_card
8729,1523,2022-10-03 19:28:22,completed,credit_card
8730,1175,2022-04-19 22:12:25,completed,bank_transfer
8731,2188,2023-05-16 03:08:06,completed,bank_transfer
8732,1139,2024-11-13 03:17:14,pending,credit_card
8733,987,2022-09-18 13:31:22,completed,bank_transfer
8734,538,2024-01-09 17:03:21,completed,debit_card
8735,1736,2022-10-20 15:00:59,completed,paypal
8736,618,2024-02-11 20:40:33,cancelled,credit_card
8737,696,2023-08-03 18:31:14,completed,credit_card
8738,486,2023-01-31 00:31:51,completed,bank_transfer
8739,2144,2023-04-18 16:09:23,completed,paypal
8740,1565,2022-07-23 16:37:26,cancelled,debit_card
8741,2278,2024-12-03 20:34:24,completed,gift_card
8742,693,2024-04-27 15:58:44,pending,credit_card
8743,1436,2023-02-09 15:41:51,returned,paypal
8744,822,2023-10-24 04:39:00,completed,credit_card
8745,1245,2024-04-20 23:25:22,completed,gift_card
8746,1428,2022-08-20 15:30:42,completed,credit_card
8747,1440,2024-04-13 09:23:32,cancelled,bank_transfer
8748,787,2022-11-17 11:04:44,returned,paypal
8749,2152,2022-01-15 06:34:55,completed,debit_card
8750,377,2023-09-13 23:34:46,cancelled,bank_transfer
8751,2102,2023-08-14 10:20:40,completed,paypal
8752,2458,2024-09-22 04:30:56,completed,debit_card
8753,2038,2022-02-14 06:16:19,returned,bank_transfer
8754,1458,2023-09-21 06:55:53,completed,debit_card
8755,1407,2024-11-21 11:14:59,completed,credit_card
8756,2121,2022-11-19 00:17:35,completed,bank_transfer
8757,1143,2024-09-12 12:02:19,cancelled,debit_card
8758,1432,2023-05-28 19:38:27,completed,bank_transfer
8759,1389,2023-05-20 20:22:31,returned,paypal
8760,2268,2023-11-10 13:55:23,pending,credit_card
8761,13,2023-02-12 07:52:03,completed,gift_card
8762,1584,2024-10-23 13:37:57,pending,bank_transfer
8763,1227,2023-09-20 18:16:31,pending,credit_card
8764,2077,2024-12-24 14:48:11,completed,paypal
8765,6,2024-05-17 18:47:02,pending,paypal
8766,1162,2023-04-02 02:55:14,cancelled,paypal
8767,1913,2022-10-09 22:01:01,cancelled,bank_transfer
8768,545,2024-08-24 09:34:54,pending,credit_card
8769,1972,2024-01-12 05:28:57,completed,debit_card
8770,622,2024-02-03 04:02:57,returned,paypal
8771,1383,2022-04-06 08:36:58,completed,debit_card
8772,1241,2023-01-06 12:47:32,returned,debit_card
8773,338,2024-11-22 03:10:05,cancelled,paypal
8774,850,2024-05-08 13:07:22,pending,gift_card
8775,1452,2023-06-14 20:15:48,completed,credit_card
8776,190,2024-09-22 18:49:57,pending,gift_card
8777,1049,2022-01-11 00:37:53,completed,debit_card
8778,798,2022-10-24 17:19:20,cancelled,gift_card
8779,805,2024-12-10 13:32:30,completed,credit_card
8780,39,2024-07-30 07:54:45,cancelled,credit_card
8781,1866,2024-05-17 06:13:03,cancelled,gift_card
8782,593,2022-09-08 16:47:00,pending,paypal
8783,925,2024-06-22 14:41:57,completed,paypal
8784,232,2024-03-20 18:11:41,completed,bank_transfer
8785,1867,2024-01-04 18:35:13,completed,bank_transfer
8786,154,2023-12-06 17:29:19,completed,gift_card
8787,277,2022-02-17 09:39:41,cancelled,paypal
8788,1524,2023-10-26 21:06:37,returned,paypal
8789,1115,2023-04-16 01:43:02,completed,bank_transfer
8790,348,2022-06-02 02:25:46,completed,debit_card
8791,818,2024-07-29 21:20:22,pending,debit_card
8792,2355,2022-02-21 17:28:08,completed,paypal
8793,888,2024-04-23 16:29:21,pending,credit_card
8794,260,2023-08-10 05:15:50,completed,debit_card
8795,1230,2024-05-24 04:15:07,completed,debit_card
8796,471,2024-06-13 17:33:21,completed,paypal
8797,1991,2024-07-21 16:53:37,completed,bank_transfer
8798,1446,2024-08-30 19:26:51,completed,credit_card
8799,757,2024-01-01 16:39:24,completed,credit_card
8800,408,2024-10-06 15:16:17,cancelled,credit_card
8801,1670,2024-04-27 09:45:41,returned,gift_card
8802,561,2024-12-27 04:51:30,cancelled,debit_card
8803,1840,2024-08-17 23:50:54,completed,credit_card
8804,702,2023-02-08 21:50:41,cancelled,credit_card
8805,817,2024-10-11 19:26:11,completed,bank_transfer
8806,441,2022-08-05 03:28:43,completed,credit_card
8807,665,2024-11-14 12:09:55,completed,gift_card
8808,152,2024-11-25 21:48:00,completed,gift_card
8809,1442,2024-01-19 09:00:32,completed,gift_card
8810,2069,2024-05-07 18:30:53,completed,gift_card
8811,608,2022-12-16 19:05:20,cancelled,credit_card
8812,326,2024-02-12 16:22:45,returned,bank_transfer
8813,1199,2023-05-17 04:55:11,completed,paypal
8814,1535,2024-05-23 17:35:40,completed,credit_card
8815,197,2023-07-11 12:26:42,pending,paypal
8816,1143,2023-07-26 14:49:48,returned,gift_card
8817,1773,2023-10-30 05:30:15,completed,bank_transfer
8818,743,2022-08-18 21:04:13,completed,gift_card
8819,1258,2024-12-04 10:12:52,completed,gift_card
8820,1897,2024-09-26 11:21:54,pending,paypal
8821,147,2024-06-29 15:48:57,completed,bank_transfer
8822,2221,2023-12-11 20:15:18,completed,paypal
8823,163,2024-06-02 00:00:59,cancelled,paypal
8824,131,2024-11-20 09:24:21,completed,debit_card
8825,1099,2023-10-02 06:46:39,completed,gift_card
8826,1149,2024-09-07 01:39:44,completed,gift_card
8827,1588,2024-10-27 08:25:38,cancelled,bank_transfer
8828,473,2022-09-15 12:20:48,completed,paypal
8829,195,2022-06-28 08:49:40,returned,credit_card
8830,2236,2024-09-14 12:35:16,completed,debit_card
8831,1449,2024-04-04 04:32:18,completed,debit_card
8832,1211,2023-04-13 04:33:23,completed,credit_card
8833,345,2024-04-16 00:42:15,cancelled,paypal
8834,504,2023-12-31 13:21:05,completed,credit_card
8835,1941,2024-09-18 18:08:22,completed,gift_card
8836,580,2024-08-27 22:28:55,completed,bank_transfer
8837,1976,2023-10-30 03:31:28,returned,credit_card
8838,1031,2024-09-21 15:50:41,completed,gift_card
8839,2107,2024-05-16 12:19:08,completed,debit_card
8840,591,2024-03-23 06:23:25,returned,gift_card
8841,383,2024-05-22 16:50:33,returned,paypal
8842,1002,2022-08-31 18:00:01,completed,gift_card
8843,1360,2024-08-16 01:35:16,completed,bank_transfer
8844,167,2024-11-29 08:52:38,returned,debit_card
8845,1399,2024-10-31 13:34:17,completed,credit_card
8846,490,2023-08-27 04:13:20,completed,paypal
8847,946,2022-09-07 19:30:37,completed,credit_card
8848,1116,2024-11-28 01:52:50,returned,bank_transfer
8849,1398,2022-05-02 05:07:06,completed,credit_card
8850,197,2023-02-06 10:24:47,completed,paypal
8851,1981,2024-10-01 22:21:57,returned,paypal
8852,2490,2024-12-29 21:16:06,cancelled,gift_card
8853,638,2024-09-22 16:09:25,pending,paypal
8854,532,2023-07-16 09:00:01,completed,debit_card
8855,2468,2024-02-29 10:07:15,cancelled,debit_card
8856,310,2024-11-27 09:34:08,completed,paypal
8857,1405,2024-04-08 01:54:40,completed,gift_card
8858,1531,2023-02-21 11:56:22,completed,credit_card
8859,918,2022-05-31 08:43:33,completed,bank_transfer
8860,1304,2024-04-24 01:06:50,completed,gift_card
8861,240,2023-04-10 04:20:46,completed,paypal
8862,1593,2024-03-24 20:38:14,completed,debit_card
8863,861,2024-10-16 03:55:40,returned,paypal
8864,1782,2023-07-05 18:52:03,completed,paypal
8865,1601,2024-08-24 04:22:07,completed,paypal
8866,1211,2024-09-06 09:13:15,completed,paypal
8867,2246,2022-09-01 05:05:36,pending,debit_card
8868,259,2023-10-08 10:36:12,completed,paypal
8869,1700,2024-08-06 21:04:40,completed,gift_card
8870,300,2024-11-20 23:02:01,completed,paypal
8871,971,2022-06-21 19:36:15,completed,credit_card
8872,25,2022-08-08 22:29:59,cancelled,bank_transfer
8873,2293,2022-06-08 08:55:49,completed,debit_card
8874,325,2023-11-20 07:05:27,returned,debit_card
8875,1134,2023-05-16 17:37:34,completed,bank_transfer
8876,1939,2024-02-19 11:10:06,returned,gift_card
8877,229,2023-06-15 02:56:41,completed,debit_card
8878,1624,2024-04-18 05:06:20,completed,paypal
8879,2448,2023-07-13 18:54:47,pending,credit_card
8880,658,2024-12-27 00:41:40,cancelled,paypal
8881,1953,2022-09-04 14:38:48,returned,bank_transfer
8882,1228,2023-06-26 16:16:07,completed,credit_card
8883,1462,2022-09-14 11:42:28,completed,credit_card
8884,1022,2024-09-03 05:38:12,returned,bank_transfer
8885,1860,2024-08-30 14:18:13,cancelled,gift_card
8886,221,2022-03-16 19:35:24,completed,paypal
8887,236,2023-07-30 17:10:32,completed,credit_card
8888,1912,2024-02-28 21:03:41,completed,gift_card
8889,1704,2022-01-31 17:04:51,completed,credit_card
8890,1953,2023-04-19 13:25:28,completed,gift_card
8891,2143,2022-09-27 11:19:03,completed,credit_card
8892,534,2023-02-15 20:48:21,completed,credit_card
8893,704,2024-11-18 03:14:00,completed,gift_card
8894,928,2024-03-02 12:25:01,cancelled,gift_card
8895,429,2023-09-28 01:36:47,completed,debit_card
8896,179,2022-10-17 07:34:00,completed,credit_card
8897,2063,2024-12-04 06:04:34,returned,credit_card
8898,1969,2022-12-07 12:34:06,completed,debit_card
8899,1762,2022-02-04 10:13:55,completed,credit_card
8900,517,2024-12-08 23:49:12,returned,gift_card
8901,1224,2022-01-29 16:27:38,pending,gift_card
8902,2093,2023-04-28 14:05:50,completed,debit_card
8903,2079,2024-05-11 15:43:43,completed,bank_transfer
8904,1228,2023-11-22 15:07:00,completed,credit_card
8905,1180,2023-10-03 15:18:29,completed,bank_transfer
8906,1785,2023-06-15 07:54:39,completed,credit_card
8907,1587,2022-06-30 18:04:15,completed,paypal
8908,34,2022-08-09 20:25:58,returned,bank_transfer
8909,906,2024-11-28 21:09:50,pending,gift_card
8910,367,2022-11-27 22:14:18,cancelled,bank_transfer
8911,907,2024-04-20 08:27:07,returned,credit_card
8912,2395,2023-02-14 21:07:42,completed,paypal
8913,1398,2024-04-10 15:27:03,completed,debit_card
8914,1805,2022-12-22 16:25:36,completed,paypal
8915,2462,2024-09-26 14:44:35,completed,debit_card
8916,1898,2023-07-27 12:24:17,cancelled,debit_card
8917,1151,2023-10-22 18:38:07,cancelled,debit_card
8918,1839,2024-08-26 06:21:38,completed,debit_card
8919,745,2024-10-30 18:18:04,completed,gift_card
8920,2475,2022-05-07 04:25:46,cancelled,bank_transfer
8921,2247,2023-01-31 20:10:37,cancelled,credit_card
8922,509,2022-04-03 18:05:48,completed,debit_card
8923,2275,2024-11-29 19:33:45,completed,debit_card
8924,960,2024-03-27 11:47:56,pending,debit_card
8925,716,2023-06-14 02:43:14,returned,debit_card
8926,2457,2024-04-30 11:23:36,cancelled,debit_card
8927,630,2024-02-29 12:01:40,cancelled,debit_card
8928,1590,2024-12-11 00:09:33,completed,debit_card
8929,786,2024-02-25 21:19:45,completed,bank_transfer
8930,603,2024-09-14 00:57:43,completed,debit_card
8931,254,2022-06-06 14:49:55,completed,gift_card
8932,412,2024-07-18 01:46:14,completed,debit_card
8933,1171,2024-08-22 20:32:29,completed,paypal
8934,705,2024-07-29 14:47:54,pending,debit_card
8935,1306,2022-03-03 23:50:21,returned,debit_card
8936,980,2024-02-13 16:53:13,completed,credit_card
8937,2403,2023-04-26 13:02:13,completed,paypal
8938,2280,2023-08-15 01:00:21,pending,debit_card
8939,1860,2022-08-14 14:29:09,returned,debit_card
8940,2421,2023-06-11 02:15:17,cancelled,bank_transfer
8941,2277,2024-06-04 10:19:56,pending,paypal
8942,2342,2023-07-30 13:43:59,cancelled,debit_card
8943,1223,2023-11-05 06:42:10,completed,debit_card
8944,1502,2024-03-26 21:16:23,cancelled,gift_card
8945,311,2024-04-17 01:04:19,completed,gift_card
8946,399,2024-05-13 16:41:13,cancelled,gift_card
8947,2228,2024-08-06 18:36:46,returned,bank_transfer
8948,1546,2024-05-02 02:58:30,completed,paypal
8949,53,2024-10-24 19:42:15,completed,gift_card
8950,1438,2024-03-26 06:47:16,completed,gift_card
8951,1527,2024-08-01 23:07:10,returned,paypal
8952,456,2024-04-07 02:36:42,cancelled,gift_card
8953,104,2024-08-06 05:27:50,completed,bank_transfer
8954,1973,2024-12-14 11:57:31,completed,credit_card
8955,2301,2024-07-29 18:42:33,returned,bank_transfer
8956,1812,2024-02-18 08:49:07,cancelled,paypal
8957,1701,2024-06-20 14:29:49,completed,credit_card
8958,1635,2022-12-30 12:09:53,returned,bank_transfer
8959,2267,2024-12-18 14:44:29,completed,paypal
8960,1907,2024-03-23 20:57:45,completed,credit_card
8961,320,2023-01-12 14:46:13,pending,paypal
8962,1548,2022-03-08 03:06:39,completed,gift_card
8963,1384,2023-07-19 06:35:37,cancelled,debit_card
8964,2131,2023-11-08 14:40:33,completed,debit_card
8965,1279,2023-05-20 08:54:13,completed,bank_transfer
8966,427,2024-11-15 23:39:36,returned,debit_card
8967,1049,2022-11-28 20:22:37,completed,gift_card
8968,1241,2022-04-12 15:22:38,pending,credit_card
8969,1192,2023-11-25 15:01:13,completed,gift_card
8970,1229,2023-08-25 21:07:49,completed,credit_card
8971,1810,2024-10-06 19:52:15,returned,debit_card
8972,1413,2023-10-02 01:54:42,pending,gift_card
8973,2314,2022-12-30 06:05:34,completed,debit_card
8974,1270,2022-06-09 23:23:56,completed,bank_transfer
8975,706,2023-02-25 15:47:16,completed,bank_transfer
8976,2415,2024-06-26 03:10:17,returned,bank_transfer
8977,1854,2023-03-02 07:41:25,completed,gift_card
8978,1177,2023-03-10 08:14:39,returned,gift_card
8979,283,2023-10-22 19:25:30,completed,gift_card
8980,1463,2023-08-17 21:22:05,completed,gift_card
8981,2076,2024-09-24 08:18:34,completed,gift_card
8982,1201,2024-03-06 09:29:50,returned,bank_transfer
8983,1456,2023-05-11 12:15:23,returned,bank_transfer
8984,1091,2024-09-01 11:51:25,cancelled,credit_card
8985,2371,2024-09-21 08:21:41,completed,bank_transfer
8986,1858,2024-08-13 17:47:42,returned,bank_transfer
8987,624,2023-02-12 06:15:07,completed,gift_card
8988,1130,2024-02-13 14:42:10,cancelled,credit_card
8989,1398,2023-02-28 21:17:56,returned,bank_transfer
8990,101,2024-11-05 19:11:31,returned,bank_transfer
8991,1064,2024-08-17 00:44:37,completed,debit_card
8992,363,2023-03-19 02:11:42,pending,gift_card
8993,1559,2024-03-29 06:57:46,completed,gift_card
8994,98,2023-12-21 03:46:59,returned,gift_card
8995,1327,2022-03-08 09:42:32,completed,debit_card
8996,577,2022-02-27 07:53:45,pending,paypal
8997,155,2022-05-30 04:49:30,returned,debit_card
8998,2478,2024-02-22 12:41:00,completed,bank_transfer
8999,1544,2023-07-09 01:36:58,cancelled,debit_card
9000,2407,2022-07-16 12:26:27,completed,debit_card
