name,email,signup_date,city,marketing_segment,signup_date_original,normalized_email,normalized_name
Julie Taylor,aaron48@example.net,2020-12-22,Munich,A,2020-12-22,aaron48@example.net,julietaylor
Lorraine Gibbs,aarongonzalez@example.com,2023-11-21,Paris,VIP,2023-11-21,aarongonzalez@example.com,lorrainegibbs
Susan Zimmerman,abbottchristopher@example.net,2021-09-24,,A,2021-09-24,abbottchristopher@example.net,susanzimmerman
Stephanie Walls,abrown@example.net,2020-05-24,Mumbai,A,2020-05-24,abrown@example.net,stephaniewalls
Jennifer Nelson,adamarmstrong@example.net,2020-11-22,Los Angeles,C,2020-11-22,adamarmstrong@example.net,jennifernelson
Theresa Reilly,adamrodgers@example.net,2019-11-10,Toronto,B,2019-11-10,adamrodgers@example.net,theresareilly
Jason Price,aguilarwanda@example.org,2021-05-14,Mumbai,B,2021-05-14,aguilarwanda@example.org,jasonprice
Debra Clark,ahale@example.org,2021-05-24,Berlin,B,2021-05-24,ahale@example.org,debraclark
Katherine Campos,albert64@example.net,2023-01-29,Mumbai,VIP,2023-01-29,albert64@example.net,katherinecampos
David Johnson,alexandernicholas@example.net,2019-02-13,Toronto,,2019-02-13,alexandernicholas@example.net,davidjohnson
David Lane,alexanderwise@example.net,2022-09-28,Singapore,C,2022-09-28,alexanderwise@example.net,davidlane
Zachary Santiago,alexanderwong@example.org,2019-06-10,Bangkok,,2019-06-10,alexanderwong@example.org,zacharysantiago
James Rodriguez,alexandrablankenship@example.net,2021-11-03,Melbourne,,2021-11-03,alexandrablankenship@example.net,jamesrodriguez
Corey Weeks,alexgarcia@example.net,2023-06-04,Chicago,C,2023-06-04,alexgarcia@example.net,coreyweeks
Amanda Mcfarland,alexis39@example.org,2022-03-18,New York,A,2022-03-18,alexis39@example.org,amandamcfarland
Angelica Long,alexis58@example.com,2023-07-24,Manchester,B,2023-07-24,alexis58@example.com,angelicalong
David Hayes Dvm,aliciathompson@example.com,2023-10-26,Bangkok,A,2023-10-26,aliciathompson@example.com,davidhayesdvm
Erin Mason,allenphillip@example.com,2024-02-15,London,A,2024-02-15,allenphillip@example.com,erinmason
Tina Williams,alyssa18@example.org,2020-02-12,Chicago,A,2020-02-12,alyssa18@example.org,tinawilliams
Casey Anderson,alyssa42@example.com,2020-10-24,Vancouver,A,2020-10-24,alyssa42@example.com,caseyanderson
Glenn Ward,alyssa66@example.net,2022-08-02,New York,,2022-08-02,alyssa66@example.net,glennward
Heather Roberson,alyssa93@example.org,2021-09-16,Vancouver,,2021-09-16,alyssa93@example.org,heatherroberson
Tanya Shannon,amanda21@example.com,2023-07-08,Los Angeles,A,2023-07-08,amanda21@example.com,tanyashannon
Thomas Norton,amandabenson@example.com,2019-08-19,Melbourne,VIP,2019-08-19,amandabenson@example.com,thomasnorton
Allison Casey,amandadalton@example.net,2022-05-26,Munich,VIP,2022-05-26,amandadalton@example.net,allisoncasey
David Smith,amassey@example.net,2019-02-03,Toronto,VIP,2019-02-03,amassey@example.net,davidsmith
Ashley Wilson,amber07@example.net,2022-08-31,Chicago,VIP,2022-08-31,amber07@example.net,ashleywilson
Vanessa Smith Dvm,amber09@example.org,2021-04-02,Melbourne,,2021-04-02,amber09@example.org,vanessasmithdvm
Robert Wilson,amber40@example.net,2023-02-08,Chicago,B,2023-02-08,amber40@example.net,robertwilson
Courtney Arias,amberfriedman@example.com,2021-02-04,London,A,2021-02-04,amberfriedman@example.com,courtneyarias
Jose Rogers,amcdonald@example.com,2023-01-30,Singapore,B,2023-01-30,amcdonald@example.com,joserogers
Amber Campbell,amitchell@example.org,2022-06-04,Berlin,A,2022-06-04,amitchell@example.org,ambercampbell
Catherine Davis,amybrennan@example.net,2021-12-20,Bangkok,B,2021-12-20,amybrennan@example.net,catherinedavis
Jennifer Gutierrez,amydickson@example.com,2022-04-08,Bangkok,A,2022-04-08,amydickson@example.com,jennifergutierrez
Kimberly Brown,andersenthomas@example.com,2021-11-07,London,B,2021-11-07,andersenthomas@example.com,kimberlybrown
William Becker,andersoncolin@example.com,2020-02-13,Mumbai,,2020-02-13,andersoncolin@example.com,williambecker
Audrey Reyes,andersonhenry@example.org,2024-03-02,Vancouver,A,2024-03-02,andersonhenry@example.org,audreyreyes
Adam Rivas,andersonkayla@example.com,2022-03-22,Bangkok,C,2022-03-22,andersonkayla@example.com,adamrivas
Eileen Gutierrez,andersonmeghan@example.net,2024-03-30,New York,B,2024-03-30,andersonmeghan@example.net,eileengutierrez
Samuel Phillips,andrea23@example.org,2023-10-14,Chicago,,2023-10-14,andrea23@example.org,samuelphillips
Samuel Olson,andres97@example.com,2023-01-25,Manchester,B,2023-01-25,andres97@example.com,samuelolson
John Blair,andrew22@example.com,2024-05-03,Berlin,B,2024-05-03,andrew22@example.com,johnblair
Stephen Garcia,andrew43@example.com,2022-02-10,Munich,B,2022-02-10,andrew43@example.com,stephengarcia
Michelle Harris,andrew43@example.org,2023-03-31,London,VIP,2023-03-31,andrew43@example.org,michelleharris
Tara Jones,andrew88@example.com,2020-05-24,Toronto,A,2020-05-24,andrew88@example.com,tarajones
David Davidson,angela18@example.org,2020-06-06,Sydney,B,2020-06-06,angela18@example.org,daviddavidson
Craig Keller,angela71@example.net,2023-02-10,,A,2023-02-10,angela71@example.net,craigkeller
Rhonda Gutierrez,angelarandall@example.net,2021-09-19,New York,C,2021-09-19,angelarandall@example.net,rhondagutierrez
Mr. Ralph Dawson,angelica33@example.net,2024-01-07,Toronto,,2024-01-07,angelica33@example.net,mrralphdawson
Marcus Powell,ann31@example.net,2022-11-04,,,2022-11-04,ann31@example.net,marcuspowell
John Henry,anna96@example.com,2021-10-25,Mumbai,,2021-10-25,anna96@example.com,johnhenry
Jorge Bates,anna99@example.com,2019-07-11,Vancouver,B,2019-07-11,anna99@example.com,jorgebates
Jeremiah Baker,anne21@example.org,2020-01-19,Chicago,C,2020-01-19,anne21@example.org,jeremiahbaker
Michael Thompson,annettegutierrez@example.org,2019-11-01,Sydney,VIP,2019-11-01,annettegutierrez@example.org,michaelthompson
Tracy Jackson,anthony13@example.org,2021-05-04,Toronto,,2021-05-04,anthony13@example.org,tracyjackson
Mark Anderson,anthonyalvarado@example.com,2020-07-03,Paris,C,2020-07-03,anthonyalvarado@example.com,markanderson
Chelsey White,anthonycherry@example.org,2022-10-05,Singapore,,2022-10-05,anthonycherry@example.org,chelseywhite
Devin Johnson,anthonycochran@example.com,2021-03-15,Singapore,VIP,2021-03-15,anthonycochran@example.com,devinjohnson
Taylor Mullins,anthonydavis@example.net,2020-05-14,Toronto,B,2020-05-14,anthonydavis@example.net,taylormullins
Megan Green,anthonysullivan@example.com,2022-02-09,London,,2022-02-09,anthonysullivan@example.com,megangreen
Wendy Smith,antoniocarter@example.com,2020-09-21,Vancouver,,2020-09-21,antoniocarter@example.com,wendysmith
Kyle Collins,aperez@example.com,2019-12-29,Los Angeles,B,2019-12-29,aperez@example.com,kylecollins
Krystal Levine,april91@example.com,2019-01-20,Bangkok,C,2019-01-20,april91@example.com,krystallevine
Penny Gomez Md,aprilmclaughlin@example.org,2022-07-31,Munich,A,2022-07-31,aprilmclaughlin@example.org,pennygomezmd
Matthew Steele,arianadiaz@example.com,2020-02-13,Berlin,,2020-02-13,arianadiaz@example.com,matthewsteele
Shawn Lozano,arobinson@example.net,2019-11-26,Bangkok,VIP,2019-11-26,arobinson@example.net,shawnlozano
Mrs. Emily Waters,arobinson@example.org,2019-12-27,Los Angeles,,2019-12-27,arobinson@example.org,mrsemilywaters
Tara Holmes,arthurgreene@example.net,2021-10-15,Sydney,VIP,2021-10-15,arthurgreene@example.net,taraholmes
Angela George,ascott@example.net,2024-05-30,Singapore,C,2024-05-30,ascott@example.net,angelageorge
Frank Campbell Md,ashleewashington@example.com,2024-04-12,London,,2024-04-12,ashleewashington@example.com,frankcampbellmd
Sonya Miranda,ashley14@example.org,2024-06-01,Los Angeles,A,2024-06-01,ashley14@example.org,sonyamiranda
James Wells,ashley74@example.org,2020-08-20,Vancouver,C,2020-08-20,ashley74@example.org,jameswells
Jerry Boyd,ashleygarcia@example.org,2021-03-06,Melbourne,VIP,2021-03-06,ashleygarcia@example.org,jerryboyd
Jessica Odonnell,ashleyjohnson@example.com,2019-03-30,Singapore,,2019-03-30,ashleyjohnson@example.com,jessicaodonnell
Samuel Roberts,ashleynash@example.org,2023-05-23,Toronto,C,2023-05-23,ashleynash@example.org,samuelroberts
Lori Perez,ashleysimmons@example.com,2021-02-03,Sydney,B,2021-02-03,ashleysimmons@example.com,loriperez
Edward Terry,ashleystephens@example.com,2021-04-28,Singapore,C,2021-04-28,ashleystephens@example.com,edwardterry
Sarah Taylor,asmith@example.org,2024-03-06,Bangkok,VIP,2024-03-06,asmith@example.org,sarahtaylor
Heather Snyder,asteele@example.net,2022-05-04,Mumbai,C,2022-05-04,asteele@example.net,heathersnyder
Carlos Hensley,audrey47@example.org,2022-07-18,Paris,A,2022-07-18,audrey47@example.org,carloshensley
Christian Hernandez,audrey81@example.com,2020-05-31,Vancouver,C,2020-05-31,audrey81@example.com,christianhernandez
Jeremy Barnes,avaughn@example.net,2021-05-16,Munich,VIP,2021-05-16,avaughn@example.net,jeremybarnes
Christine Aguilar,baileychristopher@example.com,2020-05-14,Bangkok,C,2020-05-14,baileychristopher@example.com,christineaguilar
Charles Price,baileyhenderson@example.com,2019-04-24,Singapore,VIP,2019-04-24,baileyhenderson@example.com,charlesprice
Richard Goodman,ballvanessa@example.com,2022-09-17,,A,2022-09-17,ballvanessa@example.com,richardgoodman
Donna Cabrera,barbara53@example.com,2024-05-12,Sydney,A,2024-05-12,barbara53@example.com,donnacabrera
Kelly Weiss,barbarabrady@example.net,2023-05-11,Sydney,B,2023-05-11,barbarabrady@example.net,kellyweiss
Abigail Hill,barbaramoore@example.org,2019-04-22,Sydney,C,2019-04-22,barbaramoore@example.org,abigailhill
Dr. Jared Lee Iii,barbaraolsen@example.net,2022-11-21,Sydney,B,2022-11-21,barbaraolsen@example.net,drjaredleeiii
Gregory Frazier,barbarasantos@example.net,2019-08-03,Bangkok,A,2019-08-03,barbarasantos@example.net,gregoryfrazier
Melinda Evans,barkereric@example.com,2023-08-25,Melbourne,C,2023-08-25,barkereric@example.com,melindaevans
Katherine Dunn,barnettmatthew@example.net,2019-11-09,Singapore,C,2019-11-09,barnettmatthew@example.net,katherinedunn
Patty Allen,barrettamber@example.com,2023-05-19,Munich,VIP,2023-05-19,barrettamber@example.com,pattyallen
James Ellis,barrettjoshua@example.net,2021-01-22,Sydney,B,2021-01-22,barrettjoshua@example.net,jamesellis
Christine Watson,barryyoung@example.com,2023-08-27,Chicago,B,2023-08-27,barryyoung@example.com,christinewatson
Paula Johnson,bconrad@example.org,2019-10-23,Toronto,A,2019-10-23,bconrad@example.org,paulajohnson
Aaron Lee,beardlindsey@example.net,2022-01-15,Paris,A,2022-01-15,beardlindsey@example.net,aaronlee
Justin Webb,becky62@example.net,2023-10-11,Manchester,VIP,2023-10-11,becky62@example.net,justinwebb
Shari Kelley,benjaminwilliams@example.net,2021-04-18,Vancouver,VIP,2021-04-18,benjaminwilliams@example.net,sharikelley
Walter Palmer,bensonstanley@example.org,2019-08-31,Manchester,,2019-08-31,bensonstanley@example.org,walterpalmer
Jeffrey Garza,bentongeorge@example.net,2020-05-03,Vancouver,VIP,2020-05-03,bentongeorge@example.net,jeffreygarza
Cynthia Wilson,bethwilliams@example.org,2021-08-05,Vancouver,VIP,2021-08-05,bethwilliams@example.org,cynthiawilson
Kimberly Gibson,bgross@example.net,2021-12-22,New York,C,2021-12-22,bgross@example.net,kimberlygibson
Shannon Medina,bhess@example.com,2023-11-20,Chicago,,2023-11-20,bhess@example.com,shannonmedina
Steven Sandoval,blairabigail@example.net,2019-10-23,Sydney,B,2019-10-23,blairabigail@example.net,stevensandoval
Michael Santos,bliu@example.com,2019-02-23,New York,A,2019-02-23,bliu@example.com,michaelsantos
William Morgan,bmartinez@example.net,2020-05-18,Bangkok,C,2020-05-18,bmartinez@example.net,williammorgan
Jillian Wilson,bmcgee@example.org,2020-04-29,Chicago,C,2020-04-29,bmcgee@example.org,jillianwilson
Tonya Ellis,bmosley@example.com,2023-11-10,New York,,2023-11-10,bmosley@example.com,tonyaellis
Daniel Benson,bmueller@example.net,2021-07-20,Toronto,A,2021-07-20,bmueller@example.net,danielbenson
Sarah Meadows,boydmichael@example.org,2023-06-03,Bangkok,VIP,2023-06-03,boydmichael@example.org,sarahmeadows
Brenda Alexander,bradley03@example.org,2024-06-25,London,A,2024-06-25,bradley03@example.org,brendaalexander
John Juarez,bradleylee@example.net,2023-01-20,Vancouver,A,2023-01-20,bradleylee@example.net,johnjuarez
Robert Lopez,bradylisa@example.org,2021-11-23,Melbourne,A,2021-11-23,bradylisa@example.org,robertlopez
Teresa Russell,branchthomas@example.com,2022-07-23,Chicago,C,2022-07-23,branchthomas@example.com,teresarussell
Jackie Clements,brandi17@example.net,2019-10-21,Bangkok,C,2019-10-21,brandi17@example.net,jackieclements
Michelle Chavez,brandi26@example.net,2022-03-15,Mumbai,,2022-03-15,brandi26@example.net,michellechavez
Paul Finley,brandi90@example.com,2019-06-03,New York,B,2019-06-03,brandi90@example.com,paulfinley
Adrian Ferguson,brandon08@example.com,2021-07-20,Toronto,C,2021-07-20,brandon08@example.com,adrianferguson
Michael Watkins,brandon69@example.org,2021-12-23,London,C,2021-12-23,brandon69@example.org,michaelwatkins
Robert West,brandon94@example.org,2020-04-21,London,C,2020-04-21,brandon94@example.org,robertwest
Kayla Fisher,brent67@example.net,2019-10-17,Chicago,A,2019-10-17,brent67@example.net,kaylafisher
Mark Clark,brian41@example.org,2021-01-07,London,VIP,2021-01-07,brian41@example.org,markclark
Cathy Barnes,brian65@example.net,2019-01-07,Sydney,,2019-01-07,brian65@example.net,cathybarnes
Lauren Daniels,brian97@example.net,2022-10-11,New York,,2022-10-11,brian97@example.net,laurendaniels
Matthew Moss,brianmorrow@example.org,2019-08-28,Los Angeles,C,2019-08-28,brianmorrow@example.org,matthewmoss
Amanda Miller,brianrowe@example.org,2020-04-26,Mumbai,B,2020-04-26,brianrowe@example.org,amandamiller
Kenneth Larsen,briansmith@example.org,2022-12-16,Sydney,A,2022-12-16,briansmith@example.org,kennethlarsen
Michael Phillips,brittany29@example.com,2021-05-22,Berlin,C,2021-05-22,brittany29@example.com,michaelphillips
Jeremy Turner,brittany58@example.org,2020-03-20,London,A,2020-03-20,brittany58@example.org,jeremyturner
Karen Mendoza,brittanyholland@example.com,2021-04-02,Melbourne,VIP,2021-04-02,brittanyholland@example.com,karenmendoza
Heather Brown,brobinson@example.org,2023-12-07,Paris,A,2023-12-07,brobinson@example.org,heatherbrown
Michael Castillo,brooke05@example.org,2022-10-23,Bangkok,A,2022-10-23,brooke05@example.org,michaelcastillo
Richard Lyons,brooke22@example.net,2024-02-26,Vancouver,B,2024-02-26,brooke22@example.net,richardlyons
Jessica Miller,brooke28@example.net,2022-06-17,Manchester,A,2022-06-17,brooke28@example.net,jessicamiller
Adrienne Mills,brooksjamie@example.com,2021-04-18,Sydney,VIP,2021-04-18,brooksjamie@example.com,adriennemills
David Small,brownalexa@example.com,2019-01-23,Mumbai,C,2019-01-23,brownalexa@example.com,davidsmall
David Rodriguez,brownaustin@example.com,2023-05-23,London,VIP,2023-05-23,brownaustin@example.com,davidrodriguez
Mr. George Booker Dds,browndeanna@example.net,2022-01-26,Vancouver,,2022-01-26,browndeanna@example.net,mrgeorgebookerdds
Rodney Carter,brownkevin@example.org,2023-02-13,Singapore,B,2023-02-13,brownkevin@example.org,rodneycarter
Oscar Todd,brownnicholas@example.com,2021-11-13,Berlin,VIP,2021-11-13,brownnicholas@example.com,oscartodd
Michelle Smith,brownreginald@example.net,2022-08-11,Sydney,C,2022-08-11,brownreginald@example.net,michellesmith
Michael Wilson,brucefrancisco@example.org,2021-01-07,Sydney,VIP,2021-01-07,brucefrancisco@example.org,michaelwilson
Thomas Curry,bryan79@example.org,2020-01-04,Berlin,A,2020-01-04,bryan79@example.org,thomascurry
Heather Levine,bryan90@example.org,2020-09-22,Manchester,C,2020-09-22,bryan90@example.org,heatherlevine
Preston Kim,bshort@example.com,2023-12-17,Chicago,C,2023-12-17,bshort@example.com,prestonkim
Kevin Anderson,bstrickland@example.com,2024-04-01,Vancouver,A,2024-04-01,bstrickland@example.com,kevinanderson
Richard Johnston,buckjustin@example.com,2021-02-15,Chicago,C,2021-02-15,buckjustin@example.com,richardjohnston
Ashlee Ross,burnsrodney@example.org,2021-06-03,Munich,VIP,2021-06-03,burnsrodney@example.org,ashleeross
Arthur Pena,busherica@example.net,2024-03-24,New York,VIP,2024-03-24,busherica@example.net,arthurpena
Jesse Guzman,byoung@example.com,2019-02-14,Toronto,B,2019-02-14,byoung@example.com,jesseguzman
Jeanne Jones,byrderic@example.com,2021-12-19,New York,C,2021-12-19,byrderic@example.com,jeannejones
Ashley Sweeney,byrdfrank@example.net,2019-05-08,Toronto,A,2019-05-08,byrdfrank@example.net,ashleysweeney
Timothy Ryan,cainjordan@example.org,2020-04-30,Singapore,C,2020-04-30,cainjordan@example.org,timothyryan
Ashley Jones,calvin93@example.org,2024-03-18,Paris,B,2024-03-18,calvin93@example.org,ashleyjones
Samantha Robertson,cameronmckinney@example.com,2022-10-16,Mumbai,A,2022-10-16,cameronmckinney@example.com,samantharobertson
James Chapman,cameronwilliams@example.com,2024-04-26,New York,VIP,2024-04-26,cameronwilliams@example.com,jameschapman
Richard Adams,campbellkenneth@example.net,2019-09-17,Munich,B,2019-09-17,campbellkenneth@example.net,richardadams
Zachary Hicks,camposmichelle@example.org,2019-03-07,Mumbai,,2019-03-07,camposmichelle@example.org,zacharyhicks
Renee Hudson,candice25@example.net,2022-09-14,Singapore,,2022-09-14,candice25@example.net,reneehudson
Katherine Church,candice96@example.net,2021-12-17,Berlin,VIP,2021-12-17,candice96@example.net,katherinechurch
Wendy Morgan,cannonkimberly@example.net,2023-01-28,London,A,2023-01-28,cannonkimberly@example.net,wendymorgan
Michael Farmer,carlsonjason@example.net,2020-01-30,Manchester,B,2020-01-30,carlsonjason@example.net,michaelfarmer
Veronica Silva,carlsonjoseph@example.net,2019-07-22,Bangkok,VIP,2019-07-22,carlsonjoseph@example.net,veronicasilva
Mr. William Davis Dds,carolberry@example.com,2020-05-15,New York,,2020-05-15,carolberry@example.com,mrwilliamdavisdds
Andrew Hunter,carolfernandez@example.net,2019-09-16,Munich,VIP,2019-09-16,carolfernandez@example.net,andrewhunter
Steven Carter Jr.,carolyn61@example.net,2022-02-25,New York,,2022-02-25,carolyn61@example.net,stevencarterjr
James Wood,carpenterjorge@example.net,2019-12-16,Mumbai,C,2019-12-16,carpenterjorge@example.net,jameswood
Jacqueline Villegas,carpenterwilliam@example.net,2023-09-14,Toronto,VIP,2023-09-14,carpenterwilliam@example.net,jacquelinevillegas
Patricia Bradley,carriemccall@example.net,2020-12-14,Chicago,,2020-12-14,carriemccall@example.net,patriciabradley
Anthony Wong,cartercatherine@example.net,2023-01-06,Singapore,VIP,2023-01-06,cartercatherine@example.net,anthonywong
Kayla Deleon,caseyhenderson@example.net,2021-10-15,Singapore,A,2021-10-15,caseyhenderson@example.net,kayladeleon
Melissa Garcia,castropeter@example.com,2021-11-05,Singapore,C,2021-11-05,castropeter@example.com,melissagarcia
Phillip Salazar,catherine93@example.net,2021-09-24,Paris,B,2021-09-24,catherine93@example.net,phillipsalazar
Mary Wright,cathyjames@example.com,2021-08-12,Singapore,B,2021-08-12,cathyjames@example.com,marywright
Daniel Anderson,cbrown@example.org,2021-09-01,Los Angeles,VIP,2021-09-01,cbrown@example.org,danielanderson
Kimberly Adams,cdouglas@example.org,2023-12-01,Manchester,VIP,2023-12-01,cdouglas@example.org,kimberlyadams
Robert Mckay,chamilton@example.com,2024-02-04,Sydney,C,2024-02-04,chamilton@example.com,robertmckay
Richard Kelly,champton@example.org,2020-02-11,Berlin,,2020-02-11,champton@example.org,richardkelly
Joseph Blackburn,chanamber@example.org,2022-05-03,Munich,VIP,2022-05-03,chanamber@example.org,josephblackburn
Cody Walker,charles37@example.org,2021-05-02,Chicago,C,2021-05-02,charles37@example.org,codywalker
Shane Moore,charles93@example.net,2020-02-23,Bangkok,B,2020-02-23,charles93@example.net,shanemoore
Jennifer Pena,charlesharrington@example.com,2023-10-28,Vancouver,A,2023-10-28,charlesharrington@example.com,jenniferpena
Brooke Lewis,charleshayes@example.com,2022-08-28,Mumbai,C,2022-08-28,charleshayes@example.com,brookelewis
Eric Fowler,charlesyoung@example.net,2019-07-15,London,A,2019-07-15,charlesyoung@example.net,ericfowler
Jessica Becker,chavezisabel@example.com,2022-03-24,Los Angeles,B,2022-03-24,chavezisabel@example.com,jessicabecker
Joseph Mendoza,chavezjohn@example.net,2020-03-28,London,B,2020-03-28,chavezjohn@example.net,josephmendoza
Melissa Elliott,chavezlauren@example.com,2021-05-21,Berlin,C,2021-05-21,chavezlauren@example.com,melissaelliott
Megan Dillon,chelsea33@example.com,2022-06-13,New York,C,2022-06-13,chelsea33@example.com,megandillon
Mary Gomez,chensley@example.com,2023-07-06,Mumbai,C,2023-07-06,chensley@example.com,marygomez
Connor Walsh,cherryjulie@example.net,2023-10-12,Sydney,B,2023-10-12,cherryjulie@example.net,connorwalsh
Bianca Velazquez,cheryl98@example.net,2024-06-16,Singapore,B,2024-06-16,cheryl98@example.net,biancavelazquez
Cindy Cole,cherylnorton@example.com,2022-10-20,Vancouver,VIP,2022-10-20,cherylnorton@example.com,cindycole
Michelle Munoz,chiggins@example.com,2023-01-23,Melbourne,B,2023-01-23,chiggins@example.com,michellemunoz
Angela Griffin,christian91@example.org,2021-10-19,Chicago,B,2021-10-19,christian91@example.org,angelagriffin
Shelby Lopez,christianhendrix@example.com,2020-07-26,Singapore,VIP,2020-07-26,christianhendrix@example.com,shelbylopez
Jeffrey Henry,christina93@example.net,2022-08-29,Chicago,C,2022-08-29,christina93@example.net,jeffreyhenry
Valerie Thomas,christopher38@example.com,2023-01-23,Melbourne,A,2023-01-23,christopher38@example.com,valeriethomas
Kevin Hall,christopher69@example.org,2023-03-27,London,,2023-03-27,christopher69@example.org,kevinhall
Tina Davis,christopher74@example.net,2023-06-20,Toronto,A,2023-06-20,christopher74@example.net,tinadavis
Nicholas Beard,christopher88@example.org,2021-07-12,Los Angeles,B,2021-07-12,christopher88@example.org,nicholasbeard
Cory Harris,christopheranderson@example.com,2019-09-10,Manchester,A,2019-09-10,christopheranderson@example.com,coryharris
Ryan Garrison,christophercarrillo@example.org,2021-08-27,Sydney,A,2021-08-27,christophercarrillo@example.org,ryangarrison
Brian Moore,christopherjackson@example.net,2023-12-15,Paris,B,2023-12-15,christopherjackson@example.net,brianmoore
Melinda Nelson,christopherjones@example.com,2021-10-30,Paris,B,2021-10-30,christopherjones@example.com,melindanelson
Katelyn Kim,christophermay@example.com,2021-09-14,Mumbai,B,2021-09-14,christophermay@example.com,katelynkim
Madison Thomas,christopherreyes@example.com,2021-12-07,Sydney,C,2021-12-07,christopherreyes@example.com,madisonthomas
Joseph Bentley,christopherward@example.com,2022-06-27,Vancouver,A,2022-06-27,christopherward@example.com,josephbentley
Jennifer Moore,christyscott@example.com,2021-02-04,Berlin,B,2021-02-04,christyscott@example.com,jennifermoore
John Wilson,chunglaura@example.net,2021-08-19,Paris,C,2021-08-19,chunglaura@example.net,johnwilson
Dennis Cooper Phd,cisnerosanthony@example.com,2019-07-04,Berlin,,2019-07-04,cisnerosanthony@example.com,denniscooperphd
Sherry Brewer,claire06@example.net,2024-03-16,Berlin,C,2024-03-16,claire06@example.net,sherrybrewer
Mark Dennis,clarkdavid@example.net,2023-04-25,Paris,VIP,2023-04-25,clarkdavid@example.net,markdennis
Brian Mullen,clarkmichael@example.com,2022-12-03,Singapore,A,2022-12-03,clarkmichael@example.com,brianmullen
Dr. John Perkins,clarkpatricia@example.com,2022-09-27,Bangkok,,2022-09-27,clarkpatricia@example.com,drjohnperkins
David Manning,clarkrandy@example.org,2020-06-24,Vancouver,,2020-06-24,clarkrandy@example.org,davidmanning
Joshua Gallegos,claudia35@example.org,2022-01-31,Manchester,C,2022-01-31,claudia35@example.org,joshuagallegos
Phillip Anderson,clewis@example.com,2020-08-12,Paris,A,2020-08-12,clewis@example.com,phillipanderson
Eddie Adams,cnelson@example.com,2023-09-07,Los Angeles,B,2023-09-07,cnelson@example.com,eddieadams
Denise Wolfe,cody95@example.org,2020-12-21,Sydney,,2020-12-21,cody95@example.org,denisewolfe
Karen Williams,cohenjuan@example.net,2023-01-16,Sydney,,2023-01-16,cohenjuan@example.net,karenwilliams
Julie Spencer,colelisa@example.net,2024-06-05,Toronto,B,2024-06-05,colelisa@example.net,juliespencer
Natalie Juarez,colemanjonathan@example.org,2023-08-29,Melbourne,VIP,2023-08-29,colemanjonathan@example.org,nataliejuarez
Matthew Greene,collinclark@example.net,2020-05-03,Los Angeles,,2020-05-03,collinclark@example.net,matthewgreene
Erik James,collinsbrittany@example.org,2024-05-21,Bangkok,B,2024-05-21,collinsbrittany@example.org,erikjames
Sarah Robinson,collinsjavier@example.org,2023-11-30,Chicago,B,2023-11-30,collinsjavier@example.org,sarahrobinson
Scott Pacheco,collinsterrance@example.com,2021-01-03,Singapore,C,2021-01-03,collinsterrance@example.com,scottpacheco
Rachael Lynch,colonbobby@example.org,2021-12-11,Los Angeles,B,2021-12-11,colonbobby@example.org,rachaellynch
Denise Ford,colton30@example.net,2022-01-18,Sydney,C,2022-01-18,colton30@example.net,deniseford
Brent Hopkins,conleydavid@example.org,2024-02-19,Paris,B,2024-02-19,conleydavid@example.org,brenthopkins
Julia Olsen,conleykevin@example.net,2021-10-27,Munich,,2021-10-27,conleykevin@example.net,juliaolsen
Andrew Dunn,connersylvia@example.net,2023-02-15,Mumbai,,2023-02-15,connersylvia@example.net,andrewdunn
Joseph Peterson,connie12@example.com,2022-01-25,Vancouver,VIP,2022-01-25,connie12@example.com,josephpeterson
Victoria Valdez,contrerasangela@example.net,2023-01-11,Sydney,VIP,2023-01-11,contrerasangela@example.net,victoriavaldez
Matthew Smith,conwaylori@example.org,2023-06-26,Singapore,VIP,2023-06-26,conwaylori@example.org,matthewsmith
Anthony Brown,cookconnor@example.com,2021-08-02,Berlin,A,2021-08-02,cookconnor@example.com,anthonybrown
Angel Hawkins,cookjimmy@example.com,2021-03-13,London,,2021-03-13,cookjimmy@example.com,angelhawkins
Lisa Alvarado,cortezkevin@example.com,2022-11-16,Bangkok,VIP,2022-11-16,cortezkevin@example.com,lisaalvarado
Jesus Flores,corythompson@example.org,2024-03-09,Bangkok,A,2024-03-09,corythompson@example.org,jesusflores
Jeffery Collins,courtney01@example.org,2022-11-14,Vancouver,VIP,2022-11-14,courtney01@example.org,jefferycollins
Patricia Becker,courtneyberger@example.net,2020-10-19,London,C,2020-10-19,courtneyberger@example.net,patriciabecker
Paul Moss,coxmelissa@example.org,2024-04-18,,C,2024-04-18,coxmelissa@example.org,paulmoss
Ralph Vasquez,cpierce@example.org,2021-12-10,Sydney,A,2021-12-10,cpierce@example.org,ralphvasquez
Yolanda Jackson,craigmartin@example.net,2020-07-10,Melbourne,B,2020-07-10,craigmartin@example.net,yolandajackson
Karen Perez,crosscurtis@example.com,2023-04-09,Singapore,B,2023-04-09,crosscurtis@example.com,karenperez
Alec Dixon,cruzeddie@example.com,2021-03-19,Paris,A,2021-03-19,cruzeddie@example.com,alecdixon
Jaime Fischer,crystal32@example.net,2024-01-17,Chicago,C,2024-01-17,crystal32@example.net,jaimefischer
Kyle Flores,crystal58@example.net,2023-08-27,Berlin,C,2023-08-27,crystal58@example.net,kyleflores
James Ellis,crystalcantrell@example.org,2020-08-28,,C,2020-08-28,crystalcantrell@example.org,jamesellis
Robert Miller,csolis@example.org,2022-07-29,Chicago,VIP,2022-07-29,csolis@example.org,robertmiller
Tyler Shields,csparks@example.net,2019-07-12,Los Angeles,,2019-07-12,csparks@example.net,tylershields
Samantha Gardner,curtis54@example.com,2019-06-09,Bangkok,C,2019-06-09,curtis54@example.com,samanthagardner
Anthony Brown,cwhite@example.com,2023-01-19,Singapore,,2023-01-19,cwhite@example.com,anthonybrown
Jonathan Pham,cynthia74@example.org,2019-10-07,London,B,2019-10-07,cynthia74@example.org,jonathanpham
Connie Hamilton,dalton78@example.net,2022-02-13,Los Angeles,A,2022-02-13,dalton78@example.net,conniehamilton
Jennifer Barnes,danamontgomery@example.org,2024-03-02,Sydney,A,2024-03-02,danamontgomery@example.org,jenniferbarnes
Charles Blair,dananelson@example.com,2021-08-16,Berlin,VIP,2021-08-16,dananelson@example.com,charlesblair
Crystal Pham,danaoliver@example.net,2021-06-11,Paris,B,2021-06-11,danaoliver@example.net,crystalpham
James Miller,daniel15@example.org,2024-05-10,Vancouver,VIP,2024-05-10,daniel15@example.org,jamesmiller
Daniel Shaw,daniel32@example.com,2022-05-22,London,C,2022-05-22,daniel32@example.com,danielshaw
Courtney Sharp,daniel79@example.net,2021-11-05,Chicago,A,2021-11-05,daniel79@example.net,courtneysharp
Douglas Hartman,daniel93@example.net,2022-03-21,Sydney,VIP,2022-03-21,daniel93@example.net,douglashartman
Brenda Gray,danielblack@example.org,2024-06-04,New York,,2024-06-04,danielblack@example.org,brendagray
Megan Drake,danieldavis@example.org,2021-11-29,Berlin,VIP,2021-11-29,danieldavis@example.org,megandrake
Maria Cruz,danielgriffith@example.net,2022-10-10,Berlin,A,2022-10-10,danielgriffith@example.net,mariacruz
Heather Bolton,danielle01@example.net,2023-08-31,Berlin,VIP,2023-08-31,danielle01@example.net,heatherbolton
Nathan Sparks,daniellecoleman@example.org,2019-09-21,Paris,A,2019-09-21,daniellecoleman@example.org,nathansparks
Linda Bautista,daniellegonzales@example.org,2023-07-08,New York,A,2023-07-08,daniellegonzales@example.org,lindabautista
Cindy Thomas,danielsshaun@example.net,2020-06-14,Munich,C,2020-06-14,danielsshaun@example.net,cindythomas
Samantha Davis,darleneharper@example.org,2023-04-12,Munich,C,2023-04-12,darleneharper@example.org,samanthadavis
Benjamin Rodriguez,david16@example.org,2023-01-14,Melbourne,B,2023-01-14,david16@example.org,benjaminrodriguez
Jane King,david38@example.net,2020-09-26,New York,B,2020-09-26,david38@example.net,janeking
Leslie Powers,david41@example.org,2019-08-27,Berlin,C,2019-08-27,david41@example.org,lesliepowers
Matthew Sanchez,david67@example.net,2022-08-26,New York,B,2022-08-26,david67@example.net,matthewsanchez
Carl Stein,david70@example.org,2019-06-07,Singapore,A,2019-06-07,david70@example.org,carlstein
Norma Smith,david88@example.net,2023-02-04,Manchester,B,2023-02-04,david88@example.net,normasmith
Elizabeth Sanchez,david89@example.com,2021-08-03,Melbourne,VIP,2021-08-03,david89@example.com,elizabethsanchez
Henry Lutz,davidbrown@example.org,2019-02-14,Melbourne,A,2019-02-14,davidbrown@example.org,henrylutz
Beth Kirk,davidkane@example.com,2022-03-27,Toronto,B,2022-03-27,davidkane@example.com,bethkirk
Melissa Russell,davidphillips@example.net,2024-03-16,Berlin,,2024-03-16,davidphillips@example.net,melissarussell
Joshua Smith,davidsellers@example.com,2020-06-22,Sydney,A,2020-06-22,davidsellers@example.com,joshuasmith
Tyler Mcdonald,davidsmith@example.net,2023-11-21,Bangkok,C,2023-11-21,davidsmith@example.net,tylermcdonald
Gail Wilson,davidwalker@example.com,2023-07-02,Vancouver,C,2023-07-02,davidwalker@example.com,gailwilson
Evelyn Pacheco,davisgary@example.com,2023-05-13,London,C,2023-05-13,davisgary@example.com,evelynpacheco
Paul Lane,dbeck@example.com,2022-11-05,Singapore,A,2022-11-05,dbeck@example.com,paullane
Christine Arroyo,dcortez@example.com,2024-03-19,Melbourne,,2024-03-19,dcortez@example.com,christinearroyo
Laura Jones,ddixon@example.com,2019-11-01,Munich,B,2019-11-01,ddixon@example.com,laurajones
Joseph Rose,deanna17@example.org,2020-05-06,Berlin,VIP,2020-05-06,deanna17@example.org,josephrose
Tina Wu,debbie20@example.net,2019-04-04,Singapore,C,2019-04-04,debbie20@example.net,tinawu
Stacey Cook,debbie78@example.net,2021-01-26,New York,,2021-01-26,debbie78@example.net,staceycook
James Brown,deborah34@example.org,2021-07-08,Sydney,B,2021-07-08,deborah34@example.org,jamesbrown
Kevin Blake,deborahturner@example.org,2020-01-31,Los Angeles,,2020-01-31,deborahturner@example.org,kevinblake
Travis Wise,debra96@example.net,2024-06-04,Vancouver,,2024-06-04,debra96@example.net,traviswise
Leah Jacobs,debraclark@example.com,2024-04-06,Paris,A,2024-04-06,debraclark@example.com,leahjacobs
Julie Wilson,delacruzbrandy@example.net,2019-10-14,Los Angeles,,2019-10-14,delacruzbrandy@example.net,juliewilson
Eric Carlson,denisebennett@example.net,2021-07-18,Bangkok,,2021-07-18,denisebennett@example.net,ericcarlson
Erin Daniels,denisecarpenter@example.net,2022-05-06,Paris,VIP,2022-05-06,denisecarpenter@example.net,erindaniels
Raymond Barber,dennismckenzie@example.com,2019-09-06,Berlin,,2019-09-06,dennismckenzie@example.com,raymondbarber
Andrew Carroll,derek77@example.com,2023-02-11,Manchester,C,2023-02-11,derek77@example.com,andrewcarroll
Dillon Jones,derekcarrillo@example.org,2022-06-20,Singapore,B,2022-06-20,derekcarrillo@example.org,dillonjones
Susan Bennett,desireebailey@example.org,2022-06-07,Chicago,B,2022-06-07,desireebailey@example.org,susanbennett
John Woodard,devon88@example.org,2020-05-19,Paris,A,2020-05-19,devon88@example.org,johnwoodard
Evelyn Garcia,dgarcia@example.org,2022-05-05,Paris,A,2022-05-05,dgarcia@example.org,evelyngarcia
Taylor Stein,dhall@example.net,2023-11-01,Munich,VIP,2023-11-01,dhall@example.net,taylorstein
Stephanie Dominguez,dhanson@example.net,2023-11-15,Paris,VIP,2023-11-15,dhanson@example.net,stephaniedominguez
Darren Pham,dhardin@example.net,2022-08-01,Los Angeles,C,2022-08-01,dhardin@example.net,darrenpham
Kristen Lowery,dixonrobert@example.com,2021-02-26,Berlin,B,2021-02-26,dixonrobert@example.com,kristenlowery
Nichole Vasquez,dlivingston@example.org,2024-06-22,Singapore,VIP,2024-06-22,dlivingston@example.org,nicholevasquez
Jason Potter,dmorales@example.net,2019-02-22,Paris,VIP,2019-02-22,dmorales@example.net,jasonpotter
Katie Rivers,dominguezscott@example.com,2022-08-02,Berlin,A,2022-08-02,dominguezscott@example.com,katierivers
Curtis Morgan,donnagiles@example.com,2023-08-27,Paris,A,2023-08-27,donnagiles@example.com,curtismorgan
Alicia Irwin,donnathomas@example.com,2019-08-02,Chicago,VIP,2019-08-02,donnathomas@example.com,aliciairwin
Amanda Taylor,dorothy87@example.org,2019-11-10,Manchester,C,2019-11-10,dorothy87@example.org,amandataylor
Sheryl Buck,dpeters@example.com,2024-01-22,Melbourne,VIP,2024-01-22,dpeters@example.com,sherylbuck
Kara Black,dsharp@example.com,2022-09-25,Sydney,C,2022-09-25,dsharp@example.com,karablack
Kelly Rivas,dsmith@example.com,2022-06-20,Bangkok,B,2022-06-20,dsmith@example.com,kellyrivas
Sean Carter,dudleycody@example.com,2020-08-19,Singapore,VIP,2020-08-19,dudleycody@example.com,seancarter
Andrew Chavez,duncanandre@example.net,2019-03-02,Berlin,,2019-03-02,duncanandre@example.net,andrewchavez
John Williams,durhamwilliam@example.org,2023-05-23,Munich,C,2023-05-23,durhamwilliam@example.org,johnwilliams
Connor West,dwhite@example.org,2020-11-23,Los Angeles,C,2020-11-23,dwhite@example.org,connorwest
Dr. Kimberly Henderson,dwilliams@example.net,2019-08-26,Munich,,2019-08-26,dwilliams@example.net,drkimberlyhenderson
William Barnett,eadams@example.org,2021-06-04,,,2021-06-04,eadams@example.org,williambarnett
Danielle Phillips,eandrade@example.org,2023-10-27,Mumbai,VIP,2023-10-27,eandrade@example.org,daniellephillips
James Hendricks,ebennett@example.net,2021-10-20,Paris,C,2021-10-20,ebennett@example.net,jameshendricks
Andrea Goodman,ecamacho@example.com,2022-11-26,New York,C,2022-11-26,ecamacho@example.com,andreagoodman
Martin Newton,ecohen@example.com,2022-08-09,New York,B,2022-08-09,ecohen@example.com,martinnewton
Amanda Huff,eddie35@example.com,2021-06-18,Chicago,VIP,2021-06-18,eddie35@example.com,amandahuff
Lynn Adams,edwardselizabeth@example.net,2024-06-10,New York,A,2024-06-10,edwardselizabeth@example.net,lynnadams
Lynn Ross Md,edwardshah@example.org,2022-12-01,Toronto,,2022-12-01,edwardshah@example.org,lynnrossmd
Miss Patricia Davidson,edwardstewart@example.org,2023-07-14,Singapore,VIP,2023-07-14,edwardstewart@example.org,misspatriciadavidson
Elizabeth Reese,edwin31@example.org,2022-01-30,Sydney,A,2022-01-30,edwin31@example.org,elizabethreese
Paul Cannon,ejenkins@example.net,2020-12-25,Paris,,2020-12-25,ejenkins@example.net,paulcannon
Teresa Rowland,ejohns@example.org,2022-09-27,Paris,VIP,2022-09-27,ejohns@example.org,teresarowland
Patrick Santana,elizabethvaughan@example.net,2019-06-10,Chicago,,2019-06-10,elizabethvaughan@example.net,patricksantana
Ronald Johns,elucas@example.net,2022-05-18,Chicago,C,2022-05-18,elucas@example.net,ronaldjohns
Steven Hicks,emartin@example.com,2019-05-20,Chicago,,2019-05-20,emartin@example.com,stevenhicks
Frances Cardenas,emilywalker@example.org,2024-03-21,Singapore,VIP,2024-03-21,emilywalker@example.org,francescardenas
Patricia Johnson,enelson@example.com,2022-11-30,Mumbai,C,2022-11-30,enelson@example.com,patriciajohnson
Carrie Maxwell,epollard@example.net,2022-05-28,Berlin,,2022-05-28,epollard@example.net,carriemaxwell
Vincent Brown,eric33@example.net,2022-05-18,Manchester,VIP,2022-05-18,eric33@example.net,vincentbrown
Cindy Barnes,eric45@example.net,2022-10-20,Vancouver,C,2022-10-20,eric45@example.net,cindybarnes
Bruce Harris,eric47@example.net,2019-03-11,Toronto,,2019-03-11,eric47@example.net,bruceharris
Judy Robinson,erica96@example.net,2024-02-06,Melbourne,A,2024-02-06,erica96@example.net,judyrobinson
Ralph Lee,ericphillips@example.org,2023-10-02,Berlin,A,2023-10-02,ericphillips@example.org,ralphlee
Sharon Cochran,erik16@example.org,2021-01-26,Toronto,A,2021-01-26,erik16@example.org,sharoncochran
Daniel Ferrell,erikamiller@example.org,2022-05-10,Sydney,C,2022-05-10,erikamiller@example.org,danielferrell
Rebekah Greene,erin07@example.com,2022-12-02,Munich,B,2022-12-02,erin07@example.com,rebekahgreene
Lynn Yang,eroberts@example.net,2019-09-16,Singapore,,2019-09-16,eroberts@example.net,lynnyang
Timothy Duncan,esanchez@example.com,2022-09-13,Chicago,B,2022-09-13,esanchez@example.com,timothyduncan
Michelle Sanders,evansanne@example.net,2020-02-22,Melbourne,VIP,2020-02-22,evansanne@example.net,michellesanders
Edward Nicholson,ewilliams@example.org,2023-02-03,Chicago,A,2023-02-03,ewilliams@example.org,edwardnicholson
Sandra Dawson,fcastro@example.net,2024-03-05,Toronto,,2024-03-05,fcastro@example.net,sandradawson
Jared Luna,fernandezaaron@example.net,2023-04-02,Mumbai,VIP,2023-04-02,fernandezaaron@example.net,jaredluna
Brandon Jordan,fgarcia@example.com,2022-03-20,Los Angeles,A,2022-03-20,fgarcia@example.com,brandonjordan
Tammy Booth,fieldskimberly@example.com,2022-03-30,Mumbai,C,2022-03-30,fieldskimberly@example.com,tammybooth
Charles Morales,figueroapatricia@example.org,2023-11-29,Sydney,B,2023-11-29,figueroapatricia@example.org,charlesmorales
Jonathan Delgado,fitzpatrickelizabeth@example.com,2021-12-29,Sydney,VIP,2021-12-29,fitzpatrickelizabeth@example.com,jonathandelgado
Brittany Brown,fjohnson@example.com,2024-04-18,Vancouver,B,2024-04-18,fjohnson@example.com,brittanybrown
Jenna Watson,fletcherjanet@example.org,2019-05-10,Sydney,VIP,2019-05-10,fletcherjanet@example.org,jennawatson
Zachary Brooks,florescory@example.net,2024-04-11,Sydney,,2024-04-11,florescory@example.net,zacharybrooks
Brett Keith,florescynthia@example.org,2024-05-05,Los Angeles,,2024-05-05,florescynthia@example.org,brettkeith
Jill Jackson,flynnjeffrey@example.org,2023-04-18,Chicago,B,2023-04-18,flynnjeffrey@example.org,jilljackson
Andrew Armstrong,fmedina@example.com,2019-12-15,London,VIP,2019-12-15,fmedina@example.com,andrewarmstrong
Ashley Cooper,fordjames@example.org,2019-11-05,Toronto,B,2019-11-05,fordjames@example.org,ashleycooper
Mary Lewis,foxashley@example.com,2019-07-05,New York,C,2019-07-05,foxashley@example.com,marylewis
Tamara Roberts,foxlinda@example.org,2024-03-29,Vancouver,,2024-03-29,foxlinda@example.org,tamararoberts
Wyatt Callahan,fperez@example.org,2022-01-01,Mumbai,B,2022-01-01,fperez@example.org,wyattcallahan
Adam Mccoy,fpetty@example.net,2019-08-17,Melbourne,A,2019-08-17,fpetty@example.net,adammccoy
Samuel Avila,franciscoreid@example.net,2023-07-01,New York,B,2023-07-01,franciscoreid@example.net,samuelavila
Joel Steele,frank45@example.com,2021-11-07,Manchester,,2021-11-07,frank45@example.com,joelsteele
Tricia Valencia,frazierdanny@example.net,2019-10-20,Berlin,C,2019-10-20,frazierdanny@example.net,triciavalencia
Douglas Watkins,freemanadam@example.com,2021-07-01,Chicago,C,2021-07-01,freemanadam@example.com,douglaswatkins
Monique Duarte,freemantodd@example.net,2023-07-13,London,VIP,2023-07-13,freemantodd@example.net,moniqueduarte
Margaret Sullivan,frobertson@example.com,2022-05-19,Berlin,VIP,2022-05-19,frobertson@example.com,margaretsullivan
Dustin Bell,fsawyer@example.org,2020-12-06,London,C,2020-12-06,fsawyer@example.org,dustinbell
Sarah Wallace,fsnyder@example.org,2019-10-09,Paris,,2019-10-09,fsnyder@example.org,sarahwallace
Shane Kennedy,fuentesashley@example.com,2020-09-05,Munich,B,2020-09-05,fuentesashley@example.com,shanekennedy
Joel Nelson,gabriellecameron@example.org,2021-02-17,Los Angeles,B,2021-02-17,gabriellecameron@example.org,joelnelson
Joseph Moody,gallagherstacie@example.net,2023-06-22,Berlin,B,2023-06-22,gallagherstacie@example.net,josephmoody
Joshua Shepard,gallegoscrystal@example.com,2019-04-03,London,C,2019-04-03,gallegoscrystal@example.com,joshuashepard
Tammy Cameron,ganderson@example.org,2022-09-09,Mumbai,VIP,2022-09-09,ganderson@example.org,tammycameron
Patricia Harvey,garrettbeth@example.org,2022-01-10,Toronto,B,2022-01-10,garrettbeth@example.org,patriciaharvey
Gregory Holmes Phd,gary24@example.net,2019-02-04,New York,,2019-02-04,gary24@example.net,gregoryholmesphd
Kirk Johnson,gary59@example.com,2023-06-19,Bangkok,VIP,2023-06-19,gary59@example.com,kirkjohnson
Jennifer Sampson,gbraun@example.org,2024-01-04,New York,B,2024-01-04,gbraun@example.org,jennifersampson
Leslie Moody,gcastro@example.org,2020-02-13,Chicago,A,2020-02-13,gcastro@example.org,lesliemoody
Keith Villanueva,george43@example.com,2020-03-21,Bangkok,,2020-03-21,george43@example.com,keithvillanueva
Sherry Adams,georgeharris@example.net,2020-04-23,Berlin,A,2020-04-23,georgeharris@example.net,sherryadams
Eric Knox,georgemaldonado@example.org,2020-03-05,Manchester,,2020-03-05,georgemaldonado@example.org,ericknox
Kathryn Snyder,georgepamela@example.net,2023-07-14,Paris,,2023-07-14,georgepamela@example.net,kathrynsnyder
Richard Smith,gibsonemily@example.net,2020-08-12,Bangkok,A,2020-08-12,gibsonemily@example.net,richardsmith
Matthew Mitchell,glennmartin@example.org,2019-10-09,,B,2019-10-09,glennmartin@example.org,matthewmitchell
Bryan Miller,gmay@example.org,2022-05-13,Toronto,VIP,2022-05-13,gmay@example.org,bryanmiller
Edwin Jackson,gmccarthy@example.com,2022-11-27,Manchester,C,2022-11-27,gmccarthy@example.com,edwinjackson
William Mueller,gnichols@example.net,2022-05-01,Chicago,,2022-05-01,gnichols@example.net,williammueller
Rachel Kelly,gomezpaul@example.org,2019-05-11,Toronto,VIP,2019-05-11,gomezpaul@example.org,rachelkelly
Mark Carter,gomeztonya@example.com,2021-11-25,Singapore,C,2021-11-25,gomeztonya@example.com,markcarter
John Lopez,gonzaleschristina@example.net,2021-01-08,London,VIP,2021-01-08,gonzaleschristina@example.net,johnlopez
Angela Lee,gonzalespatricia@example.net,2022-08-15,,A,2022-08-15,gonzalespatricia@example.net,angelalee
Sarah Wallace,gonzalessteven@example.com,2024-05-10,Singapore,A,2024-05-10,gonzalessteven@example.com,sarahwallace
Antonio Small,goodmanalice@example.org,2024-01-16,Berlin,A,2024-01-16,goodmanalice@example.org,antoniosmall
Kimberly Chan,gouldchristina@example.com,2019-01-11,Chicago,VIP,2019-01-11,gouldchristina@example.com,kimberlychan
Adriana Davenport,gpeterson@example.org,2019-09-24,Paris,,2019-09-24,gpeterson@example.org,adrianadavenport
Krystal Moore,grantstacy@example.org,2020-01-12,Chicago,VIP,2020-01-12,grantstacy@example.org,krystalmoore
Jordan Powell,greenrichard@example.org,2020-06-13,Melbourne,C,2020-06-13,greenrichard@example.org,jordanpowell
Stanley Taylor,gregory07@example.net,2020-11-08,Berlin,VIP,2020-11-08,gregory07@example.net,stanleytaylor
Ashley Duran,gregory14@example.org,2019-05-14,Sydney,,2019-05-14,gregory14@example.org,ashleyduran
Jeffery Snyder,gregorymitchell@example.net,2021-09-14,Chicago,A,2021-09-14,gregorymitchell@example.net,jefferysnyder
Traci Craig,gregoryrichardson@example.org,2023-03-30,Los Angeles,,2023-03-30,gregoryrichardson@example.org,tracicraig
Stephanie Williams,gregorysmith@example.net,2020-10-12,Paris,A,2020-10-12,gregorysmith@example.net,stephaniewilliams
Rebecca Kelly,gregorywatkins@example.net,2022-10-10,Manchester,A,2022-10-10,gregorywatkins@example.net,rebeccakelly
Lisa Haynes,grivas@example.net,2024-05-05,Berlin,B,2024-05-05,grivas@example.net,lisahaynes
James Wheeler,gstone@example.net,2023-01-06,Singapore,,2023-01-06,gstone@example.net,jameswheeler
Michelle Greer,gutierrezmatthew@example.com,2023-08-24,Manchester,VIP,2023-08-24,gutierrezmatthew@example.com,michellegreer
Emily Rodriguez,hahnsean@example.com,2021-09-09,London,,2021-09-09,hahnsean@example.com,emilyrodriguez
Erik Bartlett Dvm,haileybates@example.org,2021-10-19,Chicago,A,2021-10-19,haileybates@example.org,erikbartlettdvm
Susan Black,haleylove@example.org,2020-01-27,Mumbai,C,2020-01-27,haleylove@example.org,susanblack
John Roberts,haleytrevor@example.net,2022-10-02,Sydney,,2022-10-02,haleytrevor@example.net,johnroberts
Michael Anderson,halljohn@example.org,2021-05-04,Singapore,VIP,2021-05-04,halljohn@example.org,michaelanderson
Kevin Miles,hamiltonspencer@example.com,2023-03-02,Berlin,VIP,2023-03-02,hamiltonspencer@example.com,kevinmiles
Amanda Preston,hannah07@example.com,2021-12-26,London,B,2021-12-26,hannah07@example.com,amandapreston
Tammy Mendoza,hannah27@example.net,2019-06-29,Chicago,B,2019-06-29,hannah27@example.net,tammymendoza
Sarah Lewis,harnold@example.org,2022-08-05,Manchester,VIP,2022-08-05,harnold@example.org,sarahlewis
Jennifer Goodwin,harrellkimberly@example.org,2020-06-25,Los Angeles,A,2020-06-25,harrellkimberly@example.org,jennifergoodwin
Teresa Watkins,harringtonpeter@example.net,2022-01-21,New York,B,2022-01-21,harringtonpeter@example.net,teresawatkins
Cheryl Perkins,harrislisa@example.org,2023-02-22,Berlin,B,2023-02-22,harrislisa@example.org,cherylperkins
Dustin Noble,haydenroger@example.net,2019-11-12,Sydney,,2019-11-12,haydenroger@example.net,dustinnoble
Mary Riley,hbaker@example.org,2021-06-01,Berlin,A,2021-06-01,hbaker@example.org,maryriley
Sarah Mcfarland,hbrown@example.org,2024-03-16,Chicago,VIP,2024-03-16,hbrown@example.org,sarahmcfarland
Tammy Cook,hbutler@example.org,2022-04-11,Chicago,VIP,2022-04-11,hbutler@example.org,tammycook
Megan Floyd,heather62@example.com,2019-06-16,New York,C,2019-06-16,heather62@example.com,meganfloyd
Michele Lewis,heather73@example.org,2024-03-07,Sydney,VIP,2024-03-07,heather73@example.org,michelelewis
Katherine Williams,heather77@example.net,2023-06-16,Chicago,VIP,2023-06-16,heather77@example.net,katherinewilliams
Donald Todd,heathertran@example.com,2021-08-01,Toronto,B,2021-08-01,heathertran@example.com,donaldtodd
Curtis Krause,heidi41@example.com,2019-10-27,Bangkok,VIP,2019-10-27,heidi41@example.com,curtiskrause
Dawn Hall,hensleyvalerie@example.net,2022-07-06,Sydney,A,2022-07-06,hensleyvalerie@example.net,dawnhall
Jeffrey Edwards,herbertward@example.org,2021-11-29,London,B,2021-11-29,herbertward@example.org,jeffreyedwards
Clifford Cannon,hernandezalan@example.net,2023-10-12,Munich,C,2023-10-12,hernandezalan@example.net,cliffordcannon
Jennifer Jones,hernandezlisa@example.com,2020-02-13,Toronto,,2020-02-13,hernandezlisa@example.com,jenniferjones
Mrs. Marie Harrington Dds,herringjames@example.org,2020-05-16,New York,VIP,2020-05-16,herringjames@example.org,mrsmarieharringtondds
Linda Burns,hickmannatasha@example.com,2023-10-29,Munich,A,2023-10-29,hickmannatasha@example.com,lindaburns
Carolyn Bradley,higginsryan@example.com,2022-01-12,London,VIP,2022-01-12,higginsryan@example.com,carolynbradley
Timothy White,hilljamie@example.net,2019-01-14,Los Angeles,B,2019-01-14,hilljamie@example.net,timothywhite
Allison Lopez,hmcintyre@example.com,2019-12-29,Los Angeles,A,2019-12-29,hmcintyre@example.com,allisonlopez
Brittany Barnett,hmitchell@example.org,2023-10-20,Berlin,VIP,2023-10-20,hmitchell@example.org,brittanybarnett
Brittany Peterson,hoconnor@example.com,2022-11-09,Toronto,B,2022-11-09,hoconnor@example.com,brittanypeterson
Mark Brown,hodgejoshua@example.org,2022-09-26,Chicago,B,2022-09-26,hodgejoshua@example.org,markbrown
Melissa Morris,hodgesanna@example.net,2021-04-23,Berlin,B,2021-04-23,hodgesanna@example.net,melissamorris
Lisa Spencer,hollandjustin@example.com,2020-09-18,Mumbai,VIP,2020-09-18,hollandjustin@example.com,lisaspencer
Theresa Gardner,hollyperkins@example.net,2019-11-24,Mumbai,,2019-11-24,hollyperkins@example.net,theresagardner
Larry Carter,holmesdiane@example.org,2020-11-18,Sydney,,2020-11-18,holmesdiane@example.org,larrycarter
Andrew Mitchell,holmesvictoria@example.com,2023-05-26,Munich,A,2023-05-26,holmesvictoria@example.com,andrewmitchell
Marcus Rich,housedaniel@example.com,2019-02-15,Chicago,C,2019-02-15,housedaniel@example.com,marcusrich
Gabrielle Davis,howardmaurice@example.com,2022-11-30,Chicago,,2022-11-30,howardmaurice@example.com,gabrielledavis
Diana Haley,hphillips@example.com,2020-06-02,Munich,A,2020-06-02,hphillips@example.com,dianahaley
Jeremy Martinez,hphillips@example.net,2023-07-07,Mumbai,VIP,2023-07-07,hphillips@example.net,jeremymartinez
Mrs. Maria Williams,hritter@example.net,2020-02-25,Paris,B,2020-02-25,hritter@example.net,mrsmariawilliams
Yolanda Mccoy,hryan@example.net,2023-01-07,Mumbai,VIP,2023-01-07,hryan@example.net,yolandamccoy
Gerald Mcdonald Jr.,hthomas@example.com,2023-08-02,Manchester,,2023-08-02,hthomas@example.com,geraldmcdonaldjr
Melanie Johnson,hthompson@example.org,2023-08-22,,B,2023-08-22,hthompson@example.org,melaniejohnson
Stephanie Meyer,hufftina@example.org,2020-07-26,Melbourne,C,2020-07-26,hufftina@example.org,stephaniemeyer
Chloe Tran,hughesshannon@example.net,2021-08-03,Berlin,VIP,2021-08-03,hughesshannon@example.net,chloetran
Jacob Johnson,hullrobert@example.com,2021-11-05,London,,2021-11-05,hullrobert@example.com,jacobjohnson
Alicia Norris,hwallace@example.net,2021-06-08,Bangkok,B,2021-06-08,hwallace@example.net,alicianorris
Angela Bradley,ibates@example.org,2020-10-30,Singapore,A,2020-10-30,ibates@example.org,angelabradley
Sandra Jones,ichambers@example.net,2021-03-24,Mumbai,B,2021-03-24,ichambers@example.net,sandrajones
Ashley Lee,ijackson@example.com,2019-06-20,London,C,2019-06-20,ijackson@example.com,ashleylee
Brian Moore,ijones@example.com,2021-11-26,Mumbai,VIP,2021-11-26,ijones@example.com,brianmoore
Heather Page,imartin@example.org,2019-11-14,London,B,2019-11-14,imartin@example.org,heatherpage
Joel Davis,imcdonald@example.com,2024-05-22,Manchester,,2024-05-22,imcdonald@example.com,joeldavis
Jane Wells,isaac45@example.org,2019-07-12,Singapore,B,2019-07-12,isaac45@example.org,janewells
Stephanie Bishop,isabellagriffin@example.org,2019-07-31,Vancouver,VIP,2019-07-31,isabellagriffin@example.org,stephaniebishop
Megan Rivera,ithomas@example.net,2020-09-17,Melbourne,C,2020-09-17,ithomas@example.net,meganrivera
Jennifer Rocha,ithomas@example.org,2021-12-29,Chicago,C,2021-12-29,ithomas@example.org,jenniferrocha
Kelly Cole,ivanjohnson@example.net,2023-01-21,Los Angeles,C,2023-01-21,ivanjohnson@example.net,kellycole
Tracey Nelson,iwalker@example.org,2020-08-19,Melbourne,VIP,2020-08-19,iwalker@example.org,traceynelson
Robert Jackson,iwhite@example.net,2020-06-25,Bangkok,,2020-06-25,iwhite@example.net,robertjackson
Robert Byrd,iwoods@example.com,2022-09-12,Melbourne,,2022-09-12,iwoods@example.com,robertbyrd
Jason Velazquez,jacksonjoshua@example.org,2019-09-22,Berlin,C,2019-09-22,jacksonjoshua@example.org,jasonvelazquez
Christina Gomez,jacob32@example.net,2021-04-28,Berlin,B,2021-04-28,jacob32@example.net,christinagomez
Jesse Welch,jacob34@example.org,2023-05-22,Los Angeles,,2023-05-22,jacob34@example.org,jessewelch
Robert Cruz,jacobjacobs@example.net,2020-03-30,Manchester,C,2020-03-30,jacobjacobs@example.net,robertcruz
Austin Rowland,jacqueline31@example.net,2020-10-02,Singapore,C,2020-10-02,jacqueline31@example.net,austinrowland
Steven Nguyen,jacqueline39@example.net,2022-11-02,Mumbai,,2022-11-02,jacqueline39@example.net,stevennguyen
Doris Hall,jacqueline71@example.net,2020-09-09,Singapore,A,2020-09-09,jacqueline71@example.net,dorishall
Paula Shepherd,jacquelineyoung@example.org,2023-08-24,Manchester,C,2023-08-24,jacquelineyoung@example.org,paulashepherd
Gina Vega,james01@example.com,2019-05-30,Singapore,B,2019-05-30,james01@example.com,ginavega
Kelly King,james03@example.org,2021-01-14,London,A,2021-01-14,james03@example.org,kellyking
Timothy Foley,james08@example.net,2021-09-09,New York,B,2021-09-09,james08@example.net,timothyfoley
Sara Moore,james10@example.com,2022-05-13,Singapore,A,2022-05-13,james10@example.com,saramoore
Christie Fox,james18@example.com,2020-02-10,Munich,VIP,2020-02-10,james18@example.com,christiefox
Brandon Huynh,james23@example.com,2019-12-23,Bangkok,VIP,2019-12-23,james23@example.com,brandonhuynh
Clinton Jensen,james29@example.org,2019-12-04,Sydney,A,2019-12-04,james29@example.org,clintonjensen
Isaac Payne,james54@example.com,2021-04-28,Vancouver,VIP,2021-04-28,james54@example.com,isaacpayne
Juan Smith,james73@example.net,2024-02-22,Singapore,,2024-02-22,james73@example.net,juansmith
Miss Brianna Brown,james80@example.com,2020-10-20,Munich,VIP,2020-10-20,james80@example.com,missbriannabrown
Timothy Bauer,james80@example.net,2019-04-26,Bangkok,C,2019-04-26,james80@example.net,timothybauer
Keith Choi,jamesbass@example.net,2020-02-19,New York,C,2020-02-19,jamesbass@example.net,keithchoi
Jessica Glass,jamesbrooks@example.net,2023-08-11,Munich,B,2023-08-11,jamesbrooks@example.net,jessicaglass
Gina Mcmillan,jameshicks@example.net,2022-02-09,London,B,2022-02-09,jameshicks@example.net,ginamcmillan
Andrew Smith,jameshudson@example.com,2022-04-13,Mumbai,B,2022-04-13,jameshudson@example.com,andrewsmith
Christopher Smith,jamesjackson@example.com,2022-02-21,Bangkok,B,2022-02-21,jamesjackson@example.com,christophersmith
Tyler Dunn,jameslawson@example.com,2020-07-25,New York,C,2020-07-25,jameslawson@example.com,tylerdunn
Michael Rosario,jamesmurphy@example.org,2023-02-15,London,VIP,2023-02-15,jamesmurphy@example.org,michaelrosario
Rachel Hill,jamesparker@example.net,2024-02-17,Singapore,C,2024-02-17,jamesparker@example.net,rachelhill
Amy Farrell,jamesrobinson@example.com,2022-04-11,Toronto,,2022-04-11,jamesrobinson@example.com,amyfarrell
Michelle Barrera,jamie46@example.net,2019-02-24,Munich,,2019-02-24,jamie46@example.net,michellebarrera
Jeffrey Smith,jamiegoodwin@example.org,2021-05-01,London,C,2021-05-01,jamiegoodwin@example.org,jeffreysmith
Briana Wiggins,jamiejohnson@example.com,2020-06-19,Vancouver,C,2020-06-19,jamiejohnson@example.com,brianawiggins
James Wallace,jamielopez@example.com,2023-03-14,Vancouver,VIP,2023-03-14,jamielopez@example.com,jameswallace
Nathaniel Walter,jamietyler@example.com,2021-11-30,Chicago,,2021-11-30,jamietyler@example.com,nathanielwalter
Danielle Bryant,janet45@example.com,2020-07-23,Melbourne,VIP,2020-07-23,janet45@example.com,daniellebryant
Anthony Velasquez,janet65@example.com,2023-09-28,Paris,,2023-09-28,janet65@example.com,anthonyvelasquez
Patricia Bruce,janicebolton@example.net,2020-01-16,Toronto,A,2020-01-16,janicebolton@example.net,patriciabruce
Toni Clay,jarvisrachel@example.net,2020-06-06,Chicago,,2020-06-06,jarvisrachel@example.net,toniclay
Michael Jones,jason57@example.com,2021-03-05,Paris,,2021-03-05,jason57@example.com,michaeljones
Fernando Smith,jason95@example.org,2021-02-08,Melbourne,A,2021-02-08,jason95@example.org,fernandosmith
Pamela Smith,jasonmoran@example.com,2021-08-17,Berlin,A,2021-08-17,jasonmoran@example.com,pamelasmith
Sarah Davis,jasonrodriguez@example.com,2024-02-01,Singapore,B,2024-02-01,jasonrodriguez@example.com,sarahdavis
Kara Schmidt,jbarajas@example.com,2021-09-26,,VIP,2021-09-26,jbarajas@example.com,karaschmidt
Pamela Hernandez Dvm,jbrown@example.org,2022-03-07,Manchester,,2022-03-07,jbrown@example.org,pamelahernandezdvm
Shane Edwards,jbuchanan@example.com,2024-04-04,Mumbai,,2024-04-04,jbuchanan@example.com,shaneedwards
Samuel Williams,jburke@example.org,2023-07-05,Melbourne,A,2023-07-05,jburke@example.org,samuelwilliams
David Baird Dds,jcalhoun@example.com,2019-03-11,Vancouver,A,2019-03-11,jcalhoun@example.com,davidbairddds
Laura Ramos,jcarter@example.org,2020-11-01,Mumbai,C,2020-11-01,jcarter@example.org,lauraramos
Kathy Murray,jcontreras@example.net,2021-05-22,Toronto,,2021-05-22,jcontreras@example.net,kathymurray
Anthony Cabrera,jeffrey42@example.com,2021-11-02,Singapore,B,2021-11-02,jeffrey42@example.com,anthonycabrera
Joseph Jennings,jeffrey44@example.org,2023-03-12,London,C,2023-03-12,jeffrey44@example.org,josephjennings
Marie Thompson,jeffrey92@example.com,2021-08-06,Manchester,B,2021-08-06,jeffrey92@example.com,mariethompson
Joseph Graves,jeffreysimmons@example.org,2020-11-14,New York,VIP,2020-11-14,jeffreysimmons@example.org,josephgraves
David Garcia,jennifer12@example.org,2022-07-17,Berlin,,2022-07-17,jennifer12@example.org,davidgarcia
Valerie Barnes,jennifer55@example.org,2023-04-24,Munich,B,2023-04-24,jennifer55@example.org,valeriebarnes
Stacey Hunt,jennifer83@example.org,2021-02-22,New York,VIP,2021-02-22,jennifer83@example.org,staceyhunt
Michael Martinez,jennifercollins@example.org,2020-11-08,Munich,A,2020-11-08,jennifercollins@example.org,michaelmartinez
Caroline Edwards,jenniferdavidson@example.com,2023-09-25,Berlin,C,2023-09-25,jenniferdavidson@example.com,carolineedwards
Valerie Sanders,jennifererickson@example.net,2021-08-21,Berlin,,2021-08-21,jennifererickson@example.net,valeriesanders
Brian Brown,jenniferhorne@example.net,2021-05-23,Sydney,,2021-05-23,jenniferhorne@example.net,brianbrown
Carla Hoover,jenniferrodriguez@example.org,2023-07-19,Melbourne,B,2023-07-19,jenniferrodriguez@example.org,carlahoover
Sandy Bennett,jenniferwalls@example.com,2020-10-20,Mumbai,B,2020-10-20,jenniferwalls@example.com,sandybennett
James Martin,jenniferwilliams@example.com,2022-04-13,Sydney,A,2022-04-13,jenniferwilliams@example.com,jamesmartin
Tyler Davis,jenniferwilliams@example.net,2022-02-15,Vancouver,VIP,2022-02-15,jenniferwilliams@example.net,tylerdavis
Heather Morales,jenniferwilson@example.com,2024-05-07,London,VIP,2024-05-07,jenniferwilson@example.com,heathermorales
Corey Thomas,jensenchristopher@example.org,2021-07-09,Mumbai,,2021-07-09,jensenchristopher@example.org,coreythomas
Christina Henry,jeremiah26@example.net,2021-02-08,Chicago,A,2021-02-08,jeremiah26@example.net,christinahenry
Rachel Chan,jeremy47@example.com,2023-11-29,Bangkok,A,2023-11-29,jeremy47@example.com,rachelchan
Brad Beard,jeremy70@example.net,2022-10-22,New York,,2022-10-22,jeremy70@example.net,bradbeard
Tamara Brown,jeremy75@example.org,2019-10-18,London,,2019-10-18,jeremy75@example.org,tamarabrown
Diane Gilbert,jeremylopez@example.net,2022-05-05,Bangkok,VIP,2022-05-05,jeremylopez@example.net,dianegilbert
Patrick Norris,jeremylove@example.org,2022-10-13,Melbourne,C,2022-10-13,jeremylove@example.org,patricknorris
Michael Sims,jeremywiley@example.com,2019-05-30,Singapore,VIP,2019-05-30,jeremywiley@example.com,michaelsims
Scott Fuller,jeromeanderson@example.org,2024-01-23,Chicago,A,2024-01-23,jeromeanderson@example.org,scottfuller
David Sanchez,jerry51@example.net,2020-05-08,Munich,A,2020-05-08,jerry51@example.net,davidsanchez
Greg Hull,jessechapman@example.org,2022-04-19,Sydney,C,2022-04-19,jessechapman@example.org,greghull
Richard Johnson,jessica14@example.com,2024-04-19,Sydney,A,2024-04-19,jessica14@example.com,richardjohnson
Savannah Townsend,jessica39@example.net,2021-07-31,,C,2021-07-31,jessica39@example.net,savannahtownsend
John Martin,jessica82@example.com,2020-08-13,Chicago,A,2020-08-13,jessica82@example.com,johnmartin
Michael Montgomery,jessica89@example.net,2021-03-22,Manchester,,2021-03-22,jessica89@example.net,michaelmontgomery
Leslie Todd,jessica96@example.com,2022-09-02,Manchester,B,2022-09-02,jessica96@example.com,leslietodd
Mr. Thomas Thompson,jessicaanderson@example.com,2020-06-14,Paris,A,2020-06-14,jessicaanderson@example.com,mrthomasthompson
Melissa Sullivan,jessicamills@example.org,2020-01-06,Paris,B,2020-01-06,jessicamills@example.org,melissasullivan
Danielle Reed,jhernandez@example.net,2019-08-01,Vancouver,B,2019-08-01,jhernandez@example.net,daniellereed
Travis Hopkins,jillwebb@example.com,2021-07-08,Singapore,A,2021-07-08,jillwebb@example.com,travishopkins
William Jones,jillwilson@example.org,2020-10-13,Paris,B,2020-10-13,jillwilson@example.org,williamjones
Jason Chaney,jimmy80@example.org,2024-05-23,London,C,2024-05-23,jimmy80@example.org,jasonchaney
Mary Lee,jimwilliams@example.org,2019-04-15,Singapore,A,2019-04-15,jimwilliams@example.org,marylee
Alexander Johnson,jjohnson@example.com,2024-04-26,,VIP,2024-04-26,jjohnson@example.com,alexanderjohnson
Louis Rogers,jmcfarland@example.com,2022-04-01,New York,C,2022-04-01,jmcfarland@example.com,louisrogers
Jessica Gaines,jmorrow@example.net,2022-11-27,Bangkok,A,2022-11-27,jmorrow@example.net,jessicagaines
Lisa Craig,john02@example.org,2022-12-21,Paris,A,2022-12-21,john02@example.org,lisacraig
Zachary Morrison,john76@example.com,2024-02-11,New York,B,2024-02-11,john76@example.com,zacharymorrison
Paul Phelps,john86@example.com,2019-01-26,Chicago,VIP,2019-01-26,john86@example.com,paulphelps
Kristen Smith,john91@example.org,2020-08-07,Sydney,A,2020-08-07,john91@example.org,kristensmith
Wanda Jefferson,johnathandavis@example.com,2024-06-25,Paris,C,2024-06-25,johnathandavis@example.com,wandajefferson
Tina Olson,johnjackson@example.net,2023-07-09,Manchester,,2023-07-09,johnjackson@example.net,tinaolson
Maurice Anderson,johnmarquez@example.net,2020-09-12,Sydney,A,2020-09-12,johnmarquez@example.net,mauriceanderson
Felicia Williams,johnmunoz@example.com,2024-06-13,Munich,,2024-06-13,johnmunoz@example.com,feliciawilliams
Kimberly Patel,johnreed@example.com,2021-07-10,Los Angeles,VIP,2021-07-10,johnreed@example.com,kimberlypatel
Katherine Wells,johnsonanthony@example.net,2020-12-25,Chicago,A,2020-12-25,johnsonanthony@example.net,katherinewells
Angela Willis,johnsoncaleb@example.net,2021-10-06,Vancouver,C,2021-10-06,johnsoncaleb@example.net,angelawillis
Shelby Duncan,johnsonedward@example.net,2023-04-08,Los Angeles,VIP,2023-04-08,johnsonedward@example.net,shelbyduncan
Luis Powell,johnsonjessica@example.org,2024-06-14,Bangkok,,2024-06-14,johnsonjessica@example.org,luispowell
Wanda Stephens,johnstonjonathan@example.net,2022-10-01,Melbourne,VIP,2022-10-01,johnstonjonathan@example.net,wandastephens
Michael Howard,johnwilliams@example.net,2021-03-15,Mumbai,C,2021-03-15,johnwilliams@example.net,michaelhoward
Stacy Williams,joneschristian@example.net,2023-01-24,London,A,2023-01-24,joneschristian@example.net,stacywilliams
Lisa Brown,jonesdonna@example.net,2021-07-29,New York,A,2021-07-29,jonesdonna@example.net,lisabrown
Michelle Garcia,jonesjessica@example.com,2021-07-24,Paris,A,2021-07-24,jonesjessica@example.com,michellegarcia
Douglas Kline,jonesmegan@example.org,2022-07-01,Sydney,VIP,2022-07-01,jonesmegan@example.org,douglaskline
Michael Hoffman,jonesnicole@example.org,2020-05-19,Paris,A,2020-05-19,jonesnicole@example.org,michaelhoffman
Lisa Mcknight,jonessamantha@example.com,2023-10-01,Toronto,VIP,2023-10-01,jonessamantha@example.com,lisamcknight
Jessica Scott,jordan72@example.org,2021-09-22,Bangkok,B,2021-09-22,jordan72@example.org,jessicascott
Sherry Porter,jorgegonzalez@example.com,2022-01-22,London,,2022-01-22,jorgegonzalez@example.com,sherryporter
Brian Simmons,jose86@example.net,2024-02-10,Berlin,B,2024-02-10,jose86@example.net,briansimmons
Megan Terry,josegibson@example.net,2021-09-27,Singapore,C,2021-09-27,josegibson@example.net,meganterry
William Ramos,joseph69@example.net,2024-05-25,Chicago,,2024-05-25,joseph69@example.net,williamramos
Jordan Tanner,joseph97@example.org,2022-08-22,Sydney,B,2022-08-22,joseph97@example.org,jordantanner
Shari Arellano,josephmichael@example.org,2021-07-21,Bangkok,B,2021-07-21,josephmichael@example.org,shariarellano
Beth Shaw,josephross@example.net,2019-05-13,Chicago,C,2019-05-13,josephross@example.net,bethshaw
Richard King,joshua40@example.net,2019-11-03,Melbourne,A,2019-11-03,joshua40@example.net,richardking
Gregory Martin,joshua73@example.org,2020-04-05,Singapore,,2020-04-05,joshua73@example.org,gregorymartin
Hailey Beltran,joshuabowers@example.com,2019-09-16,Los Angeles,B,2019-09-16,joshuabowers@example.com,haileybeltran
Shannon Jones,joshuawashington@example.net,2023-02-07,Los Angeles,A,2023-02-07,joshuawashington@example.net,shannonjones
Jennifer Barrett,joyce21@example.org,2022-05-12,,,2022-05-12,joyce21@example.org,jenniferbarrett
Judy Gregory,joycehall@example.org,2019-02-15,Munich,C,2019-02-15,joycehall@example.org,judygregory
Tyler Brown,joysanders@example.net,2020-09-13,Berlin,A,2020-09-13,joysanders@example.net,tylerbrown
Abigail Shaffer,jpeterson@example.org,2020-03-27,Manchester,C,2020-03-27,jpeterson@example.org,abigailshaffer
Kevin Jennings,jreyes@example.net,2020-12-27,Los Angeles,B,2020-12-27,jreyes@example.net,kevinjennings
Cody Jones,juanfranklin@example.net,2023-06-11,Mumbai,B,2023-06-11,juanfranklin@example.net,codyjones
Ashley Parrish,juliahoffman@example.org,2023-07-19,Bangkok,VIP,2023-07-19,juliahoffman@example.org,ashleyparrish
Brett Atkins,julie01@example.net,2023-10-26,,A,2023-10-26,julie01@example.net,brettatkins
Leslie Nguyen,julievillanueva@example.org,2020-05-28,Chicago,VIP,2020-05-28,julievillanueva@example.org,leslienguyen
Norma Myers Dds,justin38@example.com,2024-06-08,Melbourne,,2024-06-08,justin38@example.com,normamyersdds
Jessica Torres,justin75@example.net,2019-12-01,Munich,VIP,2019-12-01,justin75@example.net,jessicatorres
Megan Park,kandrade@example.org,2019-02-21,Los Angeles,VIP,2019-02-21,kandrade@example.org,meganpark
Victoria Guerra,kara01@example.org,2023-04-11,Manchester,,2023-04-11,kara01@example.org,victoriaguerra
Jennifer Turner,karen61@example.net,2022-06-30,Singapore,,2022-06-30,karen61@example.net,jenniferturner
Cynthia Wallace,karen73@example.net,2021-11-01,Berlin,,2021-11-01,karen73@example.net,cynthiawallace
Mrs. Ashley Mendoza,karenhodges@example.com,2021-06-26,Paris,C,2021-06-26,karenhodges@example.com,mrsashleymendoza
Nina Bernard,karenshaw@example.org,2019-07-24,Chicago,C,2019-07-24,karenshaw@example.org,ninabernard
Jennifer Smith,karinorton@example.net,2022-03-17,Melbourne,A,2022-03-17,karinorton@example.net,jennifersmith
Derrick Johnson,karla66@example.net,2023-08-19,Berlin,,2023-08-19,karla66@example.net,derrickjohnson
Lucas Cox,karlwilliams@example.net,2019-11-27,Chicago,C,2019-11-27,karlwilliams@example.net,lucascox
William Nichols,karmstrong@example.net,2020-01-16,Toronto,VIP,2020-01-16,karmstrong@example.net,williamnichols
Kim Martinez,karroyo@example.com,2023-11-29,Melbourne,,2023-11-29,karroyo@example.com,kimmartinez
Eric Hunter,katherine82@example.com,2023-07-26,Toronto,VIP,2023-07-26,katherine82@example.com,erichunter
Jared Howell,katherineharris@example.net,2022-08-18,Sydney,VIP,2022-08-18,katherineharris@example.net,jaredhowell
John Massey,katherinerussell@example.org,2019-07-24,Mumbai,C,2019-07-24,katherinerussell@example.org,johnmassey
Brian Clark,kathleen47@example.net,2023-03-20,Chicago,A,2023-03-20,kathleen47@example.net,brianclark
Willie Luna,kathryn17@example.org,2021-06-07,Singapore,B,2021-06-07,kathryn17@example.org,willieluna
Cassandra Roberts,kathryn21@example.com,2022-11-21,Berlin,B,2022-11-21,kathryn21@example.com,cassandraroberts
Deanna Kennedy,kathryn72@example.org,2021-11-07,Berlin,,2021-11-07,kathryn72@example.org,deannakennedy
Eric Clark,kathrynroberts@example.org,2024-06-04,Berlin,B,2024-06-04,kathrynroberts@example.org,ericclark
Elizabeth Hunter,katie15@example.com,2021-07-17,Bangkok,VIP,2021-07-17,katie15@example.com,elizabethhunter
Monica Lopez,katie43@example.net,2019-10-25,Sydney,C,2019-10-25,katie43@example.net,monicalopez
Austin Robinson,katrina71@example.net,2021-12-06,Berlin,VIP,2021-12-06,katrina71@example.net,austinrobinson
Michael Cooper,katrinaanderson@example.net,2022-08-16,Munich,C,2022-08-16,katrinaanderson@example.net,michaelcooper
Victoria Dixon,katrinarodriguez@example.com,2023-08-22,Singapore,B,2023-08-22,katrinarodriguez@example.com,victoriadixon
Heidi Johnson,kaylarobbins@example.net,2023-04-26,Sydney,,2023-04-26,kaylarobbins@example.net,heidijohnson
Thomas Williams,kchaney@example.net,2019-10-17,Bangkok,A,2019-10-17,kchaney@example.net,thomaswilliams
Mason Moore,kchristian@example.org,2022-12-28,Chicago,B,2022-12-28,kchristian@example.org,masonmoore
Rachael Howard Dds,kcooper@example.net,2022-07-20,Melbourne,B,2022-07-20,kcooper@example.net,rachaelhowarddds
Justin Michael,keith98@example.com,2022-02-08,Munich,A,2022-02-08,keith98@example.com,justinmichael
Robert Burns,kelleycarlos@example.org,2023-06-14,Mumbai,,2023-06-14,kelleycarlos@example.org,robertburns
George Alvarez,kelleyjose@example.com,2022-01-04,Munich,C,2022-01-04,kelleyjose@example.com,georgealvarez
Christine Parker,kelly15@example.com,2020-05-31,Paris,A,2020-05-31,kelly15@example.com,christineparker
Ernest Oconnell,kelly79@example.org,2020-02-13,Sydney,VIP,2020-02-13,kelly79@example.org,ernestoconnell
Jennifer Reed,kellyroberts@example.net,2020-06-03,London,VIP,2020-06-03,kellyroberts@example.net,jenniferreed
Sarah Pittman,kellyruiz@example.net,2023-11-26,Singapore,VIP,2023-11-26,kellyruiz@example.net,sarahpittman
Michelle Ray,kendraharris@example.org,2021-12-07,Manchester,,2021-12-07,kendraharris@example.org,michelleray
Alexandra Green,kennethjohnson@example.net,2023-11-20,Chicago,A,2023-11-20,kennethjohnson@example.net,alexandragreen
Jeffery Fitzgerald,kennethkidd@example.com,2024-06-27,,C,2024-06-27,kennethkidd@example.com,jefferyfitzgerald
Heather Atkinson,kenneththomas@example.net,2021-03-19,Singapore,,2021-03-19,kenneththomas@example.net,heatheratkinson
Jorge Morales,kentmichael@example.com,2021-08-03,Bangkok,C,2021-08-03,kentmichael@example.com,jorgemorales
Julian Ponce,kentprice@example.org,2020-05-26,Manchester,A,2020-05-26,kentprice@example.org,julianponce
Claire Clark,kevin03@example.org,2019-09-25,Manchester,VIP,2019-09-25,kevin03@example.org,claireclark
Sarah Roberts,kevinmendez@example.org,2020-04-09,Toronto,,2020-04-09,kevinmendez@example.org,sarahroberts
Erin Cook,kevinmorrison@example.net,2024-06-25,Munich,A,2024-06-25,kevinmorrison@example.net,erincook
David Davis,keyemily@example.com,2020-10-22,Vancouver,,2020-10-22,keyemily@example.com,daviddavis
Bradley Tran,kimberly04@example.org,2021-08-19,Melbourne,VIP,2021-08-19,kimberly04@example.org,bradleytran
Eric Morgan,kimberly18@example.net,2020-09-10,Melbourne,C,2020-09-10,kimberly18@example.net,ericmorgan
Mark Cox,kimberly23@example.com,2021-11-07,Melbourne,C,2021-11-07,kimberly23@example.com,markcox
Richard Weiss,kimberly66@example.net,2019-03-12,Mumbai,C,2019-03-12,kimberly66@example.net,richardweiss
Jennifer Allen,kimberly67@example.net,2021-05-06,Paris,,2021-05-06,kimberly67@example.net,jenniferallen
Maria Fischer,kimberlybrandt@example.com,2021-03-06,Singapore,VIP,2021-03-06,kimberlybrandt@example.com,mariafischer
Jessica Martinez,kimberlydiaz@example.com,2019-12-11,Singapore,C,2019-12-11,kimberlydiaz@example.com,jessicamartinez
Kelly Jackson,kimberlygarcia@example.net,2024-06-24,Chicago,A,2024-06-24,kimberlygarcia@example.net,kellyjackson
Victoria Frost,kimberlyrussell@example.net,2024-03-04,Chicago,A,2024-03-04,kimberlyrussell@example.net,victoriafrost
Kim Jensen,kingjoseph@example.com,2020-04-21,Singapore,,2020-04-21,kingjoseph@example.com,kimjensen
John Peterson,kingmichelle@example.org,2020-04-04,London,VIP,2020-04-04,kingmichelle@example.org,johnpeterson
Angela Powell,kmills@example.org,2024-06-28,Manchester,A,2024-06-28,kmills@example.org,angelapowell
Heather Diaz,kmoore@example.org,2019-07-27,Los Angeles,A,2019-07-27,kmoore@example.org,heatherdiaz
Raymond Hall,kpeterson@example.net,2023-08-23,Singapore,VIP,2023-08-23,kpeterson@example.net,raymondhall
Bradley Anthony,kristen77@example.net,2022-05-06,Manchester,,2022-05-06,kristen77@example.net,bradleyanthony
Tracie Costa,kristi19@example.org,2023-05-20,,,2023-05-20,kristi19@example.org,traciecosta
Jennifer Warren,kristin96@example.com,2019-04-25,Los Angeles,B,2019-04-25,kristin96@example.com,jenniferwarren
James Burgess,kristina53@example.net,2023-01-17,Vancouver,A,2023-01-17,kristina53@example.net,jamesburgess
Jenna Lyons,kristina57@example.com,2019-12-14,,,2019-12-14,kristina57@example.com,jennalyons
Whitney Moyer,kristy74@example.net,2022-09-22,London,C,2022-09-22,kristy74@example.net,whitneymoyer
Pamela Williams,ksmith@example.com,2019-11-02,Manchester,B,2019-11-02,ksmith@example.com,pamelawilliams
Lisa Martinez,kthompson@example.org,2021-07-25,Singapore,A,2021-07-25,kthompson@example.org,lisamartinez
Phillip Dixon,kwalker@example.org,2023-03-31,,A,2023-03-31,kwalker@example.org,phillipdixon
Jeffery Adams,kwatkins@example.net,2020-01-31,Toronto,C,2020-01-31,kwatkins@example.net,jefferyadams
Jacqueline Christian,kwells@example.org,2022-04-11,Melbourne,C,2022-04-11,kwells@example.org,jacquelinechristian
Allison Wise,kwood@example.org,2019-08-14,Munich,VIP,2019-08-14,kwood@example.org,allisonwise
Deanna Griffith,kwoods@example.com,2023-08-22,Manchester,B,2023-08-22,kwoods@example.com,deannagriffith
Anthony Dougherty,kwright@example.com,2023-02-21,Mumbai,A,2023-02-21,kwright@example.com,anthonydougherty
William Gould,kylemartinez@example.net,2020-10-25,Vancouver,VIP,2020-10-25,kylemartinez@example.net,williamgould
Ernest Bernard,lambertdevin@example.com,2022-01-11,London,A,2022-01-11,lambertdevin@example.com,ernestbernard
Katherine Browning,lammarc@example.org,2022-06-18,New York,VIP,2022-06-18,lammarc@example.org,katherinebrowning
Kelly Combs,landryelizabeth@example.org,2020-02-03,Munich,C,2020-02-03,landryelizabeth@example.org,kellycombs
Joshua Clements,langchristopher@example.net,2022-08-29,Toronto,VIP,2022-08-29,langchristopher@example.net,joshuaclements
Krista Davis,laradonald@example.org,2021-04-27,Vancouver,B,2021-04-27,laradonald@example.org,kristadavis
Jeremy Evans,larsonmichael@example.org,2020-01-14,Berlin,,2020-01-14,larsonmichael@example.org,jeremyevans
Jeanette Butler,laura29@example.org,2024-04-26,Melbourne,VIP,2024-04-26,laura29@example.org,jeanettebutler
Michelle Ho,laurahicks@example.org,2021-02-09,New York,C,2021-02-09,laurahicks@example.org,michelleho
Veronica Flores,lauren28@example.net,2023-03-30,Mumbai,VIP,2023-03-30,lauren28@example.net,veronicaflores
Brandy Holmes,laurenallen@example.org,2020-09-21,Toronto,A,2020-09-21,laurenallen@example.org,brandyholmes
Erin Carter,laurenboyd@example.com,2023-04-04,Berlin,C,2023-04-04,laurenboyd@example.com,erincarter
Kathleen Jimenez,laurie61@example.com,2020-12-26,Singapore,B,2020-12-26,laurie61@example.com,kathleenjimenez
Adam Daniels,lawsonpaul@example.org,2024-05-08,Chicago,,2024-05-08,lawsonpaul@example.org,adamdaniels
Luke Reynolds,lbartlett@example.net,2023-07-27,Melbourne,C,2023-07-27,lbartlett@example.net,lukereynolds
Jeremy Benson,lbradley@example.com,2022-09-24,Los Angeles,A,2022-09-24,lbradley@example.com,jeremybenson
Kimberly Burnett,lbrown@example.net,2023-02-16,Manchester,,2023-02-16,lbrown@example.net,kimberlyburnett
Mike Maxwell,lcook@example.com,2020-09-09,Bangkok,VIP,2020-09-09,lcook@example.com,mikemaxwell
Chelsea Austin,leahbarker@example.org,2020-04-27,Sydney,,2020-04-27,leahbarker@example.org,chelseaaustin
Lisa Flynn,lee16@example.com,2020-04-03,Mumbai,C,2020-04-03,lee16@example.com,lisaflynn
Adrian Gibbs,leroy57@example.com,2019-07-15,Bangkok,VIP,2019-07-15,leroy57@example.com,adriangibbs
Margaret Orr,levinetina@example.net,2021-10-04,Los Angeles,A,2021-10-04,levinetina@example.net,margaretorr
Alexander Freeman,lewiskimberly@example.org,2021-11-23,London,C,2021-11-23,lewiskimberly@example.org,alexanderfreeman
Adam Guerra,lhernandez@example.com,2024-05-03,Bangkok,,2024-05-03,lhernandez@example.com,adamguerra
Gilbert Williams,lhicks@example.com,2021-02-03,Sydney,C,2021-02-03,lhicks@example.com,gilbertwilliams
Kevin Farmer,lindabryan@example.org,2019-11-17,Paris,B,2019-11-17,lindabryan@example.org,kevinfarmer
Kendra Peterson,lindsay25@example.net,2023-08-26,Melbourne,B,2023-08-26,lindsay25@example.net,kendrapeterson
Patrick Snyder,lindseyroberts@example.org,2022-12-30,Toronto,A,2022-12-30,lindseyroberts@example.org,patricksnyder
Catherine Huang,lisa01@example.net,2021-07-04,Berlin,C,2021-07-04,lisa01@example.net,catherinehuang
Alicia Martin,lisa11@example.org,2024-03-15,New York,,2024-03-15,lisa11@example.org,aliciamartin
Bradley Reynolds,lisa80@example.net,2024-02-13,Berlin,B,2024-02-13,lisa80@example.net,bradleyreynolds
Ashley Roach,lisa89@example.net,2019-10-31,Vancouver,,2019-10-31,lisa89@example.net,ashleyroach
Daniel Thompson,lisaalvarez@example.net,2021-03-22,Chicago,A,2021-03-22,lisaalvarez@example.net,danielthompson
Harold Ellis,lisamccarthy@example.com,2021-11-01,Bangkok,C,2021-11-01,lisamccarthy@example.com,haroldellis
Todd Rosales Md,lisarivera@example.net,2023-06-29,Vancouver,A,2023-06-29,lisarivera@example.net,toddrosalesmd
Mark Munoz,lisawalker@example.com,2020-05-17,New York,,2020-05-17,lisawalker@example.com,markmunoz
Sheryl Thompson,lisawallace@example.net,2020-02-01,Los Angeles,VIP,2020-02-01,lisawallace@example.net,sherylthompson
Brett Martin,lisawoods@example.net,2019-11-10,,C,2019-11-10,lisawoods@example.net,brettmartin
Austin Baker,livingstonstacy@example.com,2022-08-07,Melbourne,A,2022-08-07,livingstonstacy@example.com,austinbaker
Pamela Thompson,lmoon@example.net,2021-08-09,Singapore,C,2021-08-09,lmoon@example.net,pamelathompson
Alicia Wagner,longgary@example.com,2019-04-28,Sydney,B,2019-04-28,longgary@example.com,aliciawagner
Dr. Dustin Sutton Jr.,lopezchristopher@example.net,2020-02-07,Melbourne,B,2020-02-07,lopezchristopher@example.net,drdustinsuttonjr
Charles Hardin,lopezjennifer@example.org,2021-12-30,Toronto,,2021-12-30,lopezjennifer@example.org,charleshardin
Michael Morrison,lopezkathleen@example.net,2019-10-22,Paris,VIP,2019-10-22,lopezkathleen@example.net,michaelmorrison
Kyle Gross,lopezrebecca@example.net,2020-11-28,Berlin,A,2020-11-28,lopezrebecca@example.net,kylegross
Adrian Lee,lori69@example.net,2019-01-22,Mumbai,A,2019-01-22,lori69@example.net,adrianlee
Rickey Hall,lovepaul@example.net,2019-04-17,Berlin,A,2019-04-17,lovepaul@example.net,rickeyhall
Melissa Garner,lozanojulie@example.com,2023-04-12,New York,VIP,2023-04-12,lozanojulie@example.com,melissagarner
Melissa Grant,lpearson@example.org,2024-03-30,New York,VIP,2024-03-30,lpearson@example.org,melissagrant
Natasha Hill,lpreston@example.net,2020-07-30,Berlin,VIP,2020-07-30,lpreston@example.net,natashahill
Daniel Gordon,lrichardson@example.org,2022-11-08,Toronto,C,2022-11-08,lrichardson@example.org,danielgordon
Eric Cross,lroberts@example.org,2024-02-03,Munich,B,2024-02-03,lroberts@example.org,ericcross
Mary Rogers,lrosales@example.com,2020-03-14,Melbourne,B,2020-03-14,lrosales@example.com,maryrogers
Roy Fowler,lshannon@example.net,2020-07-18,Melbourne,,2020-07-18,lshannon@example.net,royfowler
Jaime Edwards,lstokes@example.com,2022-04-18,London,B,2022-04-18,lstokes@example.com,jaimeedwards
Pamela Lewis,luke87@example.org,2019-10-15,Bangkok,C,2019-10-15,luke87@example.org,pamelalewis
Judith Maynard,lutzmelanie@example.com,2021-02-17,Munich,VIP,2021-02-17,lutzmelanie@example.com,judithmaynard
Renee Bruce,lynchdiane@example.net,2020-08-28,Paris,C,2020-08-28,lynchdiane@example.net,reneebruce
Daniel Adams,lynchgeorge@example.net,2019-04-04,Los Angeles,C,2019-04-04,lynchgeorge@example.net,danieladams
Angela Barnett,madison00@example.org,2022-10-25,Los Angeles,A,2022-10-25,madison00@example.org,angelabarnett
Richard Walker,madisonwatson@example.net,2022-03-17,Toronto,,2022-03-17,madisonwatson@example.net,richardwalker
Robert Taylor,makaylasanders@example.com,2021-06-29,Los Angeles,B,2021-06-29,makaylasanders@example.com,roberttaylor
Michael Howard,manderson@example.com,2019-05-23,Paris,A,2019-05-23,manderson@example.com,michaelhoward
Brian Christensen,mandypetty@example.com,2022-06-03,Melbourne,C,2022-06-03,mandypetty@example.com,brianchristensen
Jonathon Hill,mannleroy@example.org,2022-10-21,Los Angeles,A,2022-10-21,mannleroy@example.org,jonathonhill
Barbara Lewis,marcus06@example.net,2023-10-18,Vancouver,VIP,2023-10-18,marcus06@example.net,barbaralewis
Cynthia Kennedy,marcuscarter@example.org,2020-12-16,Bangkok,VIP,2020-12-16,marcuscarter@example.org,cynthiakennedy
Phillip Nelson,mariahdavis@example.org,2019-07-10,Los Angeles,C,2019-07-10,mariahdavis@example.org,phillipnelson
Monica Richardson,mariahill@example.net,2023-05-19,Munich,C,2023-05-19,mariahill@example.net,monicarichardson
Debbie Rivera,mariawilliams@example.com,2021-03-22,Singapore,,2021-03-22,mariawilliams@example.com,debbierivera
Anthony Hayes,marilyn67@example.net,2023-11-07,Paris,A,2023-11-07,marilyn67@example.net,anthonyhayes
Tanya Clark,mariolee@example.com,2023-10-22,Manchester,A,2023-10-22,mariolee@example.com,tanyaclark
Bethany Robles,marisa87@example.org,2022-05-13,Toronto,A,2022-05-13,marisa87@example.org,bethanyrobles
John Martinez,mark68@example.org,2019-11-27,Paris,,2019-11-27,mark68@example.org,johnmartinez
John Campbell,mark87@example.org,2022-11-18,Mumbai,VIP,2022-11-18,mark87@example.org,johncampbell
Tommy Ramsey,markbates@example.com,2021-04-10,Paris,B,2021-04-10,markbates@example.com,tommyramsey
Sarah Bishop,markblack@example.com,2024-05-03,Paris,VIP,2024-05-03,markblack@example.com,sarahbishop
Mrs. Katherine Simpson,markduran@example.com,2021-03-19,New York,VIP,2021-03-19,markduran@example.com,mrskatherinesimpson
Brent Smith,markfigueroa@example.com,2019-05-11,Munich,,2019-05-11,markfigueroa@example.com,brentsmith
Oscar Cruz,markskristina@example.com,2022-02-06,Melbourne,A,2022-02-06,markskristina@example.com,oscarcruz
Melissa Brown,marshallerik@example.net,2019-10-20,New York,C,2019-10-20,marshallerik@example.net,melissabrown
Derrick King,martinezashley@example.com,2020-04-25,Paris,C,2020-04-25,martinezashley@example.com,derrickking
Brian Brown,martinnovak@example.com,2021-09-23,Bangkok,,2021-09-23,martinnovak@example.com,brianbrown
Miss Megan Compton,martinreid@example.net,2020-11-24,Toronto,A,2020-11-24,martinreid@example.net,missmegancompton
Ashley Holder,martinsarah@example.com,2021-06-19,Vancouver,C,2021-06-19,martinsarah@example.com,ashleyholder
Lisa Cohen,martintamara@example.org,2023-09-16,Mumbai,VIP,2023-09-16,martintamara@example.org,lisacohen
Zachary Bryant,marvin69@example.net,2022-01-16,New York,,2022-01-16,marvin69@example.net,zacharybryant
Johnny Jenkins,mary05@example.net,2023-01-31,Munich,A,2023-01-31,mary05@example.net,johnnyjenkins
Ryan Garcia,marydean@example.com,2020-07-22,Munich,VIP,2020-07-22,marydean@example.com,ryangarcia
Willie Edwards,marygarcia@example.com,2022-10-12,Melbourne,C,2022-10-12,marygarcia@example.com,willieedwards
Sarah Archer,marygomez@example.com,2021-03-10,Munich,VIP,2021-03-10,marygomez@example.com,saraharcher
Kyle Blake,maryjohnson@example.com,2022-04-09,Berlin,VIP,2022-04-09,maryjohnson@example.com,kyleblake
Dorothy Brown,marystone@example.com,2019-07-13,Chicago,VIP,2019-07-13,marystone@example.com,dorothybrown
Karen Bradley,mathew46@example.org,2024-05-24,Berlin,A,2024-05-24,mathew46@example.org,karenbradley
Nathaniel Douglas,mathewaguilar@example.org,2019-09-27,New York,,2019-09-27,mathewaguilar@example.org,nathanieldouglas
Douglas Mack,matthew24@example.com,2024-03-12,Vancouver,B,2024-03-12,matthew24@example.com,douglasmack
Nicole Perez,matthew38@example.org,2022-06-30,Paris,A,2022-06-30,matthew38@example.org,nicoleperez
Daniel Green,matthewspencer@example.org,2019-09-06,Vancouver,VIP,2019-09-06,matthewspencer@example.org,danielgreen
Michael Lee,max69@example.com,2021-10-21,Berlin,,2021-10-21,max69@example.com,michaellee
James Wilson,maychristine@example.net,2023-12-21,Melbourne,B,2023-12-21,maychristine@example.net,jameswilson
Deborah Juarez,mcarson@example.org,2023-11-06,London,C,2023-11-06,mcarson@example.org,deborahjuarez
Austin Jones,mccannkimberly@example.net,2020-10-10,Mumbai,VIP,2020-10-10,mccannkimberly@example.net,austinjones
Curtis Watson,mcclainkatherine@example.net,2021-05-11,Paris,B,2021-05-11,mcclainkatherine@example.net,curtiswatson
Stephen Jones,mcclainmelissa@example.net,2019-05-07,Paris,VIP,2019-05-07,mcclainmelissa@example.net,stephenjones
Lisa Gonzalez,mccoyjames@example.org,2019-03-22,Mumbai,,2019-03-22,mccoyjames@example.org,lisagonzalez
Kelly Smith,mcdanielbrooke@example.org,2023-03-27,Manchester,B,2023-03-27,mcdanielbrooke@example.org,kellysmith
April Johnson,mclaughlinjared@example.net,2019-12-16,Berlin,,2019-12-16,mclaughlinjared@example.net,apriljohnson
Cathy Mcdonald,mcox@example.net,2019-12-03,Vancouver,A,2019-12-03,mcox@example.net,cathymcdonald
John Boone,megan51@example.com,2020-02-12,Vancouver,VIP,2020-02-12,megan51@example.com,johnboone
Matthew Le,megan90@example.org,2023-11-24,Paris,,2023-11-24,megan90@example.org,matthewle
Natalie Mullins,megangates@example.com,2022-09-16,Berlin,A,2022-09-16,megangates@example.com,nataliemullins
Francisco Estrada,meganjames@example.org,2023-11-18,London,C,2023-11-18,meganjames@example.org,franciscoestrada
Daniel Martin,melissa01@example.org,2022-10-06,Manchester,B,2022-10-06,melissa01@example.org,danielmartin
Lisa Dixon,melissabrown@example.net,2022-10-11,Manchester,B,2022-10-11,melissabrown@example.net,lisadixon
Martha Arnold,melissamartin@example.com,2019-02-05,Mumbai,,2019-02-05,melissamartin@example.com,marthaarnold
Stacy Taylor,meltonjoshua@example.net,2019-03-17,,C,2019-03-17,meltonjoshua@example.net,stacytaylor
Zachary Miller,mendezlori@example.org,2021-08-22,Los Angeles,VIP,2021-08-22,mendezlori@example.org,zacharymiller
Anthony Nash,mercedesholland@example.net,2020-10-23,Vancouver,A,2020-10-23,mercedesholland@example.net,anthonynash
Aaron Munoz,meyerjohn@example.org,2022-10-14,Bangkok,VIP,2022-10-14,meyerjohn@example.org,aaronmunoz
Christina Myers,meyerskathryn@example.com,2024-04-01,Chicago,,2024-04-01,meyerskathryn@example.com,christinamyers
Erin Ramirez,meyertiffany@example.net,2022-10-20,Berlin,B,2022-10-20,meyertiffany@example.net,erinramirez
Robin Torres,mezarichard@example.com,2020-06-06,Manchester,A,2020-06-06,mezarichard@example.com,robintorres
Jennifer Williamson,mhall@example.net,2021-08-20,Los Angeles,VIP,2021-08-20,mhall@example.net,jenniferwilliamson
Joseph Bright,mhoffman@example.net,2021-01-03,Singapore,A,2021-01-03,mhoffman@example.net,josephbright
Michael Lewis,michael03@example.net,2021-10-31,Manchester,,2021-10-31,michael03@example.net,michaellewis
Candice Ramirez,michael12@example.net,2024-04-12,Manchester,A,2024-04-12,michael12@example.net,candiceramirez
Jordan Bullock,michael23@example.org,2019-08-26,Berlin,B,2019-08-26,michael23@example.org,jordanbullock
Crystal Nguyen,michael40@example.org,2023-01-01,Melbourne,,2023-01-01,michael40@example.org,crystalnguyen
Krista Barber,michael43@example.net,2023-09-18,Chicago,VIP,2023-09-18,michael43@example.net,kristabarber
Joshua Brooks,michael77@example.com,2023-02-23,Sydney,C,2023-02-23,michael77@example.com,joshuabrooks
William Walker Dvm,michael95@example.org,2023-12-07,Melbourne,VIP,2023-12-07,michael95@example.org,williamwalkerdvm
Renee Mcdaniel,michaeljones@example.net,2019-11-27,Vancouver,C,2019-11-27,michaeljones@example.net,reneemcdaniel
Steven Butler,michaelking@example.net,2019-02-16,London,C,2019-02-16,michaelking@example.net,stevenbutler
Christopher Mason,michaelmccarthy@example.com,2019-01-25,London,B,2019-01-25,michaelmccarthy@example.com,christophermason
Amanda Swanson,michaelsherman@example.com,2019-02-08,Paris,VIP,2019-02-08,michaelsherman@example.com,amandaswanson
Angela Wade,michelle10@example.org,2023-09-07,Melbourne,A,2023-09-07,michelle10@example.org,angelawade
Norma Smith,michelleperez@example.net,2019-11-12,New York,B,2019-11-12,michelleperez@example.net,normasmith
Kelly Hodges,michellewilson@example.org,2020-09-30,Chicago,,2020-09-30,michellewilson@example.org,kellyhodges
Thomas Zhang,middletonelizabeth@example.org,2020-09-04,Manchester,A,2020-09-04,middletonelizabeth@example.org,thomaszhang
Philip Hall,mike03@example.net,2019-06-10,Manchester,C,2019-06-10,mike03@example.net,philiphall
Stephen Thompson,mikemorgan@example.org,2022-11-27,Paris,A,2022-11-27,mikemorgan@example.org,stephenthompson
Amanda Davis,milleralan@example.org,2023-03-16,Mumbai,,2023-03-16,milleralan@example.org,amandadavis
Deanna Bartlett,millerangela@example.net,2019-03-27,Singapore,,2019-03-27,millerangela@example.net,deannabartlett
Allison Love,millerbrian@example.com,2024-04-02,Los Angeles,A,2024-04-02,millerbrian@example.com,allisonlove
Logan Sullivan,millermatthew@example.com,2024-03-26,,VIP,2024-03-26,millermatthew@example.com,logansullivan
James Elliott,millerroy@example.com,2022-10-15,Berlin,,2022-10-15,millerroy@example.com,jameselliott
David Bradley,millertodd@example.org,2023-04-24,Vancouver,B,2023-04-24,millertodd@example.org,davidbradley
Michele Hawkins,millertristan@example.com,2020-07-06,Bangkok,C,2020-07-06,millertristan@example.com,michelehawkins
Jason Beck,millsmichael@example.net,2023-11-17,Chicago,VIP,2023-11-17,millsmichael@example.net,jasonbeck
Sonya Wilcox,miranda13@example.org,2020-10-15,Manchester,A,2020-10-15,miranda13@example.org,sonyawilcox
Dustin Welch,mirandadavidson@example.com,2022-12-11,London,C,2022-12-11,mirandadavidson@example.com,dustinwelch
Ashley Brown,mistywilkins@example.org,2022-09-18,Bangkok,A,2022-09-18,mistywilkins@example.org,ashleybrown
Lisa Jackson,mitchell21@example.net,2023-08-04,Chicago,A,2023-08-04,mitchell21@example.net,lisajackson
Mark Brown,mjones@example.org,2023-07-16,London,,2023-07-16,mjones@example.org,markbrown
Frank Armstrong,mmathews@example.net,2024-01-25,New York,A,2024-01-25,mmathews@example.net,frankarmstrong
Kimberly Gibson,molly39@example.com,2020-11-28,Berlin,C,2020-11-28,molly39@example.com,kimberlygibson
Alexandra Smith,molly91@example.org,2019-08-23,New York,C,2019-08-23,molly91@example.org,alexandrasmith
Elizabeth Lee,mollywalter@example.net,2022-09-22,Munich,B,2022-09-22,mollywalter@example.net,elizabethlee
Charles Wright,monique89@example.com,2022-08-06,Paris,VIP,2022-08-06,monique89@example.com,charleswright
Mariah Perry,montesmichelle@example.org,2023-04-16,Manchester,,2023-04-16,montesmichelle@example.org,mariahperry
Justin Lee,montgomerymichelle@example.net,2023-05-24,Paris,VIP,2023-05-24,montgomerymichelle@example.net,justinlee
Brad Allen,moorericky@example.net,2020-02-11,Melbourne,C,2020-02-11,moorericky@example.net,bradallen
Michael Webster,morajamie@example.org,2021-12-27,Munich,VIP,2021-12-27,morajamie@example.org,michaelwebster
Toni Hunt,morgan69@example.net,2021-04-10,Singapore,A,2021-04-10,morgan69@example.net,tonihunt
Sonia Reyes,morgandana@example.com,2021-02-25,Manchester,,2021-02-25,morgandana@example.com,soniareyes
Margaret Jones,morganfarrell@example.org,2019-04-04,Sydney,C,2019-04-04,morganfarrell@example.org,margaretjones
Shari Sharp,morriskatherine@example.net,2023-04-11,Manchester,,2023-04-11,morriskatherine@example.net,sharisharp
Joseph Acosta,morrisonnicholas@example.org,2021-06-14,Chicago,VIP,2021-06-14,morrisonnicholas@example.org,josephacosta
Donna Moore,munozglenn@example.org,2021-09-22,Vancouver,B,2021-09-22,munozglenn@example.org,donnamoore
Zachary Wilkinson,munozrobert@example.com,2024-01-17,Mumbai,C,2024-01-17,munozrobert@example.com,zacharywilkinson
Anna Gay,murraydavid@example.org,2020-01-30,Melbourne,A,2020-01-30,murraydavid@example.org,annagay
Vanessa Moore,mwoods@example.com,2020-08-23,New York,B,2020-08-23,mwoods@example.com,vanessamoore
Rachel Romero,myerstheodore@example.net,2019-07-07,New York,VIP,2019-07-07,myerstheodore@example.net,rachelromero
Jennifer Simpson Dvm,nancy04@example.net,2023-06-26,Los Angeles,B,2023-06-26,nancy04@example.net,jennifersimpsondvm
Laura Williams,nathan29@example.net,2019-07-25,Manchester,VIP,2019-07-25,nathan29@example.net,laurawilliams
Mark Lynch,nathanielmartin@example.net,2022-05-06,Manchester,C,2022-05-06,nathanielmartin@example.net,marklynch
Alejandra Santos,nbell@example.net,2023-03-10,Los Angeles,A,2023-03-10,nbell@example.net,alejandrasantos
Rebecca Ramsey,ncalhoun@example.net,2020-03-06,Vancouver,,2020-03-06,ncalhoun@example.net,rebeccaramsey
Brian Torres,ncook@example.com,2021-04-26,Los Angeles,C,2021-04-26,ncook@example.com,briantorres
Eric Rosales,ncruz@example.net,2023-11-22,Los Angeles,A,2023-11-22,ncruz@example.net,ericrosales
Sheila Perez,newmanangela@example.org,2022-09-07,New York,,2022-09-07,newmanangela@example.org,sheilaperez
Pamela Perry,newtonamber@example.org,2019-06-02,Manchester,VIP,2019-06-02,newtonamber@example.org,pamelaperry
Mrs. Kimberly Cannon,nfleming@example.net,2021-03-21,Singapore,A,2021-03-21,nfleming@example.net,mrskimberlycannon
Bethany Garcia,nguyendebra@example.com,2023-02-18,New York,B,2023-02-18,nguyendebra@example.com,bethanygarcia
Catherine Saunders Md,nhahn@example.com,2019-12-25,Bangkok,C,2019-12-25,nhahn@example.com,catherinesaundersmd
Vicki Hernandez,nicholas09@example.org,2019-01-08,Manchester,C,2019-01-08,nicholas09@example.org,vickihernandez
Brandon Simmons,nicholas27@example.org,2019-12-15,Chicago,A,2019-12-15,nicholas27@example.org,brandonsimmons
John Johnson,nicholas65@example.net,2020-01-14,New York,B,2020-01-14,nicholas65@example.net,johnjohnson
Laurie Mason,nicholas72@example.net,2019-09-03,Vancouver,VIP,2019-09-03,nicholas72@example.net,lauriemason
James Torres,nicholas97@example.org,2019-09-20,New York,,2019-09-20,nicholas97@example.org,jamestorres
Kristina Baker,nicholashuffman@example.org,2021-12-15,Bangkok,,2021-12-15,nicholashuffman@example.org,kristinabaker
Keith Fuller,nicholasliu@example.com,2022-11-30,Los Angeles,,2022-11-30,nicholasliu@example.com,keithfuller
Diane Manning,nicholasmedina@example.com,2020-12-14,Vancouver,A,2020-12-14,nicholasmedina@example.com,dianemanning
Tammy Boone,nicholsmaria@example.org,2019-05-30,Berlin,B,2019-05-30,nicholsmaria@example.org,tammyboone
Martin Hughes,nicole52@example.com,2024-02-26,Melbourne,B,2024-02-26,nicole52@example.com,martinhughes
Joshua Davis,nicolealvarado@example.com,2020-11-28,Chicago,A,2020-11-28,nicolealvarado@example.com,joshuadavis
David Robertson,nicoleburton@example.net,2021-04-27,Munich,A,2021-04-27,nicoleburton@example.net,davidrobertson
Kevin Marquez,nicoledavis@example.com,2021-03-23,Los Angeles,,2021-03-23,nicoledavis@example.com,kevinmarquez
Allison Hubbard,nicolehenry@example.net,2020-11-07,Manchester,C,2020-11-07,nicolehenry@example.net,allisonhubbard
Jennifer Bautista,nicolemoore@example.net,2019-09-14,Vancouver,B,2019-09-14,nicolemoore@example.net,jenniferbautista
Kimberly Matthews,nicolepena@example.com,2023-12-06,Melbourne,VIP,2023-12-06,nicolepena@example.com,kimberlymatthews
William Patterson,nicoleturner@example.com,2020-09-07,Toronto,C,2020-09-07,nicoleturner@example.com,williampatterson
Charlotte Sandoval,njohnson@example.org,2020-03-28,Paris,VIP,2020-03-28,njohnson@example.org,charlottesandoval
Meghan White,nmaxwell@example.org,2022-02-28,Vancouver,C,2022-02-28,nmaxwell@example.org,meghanwhite
James Turner,noahthornton@example.com,2020-12-20,Los Angeles,VIP,2020-12-20,noahthornton@example.com,jamesturner
Richard Hays,noblechristina@example.org,2024-03-20,Sydney,C,2024-03-20,noblechristina@example.org,richardhays
Kyle Davis,nshepherd@example.org,2023-09-17,London,A,2023-09-17,nshepherd@example.org,kyledavis
Melissa Carroll,nunezgary@example.net,2020-04-04,Berlin,,2020-04-04,nunezgary@example.net,melissacarroll
Julie Decker,nunezmatthew@example.com,2021-03-09,Mumbai,VIP,2021-03-09,nunezmatthew@example.com,juliedecker
Zachary Mccarthy,nwelch@example.com,2023-12-01,Manchester,A,2023-12-01,nwelch@example.com,zacharymccarthy
Jeffery Taylor,nwilson@example.com,2024-03-10,Manchester,B,2024-03-10,nwilson@example.com,jefferytaylor
Patricia Alvarado,nzhang@example.net,2020-11-22,Los Angeles,A,2020-11-22,nzhang@example.net,patriciaalvarado
Diane Martinez,oacosta@example.org,2023-10-11,Berlin,A,2023-10-11,oacosta@example.org,dianemartinez
Laura Lewis,oadams@example.net,2024-06-28,Melbourne,VIP,2024-06-28,oadams@example.net,lauralewis
Jessica Jackson,oblake@example.net,2022-03-26,Toronto,VIP,2022-03-26,oblake@example.net,jessicajackson
Michael Thompson,ocampbell@example.com,2023-04-16,Chicago,C,2023-04-16,ocampbell@example.com,michaelthompson
Richard Simmons,oconnelldavid@example.org,2020-03-26,Chicago,A,2020-03-26,oconnelldavid@example.org,richardsimmons
Laura Adams,ogreer@example.org,2022-04-04,Munich,C,2022-04-04,ogreer@example.org,lauraadams
Beth Henderson,oharris@example.org,2019-08-22,Paris,A,2019-08-22,oharris@example.org,bethhenderson
Victoria Massey,oheath@example.com,2019-01-01,Sydney,B,2019-01-01,oheath@example.com,victoriamassey
Rebecca French,olivermatthew@example.org,2022-07-04,Paris,A,2022-07-04,olivermatthew@example.org,rebeccafrench
Deborah Meyer,olivia29@example.net,2021-11-19,Berlin,VIP,2021-11-19,olivia29@example.net,deborahmeyer
Richard Neal,olsenshane@example.org,2021-11-06,Melbourne,B,2021-11-06,olsenshane@example.org,richardneal
Kim Goodwin,olsondavid@example.net,2022-12-14,London,A,2022-12-14,olsondavid@example.net,kimgoodwin
Arthur Roberts,omatthews@example.net,2023-12-21,Munich,C,2023-12-21,omatthews@example.net,arthurroberts
Mark Garrison,omoore@example.net,2023-03-26,Melbourne,C,2023-03-26,omoore@example.net,markgarrison
Brian Villa,omorris@example.net,2022-09-26,Mumbai,VIP,2022-09-26,omorris@example.net,brianvilla
Christopher Moore,omullen@example.com,2023-12-24,Bangkok,B,2023-12-24,omullen@example.com,christophermoore
Nicholas Brooks,oobrien@example.net,2022-02-22,Manchester,VIP,2022-02-22,oobrien@example.net,nicholasbrooks
Paul Thompson,opatel@example.net,2019-10-16,Los Angeles,B,2019-10-16,opatel@example.net,paulthompson
Leslie Bennett,ortizrobin@example.com,2020-05-12,New York,A,2020-05-12,ortizrobin@example.com,lesliebennett
Donald Schultz,oscar98@example.com,2019-07-05,Melbourne,C,2019-07-05,oscar98@example.com,donaldschultz
Katherine Christensen Md,osmith@example.net,2020-09-26,Los Angeles,C,2020-09-26,osmith@example.net,katherinechristensenmd
Helen Strickland,owright@example.org,2023-10-02,Vancouver,B,2023-10-02,owright@example.org,helenstrickland
Gary Choi,parkerkatie@example.com,2021-05-06,Toronto,B,2021-05-06,parkerkatie@example.com,garychoi
Joseph Camacho,parmstrong@example.com,2021-04-17,Berlin,B,2021-04-17,parmstrong@example.com,josephcamacho
Jessica Watts,patelgabrielle@example.com,2022-08-09,Singapore,B,2022-08-09,patelgabrielle@example.com,jessicawatts
Connie Stevens,patricialowery@example.com,2020-09-18,Melbourne,,2020-09-18,patricialowery@example.com,conniestevens
Danielle Murphy,patriciavargas@example.org,2019-03-06,Mumbai,C,2019-03-06,patriciavargas@example.org,daniellemurphy
Christopher Johnson,patrick11@example.org,2021-04-23,Berlin,A,2021-04-23,patrick11@example.org,christopherjohnson
Jasmine Mosley,patrick21@example.net,2023-01-29,Melbourne,C,2023-01-29,patrick21@example.net,jasminemosley
Sydney Bennett,pattonbryan@example.com,2020-03-05,Melbourne,,2020-03-05,pattonbryan@example.com,sydneybennett
Alexandra Harper,paul34@example.com,2023-03-15,Melbourne,VIP,2023-03-15,paul34@example.com,alexandraharper
Ethan Garza,pbaker@example.org,2020-05-24,Manchester,C,2020-05-24,pbaker@example.org,ethangarza
Tracy Copeland,pbautista@example.com,2020-09-21,Vancouver,A,2020-09-21,pbautista@example.com,tracycopeland
Lynn Davis,pcurry@example.net,2023-04-14,Singapore,,2023-04-14,pcurry@example.net,lynndavis
Angela Gonzales,pduran@example.net,2023-04-12,Los Angeles,C,2023-04-12,pduran@example.net,angelagonzales
Matthew Velez,pearsonjesse@example.net,2021-11-21,Vancouver,C,2021-11-21,pearsonjesse@example.net,matthewvelez
Harold Miranda,penaapril@example.com,2021-11-02,Los Angeles,A,2021-11-02,penaapril@example.com,haroldmiranda
Corey Flowers,perezstacy@example.org,2023-06-17,Paris,B,2023-06-17,perezstacy@example.org,coreyflowers
Thomas Bailey,peter64@example.com,2024-02-07,Mumbai,VIP,2024-02-07,peter64@example.com,thomasbailey
Matthew Crawford,peterlove@example.net,2021-05-18,Bangkok,C,2021-05-18,peterlove@example.net,matthewcrawford
Mr. William Bray,petermoore@example.com,2019-09-08,London,A,2019-09-08,petermoore@example.com,mrwilliambray
Jason Payne,petersonfaith@example.net,2023-06-10,Munich,VIP,2023-06-10,petersonfaith@example.net,jasonpayne
Stephanie Armstrong,petersonfrank@example.org,2022-12-18,Vancouver,,2022-12-18,petersonfrank@example.org,stephaniearmstrong
Mr. James Barnett,petersonkyle@example.org,2020-07-31,Toronto,C,2020-07-31,petersonkyle@example.org,mrjamesbarnett
Fernando Lynn,petersonpamela@example.org,2020-03-15,Melbourne,C,2020-03-15,petersonpamela@example.org,fernandolynn
Tanya Foster,pfowler@example.org,2019-08-16,Chicago,C,2019-08-16,pfowler@example.org,tanyafoster
Megan Davis Dds,phill@example.com,2023-05-21,Mumbai,VIP,2023-05-21,phill@example.com,megandavisdds
Ashley Osborne,phillipmorris@example.org,2023-05-01,Bangkok,A,2023-05-01,phillipmorris@example.org,ashleyosborne
Karina Boone,phines@example.org,2021-08-21,Bangkok,C,2021-08-21,phines@example.org,karinaboone
Victoria Contreras,piercekelly@example.com,2022-04-26,Vancouver,A,2022-04-26,piercekelly@example.com,victoriacontreras
William Griffin,pjacobs@example.net,2022-02-02,Melbourne,VIP,2022-02-02,pjacobs@example.net,williamgriffin
Angela Yates,pknight@example.org,2021-10-21,Manchester,VIP,2021-10-21,pknight@example.org,angelayates
Joshua Gonzalez,pmiller@example.org,2023-06-14,Los Angeles,C,2023-06-14,pmiller@example.org,joshuagonzalez
Jason Hayes,powellkara@example.net,2020-10-15,Paris,C,2020-10-15,powellkara@example.net,jasonhayes
Luke Miller,pparker@example.net,2019-01-20,New York,C,2019-01-20,pparker@example.net,lukemiller
Anna Evans,priscilla16@example.net,2023-07-20,Manchester,,2023-07-20,priscilla16@example.net,annaevans
Matthew Briggs,proman@example.com,2021-01-11,London,,2021-01-11,proman@example.com,matthewbriggs
Carl Hunter,psmith@example.net,2020-10-26,London,B,2020-10-26,psmith@example.net,carlhunter
Catherine Kirk,pvang@example.net,2020-09-28,Sydney,A,2020-09-28,pvang@example.net,catherinekirk
Kathleen Davis,pwagner@example.org,2019-12-06,Bangkok,A,2019-12-06,pwagner@example.org,kathleendavis
Colleen Brock,pwilliams@example.org,2022-09-13,New York,B,2022-09-13,pwilliams@example.org,colleenbrock
Kelli Shepard,qbutler@example.net,2023-12-24,Singapore,VIP,2023-12-24,qbutler@example.net,kellishepard
Rodney Baker,qcharles@example.org,2022-09-12,Berlin,A,2022-09-12,qcharles@example.org,rodneybaker
David Medina,qchavez@example.net,2020-05-14,Berlin,VIP,2020-05-14,qchavez@example.net,davidmedina
Evan Myers,qcoleman@example.org,2019-05-11,Berlin,,2019-05-11,qcoleman@example.org,evanmyers
Joshua Guerrero,qcurtis@example.com,2020-08-12,Munich,C,2020-08-12,qcurtis@example.com,joshuaguerrero
Robert Mendez,qgay@example.com,2019-03-23,Manchester,C,2019-03-23,qgay@example.com,robertmendez
Destiny Daniel,qjones@example.com,2023-04-14,Berlin,C,2023-04-14,qjones@example.com,destinydaniel
Michael Powers,qkim@example.net,2020-10-02,Melbourne,,2020-10-02,qkim@example.net,michaelpowers
Dillon Travis,qmassey@example.org,2021-05-12,Vancouver,B,2021-05-12,qmassey@example.org,dillontravis
Edward Brown,qmosley@example.net,2021-11-03,Vancouver,,2021-11-03,qmosley@example.net,edwardbrown
William Smith,qnelson@example.net,2020-02-12,Manchester,A,2020-02-12,qnelson@example.net,williamsmith
Jasmine Browning,qpennington@example.com,2021-10-14,Los Angeles,VIP,2021-10-14,qpennington@example.com,jasminebrowning
Heidi Stephens,qrowland@example.org,2019-12-14,Vancouver,A,2019-12-14,qrowland@example.org,heidistephens
Stacy Church,qwalsh@example.org,2022-12-30,London,VIP,2022-12-30,qwalsh@example.org,stacychurch
Nancy Cook,rachael29@example.net,2022-01-31,Berlin,B,2022-01-31,rachael29@example.net,nancycook
Alexandra Johnson,rachel51@example.org,2021-06-16,New York,VIP,2021-06-16,rachel51@example.org,alexandrajohnson
Brittany Snyder,rachelwalter@example.org,2023-01-09,Bangkok,,2023-01-09,rachelwalter@example.org,brittanysnyder
Elizabeth Hanna,ramirezchelsea@example.com,2019-07-02,Mumbai,A,2019-07-02,ramirezchelsea@example.com,elizabethhanna
Samuel Rivas,ramirezshannon@example.com,2024-01-03,London,VIP,2024-01-03,ramirezshannon@example.com,samuelrivas
David Harris,ramseyeric@example.net,2019-05-19,Manchester,VIP,2019-05-19,ramseyeric@example.net,davidharris
Jason Munoz,raymond12@example.com,2021-10-12,New York,VIP,2021-10-12,raymond12@example.com,jasonmunoz
Karen Tapia,raymond27@example.com,2022-10-14,Paris,A,2022-10-14,raymond27@example.com,karentapia
William Miller,raymondpugh@example.net,2021-10-12,Singapore,A,2021-10-12,raymondpugh@example.net,williammiller
Lori Johns,raymondstacy@example.org,2020-03-26,Munich,B,2020-03-26,raymondstacy@example.org,lorijohns
Ashlee Jackson,rebecca05@example.org,2020-04-23,Sydney,A,2020-04-23,rebecca05@example.org,ashleejackson
James Fowler,rebecca18@example.org,2023-03-20,Singapore,,2023-03-20,rebecca18@example.org,jamesfowler
Kevin Sullivan,rebeccaarnold@example.net,2022-01-13,Singapore,VIP,2022-01-13,rebeccaarnold@example.net,kevinsullivan
Kenneth Turner,rebeccajames@example.org,2019-03-08,New York,,2019-03-08,rebeccajames@example.org,kennethturner
Travis Strong,reedchad@example.com,2023-04-07,Manchester,A,2023-04-07,reedchad@example.com,travisstrong
Jessica Long,reedelizabeth@example.net,2021-03-31,,C,2021-03-31,reedelizabeth@example.net,jessicalong
Barbara Riggs,reedross@example.com,2022-05-04,Munich,,2022-05-04,reedross@example.com,barbarariggs
Damon Powell,regina49@example.com,2022-03-27,Sydney,A,2022-03-27,regina49@example.com,damonpowell
Mary Jones,reginajenkins@example.net,2019-06-09,Los Angeles,A,2019-06-09,reginajenkins@example.net,maryjones
Richard Ramirez,reyesmarvin@example.org,2021-06-26,Vancouver,,2021-06-26,reyesmarvin@example.org,richardramirez
Anthony Knapp,rfleming@example.net,2023-05-20,London,VIP,2023-05-20,rfleming@example.net,anthonyknapp
Jack Barton,rgallegos@example.org,2021-12-11,Manchester,C,2021-12-11,rgallegos@example.org,jackbarton
Erica Richard,rhill@example.net,2023-11-20,Singapore,B,2023-11-20,rhill@example.net,ericarichard
Jordan Wilson,rhuff@example.com,2021-02-22,Bangkok,VIP,2021-02-22,rhuff@example.com,jordanwilson
Janet Jarvis,richard28@example.org,2023-05-02,Chicago,C,2023-05-02,richard28@example.org,janetjarvis
Katherine Cox,richard92@example.com,2021-04-13,Munich,C,2021-04-13,richard92@example.com,katherinecox
Tammy Allison,richardolson@example.com,2020-05-02,Munich,C,2020-05-02,richardolson@example.com,tammyallison
Mrs. Alison Wagner,richardsondebra@example.org,2021-03-11,London,B,2021-03-11,richardsondebra@example.org,mrsalisonwagner
Paul Morton,ritteralexis@example.net,2022-03-04,Bangkok,,2022-03-04,ritteralexis@example.net,paulmorton
Rachel Holland,riveraangela@example.com,2019-10-24,Mumbai,,2019-10-24,riveraangela@example.com,rachelholland
Christina Williams,rjimenez@example.com,2023-12-19,Toronto,,2023-12-19,rjimenez@example.com,christinawilliams
Sherry Wang,rmccormick@example.org,2021-11-02,Berlin,C,2021-11-02,rmccormick@example.org,sherrywang
Stephen Alvarez,rmiller@example.net,2019-03-15,Chicago,VIP,2019-03-15,rmiller@example.net,stephenalvarez
Melody Baker,rmorgan@example.net,2020-05-09,Paris,VIP,2020-05-09,rmorgan@example.net,melodybaker
Jacob Campos,robert24@example.org,2023-06-13,New York,VIP,2023-06-13,robert24@example.org,jacobcampos
Jose Harrison,robert44@example.org,2020-03-07,Manchester,B,2020-03-07,robert44@example.org,joseharrison
Brittany Gay,robert97@example.org,2022-05-29,,C,2022-05-29,robert97@example.org,brittanygay
Patrick Swanson,robertbrewer@example.net,2020-11-23,Los Angeles,VIP,2020-11-23,robertbrewer@example.net,patrickswanson
John Russell,robertchase@example.net,2022-03-18,London,,2022-03-18,robertchase@example.net,johnrussell
Phillip Lewis,roberthamilton@example.net,2020-05-30,New York,C,2020-05-30,roberthamilton@example.net,philliplewis
Mercedes Jones,robertsgina@example.net,2020-06-09,London,A,2020-06-09,robertsgina@example.net,mercedesjones
Alexandra Hodge,robertsonjennifer@example.com,2019-01-15,Berlin,VIP,2019-01-15,robertsonjennifer@example.com,alexandrahodge
Brenda Martin,robertsonjuan@example.org,2022-01-01,Mumbai,,2022-01-01,robertsonjuan@example.org,brendamartin
Gary Myers,robertsonshelby@example.com,2020-09-22,Berlin,C,2020-09-22,robertsonshelby@example.com,garymyers
Danielle Ryan,robertstimothy@example.com,2019-11-14,Melbourne,VIP,2019-11-14,robertstimothy@example.com,danielleryan
Cindy Hayes,robertwilcox@example.com,2021-02-06,London,C,2021-02-06,robertwilcox@example.com,cindyhayes
Melissa Mendoza,robinsonjesse@example.org,2020-04-04,Bangkok,B,2020-04-04,robinsonjesse@example.org,melissamendoza
Tracy Wang,robinsonnicholas@example.org,2020-06-23,Mumbai,VIP,2020-06-23,robinsonnicholas@example.org,tracywang
Andrew Acosta,robinsonrose@example.org,2023-06-15,Melbourne,C,2023-06-15,robinsonrose@example.org,andrewacosta
Kevin Werner,rodriguezchristina@example.net,2020-03-19,Singapore,C,2020-03-19,rodriguezchristina@example.net,kevinwerner
Alexandra Brown,rodriguezelizabeth@example.net,2022-07-17,Toronto,,2022-07-17,rodriguezelizabeth@example.net,alexandrabrown
Susan Cox,rodriguezmichael@example.net,2022-03-26,Sydney,B,2022-03-26,rodriguezmichael@example.net,susancox
Alan Johnson,rogersjames@example.net,2019-09-11,London,C,2019-09-11,rogersjames@example.net,alanjohnson
Brandon Cruz,ronaldmitchell@example.com,2019-12-17,Los Angeles,VIP,2019-12-17,ronaldmitchell@example.com,brandoncruz
Jamie Gallagher,rossjohn@example.net,2020-06-06,Vancouver,VIP,2020-06-06,rossjohn@example.net,jamiegallagher
Scott Miller,rowejoel@example.net,2023-01-12,Sydney,A,2023-01-12,rowejoel@example.net,scottmiller
Denise Brown,roysara@example.net,2022-01-03,Chicago,A,2022-01-03,roysara@example.net,denisebrown
Caitlin Smith,rrogers@example.com,2022-07-10,Toronto,B,2022-07-10,rrogers@example.com,caitlinsmith
Meredith Black,rtaylor@example.net,2020-08-25,Chicago,,2020-08-25,rtaylor@example.net,meredithblack
Shari Parker,russellstout@example.org,2024-01-25,Melbourne,A,2024-01-25,russellstout@example.org,shariparker
Rita Forbes,russomary@example.com,2020-03-07,Melbourne,A,2020-03-07,russomary@example.com,ritaforbes
Andrew Ford,rwheeler@example.org,2023-10-30,Berlin,A,2023-10-30,rwheeler@example.org,andrewford
Pam Baker,ryan25@example.net,2021-02-25,Berlin,VIP,2021-02-25,ryan25@example.net,pambaker
Andrew Romero,ryan43@example.org,2023-01-28,Munich,C,2023-01-28,ryan43@example.org,andrewromero
Patricia Peterson,ryan70@example.net,2021-05-27,Paris,B,2021-05-27,ryan70@example.net,patriciapeterson
Angela Edwards,ryanlong@example.org,2021-03-06,Manchester,B,2021-03-06,ryanlong@example.org,angelaedwards
Anita Richard,ryanmorales@example.org,2020-11-02,Munich,,2020-11-02,ryanmorales@example.org,anitarichard
James Miller Phd,ryanpatricia@example.net,2023-06-05,Chicago,,2023-06-05,ryanpatricia@example.net,jamesmillerphd
Elizabeth Cain,samantha73@example.org,2021-03-31,Sydney,VIP,2021-03-31,samantha73@example.org,elizabethcain
Mr. David Rivas,samuel38@example.net,2021-09-29,New York,B,2021-09-29,samuel38@example.net,mrdavidrivas
Sherry Wood,samueldaniels@example.com,2021-07-20,Singapore,C,2021-07-20,samueldaniels@example.com,sherrywood
Susan Smith,sanchezangela@example.org,2020-03-05,Vancouver,B,2020-03-05,sanchezangela@example.org,susansmith
Blake Wu,sanchezcrystal@example.net,2022-04-04,Manchester,B,2022-04-04,sanchezcrystal@example.net,blakewu
Phillip Taylor,sandra03@example.com,2021-03-26,London,B,2021-03-26,sandra03@example.com,philliptaylor
Christopher Park,sandra50@example.org,2023-11-07,Paris,B,2023-11-07,sandra50@example.org,christopherpark
Tiffany Peterson,sandra57@example.org,2023-12-08,Paris,B,2023-12-08,sandra57@example.org,tiffanypeterson
David Robinson,sandra72@example.com,2020-06-25,Sydney,C,2020-06-25,sandra72@example.com,davidrobinson
Oscar Carroll,sandrahickman@example.net,2019-06-12,Manchester,VIP,2019-06-12,sandrahickman@example.net,oscarcarroll
Lee Daniel,santosmichael@example.com,2020-09-25,Bangkok,B,2020-09-25,santosmichael@example.com,leedaniel
Mr. Joshua Moore,sara39@example.org,2021-09-12,Manchester,,2021-09-12,sara39@example.org,mrjoshuamoore
Dorothy Bowman,sara40@example.net,2023-06-25,Berlin,B,2023-06-25,sara40@example.net,dorothybowman
Joseph Graham,sara76@example.net,2020-08-05,Singapore,,2020-08-05,sara76@example.net,josephgraham
Michael Evans,sarah10@example.com,2023-03-24,Bangkok,,2023-03-24,sarah10@example.com,michaelevans
David Robinson,sarah53@example.org,2020-02-13,Toronto,C,2020-02-13,sarah53@example.org,davidrobinson
Amber Bennett,sarahbrooks@example.org,2021-02-16,London,A,2021-02-16,sarahbrooks@example.org,amberbennett
Stacey Russell,sarayoung@example.org,2019-05-29,Bangkok,VIP,2019-05-29,sarayoung@example.org,staceyrussell
Hannah Martin,savannahgrant@example.com,2023-09-08,Chicago,B,2023-09-08,savannahgrant@example.com,hannahmartin
Jessica Conrad,sbradley@example.org,2022-12-16,London,B,2022-12-16,sbradley@example.org,jessicaconrad
Alicia Olson,scannon@example.org,2020-01-24,Bangkok,,2020-01-24,scannon@example.org,aliciaolson
Abigail Case,schmittmichael@example.org,2021-03-28,Paris,C,2021-03-28,schmittmichael@example.org,abigailcase
Patricia Parker,schneiderchristopher@example.net,2019-12-11,Manchester,A,2019-12-11,schneiderchristopher@example.net,patriciaparker
Tara Miranda,schneidernicholas@example.net,2024-06-03,Sydney,B,2024-06-03,schneidernicholas@example.net,taramiranda
Timothy Garcia,schultzwesley@example.org,2019-02-17,Sydney,B,2019-02-17,schultzwesley@example.org,timothygarcia
Shannon Thompson,scott04@example.com,2020-07-14,Bangkok,VIP,2020-07-14,scott04@example.com,shannonthompson
Emily Reyes,scottbaker@example.org,2019-10-22,Los Angeles,A,2019-10-22,scottbaker@example.org,emilyreyes
Michael Robinson,scottcain@example.org,2022-03-28,Mumbai,B,2022-03-28,scottcain@example.org,michaelrobinson
Arthur Mcdaniel,scottlove@example.org,2022-02-23,London,A,2022-02-23,scottlove@example.org,arthurmcdaniel
Tammy Schultz,sdavis@example.com,2023-12-07,Vancouver,B,2023-12-07,sdavis@example.com,tammyschultz
Mrs. Stacey Davis,sean43@example.org,2022-12-26,Singapore,B,2022-12-26,sean43@example.org,mrsstaceydavis
Brett Walker,seanmyers@example.net,2020-03-05,Singapore,A,2020-03-05,seanmyers@example.net,brettwalker
Gina Barnes,sfarmer@example.net,2023-08-03,Melbourne,VIP,2023-08-03,sfarmer@example.net,ginabarnes
Elizabeth Collins,shaffercindy@example.org,2022-10-19,New York,B,2022-10-19,shaffercindy@example.org,elizabethcollins
Susan Garcia,shafferdale@example.net,2022-03-13,Bangkok,B,2022-03-13,shafferdale@example.net,susangarcia
Kayla Williams,shafferjill@example.com,2020-02-13,New York,B,2020-02-13,shafferjill@example.com,kaylawilliams
Nathaniel Brown,shannon09@example.org,2021-09-02,Vancouver,C,2021-09-02,shannon09@example.org,nathanielbrown
Mr. Bryan Mckinney,shannon51@example.org,2020-03-14,Munich,C,2020-03-14,shannon51@example.org,mrbryanmckinney
Eric Acosta,shannon69@example.com,2023-08-09,Melbourne,VIP,2023-08-09,shannon69@example.com,ericacosta
Laura Acosta,shannon75@example.com,2023-11-15,Vancouver,,2023-11-15,shannon75@example.com,lauraacosta
Mary Johnson,sharon95@example.com,2023-07-30,Chicago,A,2023-07-30,sharon95@example.com,maryjohnson
Kimberly Irwin,sharphailey@example.net,2019-10-10,Mumbai,VIP,2019-10-10,sharphailey@example.net,kimberlyirwin
Todd David,shatfield@example.org,2023-01-23,Mumbai,C,2023-01-23,shatfield@example.org,todddavid
Nicholas Kelley,shawn00@example.net,2023-01-01,Manchester,B,2023-01-01,shawn00@example.net,nicholaskelley
Denise Stuart,shawn22@example.com,2019-04-14,Berlin,B,2019-04-14,shawn22@example.com,denisestuart
Angel Holland,shawn60@example.com,2020-12-13,Toronto,B,2020-12-13,shawn60@example.com,angelholland
Meghan Anthony,sheila14@example.org,2020-07-31,Vancouver,A,2020-07-31,sheila14@example.org,meghananthony
Daniel Edwards,shelby69@example.org,2024-04-07,Manchester,B,2024-04-07,shelby69@example.org,danieledwards
Shannon Wallace,shelly84@example.net,2020-06-19,Chicago,A,2020-06-19,shelly84@example.net,shannonwallace
Tamara Reid,sheltontiffany@example.com,2019-12-31,Melbourne,,2019-12-31,sheltontiffany@example.com,tamarareid
Barbara Sherman,shepardjoy@example.com,2019-08-23,Manchester,B,2019-08-23,shepardjoy@example.com,barbarasherman
Daniel Taylor,shermandonna@example.com,2021-08-01,Sydney,C,2021-08-01,shermandonna@example.com,danieltaylor
Charles Russo,sherry07@example.net,2021-09-11,Paris,A,2021-09-11,sherry07@example.net,charlesrusso
Miss Kathryn Myers,sherryknight@example.org,2021-09-10,Berlin,A,2021-09-10,sherryknight@example.org,misskathrynmyers
Kyle Nguyen,shortgregory@example.com,2023-11-30,Vancouver,A,2023-11-30,shortgregory@example.com,kylenguyen
Paula Lane,silvageorge@example.net,2021-08-25,Mumbai,A,2021-08-25,silvageorge@example.net,paulalane
Jonathan Rodgers,sjohnson@example.com,2023-04-10,Sydney,B,2023-04-10,sjohnson@example.com,jonathanrodgers
Kevin Estrada,sloanbenjamin@example.net,2019-03-22,Singapore,B,2019-03-22,sloanbenjamin@example.net,kevinestrada
Sean Stevens,smallgina@example.com,2020-07-04,London,B,2020-07-04,smallgina@example.com,seanstevens
Fernando Mcconnell,smejia@example.net,2024-06-12,Munich,C,2024-06-12,smejia@example.net,fernandomcconnell
Monica Herrera,smiller@example.net,2019-07-09,Los Angeles,B,2019-07-09,smiller@example.net,monicaherrera
Patrick Moses,smitchell@example.com,2019-08-08,Sydney,,2019-08-08,smitchell@example.com,patrickmoses
Abigail Clayton,smithmarcus@example.org,2021-01-15,Mumbai,B,2021-01-15,smithmarcus@example.org,abigailclayton
Jake Jackson,smithpaul@example.org,2022-06-05,Mumbai,A,2022-06-05,smithpaul@example.org,jakejackson
Cynthia Rios,smiththomas@example.org,2024-03-03,Los Angeles,VIP,2024-03-03,smiththomas@example.org,cynthiarios
Teresa Coffey Dds,smithwilliam@example.com,2021-07-17,London,B,2021-07-17,smithwilliam@example.com,teresacoffeydds
Michael Cross,smoore@example.org,2019-07-18,Los Angeles,VIP,2019-07-18,smoore@example.org,michaelcross
Michelle Graham,spearselizabeth@example.net,2022-10-14,Manchester,B,2022-10-14,spearselizabeth@example.net,michellegraham
Sabrina Lopez,srobles@example.org,2021-02-02,,B,2021-02-02,srobles@example.org,sabrinalopez
Autumn Key,srocha@example.net,2021-07-09,Vancouver,VIP,2021-07-09,srocha@example.net,autumnkey
John Bell,ssingleton@example.com,2023-05-16,Vancouver,C,2023-05-16,ssingleton@example.com,johnbell
Ana Higgins,stacey09@example.com,2021-10-11,Vancouver,B,2021-10-11,stacey09@example.com,anahiggins
Suzanne Johnson,stacey92@example.net,2021-05-16,Melbourne,,2021-05-16,stacey92@example.net,suzannejohnson
Kimberly Rodgers,stanleynancy@example.net,2024-01-16,Los Angeles,B,2024-01-16,stanleynancy@example.net,kimberlyrodgers
Alexander Greene,stanleynina@example.com,2021-09-24,Melbourne,,2021-09-24,stanleynina@example.com,alexandergreene
Heidi Owen,stephaniethomas@example.net,2021-12-09,Manchester,VIP,2021-12-09,stephaniethomas@example.net,heidiowen
Jonathan Collins,stephaniezamora@example.org,2019-09-27,Bangkok,B,2019-09-27,stephaniezamora@example.org,jonathancollins
Olivia Rodriguez,stephen39@example.com,2020-06-14,Melbourne,C,2020-06-14,stephen39@example.com,oliviarodriguez
Chris Johnson,steven86@example.com,2019-08-31,New York,A,2019-08-31,steven86@example.com,chrisjohnson
Kayla Rodriguez,stevenadams@example.org,2019-11-14,Chicago,A,2019-11-14,stevenadams@example.org,kaylarodriguez
Wayne Porter,stevenhernandez@example.com,2020-09-26,Toronto,A,2020-09-26,stevenhernandez@example.com,wayneporter
Eddie Mueller,stevenvargas@example.com,2024-02-25,Vancouver,A,2024-02-25,stevenvargas@example.com,eddiemueller
Amy Ferguson,stewartrodney@example.net,2022-01-02,Munich,B,2022-01-02,stewartrodney@example.net,amyferguson
Timothy Patterson,stonecody@example.net,2019-10-15,Chicago,A,2019-10-15,stonecody@example.net,timothypatterson
Janice Mccarthy,stonejacob@example.com,2022-07-25,Berlin,C,2022-07-25,stonejacob@example.com,janicemccarthy
Matthew Fox,sue78@example.com,2019-02-03,Munich,VIP,2019-02-03,sue78@example.com,matthewfox
Breanna Jimenez,sullivanchristina@example.net,2024-01-25,Vancouver,VIP,2024-01-25,sullivanchristina@example.net,breannajimenez
Shannon Malone,sullivannicholas@example.com,2021-01-24,New York,C,2021-01-24,sullivannicholas@example.com,shannonmalone
Traci Camacho,susan08@example.net,2023-09-29,Singapore,C,2023-09-29,susan08@example.net,tracicamacho
Daniel Francis,susan24@example.net,2021-09-08,Mumbai,VIP,2021-09-08,susan24@example.net,danielfrancis
Patricia Mathis,susan56@example.net,2021-03-29,,VIP,2021-03-29,susan56@example.net,patriciamathis
Andrea Hartman,susan57@example.net,2023-08-28,Chicago,VIP,2023-08-28,susan57@example.net,andreahartman
Michael Griffin,susanfleming@example.com,2021-02-04,Los Angeles,VIP,2021-02-04,susanfleming@example.com,michaelgriffin
Miss Kimberly Holloway,susanharper@example.org,2020-07-20,Los Angeles,A,2020-07-20,susanharper@example.org,misskimberlyholloway
Craig Mathis,suzanne19@example.net,2023-08-05,Munich,B,2023-08-05,suzanne19@example.net,craigmathis
Kimberly James,swalters@example.net,2022-03-03,Paris,C,2022-03-03,swalters@example.net,kimberlyjames
Jamie Johnson,swatson@example.org,2021-09-19,Chicago,VIP,2021-09-19,swatson@example.org,jamiejohnson
Craig Hurst,swilson@example.com,2020-04-16,Paris,C,2020-04-16,swilson@example.com,craighurst
Lisa Williams,sydney77@example.com,2020-04-20,Los Angeles,,2020-04-20,sydney77@example.com,lisawilliams
Bryce Blair,sylvia52@example.org,2020-09-23,London,C,2020-09-23,sylvia52@example.org,bryceblair
Heather Thomas,sylviaprice@example.com,2020-12-27,Bangkok,B,2020-12-27,sylviaprice@example.com,heatherthomas
Heidi Blankenship,talvarez@example.org,2022-02-13,Paris,A,2022-02-13,talvarez@example.org,heidiblankenship
Andrea Townsend,tammy17@example.com,2020-02-29,Manchester,A,2020-02-29,tammy17@example.com,andreatownsend
Rachel Martinez,tammymerritt@example.org,2020-04-25,Bangkok,C,2020-04-25,tammymerritt@example.org,rachelmartinez
Emily Douglas,tanderson@example.org,2020-06-27,Chicago,C,2020-06-27,tanderson@example.org,emilydouglas
Donald Harris,tanya97@example.com,2022-07-13,Los Angeles,B,2022-07-13,tanya97@example.com,donaldharris
Makayla Steele,tapiaaaron@example.net,2019-06-07,Bangkok,VIP,2019-06-07,tapiaaaron@example.net,makaylasteele
Mr. Jonathan Anderson,tapiamercedes@example.net,2019-03-11,Toronto,C,2019-03-11,tapiamercedes@example.net,mrjonathananderson
Michael Wells,tara92@example.net,2022-03-24,Paris,C,2022-03-24,tara92@example.net,michaelwells
Claudia Rodriguez,taragonzales@example.com,2021-04-27,Mumbai,C,2021-04-27,taragonzales@example.com,claudiarodriguez
Seth Barker,taylordavis@example.com,2019-10-17,Los Angeles,A,2019-10-17,taylordavis@example.com,sethbarker
Deanna Munoz,taylordawn@example.com,2019-11-26,Singapore,C,2019-11-26,taylordawn@example.com,deannamunoz
Kenneth Farley,taylorkaren@example.com,2019-05-18,Toronto,C,2019-05-18,taylorkaren@example.com,kennethfarley
Alfred Leonard,taylormichael@example.net,2023-11-04,Melbourne,,2023-11-04,taylormichael@example.net,alfredleonard
Thomas Barton,taylorrachel@example.com,2019-06-29,Los Angeles,VIP,2019-06-29,taylorrachel@example.com,thomasbarton
Charlotte Mason,tcastro@example.org,2023-01-15,Sydney,VIP,2023-01-15,tcastro@example.org,charlottemason
Jose Vaughan,teresaayala@example.net,2022-04-21,Sydney,B,2022-04-21,teresaayala@example.net,josevaughan
William Moreno,terrigarcia@example.net,2022-10-28,Chicago,A,2022-10-28,terrigarcia@example.net,williammoreno
Michael Burton,terrykevin@example.net,2024-02-22,Toronto,B,2024-02-22,terrykevin@example.net,michaelburton
Danielle Stein,terrywilliam@example.com,2022-11-23,Paris,A,2022-11-23,terrywilliam@example.com,daniellestein
Austin Wheeler,tharper@example.org,2019-04-24,Mumbai,B,2019-04-24,tharper@example.org,austinwheeler
Nicole Hale,theodore57@example.net,2019-03-24,Vancouver,C,2019-03-24,theodore57@example.net,nicolehale
Ronald Patel,thomas05@example.com,2021-02-04,Munich,VIP,2021-02-04,thomas05@example.com,ronaldpatel
Craig Morrison,thompsonkendra@example.com,2024-04-28,Sydney,B,2024-04-28,thompsonkendra@example.com,craigmorrison
Samuel Suarez,thompsonnancy@example.org,2021-07-14,Manchester,,2021-07-14,thompsonnancy@example.org,samuelsuarez
Brandon Rasmussen,timothy88@example.org,2022-08-19,Sydney,VIP,2022-08-19,timothy88@example.org,brandonrasmussen
Sheryl Acosta,timothyfreeman@example.com,2023-05-02,Berlin,VIP,2023-05-02,timothyfreeman@example.com,sherylacosta
Patricia Anderson,timothygonzalez@example.com,2021-01-08,London,C,2021-01-08,timothygonzalez@example.com,patriciaanderson
David Hanson,timothytate@example.com,2022-09-26,Bangkok,VIP,2022-09-26,timothytate@example.com,davidhanson
Tyler White,tina63@example.net,2022-05-23,Mumbai,,2022-05-23,tina63@example.net,tylerwhite
Miguel Parks,tinasantos@example.org,2023-12-15,Berlin,VIP,2023-12-15,tinasantos@example.org,miguelparks
Nathan Kirk,tlewis@example.com,2020-10-31,Singapore,,2020-10-31,tlewis@example.com,nathankirk
Tammy Parsons,tluna@example.net,2022-08-06,Sydney,B,2022-08-06,tluna@example.net,tammyparsons
Grant Lucas,todd88@example.com,2020-05-26,Paris,A,2020-05-26,todd88@example.com,grantlucas
Lisa Beard,tracifoster@example.org,2023-08-02,Singapore,A,2023-08-02,tracifoster@example.org,lisabeard
Brandon Sanchez,tracy38@example.com,2022-02-09,Sydney,C,2022-02-09,tracy38@example.com,brandonsanchez
Carmen Perez,tracy55@example.net,2020-10-31,Los Angeles,C,2020-10-31,tracy55@example.net,carmenperez
Frank Williams,tracy98@example.com,2022-01-15,Berlin,VIP,2022-01-15,tracy98@example.com,frankwilliams
Tommy Ball,tracyadams@example.com,2019-05-08,Bangkok,A,2019-05-08,tracyadams@example.com,tommyball
Misty Mcguire,tracynolan@example.net,2020-08-25,Toronto,VIP,2020-08-25,tracynolan@example.net,mistymcguire
Cassidy Horne,tranrobin@example.net,2023-04-05,Sydney,VIP,2023-04-05,tranrobin@example.net,cassidyhorne
Jonathan Moreno,tranryan@example.net,2020-02-10,Chicago,C,2020-02-10,tranryan@example.net,jonathanmoreno
Tanya Goodwin,transtephanie@example.net,2020-02-10,Chicago,C,2020-02-10,transtephanie@example.net,tanyagoodwin
Jacqueline Rodriguez,travisunderwood@example.net,2022-05-20,Melbourne,C,2022-05-20,travisunderwood@example.net,jacquelinerodriguez
Amanda Mckenzie,troy73@example.org,2020-03-09,Munich,A,2020-03-09,troy73@example.org,amandamckenzie
Beverly Black,troybrady@example.net,2020-11-27,Melbourne,VIP,2020-11-27,troybrady@example.net,beverlyblack
Alexander Collins,tsanders@example.org,2020-03-24,Manchester,B,2020-03-24,tsanders@example.org,alexandercollins
Randall Wright,tspencer@example.com,2020-05-05,New York,A,2020-05-05,tspencer@example.com,randallwright
Chris Hanson,twagner@example.org,2019-07-05,Los Angeles,A,2019-07-05,twagner@example.org,chrishanson
Alfred Thomas,twilliams@example.com,2022-12-07,Toronto,,2022-12-07,twilliams@example.com,alfredthomas
Jeffery Jordan,tyler31@example.net,2019-11-05,Melbourne,VIP,2019-11-05,tyler31@example.net,jefferyjordan
Bob Pitts,tyleraguilar@example.org,2019-05-27,Chicago,VIP,2019-05-27,tyleraguilar@example.org,bobpitts
Jorge Sharp,tylermcintosh@example.org,2021-01-07,Singapore,VIP,2021-01-07,tylermcintosh@example.org,jorgesharp
Michelle Lee,tyronerobertson@example.com,2021-02-10,Paris,A,2021-02-10,tyronerobertson@example.com,michellelee
Elizabeth Brock,ualvarado@example.org,2019-05-13,Munich,VIP,2019-05-13,ualvarado@example.org,elizabethbrock
Ashley Cordova,ubaker@example.org,2022-11-28,Singapore,C,2022-11-28,ubaker@example.org,ashleycordova
Cynthia Woods,ubray@example.net,2022-04-05,Vancouver,,2022-04-05,ubray@example.net,cynthiawoods
Debbie King,ucarr@example.org,2019-02-01,Paris,A,2019-02-01,ucarr@example.org,debbieking
Crystal Carlson,uclark@example.org,2019-05-10,Berlin,VIP,2019-05-10,uclark@example.org,crystalcarlson
Ann Dawson,ufox@example.org,2019-10-31,,,2019-10-31,ufox@example.org,anndawson
Sherry Gibbs,ugordon@example.net,2020-11-27,Vancouver,A,2020-11-27,ugordon@example.net,sherrygibbs
Tina Daugherty,ulee@example.net,2021-12-09,Melbourne,,2021-12-09,ulee@example.net,tinadaugherty
Kathy Sandoval,umahoney@example.net,2019-11-26,Singapore,A,2019-11-26,umahoney@example.net,kathysandoval
Erika Watson Phd,umckenzie@example.net,2020-02-22,Vancouver,VIP,2020-02-22,umckenzie@example.net,erikawatsonphd
Stephanie Gallagher,umontes@example.org,2022-04-16,New York,B,2022-04-16,umontes@example.org,stephaniegallagher
Cindy Wells,uramirez@example.com,2019-07-17,Los Angeles,B,2019-07-17,uramirez@example.com,cindywells
Linda Thompson,ushelton@example.net,2021-02-26,Berlin,,2021-02-26,ushelton@example.net,lindathompson
Denise Olsen,usmith@example.net,2022-06-01,Chicago,VIP,2022-06-01,usmith@example.net,deniseolsen
Matthew Gray,uthompson@example.net,2022-10-24,Berlin,A,2022-10-24,uthompson@example.net,matthewgray
Samantha Jacobs,uunderwood@example.com,2022-12-23,London,B,2022-12-23,uunderwood@example.com,samanthajacobs
William Hoffman,uvasquez@example.org,2019-07-19,Munich,A,2019-07-19,uvasquez@example.org,williamhoffman
William Cunningham,uwilliams@example.org,2022-03-17,New York,VIP,2022-03-17,uwilliams@example.org,williamcunningham
Jeffery Holt,uwillis@example.com,2022-03-20,Vancouver,C,2022-03-20,uwillis@example.com,jefferyholt
Julian Leon,vdeleon@example.com,2020-04-01,Bangkok,VIP,2020-04-01,vdeleon@example.com,julianleon
Sonya Simmons,veronica30@example.org,2022-08-16,London,A,2022-08-16,veronica30@example.org,sonyasimmons
Jacqueline Munoz,vford@example.net,2021-08-17,Singapore,VIP,2021-08-17,vford@example.net,jacquelinemunoz
Hector Anderson,vgarcia@example.com,2024-02-21,Toronto,VIP,2024-02-21,vgarcia@example.com,hectoranderson
Kenneth Dominguez,vhoward@example.org,2020-02-12,Chicago,B,2020-02-12,vhoward@example.org,kennethdominguez
Jason Salinas,vickiwood@example.org,2019-10-03,Berlin,VIP,2019-10-03,vickiwood@example.org,jasonsalinas
Dillon Case,victor60@example.net,2020-11-20,London,B,2020-11-20,victor60@example.net,dilloncase
Travis Vega,victorgonzalez@example.net,2020-11-12,Berlin,VIP,2020-11-12,victorgonzalez@example.net,travisvega
Ruben Cruz,victoriahamilton@example.net,2019-05-06,Berlin,VIP,2019-05-06,victoriahamilton@example.net,rubencruz
Robin Cabrera,villamiranda@example.com,2023-11-23,Vancouver,B,2023-11-23,villamiranda@example.com,robincabrera
Jamie Duran,villawilliam@example.com,2022-07-16,Berlin,B,2022-07-16,villawilliam@example.com,jamieduran
Aaron Johnson,vincentstacey@example.org,2021-05-14,Bangkok,,2021-05-14,vincentstacey@example.org,aaronjohnson
Keith Henry,vjohnston@example.org,2019-02-05,Bangkok,C,2019-02-05,vjohnston@example.org,keithhenry
Sarah Ashley,vmedina@example.net,2022-02-09,Vancouver,,2022-02-09,vmedina@example.net,sarahashley
Jessica Meadows,vmerritt@example.com,2019-08-25,New York,A,2019-08-25,vmerritt@example.com,jessicameadows
Jesse Edwards,wallaceeric@example.com,2021-11-04,Manchester,C,2021-11-04,wallaceeric@example.com,jesseedwards
Paige Carlson,wallkenneth@example.com,2021-05-27,Sydney,A,2021-05-27,wallkenneth@example.com,paigecarlson
Carl Huffman,wallssean@example.net,2023-05-04,Chicago,C,2023-05-04,wallssean@example.net,carlhuffman
Dalton Soto,wanda35@example.net,2021-08-14,Melbourne,B,2021-08-14,wanda35@example.net,daltonsoto
Anne Castillo,watkinsconnie@example.com,2021-02-23,Los Angeles,B,2021-02-23,watkinsconnie@example.com,annecastillo
Brendan Meyer,watkinsthomas@example.net,2021-02-07,Toronto,VIP,2021-02-07,watkinsthomas@example.net,brendanmeyer
Rachael Jones,watsonbrittany@example.org,2023-04-21,London,VIP,2023-04-21,watsonbrittany@example.org,rachaeljones
Douglas Lucero,watsonteresa@example.net,2022-12-05,Manchester,B,2022-12-05,watsonteresa@example.net,douglaslucero
Dylan Mills,watsonvickie@example.com,2019-10-17,Melbourne,,2019-10-17,watsonvickie@example.com,dylanmills
Blake Sosa,waustin@example.net,2019-09-23,Los Angeles,B,2019-09-23,waustin@example.net,blakesosa
Nicholas Parker,wdavis@example.net,2019-07-13,Sydney,A,2019-07-13,wdavis@example.net,nicholasparker
Lisa Rodriguez,webbhaley@example.net,2019-11-26,Paris,,2019-11-26,webbhaley@example.net,lisarodriguez
Michelle Butler,welchjennifer@example.net,2023-11-18,Manchester,C,2023-11-18,welchjennifer@example.net,michellebutler
Brett Owen,welchkristen@example.net,2023-09-01,London,C,2023-09-01,welchkristen@example.net,brettowen
Harold Garrett,wendyirwin@example.com,2023-04-17,Vancouver,,2023-04-17,wendyirwin@example.com,haroldgarrett
Linda Patrick,wernermichael@example.org,2022-12-27,Vancouver,VIP,2022-12-27,wernermichael@example.org,lindapatrick
Heather Williams,westashley@example.org,2019-04-24,Manchester,VIP,2019-04-24,westashley@example.org,heatherwilliams
Anthony Shah,westes@example.org,2020-10-03,Chicago,B,2020-10-03,westes@example.org,anthonyshah
Jeremy Mcintyre,wfigueroa@example.net,2023-11-09,Melbourne,,2023-11-09,wfigueroa@example.net,jeremymcintyre
Brandy Quinn,wford@example.com,2019-07-06,Vancouver,C,2019-07-06,wford@example.com,brandyquinn
Elizabeth Martinez,whernandez@example.net,2023-07-24,London,B,2023-07-24,whernandez@example.net,elizabethmartinez
Julie Wilson,whitechristopher@example.com,2022-06-18,Toronto,B,2022-06-18,whitechristopher@example.com,juliewilson
Amy James,william32@example.net,2021-11-01,Mumbai,B,2021-11-01,william32@example.net,amyjames
Jennifer Ayers,williamadams@example.net,2023-12-16,New York,C,2023-12-16,williamadams@example.net,jenniferayers
Deborah Mason,williamrodriguez@example.net,2019-07-06,Berlin,,2019-07-06,williamrodriguez@example.net,deborahmason
Rebecca Martin,williamsleslie@example.org,2023-12-07,London,,2023-12-07,williamsleslie@example.org,rebeccamartin
Brian Soto,williamstanya@example.net,2020-01-29,Melbourne,B,2020-01-29,williamstanya@example.net,briansoto
Stephanie Butler,williamsthomas@example.net,2021-03-06,Mumbai,A,2021-03-06,williamsthomas@example.net,stephaniebutler
Angela Morton,williamsyvette@example.org,2022-07-16,Melbourne,,2022-07-16,williamsyvette@example.org,angelamorton
Christopher Garza,wilsonbrooke@example.net,2023-03-18,Mumbai,A,2023-03-18,wilsonbrooke@example.net,christophergarza
Bethany Holmes,wilsonjerry@example.net,2019-01-13,Sydney,,2019-01-13,wilsonjerry@example.net,bethanyholmes
Christopher Bradley,wilsonmatthew@example.com,2023-09-18,Singapore,C,2023-09-18,wilsonmatthew@example.com,christopherbradley
Susan Price,wilsontina@example.com,2022-01-09,London,A,2022-01-09,wilsontina@example.com,susanprice
William White,wilsonzachary@example.com,2019-12-12,Mumbai,C,2019-12-12,wilsonzachary@example.com,williamwhite
Shawn Kelley,wisealexandria@example.org,2021-01-07,Vancouver,VIP,2021-01-07,wisealexandria@example.org,shawnkelley
Karen Avery,wlucas@example.net,2019-02-05,Manchester,C,2019-02-05,wlucas@example.net,karenavery
John Bennett,wmccarthy@example.org,2023-06-15,New York,,2023-06-15,wmccarthy@example.org,johnbennett
Michele Waters,woodphillip@example.com,2021-09-03,London,VIP,2021-09-03,woodphillip@example.com,michelewaters
Matthew Diaz,woodskaitlyn@example.net,2020-05-17,Mumbai,VIP,2020-05-17,woodskaitlyn@example.net,matthewdiaz
Samuel Ortega,wpatrick@example.net,2024-06-10,Melbourne,VIP,2024-06-10,wpatrick@example.net,samuelortega
Jessica Holmes,wrightcaleb@example.org,2024-05-12,Munich,VIP,2024-05-12,wrightcaleb@example.org,jessicaholmes
Susan Torres,wrobbins@example.org,2021-11-23,London,,2021-11-23,wrobbins@example.org,susantorres
Mary Grimes,wryan@example.com,2022-07-30,Chicago,B,2022-07-30,wryan@example.com,marygrimes
Hannah Thompson,wwatson@example.com,2019-07-16,Chicago,B,2019-07-16,wwatson@example.com,hannahthompson
Alicia Gilmore,wwoods@example.com,2023-01-14,Los Angeles,C,2023-01-14,wwoods@example.com,aliciagilmore
Matthew Perez,xbrooks@example.com,2023-02-25,Los Angeles,,2023-02-25,xbrooks@example.com,matthewperez
Mrs. Shannon Jacobson,xcrosby@example.org,2020-05-20,Bangkok,C,2020-05-20,xcrosby@example.org,mrsshannonjacobson
Laura Benson,xhart@example.org,2020-11-09,Bangkok,C,2020-11-09,xhart@example.org,laurabenson
Sarah Rivera,xmoran@example.net,2019-09-05,Manchester,,2019-09-05,xmoran@example.net,sarahrivera
John Brown,xprice@example.net,2021-06-02,London,C,2021-06-02,xprice@example.net,johnbrown
Laura Meza,xreese@example.net,2022-10-12,Manchester,VIP,2022-10-12,xreese@example.net,laurameza
Dr. Sharon James,xreid@example.org,2023-08-26,Vancouver,,2023-08-26,xreid@example.org,drsharonjames
Amanda Hernandez,xrush@example.com,2020-12-16,Singapore,,2020-12-16,xrush@example.com,amandahernandez
Katherine Frost,xwaller@example.com,2022-09-16,New York,B,2022-09-16,xwaller@example.com,katherinefrost
Courtney Velasquez,ybailey@example.org,2022-09-01,Singapore,,2022-09-01,ybailey@example.org,courtneyvelasquez
Stacey Snyder,ybell@example.org,2020-04-19,Berlin,C,2020-04-19,ybell@example.org,staceysnyder
Randy Cannon,ybrooks@example.com,2019-02-23,Berlin,B,2019-02-23,ybrooks@example.com,randycannon
Kayla Jones,ychristensen@example.net,2021-01-01,Vancouver,,2021-01-01,ychristensen@example.net,kaylajones
Bridget Hernandez,ygriffith@example.com,2023-03-30,New York,A,2023-03-30,ygriffith@example.com,bridgethernandez
Erika Garcia,ykane@example.org,2020-01-24,Berlin,A,2020-01-24,ykane@example.org,erikagarcia
Jessica Ross,ykline@example.com,2019-09-22,Chicago,B,2019-09-22,ykline@example.com,jessicaross
Lauren Anthony,ymitchell@example.com,2023-10-03,Vancouver,B,2023-10-03,ymitchell@example.com,laurenanthony
David Grant,yobrien@example.net,2024-04-25,Paris,A,2024-04-25,yobrien@example.net,davidgrant
Dr. Diana Chen,yoconnell@example.com,2022-12-19,Chicago,VIP,2022-12-19,yoconnell@example.com,drdianachen
Billy Wallace,youngmark@example.com,2023-03-19,Melbourne,,2023-03-19,youngmark@example.com,billywallace
Sarah Solis,ypatterson@example.org,2023-06-30,Toronto,C,2023-06-30,ypatterson@example.org,sarahsolis
Nathan Watkins,yprice@example.net,2022-11-22,Singapore,B,2022-11-22,yprice@example.net,nathanwatkins
Jeffrey Jordan,ysanford@example.org,2021-12-17,Los Angeles,C,2021-12-17,ysanford@example.org,jeffreyjordan
Kevin Gilmore,yvang@example.org,2020-04-19,Mumbai,C,2020-04-19,yvang@example.org,kevingilmore
Lisa Reynolds,ywilliams@example.com,2023-07-24,Toronto,A,2023-07-24,ywilliams@example.com,lisareynolds
Ryan Gonzalez,ywright@example.net,2021-03-27,Manchester,,2021-03-27,ywright@example.net,ryangonzalez
Stacey Stewart,zachary87@example.com,2020-03-27,New York,A,2020-03-27,zachary87@example.com,staceystewart
Stephanie Evans,zacharyallen@example.org,2019-07-06,Sydney,VIP,2019-07-06,zacharyallen@example.org,stephanieevans
Nicole Moore,zamoraamber@example.com,2019-05-24,Singapore,VIP,2019-05-24,zamoraamber@example.com,nicolemoore
Sharon King,zamorarose@example.net,2020-10-04,Melbourne,A,2020-10-04,zamorarose@example.net,sharonking
James Jefferson,zbanks@example.org,2020-04-02,Chicago,A,2020-04-02,zbanks@example.org,jamesjefferson
Mrs. Donna Rice,zbyrd@example.net,2023-02-16,Melbourne,C,2023-02-16,zbyrd@example.net,mrsdonnarice
Victoria Garcia,zchandler@example.org,2022-08-23,Sydney,A,2022-08-23,zchandler@example.org,victoriagarcia
Ricardo Franklin,zcortez@example.net,2021-01-04,Berlin,VIP,2021-01-04,zcortez@example.net,ricardofranklin
Juan Phillips,zgraham@example.org,2021-01-25,Vancouver,B,2021-01-25,zgraham@example.org,juanphillips
Lori Mason,zhenderson@example.org,2022-01-24,Melbourne,C,2022-01-24,zhenderson@example.org,lorimason
Robert Beck,zhughes@example.com,2024-06-21,Los Angeles,C,2024-06-21,zhughes@example.com,robertbeck
Paula Gentry,zhunter@example.com,2022-12-23,New York,C,2022-12-23,zhunter@example.com,paulagentry
Crystal Robinson,zimmermanbrian@example.org,2021-01-13,Bangkok,,2021-01-13,zimmermanbrian@example.org,crystalrobinson
Mary Thompson,zimmermanjacqueline@example.org,2024-02-13,,A,2024-02-13,zimmermanjacqueline@example.org,marythompson
Michael Burke,zjackson@example.org,2020-03-19,Toronto,A,2020-03-19,zjackson@example.org,michaelburke
Benjamin Thompson,zosborn@example.net,2020-10-09,Sydney,B,2020-10-09,zosborn@example.net,benjaminthompson
Elizabeth Ward,zowens@example.net,2020-10-02,Melbourne,,2020-10-02,zowens@example.net,elizabethward
Jenna Jensen,zpoole@example.net,2022-07-06,Los Angeles,C,2022-07-06,zpoole@example.net,jennajensen
Shannon Rivera,zroberts@example.net,2022-12-07,Paris,B,2022-12-07,zroberts@example.net,shannonrivera
Reginald Williams,zthornton@example.com,2021-03-31,Los Angeles,VIP,2021-03-31,zthornton@example.com,reginaldwilliams
Karen Green,zwhite@example.net,2020-07-22,Bangkok,A,2020-07-22,zwhite@example.net,karengreen
George Le,zwilson@example.net,2020-07-11,,VIP,2020-07-11,zwilson@example.net,georgele
Nathaniel Floyd,,2021-05-27,Berlin,VIP,2021-05-27,,nathanielfloyd
Julie Perry,,2024-04-11,Mumbai,VIP,2024-04-11,,julieperry
Wanda Clark,,2023-05-21,Paris,A,2023-05-21,,wandaclark
David Mitchell,,2021-10-03,Chicago,VIP,2021-10-03,,davidmitchell
Tammy Morris,,2020-05-13,Singapore,VIP,2020-05-13,,tammymorris
Michael Melton,,2024-01-25,New York,,2024-01-25,,michaelmelton
Amy Burton,,2023-03-30,Vancouver,VIP,2023-03-30,,amyburton
Kenneth Farmer,,2023-11-25,Vancouver,C,2023-11-25,,kennethfarmer
Mary Levy,,2023-04-28,Vancouver,,2023-04-28,,marylevy
Glenn Scott,,2022-01-25,Mumbai,VIP,2022-01-25,,glennscott
Carmen Moore,,2020-11-13,Sydney,,2020-11-13,,carmenmoore
Joseph Moon,,2021-01-02,Melbourne,,2021-01-02,,josephmoon
Robert Cox,,2021-10-25,Manchester,,2021-10-25,,robertcox
Andre Terrell,,2021-05-28,Munich,A,2021-05-28,,andreterrell
Michael Hancock,,2020-02-01,London,A,2020-02-01,,michaelhancock
Carlos Heath,,2023-10-05,Chicago,C,2023-10-05,,carlosheath
Carlos Heath,,2023-09-17,Chicago,A,2023-09-17,,carlosheath
Denise French,,2023-11-24,New York,A,2023-11-24,,denisefrench
Vickie Kennedy,,2022-07-29,Paris,,2022-07-29,,vickiekennedy
Bradley Kirby,,2024-03-26,,,2024-03-26,,bradleykirby
Ryan Thomas,,2022-03-07,Singapore,VIP,2022-03-07,,ryanthomas
Tiffany Vaughn,,2021-12-29,Paris,VIP,2021-12-29,,tiffanyvaughn
Ray Ramos,,2021-04-24,Manchester,A,2021-04-24,,rayramos
Corey Jones,,2019-07-27,Melbourne,C,2019-07-27,,coreyjones
James Whitaker,,2020-02-10,London,,2020-02-10,,jameswhitaker
Jason Miller,,2019-08-02,New York,VIP,2019-08-02,,jasonmiller
Thomas Pham,,2023-06-10,Paris,C,2023-06-10,,thomaspham
Aimee Fisher,,2019-08-17,Vancouver,VIP,2019-08-17,,aimeefisher
Darryl Christensen,,2021-02-22,Sydney,A,2021-02-22,,darrylchristensen
Wanda Clark,,2023-06-07,Paris,B,2023-06-07,,wandaclark
Michael Martinez,,2020-04-23,Melbourne,VIP,2020-04-23,,michaelmartinez
Jessica Carey,,2019-06-07,Toronto,A,2019-06-07,,jessicacarey
Jessica Ross,,2020-07-19,Sydney,A,2020-07-19,,jessicaross
Mary Hopkins Md,,2022-11-29,Munich,,2022-11-29,,maryhopkinsmd
Joseph Watson,,2023-07-21,Vancouver,B,2023-07-21,,josephwatson
Paul Diaz,,2020-04-04,Toronto,,2020-04-04,,pauldiaz
Stephanie Freeman,,2019-12-23,Bangkok,A,2019-12-23,,stephaniefreeman
Troy Fowler,,2021-12-09,Sydney,B,2021-12-09,,troyfowler
Adam Howe,,2019-09-08,Munich,A,2019-09-08,,adamhowe
Sara Preston,,2022-02-24,Singapore,A,2022-02-24,,sarapreston
Gavin Zhang,,2020-05-04,Melbourne,C,2020-05-04,,gavinzhang
Stephanie Malone,,2021-08-25,Singapore,C,2021-08-25,,stephaniemalone
Alan Waller,,2019-03-14,Chicago,A,2019-03-14,,alanwaller
Kimberly Villanueva,,2023-06-26,Los Angeles,C,2023-06-26,,kimberlyvillanueva
Sarah Ward,,2021-01-15,Berlin,VIP,2021-01-15,,sarahward
William Wood,,2024-01-09,Los Angeles,,2024-01-09,,williamwood
Vanessa Sanchez,,2021-04-02,New York,C,2021-04-02,,vanessasanchez
Walter Obrien,,2021-12-30,Sydney,VIP,2021-12-30,,walterobrien
James Martinez,,2023-12-29,New York,,2023-12-29,,jamesmartinez
Mercedes Garcia,,2021-07-26,Chicago,B,2021-07-26,,mercedesgarcia
Michelle Miller,,2024-04-12,Toronto,B,2024-04-12,,michellemiller
Chloe Freeman,,2020-02-04,Bangkok,C,2020-02-04,,chloefreeman
Scott Porter,,2023-12-16,Sydney,B,2023-12-16,,scottporter
Jacob Obrien,,2022-11-09,Sydney,VIP,2022-11-09,,jacobobrien
Natalie Patrick,,2019-11-21,Munich,C,2019-11-21,,nataliepatrick
Priscilla Joseph,,2020-03-25,,,2020-03-25,,priscillajoseph
