session_id,customer_id,session_date,device,duration_minutes,pages_viewed
1,922,2024-02-13 19:46:35,desktop,6.63,4
2,2243,2023-07-16 00:06:15,tablet,8.97,3
3,1699,2024-04-09 03:39:21,mobile,4.43,5
4,1861,2023-02-17 20:49:10,tablet,0.2,3
5,870,2024-10-17 06:53:48,tablet,2.09,4
6,312,2023-07-30 23:16:04,mobile,5.44,4
7,56,2023-08-13 06:33:43,desktop,6.27,8
8,1217,2023-05-14 09:44:21,mobile,10.97,2
9,1467,2024-09-25 18:38:01,tablet,13.4,2
10,2428,2023-09-30 00:09:45,mobile,2.1,2
11,20,2023-10-25 08:36:18,mobile,7.87,9
12,1993,2023-07-04 02:18:42,desktop,9.22,1
13,1963,2023-05-16 10:51:02,tablet,0.78,4
14,2015,2023-12-19 19:17:42,mobile,0.2,4
15,904,2023-10-20 13:01:23,desktop,10.99,2
16,927,2023-07-25 01:37:02,desktop,6.66,10
17,433,2024-01-29 01:55:42,mobile,2.2,4
18,1067,2024-02-15 16:55:34,tablet,10.33,5
19,2048,2024-02-23 22:43:48,desktop,1.22,5
20,587,2023-05-19 23:26:50,desktop,6.41,7
21,2029,2023-07-20 21:11:45,mobile,6.45,6
22,818,2023-04-13 10:40:01,tablet,3.74,4
23,1562,2023-07-05 18:24:17,tablet,7.82,12
24,1014,2024-11-30 15:58:30,mobile,0.2,1
25,686,2024-07-25 23:49:15,tablet,17.35,5
26,611,2023-07-12 13:03:02,tablet,1.09,6
27,24,2024-08-14 01:13:23,tablet,8.62,1
28,1862,2024-10-16 02:41:50,mobile,6.85,1
29,700,2024-01-07 09:42:21,mobile,9.84,6
30,596,2023-03-30 17:12:26,desktop,0.79,7
31,127,2023-09-16 07:26:11,mobile,6.39,2
32,2054,2023-01-25 11:00:22,tablet,12.61,6
33,508,2023-07-27 14:15:35,desktop,11.43,4
34,44,2024-02-19 10:32:33,desktop,10.97,5
35,867,2023-11-11 08:51:00,desktop,8.66,7
36,295,2023-02-20 00:43:28,desktop,10.03,3
37,1835,2024-05-12 11:51:36,tablet,1.71,3
38,2347,2023-07-23 07:16:10,mobile,0.2,2
39,288,2023-03-31 01:02:43,desktop,0.2,1
40,2178,2023-09-01 20:27:04,mobile,3.59,9
41,1593,2024-09-26 00:33:50,desktop,0.52,10
42,1492,2023-12-08 11:09:37,desktop,11.08,4
43,2061,2023-10-11 02:09:40,tablet,4.92,2
44,240,2024-02-15 02:16:26,desktop,7.32,5
45,882,2023-10-03 20:48:52,tablet,1.86,6
46,284,2023-03-03 14:15:06,tablet,2.59,4
47,525,2024-04-25 18:22:24,desktop,0.33,5
48,565,2024-06-21 14:37:24,tablet,7.89,5
49,2089,2024-02-12 07:59:57,mobile,11.62,2
50,1974,2023-08-28 16:48:20,tablet,5.45,5
51,896,2024-12-30 10:06:48,mobile,8.78,4
52,851,2024-12-17 15:26:56,desktop,3.72,3
53,1650,2024-09-04 09:10:03,mobile,1.79,3
54,2001,2023-12-18 14:36:49,desktop,3.87,3
55,515,2024-01-26 21:46:20,mobile,5.55,9
56,1725,2024-07-20 05:24:52,desktop,7.27,6
57,1535,2024-09-24 14:53:24,mobile,4.76,7
58,599,2023-11-13 11:46:14,desktop,11.9,1
59,1477,2024-09-03 22:08:26,desktop,10.88,3
60,241,2023-03-25 13:22:15,desktop,7.02,4
61,750,2023-08-13 09:40:48,desktop,1.6,10
62,283,2023-07-12 11:19:12,mobile,6.81,1
63,1182,2023-10-15 06:45:47,tablet,0.51,4
64,1110,2024-11-14 06:40:52,mobile,2.66,4
65,2367,2024-04-15 16:34:26,mobile,6.12,3
66,1226,2023-02-01 06:30:35,tablet,5.68,7
67,249,2023-10-12 05:29:11,tablet,2.41,1
68,1520,2023-08-24 17:04:46,mobile,9.94,8
69,1623,2023-10-30 16:30:17,desktop,2.23,1
70,2437,2024-07-24 05:32:56,tablet,10.52,7
71,982,2024-11-05 04:35:36,mobile,13.33,2
72,1224,2023-04-22 22:54:00,desktop,1.67,2
73,728,2023-05-02 17:31:00,desktop,3.37,7
74,1406,2024-11-01 07:40:27,mobile,12.92,5
75,2331,2024-06-23 15:30:51,desktop,5.33,6
76,868,2023-06-27 08:40:42,tablet,2.06,2
77,2109,2024-03-08 07:15:15,desktop,7.3,3
78,1547,2023-09-02 17:27:27,mobile,11.09,3
79,1077,2024-01-13 18:48:59,mobile,6.78,1
80,1566,2024-03-21 05:21:18,desktop,8.81,1
81,1585,2024-03-05 10:22:05,mobile,4.89,11
82,2056,2023-02-02 18:23:15,desktop,0.58,4
83,1125,2023-10-02 07:08:47,tablet,6.72,5
84,1630,2024-01-23 04:35:51,desktop,4.89,1
85,1737,2024-11-12 11:30:42,mobile,10.36,4
86,642,2024-08-28 19:01:34,mobile,9.41,2
87,1654,2024-10-06 07:07:40,mobile,4.02,2
88,2448,2023-12-27 09:53:00,tablet,11.86,9
89,991,2024-03-18 23:47:33,desktop,7.91,6
90,815,2023-11-30 23:01:49,tablet,9.28,11
91,798,2024-11-27 02:12:45,desktop,10.95,3
92,369,2024-07-02 13:51:15,mobile,8.23,7
93,1597,2024-07-14 04:44:35,mobile,12.01,4
94,960,2023-08-24 20:30:38,tablet,10.5,2
95,129,2024-01-15 23:49:05,desktop,7.54,7
96,2076,2024-11-28 19:32:27,tablet,3.91,4
97,187,2024-09-20 02:06:34,tablet,8.91,3
98,2167,2024-12-10 10:14:16,mobile,10.8,5
99,1331,2024-04-26 16:29:58,desktop,0.94,1
100,114,2024-05-22 16:45:41,desktop,12.1,6
101,1567,2023-01-15 16:47:17,tablet,6.24,8
102,1615,2023-11-17 13:38:28,tablet,7.5,2
103,11,2023-02-08 22:28:51,mobile,11.4,4
104,546,2023-03-21 13:14:26,mobile,12.07,8
105,2342,2023-02-19 20:29:32,mobile,11.06,1
106,1910,2023-03-05 03:35:07,tablet,6.18,10
107,1107,2023-05-23 15:20:37,desktop,11.16,6
108,89,2023-11-07 05:09:27,desktop,7.07,5
109,1656,2024-02-20 10:33:38,desktop,11.5,6
110,2117,2024-04-28 16:10:44,mobile,3.37,3
111,1503,2023-09-14 02:03:57,tablet,4.63,1
112,1624,2024-09-11 09:26:51,desktop,2.17,3
113,828,2023-04-14 04:24:32,tablet,4.46,1
114,651,2024-06-14 10:33:24,mobile,2.2,10
115,1502,2024-04-10 07:13:05,tablet,12.48,8
116,1408,2023-11-04 11:31:03,tablet,9.58,4
117,144,2023-01-25 04:29:39,mobile,4.48,6
118,1482,2024-06-09 22:13:20,tablet,0.2,2
119,270,2024-03-11 19:35:19,mobile,9.76,5
120,725,2023-08-04 17:50:57,tablet,2.52,4
121,31,2024-07-29 06:33:07,mobile,5.21,3
122,2188,2023-09-02 16:48:29,mobile,11.33,9
123,1045,2024-03-03 16:27:59,mobile,6.55,2
124,2156,2024-02-10 15:53:02,tablet,9.4,1
125,1062,2023-10-12 02:59:18,mobile,1.68,5
126,1796,2024-10-14 19:57:52,tablet,2.73,1
127,782,2023-10-14 07:08:22,tablet,9.23,5
128,619,2024-03-25 09:43:21,mobile,11.65,5
129,744,2023-03-26 12:22:51,mobile,15.1,5
130,1800,2024-11-08 15:17:52,mobile,5.12,3
131,662,2023-08-18 18:25:54,tablet,0.72,4
132,2017,2023-12-19 08:20:48,tablet,4.01,5
133,2089,2024-03-30 18:53:45,tablet,0.2,5
134,1700,2024-06-20 01:31:43,tablet,10.59,8
135,404,2024-11-18 19:00:11,desktop,1.93,1
136,130,2023-06-18 01:44:48,tablet,9.07,6
137,74,2023-10-04 00:34:25,tablet,2.52,5
138,2270,2023-05-26 10:18:06,mobile,12.35,4
139,667,2024-05-14 21:34:39,desktop,1.53,8
140,1878,2023-06-14 20:33:05,mobile,4.85,3
141,2041,2024-12-05 05:00:56,mobile,7.87,7
142,2020,2023-07-22 14:31:43,mobile,6.22,9
143,71,2024-02-02 21:50:26,tablet,5.49,3
144,2179,2024-09-18 00:48:10,tablet,11.62,1
145,2008,2024-02-15 06:55:47,desktop,9.01,4
146,385,2023-07-28 12:27:17,tablet,6.46,1
147,427,2023-07-23 05:35:18,mobile,5.72,6
148,89,2024-10-02 06:59:41,desktop,4.82,5
149,1543,2023-08-30 06:41:35,mobile,6.08,2
150,504,2024-10-13 03:38:47,desktop,8.34,6
151,790,2023-02-24 23:50:11,tablet,0.2,9
152,2497,2024-01-10 11:10:45,desktop,6.16,4
153,2440,2023-05-22 20:30:25,tablet,3.45,5
154,307,2024-05-13 04:15:23,mobile,5.02,2
155,1741,2023-06-19 06:32:06,mobile,7.52,4
156,1737,2024-04-24 21:44:31,tablet,4.86,8
157,1559,2024-07-03 15:25:13,tablet,5.64,4
158,1605,2024-12-11 11:53:50,desktop,3.06,6
159,1570,2023-11-16 23:30:04,desktop,8.97,3
160,1296,2023-09-12 20:13:16,desktop,3.02,1
161,1197,2024-05-30 08:52:03,desktop,1.85,2
162,1070,2024-04-11 08:59:45,desktop,5.72,1
163,1545,2023-01-27 02:44:31,tablet,5.46,5
164,1202,2024-08-08 14:49:50,mobile,4.67,1
165,86,2023-11-05 11:59:41,tablet,6.35,1
166,1854,2024-10-01 23:34:26,tablet,6.07,8
167,828,2024-12-11 17:20:28,mobile,1.53,4
168,329,2024-12-08 08:32:42,tablet,1.26,1
169,1489,2024-08-04 08:14:27,desktop,11.61,8
170,2010,2023-07-17 19:01:57,desktop,1.31,1
171,1421,2023-06-29 15:16:26,tablet,1.84,9
172,1815,2024-07-02 00:45:41,mobile,10.37,5
173,1657,2023-06-26 23:15:18,desktop,0.66,4
174,1000,2024-02-13 03:01:43,tablet,8.68,6
175,1021,2023-05-26 00:06:29,tablet,9.55,2
176,1147,2024-09-22 14:24:00,mobile,5.18,6
177,1371,2023-02-05 15:57:44,tablet,6.96,3
178,1786,2023-11-08 20:45:01,desktop,13.82,1
179,269,2024-08-27 08:22:55,desktop,2.92,4
180,1896,2024-05-12 08:37:12,desktop,5.73,1
181,776,2024-04-02 20:12:28,mobile,9.61,9
182,77,2024-09-22 10:20:42,tablet,5.17,1
183,1436,2023-06-12 08:22:41,tablet,5.47,5
184,2355,2023-12-25 07:20:39,tablet,6.26,10
185,955,2023-07-10 12:51:45,mobile,8.63,6
186,1701,2023-12-08 15:40:25,tablet,12.25,6
187,23,2023-01-29 17:31:20,tablet,11.78,1
188,778,2023-07-11 16:17:34,mobile,7.64,2
189,1563,2024-05-11 05:33:47,desktop,4.6,5
190,1335,2023-07-22 04:16:22,tablet,3.35,1
191,2171,2023-09-01 05:00:17,desktop,9.05,4
192,1413,2023-12-29 07:01:07,tablet,2.23,3
193,1126,2023-05-01 07:29:55,mobile,16.72,1
194,1537,2023-09-25 11:36:23,tablet,6.81,1
195,457,2023-05-03 17:00:57,desktop,7.45,4
196,2294,2023-09-26 12:17:00,mobile,12.14,4
197,2182,2024-07-21 02:18:04,desktop,4.36,3
198,1468,2024-08-01 21:10:45,mobile,0.2,2
199,1174,2024-06-13 18:11:38,mobile,14.31,4
200,593,2023-04-27 18:56:21,desktop,1.8,2
201,964,2023-02-07 07:47:04,mobile,7.15,3
202,739,2023-06-27 12:12:45,desktop,0.2,3
203,2474,2023-10-09 10:01:24,desktop,10.27,4
204,158,2024-04-18 05:15:58,tablet,1.54,5
205,1481,2024-09-14 05:10:57,desktop,5.16,1
206,429,2023-09-13 07:08:43,tablet,3.09,5
207,2476,2023-01-03 10:18:00,desktop,4.02,2
208,2233,2024-03-08 08:51:20,mobile,5.91,2
209,1959,2023-02-11 21:48:35,tablet,2.64,7
210,2431,2023-12-11 18:04:46,desktop,0.2,6
211,166,2024-05-13 18:46:34,tablet,2.24,1
212,2066,2023-12-15 14:53:38,tablet,7.81,5
213,1816,2024-11-30 13:15:05,mobile,2.49,7
214,569,2024-09-10 10:51:54,desktop,1.93,5
215,1517,2024-04-16 22:24:27,desktop,3.01,3
216,357,2023-02-25 13:02:57,desktop,8.7,8
217,1903,2024-08-31 21:57:45,mobile,12.92,1
218,176,2023-05-09 01:12:47,mobile,6.99,8
219,249,2024-05-20 21:08:50,desktop,9.1,6
220,2050,2024-02-03 22:36:36,desktop,5.93,1
221,602,2023-06-02 09:22:15,mobile,2.77,2
222,2430,2023-11-21 20:20:38,desktop,10.16,8
223,1149,2023-06-10 20:50:15,mobile,3.4,7
224,2320,2023-05-05 22:41:50,mobile,11.96,7
225,649,2024-04-17 08:21:36,mobile,9.26,6
226,2264,2023-04-29 12:45:47,tablet,5.0,5
227,927,2023-02-04 17:40:40,desktop,2.12,1
228,2249,2024-11-21 20:43:03,mobile,3.29,3
229,1348,2023-09-01 23:39:07,tablet,0.2,4
230,596,2024-07-27 12:49:53,desktop,2.35,5
231,713,2023-11-09 02:57:41,mobile,11.27,4
232,1555,2024-11-30 18:55:32,tablet,6.62,1
233,883,2024-12-18 02:31:53,desktop,10.33,4
234,1773,2023-06-05 00:40:15,desktop,6.0,4
235,1505,2024-10-17 17:14:17,desktop,6.31,1
236,1709,2023-07-27 21:10:13,desktop,5.09,7
237,1743,2023-11-01 08:58:23,mobile,22.35,2
238,545,2024-11-19 21:54:48,desktop,11.08,1
239,1951,2024-06-26 05:08:34,desktop,6.8,2
240,1878,2024-04-25 13:54:33,tablet,3.23,6
241,472,2024-06-16 22:26:03,mobile,6.46,6
242,2371,2024-08-22 05:35:33,mobile,5.0,4
243,2024,2023-08-27 01:08:49,tablet,8.78,11
244,2011,2024-05-05 20:39:48,desktop,5.83,12
245,693,2024-10-06 13:10:31,desktop,5.05,7
246,1038,2024-03-16 15:56:35,tablet,1.4,4
247,178,2023-11-15 20:07:25,desktop,5.93,4
248,2354,2024-12-07 03:57:31,tablet,6.26,2
249,177,2024-09-09 07:57:00,mobile,7.7,7
250,1471,2024-09-30 15:48:12,desktop,2.4,4
251,127,2023-03-26 01:06:42,tablet,1.54,1
252,1473,2023-11-24 07:49:28,mobile,7.9,5
253,1032,2024-02-22 04:43:54,desktop,15.4,6
254,1256,2023-06-21 07:09:55,desktop,4.29,5
255,2084,2024-01-16 16:57:46,desktop,12.52,6
256,777,2023-07-28 05:20:11,tablet,5.9,3
257,1470,2023-01-02 13:54:53,mobile,7.09,1
258,1902,2023-09-03 21:03:38,mobile,10.17,5
259,75,2024-11-10 20:53:19,tablet,3.81,2
260,1822,2024-06-22 23:29:43,desktop,1.91,5
261,386,2023-12-28 11:17:44,mobile,2.94,13
262,1280,2024-10-27 11:05:03,desktop,2.83,1
263,340,2024-08-28 07:27:46,tablet,2.65,3
264,1229,2023-03-22 12:43:37,tablet,0.2,5
265,928,2023-04-02 10:27:57,mobile,2.08,3
266,1431,2023-11-12 11:45:38,tablet,5.91,8
267,815,2023-04-23 01:39:18,desktop,6.76,6
268,2261,2024-07-13 10:44:47,desktop,7.73,10
269,552,2023-05-30 21:15:33,tablet,1.67,2
270,1484,2023-06-11 04:07:52,desktop,5.66,6
271,1083,2023-06-28 20:34:25,mobile,13.12,5
272,1191,2024-02-01 02:23:48,tablet,7.29,1
273,1634,2024-06-19 19:26:52,tablet,9.01,5
274,893,2023-12-16 01:32:40,desktop,10.8,10
275,2251,2024-04-30 00:47:14,desktop,3.12,5
276,1483,2023-10-17 16:16:53,desktop,5.13,3
277,2491,2023-03-30 07:45:29,desktop,7.66,5
278,195,2023-04-08 05:13:47,mobile,1.54,1
279,55,2024-02-03 23:51:53,desktop,8.3,3
280,2402,2023-04-03 07:47:42,mobile,11.75,9
281,264,2023-07-26 23:28:37,desktop,14.72,2
282,193,2023-06-04 03:25:52,desktop,4.5,5
283,674,2024-07-25 18:54:27,mobile,2.87,8
284,440,2024-02-23 07:37:33,tablet,10.55,3
285,1912,2023-06-09 22:58:43,mobile,8.48,6
286,1853,2023-03-07 06:56:57,mobile,4.59,6
287,293,2023-10-29 05:29:34,mobile,7.02,4
288,718,2023-01-20 03:11:13,tablet,7.18,10
289,255,2024-05-26 11:56:30,tablet,4.18,1
290,1971,2023-01-01 09:29:30,desktop,6.63,1
291,1297,2024-03-03 00:07:59,mobile,5.46,6
292,2088,2024-03-31 19:59:33,desktop,6.89,5
293,181,2024-10-29 14:37:05,mobile,4.75,2
294,2107,2024-04-01 10:58:18,tablet,1.14,2
295,418,2024-06-03 21:17:07,mobile,10.02,6
296,477,2023-09-25 03:17:12,mobile,0.2,3
297,1424,2023-06-12 01:12:23,desktop,5.71,7
298,2084,2024-05-15 00:10:31,tablet,8.78,2
299,562,2024-11-16 14:01:44,tablet,3.74,1
300,142,2024-10-23 11:38:01,tablet,12.08,9
301,332,2024-09-25 04:23:08,mobile,8.46,5
302,2099,2024-12-15 21:22:54,mobile,5.96,5
303,610,2024-05-21 17:24:45,desktop,7.47,3
304,760,2023-07-09 23:23:04,mobile,0.2,4
305,2170,2024-09-24 15:48:06,desktop,5.7,6
306,161,2024-06-09 01:45:52,desktop,4.57,4
307,1851,2024-05-18 05:20:19,desktop,2.21,4
308,43,2023-07-22 12:14:30,tablet,0.2,8
309,2443,2023-05-21 09:10:30,tablet,4.51,7
310,2269,2024-03-18 12:59:38,tablet,3.05,1
311,994,2023-01-15 23:23:00,desktop,9.87,4
312,1815,2024-09-27 18:42:13,tablet,8.58,8
313,914,2023-11-23 08:34:50,desktop,7.73,7
314,1942,2024-09-19 06:44:46,mobile,5.83,5
315,474,2023-09-14 06:52:48,tablet,0.85,8
316,627,2023-07-17 11:52:52,tablet,9.12,6
317,2057,2024-05-01 07:57:42,mobile,9.7,7
318,1812,2023-11-01 05:40:03,tablet,1.98,7
319,345,2023-06-07 22:41:14,tablet,6.61,3
320,2293,2023-03-25 09:55:25,desktop,3.42,4
321,1189,2024-12-18 03:38:08,desktop,0.2,4
322,492,2024-06-25 03:22:56,desktop,10.83,12
323,1639,2023-09-10 14:04:30,tablet,7.9,3
324,542,2024-04-06 02:15:52,mobile,10.16,2
325,2307,2023-07-05 09:19:24,desktop,1.03,5
326,951,2023-12-20 19:44:08,tablet,3.44,7
327,320,2024-07-13 07:13:05,mobile,2.66,5
328,1076,2023-09-05 20:06:48,mobile,11.3,7
329,828,2024-05-02 13:47:20,mobile,1.03,4
330,1232,2024-07-10 18:12:54,desktop,7.78,3
331,92,2023-05-18 22:34:04,mobile,6.91,2
332,1508,2024-03-04 10:26:58,mobile,1.56,4
333,2064,2023-10-13 12:19:38,tablet,0.36,10
334,1255,2024-06-26 21:22:01,desktop,1.84,6
335,1276,2024-01-13 12:28:24,tablet,10.47,3
336,444,2023-07-18 21:26:36,mobile,10.08,5
337,590,2023-02-24 07:31:58,tablet,4.09,7
338,269,2024-07-04 21:57:06,desktop,5.54,5
339,1855,2023-09-29 17:13:12,desktop,8.92,9
340,1090,2024-10-02 18:16:56,desktop,2.87,7
341,1813,2023-10-11 10:25:19,mobile,4.92,1
342,1638,2023-08-08 07:02:58,mobile,3.04,5
343,1004,2024-11-13 20:13:20,desktop,6.84,11
344,1157,2024-01-17 06:29:54,desktop,0.58,10
345,131,2023-08-01 15:07:16,desktop,6.88,8
346,1155,2024-05-22 12:11:56,tablet,5.55,7
347,1223,2023-07-22 07:28:18,tablet,4.01,6
348,887,2023-11-15 23:06:25,mobile,14.67,1
349,920,2023-12-20 09:19:18,tablet,4.49,9
350,323,2024-07-01 06:59:32,tablet,0.2,5
351,25,2023-06-16 15:46:38,mobile,4.97,7
352,1849,2023-02-05 06:56:30,tablet,6.74,1
353,2430,2024-02-29 10:17:51,tablet,4.5,8
354,2343,2023-02-15 20:12:26,tablet,3.7,4
355,618,2024-08-27 17:40:06,desktop,13.9,7
356,1062,2023-02-19 01:43:31,tablet,12.02,1
357,1600,2024-01-29 06:50:25,tablet,2.05,5
358,429,2023-04-16 04:05:19,desktop,1.88,4
359,795,2023-06-14 22:02:27,tablet,8.93,1
360,1021,2024-08-13 09:16:21,desktop,5.05,1
361,2148,2023-02-12 21:55:06,tablet,10.83,3
362,1073,2023-06-02 23:15:31,tablet,1.68,3
363,1514,2023-12-02 19:32:52,mobile,3.35,5
364,1447,2024-10-04 18:10:41,tablet,9.86,1
365,502,2023-06-18 15:30:21,mobile,4.42,6
366,1394,2023-05-20 01:25:08,desktop,8.03,3
367,2231,2023-07-18 03:35:30,mobile,9.11,4
368,764,2024-04-16 11:52:02,tablet,9.44,4
369,1575,2024-11-28 21:28:40,desktop,4.66,4
370,2133,2023-01-13 10:29:57,desktop,11.22,5
371,1156,2023-03-25 13:04:44,tablet,8.11,5
372,2316,2023-01-26 22:21:16,tablet,11.36,6
373,633,2024-09-29 20:40:25,tablet,7.03,8
374,2014,2024-08-11 10:36:20,desktop,3.99,8
375,2003,2023-07-30 04:08:41,mobile,11.04,1
376,1472,2023-10-05 17:47:15,mobile,12.79,10
377,715,2024-10-24 22:23:12,mobile,13.85,7
378,61,2024-09-07 00:15:48,desktop,3.25,4
379,2197,2024-06-28 13:23:06,tablet,3.18,5
380,1216,2024-03-14 17:55:29,tablet,3.26,5
381,92,2023-06-02 12:25:44,mobile,5.83,7
382,2432,2023-02-27 01:32:19,tablet,2.9,1
383,1201,2023-11-27 14:38:24,mobile,9.38,3
384,1651,2024-12-22 02:36:37,mobile,7.63,6
385,1580,2024-05-05 20:58:23,mobile,7.4,4
386,705,2024-12-30 21:22:27,mobile,8.78,1
387,1733,2024-12-04 07:41:40,desktop,4.86,5
388,1537,2024-11-06 23:27:50,desktop,13.09,7
389,192,2024-02-07 01:26:42,mobile,12.39,14
390,1925,2024-03-14 00:20:03,mobile,1.09,11
391,768,2024-12-14 10:14:05,mobile,9.07,1
392,2424,2024-08-29 07:17:32,tablet,4.45,6
393,1135,2023-02-14 20:43:50,mobile,6.01,4
394,1897,2023-10-09 09:07:44,mobile,0.74,1
395,1135,2024-11-28 21:43:57,desktop,6.22,6
396,670,2024-10-29 12:27:49,desktop,0.2,5
397,1087,2023-02-19 16:07:56,mobile,10.51,1
398,2376,2023-04-02 05:56:54,mobile,2.68,2
399,2406,2024-02-21 10:36:51,tablet,4.48,2
400,1733,2023-03-13 12:30:32,mobile,7.52,6
401,530,2023-04-14 19:07:40,tablet,7.74,6
402,2394,2024-09-11 20:20:25,mobile,9.4,5
403,2170,2023-02-12 01:23:27,desktop,3.84,5
404,1859,2024-01-07 10:29:29,desktop,3.25,7
405,975,2024-09-12 17:19:15,desktop,4.72,10
406,148,2024-11-06 19:06:42,mobile,7.74,2
407,2482,2024-01-26 20:21:29,desktop,3.23,5
408,330,2023-04-08 02:18:05,mobile,0.2,12
409,2214,2024-07-24 15:01:52,tablet,0.2,4
410,1546,2024-01-25 13:38:49,desktop,3.08,7
411,820,2024-03-22 20:54:21,tablet,3.83,2
412,205,2023-05-31 10:46:36,tablet,10.2,6
413,1795,2024-07-11 18:33:43,mobile,5.85,5
414,1090,2024-07-28 07:47:43,tablet,9.35,9
415,2135,2024-04-14 06:05:32,mobile,1.92,3
416,1260,2023-09-17 22:22:42,tablet,7.77,6
417,541,2024-11-06 08:20:22,tablet,3.22,5
418,1716,2023-08-09 11:50:11,tablet,3.5,2
419,387,2024-12-02 10:17:03,tablet,5.44,1
420,764,2023-08-01 09:18:15,mobile,5.8,1
421,1631,2024-05-08 21:35:24,desktop,7.42,5
422,286,2023-02-07 11:41:08,mobile,0.2,5
423,930,2024-01-25 06:09:33,desktop,1.85,1
424,533,2023-11-19 02:50:28,mobile,2.8,7
425,1761,2024-03-16 19:30:15,tablet,10.19,5
426,1008,2023-12-26 04:11:42,mobile,12.84,8
427,345,2024-03-23 00:41:58,tablet,3.83,6
428,1589,2024-06-02 06:16:16,tablet,4.87,3
429,1961,2023-02-14 13:01:18,tablet,6.99,5
430,739,2023-03-01 13:05:43,desktop,11.35,4
431,694,2024-11-26 02:48:59,desktop,7.09,5
432,1563,2024-06-12 09:09:40,mobile,4.49,7
433,722,2023-11-30 21:22:54,desktop,3.69,7
434,770,2024-01-03 19:20:48,tablet,4.86,6
435,1301,2024-09-03 04:01:11,mobile,2.0,4
436,736,2023-05-18 09:23:12,tablet,9.17,8
437,1212,2024-03-16 13:49:30,desktop,5.29,3
438,1087,2023-04-27 00:00:03,tablet,0.69,3
439,899,2023-08-11 02:44:22,mobile,6.96,5
440,491,2023-10-01 22:01:57,tablet,10.02,3
441,1446,2023-08-15 12:34:49,desktop,9.66,7
442,1098,2024-01-05 13:36:21,tablet,0.2,8
443,1602,2023-03-04 09:19:26,tablet,9.02,7
444,239,2023-09-18 21:37:09,desktop,4.63,3
445,1233,2024-12-22 09:18:45,mobile,12.66,4
446,1234,2023-10-16 20:11:19,tablet,0.2,5
447,1899,2024-09-15 11:04:22,mobile,8.34,2
448,2013,2023-05-11 12:46:47,mobile,12.05,4
449,1843,2024-01-15 08:45:38,mobile,0.46,8
450,175,2023-12-07 00:06:15,mobile,9.08,5
451,974,2024-08-12 18:03:54,tablet,5.94,8
452,1382,2024-07-26 22:18:55,tablet,0.2,9
453,193,2023-03-17 10:40:41,mobile,7.54,6
454,1730,2024-12-18 02:25:49,tablet,7.83,7
455,1860,2023-07-18 11:02:43,desktop,10.63,3
456,684,2023-02-13 07:43:58,desktop,0.27,1
457,1722,2023-08-09 09:43:28,desktop,2.14,7
458,2473,2024-02-27 00:41:54,desktop,10.88,1
459,75,2024-09-08 21:54:49,tablet,0.78,7
460,961,2023-02-28 16:54:21,desktop,0.2,4
461,1964,2024-11-02 19:23:26,tablet,1.7,1
462,320,2023-10-30 17:40:20,mobile,0.2,9
463,1659,2024-04-30 16:03:54,desktop,14.4,7
464,430,2023-09-01 01:05:53,tablet,3.29,3
465,1136,2023-01-28 05:36:43,tablet,7.4,1
466,55,2024-01-14 03:29:43,desktop,4.17,10
467,1188,2023-01-23 09:45:08,mobile,9.19,1
468,1333,2023-03-31 07:24:30,desktop,13.19,6
469,803,2023-12-05 13:27:43,desktop,9.46,11
470,749,2024-09-27 13:21:04,tablet,2.07,6
471,2252,2024-06-05 08:14:38,desktop,3.94,3
472,377,2024-03-19 07:29:51,mobile,4.97,8
473,438,2024-06-13 15:55:27,desktop,3.55,7
474,2392,2023-02-25 10:10:42,desktop,5.78,1
475,1674,2023-09-09 17:46:31,tablet,2.06,6
476,836,2024-09-22 10:56:29,mobile,7.47,7
477,137,2024-06-28 07:20:57,desktop,11.17,6
478,1002,2023-10-04 00:15:22,tablet,5.01,5
479,1954,2023-11-19 13:52:25,mobile,6.82,3
480,1059,2024-05-05 10:57:04,tablet,10.75,2
481,1522,2023-03-01 13:20:39,tablet,7.13,4
482,2444,2024-04-29 20:26:01,mobile,11.6,5
483,555,2023-01-24 21:13:20,tablet,0.64,6
484,847,2023-12-02 12:17:54,tablet,8.05,5
485,1466,2023-02-05 14:48:00,desktop,0.2,5
486,294,2024-05-11 01:02:00,mobile,13.09,9
487,2157,2024-11-02 23:22:39,mobile,5.31,5
488,1586,2024-06-24 22:30:01,tablet,3.56,1
489,828,2023-07-19 09:35:54,mobile,7.94,2
490,810,2024-08-17 19:31:00,tablet,3.94,2
491,167,2023-12-30 12:10:16,tablet,7.6,8
492,146,2023-05-29 00:57:32,tablet,9.61,1
493,358,2024-11-26 08:17:38,desktop,11.6,8
494,708,2024-10-30 12:03:08,tablet,2.43,9
495,1721,2024-06-17 18:20:32,tablet,1.99,1
496,626,2024-04-04 06:45:24,mobile,8.77,3
497,2435,2023-05-18 01:30:45,desktop,5.55,1
498,360,2023-08-25 22:35:30,tablet,3.76,7
499,661,2023-08-07 19:27:42,tablet,4.54,2
500,1715,2023-09-19 08:57:38,mobile,10.54,5
501,726,2023-06-21 03:08:52,desktop,3.79,2
502,951,2024-12-26 11:57:05,mobile,16.56,4
503,1377,2023-07-03 21:51:59,tablet,11.23,2
504,1759,2023-01-13 14:43:02,tablet,4.5,5
505,1224,2024-02-10 03:59:45,mobile,5.95,5
506,1006,2023-10-14 17:21:06,mobile,0.2,4
507,2415,2024-09-03 01:24:07,mobile,8.49,5
508,296,2024-12-13 06:07:29,tablet,6.63,1
509,1861,2023-05-03 16:39:10,desktop,6.98,6
510,1006,2023-08-23 13:57:10,tablet,1.0,3
511,1148,2023-06-08 21:11:37,mobile,1.89,4
512,1062,2023-09-18 21:00:32,tablet,12.5,1
513,2087,2024-11-03 05:20:54,desktop,4.25,1
514,2466,2023-12-31 14:17:59,desktop,6.94,2
515,1033,2023-09-15 22:30:39,tablet,3.62,3
516,410,2024-03-24 10:48:58,mobile,3.61,6
517,2083,2024-04-22 17:00:42,mobile,13.65,5
518,1276,2023-04-11 09:02:32,mobile,14.29,2
519,1298,2024-04-22 05:35:10,desktop,6.46,6
520,2469,2023-12-19 01:57:13,desktop,10.5,5
521,2473,2024-01-28 20:22:14,desktop,13.91,8
522,1893,2024-09-06 12:19:55,tablet,5.18,5
523,1402,2023-08-09 10:14:37,mobile,9.65,5
524,1218,2023-08-15 14:00:25,desktop,1.66,5
525,14,2024-01-21 03:43:21,desktop,6.72,4
526,997,2024-07-28 08:43:43,tablet,4.88,2
527,434,2024-10-22 13:06:39,mobile,4.06,1
528,1377,2023-01-01 18:40:22,tablet,4.44,3
529,1877,2024-07-23 20:12:12,desktop,4.48,3
530,1766,2024-03-29 09:28:48,mobile,5.78,2
531,1176,2024-07-07 00:33:25,mobile,5.65,4
532,1109,2024-11-11 04:05:14,desktop,3.81,1
533,1384,2023-10-23 17:08:27,desktop,4.19,6
534,614,2024-08-29 05:03:51,tablet,4.77,5
535,2013,2023-05-02 16:16:14,tablet,3.03,5
536,642,2024-12-19 10:43:57,tablet,5.01,5
537,1151,2024-04-11 13:40:10,desktop,7.29,1
538,363,2024-10-16 12:43:25,mobile,7.2,1
539,1776,2024-10-25 23:18:44,tablet,6.01,1
540,2068,2023-01-05 22:16:13,mobile,8.33,1
541,1420,2023-03-04 05:30:48,tablet,5.71,6
542,103,2024-10-26 21:53:14,tablet,8.86,1
543,2422,2024-03-25 11:51:34,mobile,0.2,8
544,89,2024-10-28 18:09:14,mobile,9.08,5
545,1464,2023-05-08 11:09:19,mobile,4.24,2
546,1216,2023-12-26 14:32:18,tablet,6.96,4
547,682,2024-07-02 01:16:48,tablet,4.44,1
548,902,2023-10-12 01:11:30,mobile,4.06,3
549,1399,2023-09-08 22:38:22,mobile,6.48,5
550,2259,2023-01-20 10:29:14,desktop,7.54,6
551,644,2023-06-01 20:02:22,desktop,9.7,1
552,2402,2023-05-10 09:25:07,tablet,10.9,5
553,1040,2024-05-08 20:01:43,tablet,0.86,5
554,2356,2024-10-10 02:30:28,desktop,2.3,4
555,2171,2023-12-05 06:22:35,mobile,5.85,5
556,1127,2024-07-13 03:09:52,tablet,5.21,4
557,268,2024-03-31 14:23:31,tablet,3.6,10
558,1964,2024-07-11 19:35:46,tablet,1.35,2
559,2308,2023-11-10 10:24:51,tablet,0.2,4
560,307,2023-09-27 10:53:54,desktop,7.47,7
561,1956,2024-08-21 09:55:41,mobile,8.55,2
562,450,2024-08-16 17:04:36,tablet,12.35,7
563,1496,2023-08-29 23:31:00,tablet,4.7,1
564,103,2023-09-24 15:10:51,mobile,13.6,3
565,2337,2023-06-20 10:32:16,tablet,4.25,4
566,2490,2024-07-29 20:30:31,mobile,5.09,1
567,491,2024-02-14 06:56:03,tablet,0.6,3
568,68,2023-01-25 04:57:20,desktop,0.53,3
569,942,2024-02-05 17:46:39,desktop,12.2,8
570,1186,2023-04-15 12:07:44,tablet,2.39,5
571,2418,2024-10-15 15:11:00,desktop,0.63,1
572,2374,2024-01-09 15:23:07,tablet,4.61,5
573,2035,2023-02-27 01:46:08,tablet,4.46,8
574,2179,2023-12-23 13:25:52,tablet,10.53,1
575,1336,2024-04-25 05:38:20,tablet,4.84,1
576,2480,2024-02-27 13:17:14,mobile,10.07,5
577,2040,2023-05-02 03:03:19,desktop,5.25,1
578,884,2023-05-24 06:11:34,tablet,13.61,7
579,1332,2024-10-14 18:28:06,desktop,13.05,1
580,1224,2024-03-27 07:04:01,tablet,9.98,1
581,2179,2024-06-07 04:35:18,desktop,10.38,2
582,1464,2024-04-30 04:15:57,mobile,9.65,1
583,1501,2024-08-28 01:25:25,mobile,5.72,1
584,1670,2023-04-16 23:18:53,tablet,4.18,2
585,1034,2023-08-27 15:57:26,mobile,7.86,10
586,759,2024-09-01 23:48:33,desktop,4.69,5
587,2151,2024-05-05 03:15:50,desktop,11.17,4
588,2288,2023-03-03 16:09:05,tablet,9.41,9
589,616,2024-03-24 03:55:41,desktop,3.21,13
590,1952,2023-11-27 01:25:54,desktop,7.13,9
591,2387,2023-05-25 13:45:49,desktop,8.01,5
592,1330,2024-10-20 03:59:26,tablet,3.32,2
593,1444,2024-11-06 17:12:40,mobile,9.78,6
594,437,2024-01-24 11:10:31,mobile,12.7,2
595,696,2024-01-04 13:46:59,desktop,13.06,1
596,2295,2023-10-09 12:30:49,desktop,13.58,5
597,108,2024-07-24 15:59:11,mobile,4.22,4
598,997,2023-01-24 23:37:38,tablet,9.93,4
599,2079,2024-06-15 20:56:45,tablet,0.2,4
600,2214,2024-11-21 10:42:41,desktop,13.99,3
601,2473,2023-10-07 01:17:45,desktop,3.43,4
602,1392,2023-02-08 22:10:12,desktop,11.95,2
603,1824,2024-10-01 19:10:52,desktop,0.2,4
604,1538,2023-12-11 06:24:18,tablet,0.2,7
605,1384,2023-07-01 22:56:43,mobile,14.81,6
606,1348,2023-11-08 19:00:51,mobile,5.17,10
607,740,2023-07-05 12:35:14,tablet,3.62,5
608,1732,2024-05-25 09:33:14,tablet,8.03,6
609,587,2024-05-25 16:27:46,mobile,9.3,3
610,2179,2023-06-13 16:58:04,mobile,9.51,5
611,1205,2023-12-30 12:37:44,mobile,2.0,4
612,384,2024-10-26 08:56:35,tablet,5.91,4
613,951,2024-08-20 08:24:24,tablet,2.08,1
614,2304,2024-10-01 16:25:55,mobile,12.48,1
615,694,2023-10-07 14:04:58,mobile,8.83,5
616,1330,2023-11-10 13:59:28,desktop,6.7,5
617,556,2023-03-26 16:13:37,mobile,10.87,4
618,316,2023-04-23 13:49:54,desktop,9.68,1
619,1566,2023-12-15 11:11:51,mobile,0.83,6
620,2034,2023-03-01 19:34:11,tablet,0.2,10
621,358,2024-01-11 16:39:05,desktop,9.42,9
622,346,2023-11-06 15:47:55,mobile,3.78,8
623,1983,2024-05-10 12:03:44,mobile,7.06,10
624,2416,2024-06-05 04:55:55,tablet,1.8,3
625,643,2023-01-31 07:04:53,tablet,3.26,2
626,1651,2023-09-26 05:44:22,tablet,0.2,6
627,47,2024-02-26 06:15:33,tablet,8.97,5
628,1322,2023-05-26 13:15:36,mobile,7.83,4
629,1738,2023-05-29 10:02:11,tablet,3.0,10
630,252,2023-11-15 16:51:58,mobile,13.84,5
631,85,2024-05-12 04:46:20,mobile,2.13,3
632,130,2023-03-06 15:28:58,mobile,13.11,2
633,1048,2023-12-29 15:15:37,mobile,8.05,4
634,2160,2023-10-05 15:07:41,tablet,5.45,1
635,1384,2023-05-26 12:01:23,desktop,7.82,6
636,198,2023-01-01 00:12:06,tablet,6.43,2
637,2076,2024-07-17 19:36:04,mobile,4.57,3
638,1461,2024-07-06 20:33:32,desktop,8.08,4
639,1072,2023-08-27 03:34:32,tablet,0.2,5
640,2141,2024-10-15 18:12:09,mobile,6.17,3
641,555,2024-07-12 00:02:53,desktop,3.8,2
642,1454,2024-09-06 08:05:39,desktop,1.22,2
643,874,2023-08-30 02:59:49,mobile,4.57,9
644,1880,2023-12-31 17:52:35,desktop,2.08,3
645,145,2024-01-18 04:35:07,desktop,8.07,4
646,1550,2023-06-28 18:39:33,desktop,9.61,6
647,978,2023-08-31 06:45:35,tablet,4.92,1
648,1322,2023-07-24 07:29:06,mobile,5.34,6
649,1441,2024-07-04 23:09:29,tablet,10.34,5
650,27,2024-10-13 16:25:13,desktop,7.05,1
651,573,2023-07-27 10:54:10,mobile,1.14,5
652,1035,2023-12-16 00:34:08,mobile,1.68,6
653,2362,2023-10-14 19:17:33,tablet,4.95,8
654,1072,2024-05-02 00:01:47,desktop,11.45,8
655,713,2023-04-13 15:55:02,desktop,4.01,5
656,1127,2024-11-28 19:05:19,desktop,12.33,1
657,213,2024-06-18 03:38:48,desktop,13.52,1
658,696,2023-09-27 05:29:11,mobile,9.89,4
659,873,2023-06-20 13:59:46,desktop,9.06,8
660,1929,2024-12-03 02:11:17,desktop,5.46,9
661,262,2023-12-19 02:26:39,mobile,0.2,3
662,1591,2023-08-16 12:38:38,mobile,11.51,4
663,1110,2024-10-23 05:31:08,desktop,9.24,1
664,2485,2023-08-01 23:33:26,tablet,2.46,1
665,1952,2024-01-08 19:04:38,tablet,8.38,1
666,189,2024-08-02 08:30:40,tablet,6.34,5
667,1805,2023-02-25 18:20:39,tablet,0.2,2
668,80,2023-07-13 01:40:13,desktop,4.11,4
669,986,2023-07-31 17:46:47,mobile,0.2,5
670,772,2023-08-01 11:10:16,mobile,11.4,1
671,2272,2024-07-19 12:37:23,tablet,4.22,5
672,1995,2024-05-23 07:15:05,desktop,0.2,3
673,1501,2024-07-17 13:24:13,desktop,3.27,1
674,408,2023-10-22 03:11:23,desktop,3.52,5
675,1088,2023-03-15 01:54:22,mobile,3.45,8
676,1327,2023-12-13 12:59:13,tablet,3.5,11
677,1531,2023-06-19 20:01:26,mobile,6.44,1
678,2489,2023-09-17 14:04:24,tablet,1.9,1
679,484,2024-12-04 15:31:54,desktop,7.07,7
680,2275,2023-04-13 03:57:42,tablet,0.2,2
681,2256,2024-07-14 05:27:35,tablet,7.07,6
682,2058,2023-05-23 14:17:38,mobile,8.16,3
683,1521,2023-09-30 13:09:37,desktop,4.1,2
684,2413,2023-07-12 17:15:39,mobile,0.2,4
685,1954,2024-12-09 10:59:18,tablet,6.91,4
686,660,2023-03-05 05:13:31,tablet,4.65,6
687,300,2023-08-13 00:35:12,desktop,2.6,6
688,827,2023-05-04 00:13:52,tablet,6.26,8
689,1623,2024-06-23 09:24:30,mobile,6.12,1
690,2377,2023-09-12 16:40:07,mobile,4.35,2
691,864,2024-09-28 07:26:00,mobile,4.3,7
692,473,2023-12-13 14:36:46,mobile,5.81,5
693,54,2024-07-25 11:46:05,tablet,10.31,10
694,1109,2023-06-14 18:25:06,desktop,2.01,2
695,2484,2024-05-06 19:00:25,tablet,4.82,4
696,1637,2024-04-13 17:37:52,desktop,7.25,3
697,1036,2024-04-01 20:58:01,mobile,10.61,4
698,604,2023-01-06 17:18:56,desktop,5.32,4
699,680,2024-05-06 17:55:34,desktop,2.41,10
700,1850,2023-01-08 03:34:01,mobile,9.39,2
701,1588,2024-03-11 02:37:56,desktop,0.2,6
702,1080,2024-06-04 16:43:04,desktop,3.97,2
703,1169,2023-08-25 03:17:36,tablet,8.23,5
704,276,2024-06-16 03:10:54,tablet,10.35,4
705,2011,2024-11-15 22:46:53,tablet,0.2,3
706,939,2023-01-08 15:14:08,mobile,8.49,4
707,2392,2024-05-28 20:25:35,desktop,0.2,5
708,1791,2023-10-28 06:55:00,tablet,3.93,5
709,332,2023-08-28 11:52:26,tablet,2.09,3
710,382,2024-03-17 09:11:11,tablet,5.29,10
711,192,2023-01-09 00:28:43,tablet,7.38,3
712,1427,2023-12-24 06:01:19,mobile,8.95,4
713,138,2023-09-11 04:44:42,tablet,7.05,11
714,824,2023-08-29 16:24:24,tablet,10.71,5
715,886,2023-11-15 01:16:04,mobile,11.7,6
716,63,2024-08-08 22:56:36,desktop,12.91,1
717,1385,2024-05-21 04:33:43,tablet,5.44,8
718,1257,2024-03-18 18:31:46,mobile,3.96,3
719,1145,2024-04-20 04:35:30,mobile,8.98,5
720,1728,2024-03-10 12:31:45,tablet,12.25,7
721,1986,2024-05-27 23:58:56,desktop,6.24,8
722,774,2023-09-09 05:37:37,tablet,6.3,11
723,221,2023-06-29 02:49:47,tablet,6.83,9
724,2486,2024-10-12 01:38:05,mobile,6.88,7
725,2451,2024-01-08 22:27:16,desktop,2.54,3
726,397,2023-01-23 20:32:03,desktop,7.69,5
727,128,2024-07-30 02:57:39,desktop,8.09,9
728,944,2024-10-07 05:40:06,desktop,0.2,6
729,1810,2023-09-20 18:03:52,desktop,11.44,4
730,2007,2023-06-19 12:01:26,desktop,11.75,10
731,83,2023-03-27 07:46:04,tablet,3.34,10
732,2147,2023-08-28 10:33:19,desktop,9.12,3
733,682,2024-04-25 19:20:42,mobile,5.82,4
734,1981,2023-01-13 20:53:06,tablet,4.87,7
735,2408,2023-07-16 00:04:03,mobile,2.75,3
736,1724,2023-12-10 07:51:44,mobile,2.06,6
737,322,2024-02-04 06:38:57,desktop,3.52,8
738,624,2024-03-19 19:14:25,desktop,8.75,4
739,58,2024-12-23 11:39:51,desktop,3.16,3
740,450,2024-09-15 20:06:16,tablet,6.85,5
741,1335,2023-06-07 01:14:58,desktop,11.87,7
742,1918,2024-12-24 20:22:21,mobile,12.27,1
743,1397,2023-08-29 22:20:17,desktop,0.64,3
744,1658,2023-08-09 06:31:44,tablet,1.03,7
745,1930,2024-08-22 23:24:50,tablet,1.72,4
746,514,2023-09-17 03:39:26,tablet,2.72,2
747,2140,2023-10-20 04:37:39,desktop,2.88,5
748,2486,2024-03-25 13:31:06,tablet,0.2,2
749,1009,2023-06-20 12:36:04,tablet,4.33,8
750,1490,2024-07-31 04:10:55,desktop,4.44,4
751,1547,2023-06-09 04:10:14,tablet,1.33,6
752,418,2024-03-27 23:59:46,desktop,12.11,6
753,1365,2024-05-25 06:32:15,tablet,0.2,5
754,1901,2024-05-14 22:38:37,tablet,9.91,5
755,342,2024-07-30 21:16:28,mobile,3.18,1
756,2380,2024-03-14 21:41:43,desktop,10.57,11
757,1234,2023-05-22 04:22:40,desktop,5.39,5
758,1720,2024-03-09 03:34:25,desktop,9.51,2
759,1459,2023-06-28 18:36:10,mobile,3.87,3
760,2250,2023-07-30 21:33:02,mobile,6.69,7
761,56,2024-12-25 09:02:25,mobile,7.74,1
762,2172,2024-12-08 10:21:21,desktop,4.93,8
763,557,2023-08-21 13:02:05,tablet,6.58,6
764,17,2024-10-05 03:44:03,tablet,0.2,8
765,2476,2024-05-13 10:34:50,mobile,3.83,3
766,2371,2023-07-17 07:51:15,tablet,4.18,3
767,1572,2023-02-04 08:02:23,mobile,4.14,13
768,1647,2023-08-22 22:54:09,mobile,0.2,10
769,253,2023-09-13 08:00:52,mobile,1.84,3
770,88,2024-08-30 02:22:20,desktop,5.13,9
771,2144,2024-03-24 13:11:53,mobile,9.06,1
772,2011,2024-01-19 10:25:08,desktop,5.92,6
773,867,2023-12-31 02:25:43,tablet,5.25,5
774,756,2024-06-11 00:55:29,desktop,10.23,6
775,1044,2024-11-02 12:36:51,desktop,8.02,5
776,267,2023-04-13 02:10:25,tablet,9.45,8
777,2353,2024-01-05 18:13:41,desktop,9.86,1
778,2378,2023-01-18 15:07:28,desktop,6.24,5
779,1522,2024-05-05 18:28:45,desktop,0.21,2
780,346,2024-05-30 08:15:33,mobile,8.73,4
781,1065,2024-04-23 01:28:10,mobile,9.24,6
782,1116,2023-06-03 11:59:13,tablet,12.85,2
783,1245,2023-11-03 18:37:02,mobile,6.46,7
784,1253,2024-10-24 16:27:54,mobile,7.68,10
785,75,2023-03-13 09:45:16,desktop,5.89,5
786,1449,2024-04-08 03:34:36,tablet,4.72,3
787,338,2023-01-26 20:36:12,tablet,2.12,7
788,2435,2024-04-19 00:24:35,tablet,7.11,5
789,2330,2024-05-27 00:13:19,desktop,7.99,3
790,1988,2023-02-07 22:37:33,desktop,10.17,5
791,2249,2023-09-04 12:30:51,desktop,2.8,1
792,1185,2024-04-02 06:04:15,tablet,0.28,3
793,1528,2024-05-20 21:31:25,mobile,5.89,3
794,1224,2023-10-05 15:47:20,tablet,7.43,9
795,2318,2024-10-11 19:13:47,desktop,8.69,5
796,1566,2023-11-26 23:49:32,desktop,0.2,2
797,1475,2024-06-02 19:45:32,tablet,9.72,3
798,1658,2023-01-28 06:35:02,desktop,2.43,2
799,2302,2024-02-06 07:49:27,mobile,9.22,7
800,2084,2023-02-28 11:07:59,mobile,0.2,2
801,1061,2024-03-10 14:32:27,mobile,0.2,8
802,1853,2024-11-22 21:18:55,mobile,4.18,8
803,336,2024-11-25 11:00:36,mobile,6.01,4
804,202,2024-09-15 10:30:26,mobile,5.34,6
805,43,2024-07-31 17:58:22,mobile,9.58,5
806,277,2024-05-31 16:51:22,mobile,8.54,2
807,791,2023-04-14 13:11:26,tablet,4.94,5
808,1052,2024-06-25 06:00:37,mobile,6.15,5
809,1142,2024-03-06 09:22:40,mobile,7.03,3
810,2231,2023-08-01 18:10:22,mobile,0.2,5
811,2363,2024-10-17 20:38:55,desktop,8.98,10
812,1004,2023-12-05 12:10:26,mobile,7.96,2
813,2099,2023-01-28 17:54:15,tablet,0.2,1
814,682,2023-12-20 22:48:47,tablet,6.15,5
815,1133,2023-03-29 06:15:21,desktop,2.91,10
816,177,2023-11-14 08:43:10,mobile,0.37,7
817,363,2024-08-30 02:10:56,tablet,4.22,5
818,1204,2024-07-13 21:59:43,mobile,3.81,1
819,1818,2024-10-01 15:41:53,tablet,0.2,4
820,1257,2023-08-28 22:02:17,desktop,12.37,5
821,304,2023-07-15 21:42:19,desktop,6.5,6
822,1026,2023-08-01 17:12:36,mobile,2.21,11
823,1374,2023-11-09 08:59:50,tablet,5.92,6
824,577,2023-01-07 16:34:33,tablet,3.29,9
825,2100,2023-06-16 23:56:56,tablet,6.86,6
826,456,2024-08-12 17:51:00,tablet,5.88,3
827,1463,2023-08-06 13:06:10,mobile,9.79,10
828,312,2024-04-02 10:23:44,desktop,5.03,6
829,322,2024-06-28 04:40:42,desktop,3.5,8
830,139,2023-11-15 05:44:13,tablet,8.94,7
831,23,2023-09-26 22:08:08,desktop,9.37,5
832,2060,2023-07-23 01:18:03,tablet,0.37,1
833,2129,2024-01-04 17:56:00,tablet,0.2,6
834,1976,2024-03-27 12:12:18,tablet,8.55,3
835,2472,2024-10-27 23:33:36,mobile,7.74,9
836,1642,2024-09-09 11:41:37,tablet,5.05,7
837,1672,2024-09-03 09:41:06,tablet,13.2,2
838,16,2023-03-26 14:04:17,mobile,3.01,1
839,809,2024-03-25 10:41:01,tablet,8.56,4
840,1772,2023-09-16 01:25:46,desktop,0.69,7
841,382,2023-11-19 20:49:16,desktop,8.39,6
842,1275,2023-05-19 08:39:40,desktop,7.57,2
843,2314,2024-03-03 01:31:08,tablet,8.73,14
844,2248,2024-10-18 16:35:47,desktop,17.19,6
845,2137,2023-06-01 16:07:55,mobile,11.57,1
846,729,2024-08-17 13:49:15,tablet,6.88,6
847,2063,2024-10-05 12:06:43,tablet,0.2,1
848,879,2023-01-21 16:19:25,desktop,7.57,2
849,1874,2023-04-02 03:02:00,mobile,6.55,1
850,1026,2024-10-20 21:29:40,mobile,6.17,7
851,290,2024-07-21 09:25:19,mobile,12.11,2
852,1926,2024-05-29 11:58:58,mobile,9.85,5
853,1269,2024-05-07 18:43:09,tablet,12.13,10
854,1505,2023-09-24 14:03:56,desktop,3.64,3
855,697,2023-09-07 15:15:38,tablet,8.3,8
856,2137,2023-10-27 18:28:31,mobile,8.75,5
857,1492,2024-10-26 11:58:36,desktop,3.15,3
858,718,2023-05-13 22:46:31,tablet,9.37,1
859,1502,2024-08-22 19:20:15,mobile,2.71,5
860,1828,2023-05-12 22:26:17,tablet,2.14,4
861,1802,2023-10-04 01:33:27,tablet,4.1,7
862,1230,2023-09-13 17:49:44,desktop,9.92,10
863,2257,2024-11-21 01:27:25,desktop,15.13,3
864,306,2023-06-03 19:34:31,mobile,0.2,1
865,2158,2024-02-13 05:55:28,desktop,11.82,9
866,414,2024-11-29 15:44:38,desktop,0.92,4
867,2303,2023-12-03 21:14:29,mobile,5.87,7
868,875,2023-06-14 19:19:54,mobile,6.41,5
869,18,2024-04-19 14:06:36,mobile,6.12,3
870,1372,2023-10-12 09:30:28,tablet,4.76,1
871,1387,2024-09-28 11:04:16,desktop,0.2,4
872,1475,2024-08-28 18:05:28,tablet,12.59,5
873,43,2023-06-28 11:04:58,tablet,9.42,2
874,1854,2023-08-26 12:32:10,desktop,2.32,9
875,1609,2023-08-27 11:18:53,desktop,2.97,2
876,1526,2024-01-01 04:30:04,desktop,0.72,1
877,184,2023-01-21 09:02:04,mobile,5.81,4
878,829,2024-07-16 06:57:34,desktop,5.84,4
879,2291,2024-07-09 12:32:18,desktop,0.49,1
880,1258,2024-08-22 10:23:13,tablet,14.03,2
881,194,2023-10-23 11:08:10,mobile,8.97,4
882,2494,2023-04-13 08:42:24,desktop,2.43,6
883,491,2023-09-01 09:16:39,desktop,1.88,5
884,1510,2023-04-24 01:14:01,desktop,7.33,5
885,171,2023-04-20 10:16:48,mobile,6.14,1
886,796,2024-02-23 13:02:06,mobile,8.18,5
887,2315,2024-01-12 10:27:22,tablet,6.79,10
888,1238,2023-03-08 06:56:51,tablet,7.77,3
889,1396,2024-08-29 08:46:40,mobile,0.2,1
890,2235,2023-11-10 08:16:47,desktop,8.53,1
891,2072,2023-05-31 13:20:11,desktop,5.45,2
892,183,2023-02-17 07:41:36,mobile,11.68,3
893,140,2024-05-14 15:37:06,desktop,5.96,10
894,1763,2024-11-17 19:49:52,desktop,2.43,3
895,2171,2024-12-12 01:10:49,mobile,3.09,3
896,657,2023-07-19 19:49:16,tablet,0.2,11
897,568,2023-05-08 14:55:53,desktop,4.14,3
898,1985,2024-04-01 02:48:51,mobile,5.59,4
899,570,2024-12-23 09:08:00,mobile,10.92,4
900,137,2024-10-30 02:58:18,tablet,8.79,6
901,1945,2023-03-03 07:35:41,desktop,9.42,4
902,348,2024-01-13 15:20:30,tablet,7.04,1
903,1187,2023-04-06 11:26:50,mobile,2.07,3
904,2401,2024-04-21 10:37:27,tablet,11.1,2
905,1370,2023-11-21 20:35:30,tablet,3.43,1
906,1716,2023-06-10 19:04:32,mobile,0.2,1
907,1990,2024-01-31 14:47:55,desktop,10.66,12
908,1736,2024-11-13 16:56:34,tablet,9.95,3
909,1105,2024-01-17 07:02:22,mobile,9.47,2
910,966,2024-10-30 07:35:41,mobile,7.13,1
911,460,2023-01-15 02:28:03,mobile,9.26,5
912,127,2024-11-05 09:38:37,tablet,2.54,1
913,1568,2024-06-25 20:04:25,desktop,3.49,1
914,2022,2024-12-27 12:59:38,tablet,6.13,5
915,1303,2024-02-12 15:59:43,desktop,1.58,10
916,437,2023-07-17 06:00:29,tablet,6.82,4
917,2077,2024-10-06 05:13:21,mobile,5.64,1
918,800,2024-02-12 03:52:42,desktop,7.05,5
919,141,2024-08-23 22:27:34,desktop,3.76,5
920,1279,2024-10-02 10:21:14,mobile,2.58,10
921,67,2023-08-24 10:17:22,mobile,6.8,10
922,1452,2024-09-15 11:51:17,mobile,5.98,7
923,2097,2023-01-16 11:24:24,tablet,5.92,2
924,995,2023-10-10 21:07:43,mobile,11.58,7
925,1660,2023-02-04 05:11:30,mobile,3.74,8
926,197,2024-04-27 01:39:54,mobile,7.35,2
927,2203,2024-10-13 01:11:16,mobile,8.56,3
928,2488,2023-01-22 21:37:25,desktop,8.04,1
929,1791,2024-09-21 16:40:14,desktop,3.61,1
930,533,2023-12-30 13:22:05,tablet,9.16,1
931,200,2023-01-14 05:56:22,mobile,0.2,4
932,792,2024-02-05 04:59:08,tablet,4.08,6
933,106,2024-03-26 17:26:22,desktop,3.44,1
934,987,2024-01-26 07:27:31,desktop,0.45,7
935,65,2024-01-03 14:59:40,tablet,7.63,10
936,1896,2024-01-07 18:05:51,desktop,2.16,6
937,700,2024-05-01 21:33:40,mobile,11.31,9
938,1895,2024-12-08 22:03:34,desktop,3.6,5
939,1841,2023-07-04 05:02:10,desktop,7.35,3
940,1596,2024-11-03 11:42:04,tablet,6.46,5
941,570,2023-09-12 09:13:27,desktop,12.31,6
942,1420,2024-11-14 12:29:07,desktop,10.24,4
943,713,2024-01-22 05:20:12,mobile,2.81,11
944,406,2024-12-05 18:24:45,desktop,8.23,4
945,2150,2023-08-02 22:24:50,mobile,0.2,6
946,1303,2024-06-23 12:45:13,tablet,4.69,9
947,1756,2024-07-23 12:08:21,desktop,6.45,7
948,496,2024-11-30 17:26:25,tablet,9.75,9
949,674,2023-06-13 15:01:17,mobile,4.36,3
950,1026,2023-04-12 19:22:15,desktop,12.23,1
951,2329,2023-09-23 20:04:12,desktop,7.53,7
952,417,2023-03-24 10:19:00,desktop,11.1,2
953,648,2024-01-18 02:32:40,tablet,4.22,1
954,520,2024-06-26 20:04:03,desktop,13.48,3
955,1855,2023-04-06 13:18:17,tablet,3.47,7
956,1904,2024-09-15 19:39:37,tablet,8.49,4
957,1670,2023-11-21 02:16:29,tablet,4.79,4
958,2399,2023-06-06 18:56:57,tablet,6.08,6
959,839,2024-12-04 17:35:09,mobile,7.95,3
960,2022,2023-01-28 17:38:13,mobile,8.12,7
961,12,2024-04-28 13:26:44,mobile,4.18,2
962,1218,2024-06-22 12:34:39,desktop,11.61,4
963,1453,2024-12-12 07:16:27,mobile,12.28,6
964,805,2023-12-11 16:16:58,tablet,16.62,1
965,59,2024-12-09 00:08:57,tablet,6.53,4
966,276,2023-12-18 23:06:45,desktop,7.72,7
967,2311,2024-07-06 02:39:35,mobile,5.28,4
968,2496,2024-03-05 16:30:55,mobile,3.24,4
969,1431,2024-07-26 17:48:57,desktop,4.4,4
970,2258,2024-01-11 23:55:05,mobile,7.11,4
971,2494,2024-07-22 18:15:00,mobile,3.77,2
972,1983,2024-08-03 20:18:26,tablet,10.3,5
973,1658,2023-02-05 20:48:25,desktop,4.71,7
974,2065,2024-09-30 21:54:30,tablet,3.95,6
975,733,2024-07-18 08:50:49,desktop,3.11,1
976,1895,2024-12-09 21:32:05,desktop,3.87,5
977,393,2023-08-28 21:04:56,mobile,0.53,13
978,827,2024-01-19 13:45:07,tablet,6.74,10
979,165,2024-08-24 12:11:50,mobile,3.96,3
980,1477,2024-05-02 06:04:56,tablet,5.82,3
981,531,2023-02-26 18:43:52,tablet,4.61,1
982,2044,2024-10-18 13:03:01,tablet,0.91,2
983,554,2024-04-07 10:23:04,desktop,4.81,8
984,1381,2023-12-31 07:37:52,mobile,8.31,5
985,758,2024-07-31 16:39:51,mobile,14.87,4
986,711,2023-12-23 22:00:58,desktop,10.92,4
987,1178,2023-07-29 03:51:51,tablet,4.56,1
988,2139,2024-06-12 07:56:43,mobile,1.33,5
989,1902,2024-07-07 03:16:36,tablet,7.53,5
990,2279,2023-03-03 14:34:54,tablet,8.43,2
991,531,2024-03-13 12:22:31,mobile,5.59,5
992,31,2023-05-10 23:38:30,desktop,5.32,8
993,2004,2024-07-07 20:17:09,mobile,4.67,8
994,1331,2024-03-10 20:26:35,mobile,4.14,7
995,1788,2023-10-16 19:35:04,mobile,6.56,1
996,2047,2024-05-23 05:04:29,desktop,14.91,6
997,1230,2023-12-26 23:30:05,tablet,9.59,3
998,687,2024-02-26 07:26:12,desktop,11.32,1
999,1737,2023-02-14 21:10:59,mobile,5.15,4
1000,2013,2024-04-17 17:37:05,mobile,0.2,8
1001,1241,2023-09-19 17:06:35,tablet,2.44,1
1002,853,2024-08-11 12:29:46,mobile,0.2,10
1003,1833,2024-04-10 21:06:08,desktop,0.2,2
1004,1073,2024-12-04 08:06:07,tablet,3.58,7
1005,1058,2024-02-18 01:48:54,tablet,15.22,5
1006,1224,2024-08-13 20:18:40,desktop,4.04,10
1007,1314,2024-07-19 17:13:29,mobile,6.03,4
1008,1829,2023-06-25 01:12:58,desktop,11.28,1
1009,39,2023-09-26 07:44:36,desktop,3.55,4
1010,245,2024-05-01 11:01:18,desktop,8.61,4
1011,1245,2024-05-17 00:35:33,desktop,8.46,4
1012,105,2024-06-03 11:16:57,desktop,3.83,2
1013,1379,2024-03-31 09:17:45,mobile,0.2,3
1014,2272,2023-10-02 05:35:19,mobile,9.16,1
1015,2377,2024-05-21 15:25:35,tablet,7.11,7
1016,1723,2023-10-02 10:37:38,desktop,0.2,4
1017,721,2024-06-17 20:02:50,tablet,3.17,10
1018,1898,2023-07-19 09:24:08,desktop,6.12,10
1019,183,2023-10-27 17:35:09,desktop,14.1,3
1020,1091,2024-01-24 04:58:00,desktop,0.2,2
1021,1592,2024-12-09 21:23:54,tablet,7.06,1
1022,1049,2023-11-24 23:06:53,tablet,10.81,5
1023,765,2023-11-28 00:29:27,mobile,3.83,1
1024,1880,2024-10-13 21:53:37,mobile,6.86,3
1025,1320,2024-06-16 20:24:29,desktop,12.36,3
1026,762,2023-12-03 14:03:50,tablet,10.88,5
1027,1498,2023-12-24 03:09:30,mobile,3.51,9
1028,832,2023-05-07 08:21:19,tablet,7.43,2
1029,381,2024-08-10 20:02:04,tablet,1.64,1
1030,1908,2024-04-14 18:41:13,tablet,5.98,6
1031,1498,2024-08-14 11:52:52,desktop,6.05,7
1032,1415,2023-12-12 02:00:37,desktop,2.63,8
1033,728,2024-01-25 06:55:33,mobile,3.41,6
1034,1362,2023-03-15 22:36:30,desktop,17.55,3
1035,1257,2024-09-01 22:09:07,mobile,9.75,4
1036,1914,2023-02-05 18:32:00,tablet,9.3,7
1037,1075,2024-02-18 03:15:57,mobile,8.79,2
1038,682,2024-11-30 18:57:12,mobile,10.43,13
1039,1340,2024-09-11 21:38:45,desktop,3.25,1
1040,1059,2024-06-14 13:06:13,mobile,7.04,4
1041,2354,2023-10-14 22:42:29,mobile,5.81,4
1042,87,2023-01-16 21:53:32,desktop,0.65,7
1043,1498,2023-09-08 23:58:41,tablet,9.62,3
1044,1829,2023-12-26 00:33:52,mobile,0.75,2
1045,517,2023-10-20 21:49:23,mobile,8.04,8
1046,1920,2023-08-08 04:20:21,desktop,0.2,6
1047,624,2024-09-29 09:54:52,mobile,11.56,4
1048,627,2023-11-27 13:32:15,desktop,6.29,6
1049,2473,2023-01-29 19:28:46,tablet,6.36,4
1050,509,2024-07-08 13:33:11,mobile,3.36,1
1051,1066,2023-12-22 01:50:58,mobile,8.07,4
1052,1053,2023-12-08 08:42:43,tablet,3.74,1
1053,775,2023-08-08 20:35:43,tablet,6.47,9
1054,2403,2024-08-07 18:25:29,desktop,5.69,1
1055,1578,2023-03-13 00:27:26,tablet,5.46,5
1056,2491,2023-01-20 20:33:38,desktop,7.21,5
1057,1223,2024-10-22 13:06:23,desktop,0.23,6
1058,1776,2024-05-24 22:59:15,tablet,9.37,3
1059,1269,2023-01-19 11:54:08,mobile,9.02,5
1060,1182,2024-01-09 23:16:26,mobile,0.2,3
1061,1898,2023-03-17 09:30:40,desktop,5.53,1
1062,1246,2024-03-15 22:19:01,desktop,10.06,5
1063,313,2024-09-02 02:25:51,tablet,3.86,1
1064,1789,2023-09-16 14:52:49,mobile,6.12,5
1065,103,2024-05-25 20:21:33,desktop,0.2,7
1066,2498,2024-12-26 04:18:54,desktop,5.45,10
1067,1403,2023-03-29 07:58:24,tablet,5.41,7
1068,634,2024-10-05 04:21:03,desktop,8.79,1
1069,25,2023-02-14 04:57:52,tablet,6.07,3
1070,537,2024-10-20 12:58:29,desktop,0.2,10
1071,809,2024-04-16 02:20:11,tablet,9.6,4
1072,278,2024-01-31 18:55:16,tablet,0.2,5
1073,123,2024-08-25 01:24:48,mobile,4.41,6
1074,1977,2024-08-29 20:13:36,mobile,2.61,1
1075,1763,2024-03-28 04:46:14,mobile,4.45,7
1076,734,2024-09-02 11:35:29,mobile,10.52,5
1077,1856,2024-02-29 22:38:23,mobile,4.01,3
1078,558,2023-09-12 18:08:37,desktop,5.68,6
1079,321,2024-08-06 00:09:23,desktop,14.45,8
1080,824,2023-09-30 05:42:35,mobile,8.1,1
1081,1229,2023-05-09 18:11:17,mobile,7.35,6
1082,2444,2023-04-15 06:34:11,desktop,7.31,6
1083,2056,2024-11-26 19:58:36,desktop,6.85,4
1084,121,2024-01-04 21:52:07,tablet,16.23,6
1085,2047,2024-12-07 18:23:19,tablet,5.72,2
1086,2093,2024-02-16 22:59:43,tablet,7.44,6
1087,796,2023-01-18 23:10:28,mobile,0.2,5
1088,2272,2023-06-18 12:01:06,tablet,10.83,6
1089,2219,2023-05-23 21:37:39,desktop,3.45,1
1090,276,2023-09-18 08:47:44,tablet,3.19,7
1091,962,2023-05-17 09:38:31,tablet,2.42,4
1092,1807,2024-02-29 07:18:16,desktop,0.2,6
1093,145,2024-03-03 14:48:01,tablet,2.63,4
1094,1884,2024-06-19 09:35:47,desktop,0.41,2
1095,383,2024-02-15 02:17:42,tablet,4.8,8
1096,409,2023-07-01 14:54:36,tablet,15.51,1
1097,856,2024-11-04 14:37:16,mobile,0.2,5
1098,2428,2024-05-23 01:50:27,desktop,6.35,1
1099,359,2023-12-09 03:59:16,desktop,1.28,9
1100,2354,2024-05-23 12:38:04,mobile,3.1,8
1101,1303,2024-04-04 07:20:06,desktop,4.24,10
1102,335,2023-05-06 18:21:53,mobile,14.8,4
1103,1172,2024-10-02 11:42:31,mobile,1.3,3
1104,1459,2024-04-02 05:25:11,mobile,6.86,3
1105,2192,2024-09-08 09:24:37,desktop,9.69,11
1106,974,2023-11-25 10:26:06,desktop,4.41,3
1107,1380,2023-08-31 18:50:47,mobile,9.1,5
1108,409,2024-09-05 17:03:32,mobile,6.06,3
1109,738,2024-02-22 06:24:46,mobile,2.84,12
1110,567,2024-04-29 10:12:23,mobile,11.53,1
1111,2330,2024-10-13 13:39:59,tablet,4.11,7
1112,2454,2024-12-09 09:36:47,desktop,13.44,5
1113,2357,2023-02-24 20:52:23,mobile,6.92,5
1114,1586,2024-05-19 19:28:49,desktop,8.78,1
1115,2015,2023-12-10 06:31:19,desktop,3.18,1
1116,2015,2023-06-20 05:58:10,desktop,4.1,1
1117,798,2023-03-17 14:58:08,mobile,3.11,1
1118,1905,2024-11-28 04:51:26,tablet,8.29,2
1119,433,2024-11-13 03:34:02,desktop,5.16,8
1120,1923,2023-02-21 11:45:03,desktop,6.26,4
1121,1278,2023-03-08 18:35:25,mobile,7.95,1
1122,876,2023-01-31 15:26:50,desktop,7.0,4
1123,1922,2024-09-25 08:59:00,mobile,8.44,1
1124,1751,2023-02-28 22:09:21,desktop,2.58,7
1125,86,2024-03-03 22:18:49,mobile,4.3,3
1126,365,2023-11-12 12:30:50,tablet,8.06,5
1127,1449,2023-11-17 03:46:15,desktop,7.58,4
1128,1601,2024-03-18 00:37:41,tablet,6.98,8
1129,2192,2024-08-10 04:54:35,mobile,7.6,4
1130,1718,2024-09-27 22:16:14,desktop,14.02,4
1131,1455,2023-10-09 07:16:53,mobile,12.78,7
1132,1069,2023-11-10 15:58:23,mobile,8.25,7
1133,2287,2024-08-03 11:59:38,desktop,7.88,9
1134,1570,2024-11-17 00:24:40,desktop,11.7,6
1135,1932,2024-09-09 19:54:54,desktop,5.51,6
1136,54,2024-11-05 00:15:32,desktop,2.57,1
1137,2352,2023-06-10 03:27:48,desktop,7.88,6
1138,1392,2023-02-06 01:44:24,mobile,6.79,9
1139,1806,2024-06-30 10:07:55,mobile,2.42,8
1140,2343,2023-06-06 01:13:22,desktop,3.51,5
1141,1444,2023-09-03 14:03:05,desktop,9.6,8
1142,519,2023-12-30 13:39:10,desktop,1.33,2
1143,1945,2024-03-09 16:23:43,mobile,4.7,1
1144,2191,2024-01-08 22:06:57,desktop,13.83,1
1145,841,2023-08-21 22:41:42,tablet,8.88,1
1146,1146,2023-12-16 19:15:04,tablet,0.2,5
1147,1522,2023-09-29 19:03:23,desktop,0.61,8
1148,335,2023-04-30 11:16:13,tablet,1.34,1
1149,1266,2024-02-18 15:00:25,mobile,7.92,4
1150,1937,2024-05-29 16:57:28,tablet,6.13,4
1151,2082,2024-10-20 18:42:06,tablet,10.01,3
1152,1807,2024-05-26 03:13:17,tablet,7.25,5
1153,2489,2024-11-16 14:37:01,mobile,0.2,4
1154,372,2023-11-26 22:00:46,mobile,2.36,9
1155,1137,2024-04-06 15:56:32,desktop,4.38,7
1156,2123,2023-08-24 12:52:58,mobile,3.18,5
1157,463,2023-04-18 16:04:08,mobile,5.67,4
1158,855,2023-11-10 09:35:13,mobile,8.22,2
1159,825,2023-05-29 07:54:59,mobile,10.74,13
1160,1989,2024-12-15 23:14:53,mobile,4.59,6
1161,964,2024-01-05 08:55:30,mobile,7.32,8
1162,1980,2024-07-21 11:53:55,desktop,4.14,3
1163,84,2024-06-25 01:51:23,desktop,8.87,8
1164,957,2024-08-01 03:50:02,mobile,12.56,1
1165,356,2023-12-07 17:55:39,tablet,12.37,5
1166,1967,2023-05-06 07:31:11,mobile,5.04,3
1167,914,2023-01-08 02:33:00,mobile,0.2,1
1168,820,2023-09-28 19:35:50,tablet,4.53,4
1169,4,2024-06-12 07:39:22,tablet,1.31,3
1170,696,2023-02-05 20:39:34,mobile,5.58,6
1171,1883,2024-03-17 14:28:00,tablet,8.56,4
1172,475,2024-10-10 02:21:50,desktop,10.05,1
1173,176,2023-06-11 03:22:59,desktop,2.64,6
1174,2212,2024-05-24 00:12:55,mobile,8.6,1
1175,2297,2024-01-11 23:01:40,mobile,8.76,2
1176,1849,2023-10-17 00:29:11,tablet,0.2,6
1177,678,2023-05-07 04:58:52,desktop,3.29,5
1178,1860,2023-05-06 00:29:00,desktop,6.4,11
1179,2425,2024-09-02 02:00:29,mobile,7.66,1
1180,1853,2024-04-01 11:25:51,tablet,2.59,8
1181,271,2023-05-23 23:23:01,mobile,4.49,6
1182,2309,2024-09-24 10:09:33,mobile,5.91,3
1183,1016,2024-10-16 11:31:16,tablet,11.36,3
1184,269,2024-12-07 10:10:26,tablet,9.06,4
1185,235,2024-05-08 13:32:45,tablet,13.21,2
1186,333,2023-12-06 01:14:17,tablet,4.96,4
1187,2310,2023-02-26 06:12:50,tablet,9.4,1
1188,369,2024-05-02 04:16:59,desktop,1.91,2
1189,996,2024-09-10 08:34:34,tablet,10.14,4
1190,1596,2024-03-06 20:33:07,tablet,3.96,5
1191,1711,2023-02-02 11:52:31,desktop,6.72,5
1192,39,2023-01-23 02:33:53,desktop,8.94,6
1193,1920,2024-03-23 18:25:42,tablet,3.11,2
1194,1922,2024-09-29 01:11:31,tablet,4.67,3
1195,767,2024-08-25 01:01:55,desktop,4.81,4
1196,106,2023-02-16 13:28:46,tablet,0.81,5
1197,109,2023-08-18 21:30:26,tablet,10.45,8
1198,273,2023-11-19 13:32:38,desktop,1.17,5
1199,2496,2023-07-01 06:36:21,mobile,7.58,3
1200,447,2023-04-02 08:41:24,desktop,8.57,6
1201,118,2023-07-11 12:08:16,mobile,1.49,6
1202,1284,2024-06-21 18:52:28,mobile,5.42,2
1203,282,2024-09-28 02:49:13,tablet,3.94,1
1204,2377,2023-05-06 11:00:55,mobile,14.39,7
1205,2414,2024-02-24 09:43:07,desktop,10.05,9
1206,2199,2024-07-28 05:21:57,tablet,10.91,4
1207,1919,2023-03-03 23:49:51,mobile,4.97,4
1208,2417,2023-08-04 18:33:46,tablet,7.39,7
1209,2247,2023-06-15 07:33:56,tablet,7.02,9
1210,1270,2024-03-09 03:41:08,mobile,8.28,2
1211,1148,2024-02-19 14:09:51,mobile,6.27,5
1212,2168,2024-05-04 18:04:15,mobile,5.23,8
1213,2006,2024-01-19 12:40:49,desktop,0.2,6
1214,1515,2023-08-29 09:54:51,desktop,6.44,4
1215,2074,2024-06-12 02:56:20,desktop,4.46,6
1216,1784,2023-02-13 17:57:33,desktop,14.09,5
1217,245,2023-10-19 07:36:55,tablet,4.4,5
1218,1630,2023-10-23 05:22:53,tablet,9.54,3
1219,2473,2024-11-11 01:35:50,desktop,2.68,3
1220,1003,2024-04-26 22:14:06,tablet,0.4,1
1221,1380,2024-08-21 09:03:19,tablet,3.41,7
1222,534,2023-05-22 18:27:04,mobile,7.95,5
1223,4,2024-11-08 16:56:18,desktop,2.85,10
1224,65,2023-07-04 15:16:42,mobile,9.64,5
1225,696,2024-03-01 05:40:38,desktop,7.34,8
1226,1344,2023-11-11 22:05:16,desktop,0.91,4
1227,450,2023-07-04 22:13:24,mobile,8.47,8
1228,1527,2023-09-09 11:08:27,mobile,7.25,7
1229,835,2024-07-25 09:25:10,desktop,6.94,2
1230,2143,2023-05-18 01:12:14,desktop,9.32,4
1231,1894,2024-03-28 22:29:13,desktop,9.89,1
1232,1757,2024-01-22 03:01:02,mobile,4.03,7
1233,1312,2023-03-23 00:36:54,mobile,6.27,2
1234,622,2024-02-05 09:01:36,tablet,10.16,1
1235,2037,2024-03-14 11:28:10,tablet,10.97,9
1236,1421,2023-02-10 07:03:18,mobile,13.61,6
1237,930,2024-06-16 05:57:00,tablet,7.42,4
1238,2281,2023-08-25 14:25:07,tablet,8.27,8
1239,1238,2024-05-18 22:11:36,tablet,2.74,1
1240,1428,2024-07-15 07:39:05,desktop,0.2,4
1241,967,2024-08-16 03:03:08,desktop,7.41,4
1242,2457,2023-10-18 22:11:52,tablet,6.91,3
1243,946,2024-06-20 13:32:51,tablet,10.37,4
1244,2326,2024-09-10 23:37:21,desktop,16.54,8
1245,1867,2023-10-11 16:15:15,tablet,0.88,6
1246,1401,2024-02-16 01:44:18,desktop,6.74,1
1247,321,2024-03-06 15:19:44,tablet,10.69,8
1248,120,2024-10-17 12:08:40,desktop,11.57,2
1249,1664,2023-11-06 05:43:19,mobile,1.4,1
1250,447,2024-03-21 06:00:05,desktop,4.83,9
1251,465,2024-09-06 11:15:20,mobile,0.2,4
1252,2148,2023-08-11 18:59:47,desktop,8.77,2
1253,1225,2023-08-12 15:34:52,mobile,7.73,4
1254,40,2023-02-03 12:22:39,desktop,0.2,7
1255,145,2023-04-18 23:40:36,tablet,8.15,5
1256,469,2024-09-17 13:49:10,desktop,7.07,9
1257,1426,2023-06-10 20:42:02,desktop,7.65,1
1258,713,2024-02-18 08:31:33,tablet,0.2,3
1259,1482,2024-10-26 00:42:30,tablet,3.34,3
1260,530,2023-07-17 17:53:53,desktop,13.68,4
1261,1897,2023-01-24 23:29:52,tablet,0.2,10
1262,1351,2023-04-16 17:46:00,tablet,4.92,1
1263,1935,2023-06-09 13:39:20,mobile,3.43,4
1264,78,2024-10-10 22:20:35,tablet,4.86,1
1265,290,2024-08-05 09:54:03,desktop,9.29,4
1266,1052,2024-03-01 20:44:48,tablet,4.45,12
1267,966,2023-06-26 23:09:50,desktop,11.76,10
1268,2411,2023-02-16 03:34:47,tablet,1.56,2
1269,298,2023-03-10 17:04:59,tablet,4.93,3
1270,1823,2024-11-27 03:00:01,desktop,9.92,3
1271,1473,2023-04-18 11:40:15,mobile,7.87,1
1272,1214,2024-02-10 11:45:16,mobile,9.75,6
1273,947,2023-08-12 21:15:08,mobile,2.56,1
1274,2021,2024-03-09 15:40:20,tablet,4.18,10
1275,54,2024-05-10 15:01:44,mobile,6.16,2
1276,1291,2024-06-26 10:12:36,desktop,7.26,8
1277,93,2024-07-04 17:03:31,tablet,5.67,5
1278,1165,2023-04-07 19:50:34,mobile,8.5,1
1279,2448,2023-06-06 22:57:53,desktop,11.51,4
1280,2155,2023-11-17 08:43:05,desktop,2.99,5
1281,165,2023-05-28 20:09:17,mobile,8.65,3
1282,1638,2023-02-22 23:43:15,desktop,8.24,4
1283,887,2023-08-14 16:57:14,mobile,8.34,4
1284,1950,2024-07-20 22:34:08,mobile,6.15,5
1285,2371,2023-02-13 18:16:42,tablet,3.15,4
1286,2183,2024-09-10 17:30:19,tablet,4.88,3
1287,582,2024-08-14 21:34:47,tablet,0.2,1
1288,1680,2024-02-13 13:27:28,mobile,12.06,5
1289,1247,2024-08-11 22:21:19,mobile,5.45,9
1290,977,2024-07-16 00:17:01,tablet,7.03,4
1291,2141,2023-05-18 01:27:46,desktop,7.26,5
1292,14,2023-11-05 10:45:47,mobile,0.2,4
1293,678,2024-09-15 11:32:23,mobile,12.26,1
1294,2066,2024-08-26 13:06:02,mobile,9.55,8
1295,578,2023-01-01 03:01:22,tablet,9.32,5
1296,127,2024-10-08 09:17:30,mobile,5.36,8
1297,851,2023-02-25 13:53:35,tablet,5.06,2
1298,2464,2023-11-03 10:27:05,mobile,4.68,1
1299,1130,2023-01-29 21:48:15,mobile,6.75,7
1300,400,2023-10-12 08:09:03,desktop,8.4,1
1301,1376,2024-07-09 11:06:33,tablet,1.59,6
1302,1272,2024-02-26 08:22:15,desktop,4.49,7
1303,2063,2023-12-24 04:29:21,tablet,13.46,4
1304,61,2023-07-28 06:15:53,desktop,2.19,3
1305,968,2023-11-07 12:14:44,tablet,0.2,3
1306,2224,2024-01-23 17:22:09,mobile,1.45,8
1307,1250,2023-05-20 23:29:50,mobile,3.49,5
1308,775,2024-12-25 04:25:01,desktop,6.84,4
1309,1930,2023-04-30 23:03:14,desktop,9.92,10
1310,603,2024-06-24 21:58:23,tablet,13.03,4
1311,261,2024-04-22 15:44:50,mobile,7.88,3
1312,1703,2024-03-31 08:33:41,mobile,3.56,3
1313,2236,2024-06-22 17:18:10,mobile,8.68,4
1314,569,2023-01-23 10:40:44,tablet,4.49,7
1315,969,2023-12-06 17:19:03,tablet,6.53,6
1316,2024,2024-01-24 11:02:36,tablet,6.21,8
1317,291,2024-08-01 16:15:20,mobile,3.12,2
1318,1877,2023-04-02 10:08:57,mobile,8.9,10
1319,2130,2023-01-05 19:10:07,desktop,6.58,3
1320,2297,2023-10-01 06:26:32,desktop,4.63,4
1321,1239,2023-06-04 13:54:07,desktop,2.11,2
1322,740,2024-11-01 18:16:33,tablet,8.61,5
1323,1540,2024-08-11 00:44:04,tablet,5.81,5
1324,1922,2024-07-04 10:11:18,tablet,7.66,6
1325,455,2023-09-14 22:11:31,tablet,8.46,3
1326,898,2023-05-07 16:08:37,desktop,3.3,5
1327,645,2024-03-02 15:14:33,mobile,3.43,4
1328,766,2024-12-12 10:02:14,desktop,1.4,6
1329,1388,2024-05-24 23:15:37,tablet,4.73,10
1330,530,2024-10-30 06:31:13,mobile,0.2,5
1331,670,2024-04-26 10:09:05,tablet,7.52,6
1332,2318,2024-02-19 16:36:56,desktop,3.79,1
1333,1557,2023-08-18 15:29:36,tablet,4.43,5
1334,1525,2024-08-28 20:29:44,desktop,4.5,2
1335,980,2024-06-06 20:39:12,tablet,0.53,1
1336,2161,2023-07-30 04:18:09,tablet,12.29,2
1337,903,2024-10-10 20:45:03,desktop,11.63,4
1338,2374,2023-05-18 15:25:18,tablet,8.91,7
1339,7,2024-07-11 01:51:16,tablet,12.65,5
1340,2403,2023-01-28 10:44:00,tablet,16.76,5
1341,1112,2024-10-16 14:58:59,mobile,8.31,5
1342,1947,2024-09-25 10:00:58,desktop,4.21,1
1343,2153,2024-04-16 08:02:23,mobile,3.91,4
1344,607,2023-09-23 07:27:45,mobile,4.91,1
1345,1711,2024-06-04 19:51:05,mobile,2.61,3
1346,678,2024-03-27 15:09:36,desktop,4.29,1
1347,219,2024-05-30 01:44:28,mobile,0.58,10
1348,2094,2023-11-08 07:01:57,tablet,6.52,4
1349,998,2024-05-29 02:14:22,tablet,0.2,4
1350,2037,2024-04-30 00:27:46,tablet,4.25,5
1351,1695,2024-01-17 05:13:32,desktop,11.47,4
1352,204,2024-02-23 18:56:15,tablet,5.05,1
1353,436,2024-03-30 10:11:48,tablet,4.06,4
1354,1260,2023-01-19 02:51:03,desktop,8.84,6
1355,1988,2024-07-27 16:14:23,desktop,5.1,1
1356,744,2024-02-03 11:21:47,mobile,9.94,1
1357,1819,2024-05-20 12:12:41,tablet,0.92,8
1358,2284,2023-07-06 08:33:19,desktop,2.29,1
1359,861,2024-09-27 11:03:13,desktop,11.12,1
1360,519,2023-09-29 20:55:04,mobile,14.96,2
1361,1171,2024-09-28 21:16:15,mobile,4.12,7
1362,1537,2023-07-09 20:31:19,tablet,3.21,6
1363,1611,2024-06-14 19:59:51,tablet,2.96,1
1364,542,2024-11-23 11:46:02,mobile,10.35,1
1365,2093,2024-11-25 03:12:44,mobile,0.2,2
1366,1100,2023-01-29 12:21:26,desktop,3.31,8
1367,2148,2024-12-05 23:18:31,mobile,10.21,1
1368,700,2023-08-28 11:52:24,mobile,12.63,7
1369,807,2023-04-14 23:17:26,tablet,6.35,11
1370,13,2024-10-14 10:40:16,tablet,13.35,2
1371,33,2024-12-20 12:19:52,desktop,5.03,7
1372,2424,2023-03-16 02:11:38,tablet,1.93,2
1373,1383,2024-10-26 20:01:42,desktop,10.64,6
1374,671,2023-09-11 11:59:27,desktop,9.97,1
1375,1054,2024-10-01 23:48:12,desktop,6.71,6
1376,315,2023-10-05 07:33:36,desktop,7.67,2
1377,1155,2024-04-27 18:22:19,desktop,3.18,6
1378,1577,2023-10-13 17:47:36,desktop,0.2,7
1379,992,2023-11-19 16:46:01,mobile,5.11,5
1380,2208,2023-07-01 02:43:43,tablet,0.2,5
1381,867,2024-03-22 01:32:50,tablet,6.7,3
1382,216,2024-07-20 19:46:12,mobile,6.63,1
1383,2191,2024-03-25 07:13:06,desktop,1.05,3
1384,1066,2023-10-11 15:44:58,tablet,0.2,5
1385,768,2024-10-27 16:56:02,desktop,6.4,1
1386,590,2023-06-19 03:10:32,desktop,0.2,6
1387,199,2024-07-23 09:37:03,desktop,6.19,5
1388,573,2024-09-10 15:29:13,mobile,0.2,4
1389,984,2024-10-02 16:01:49,tablet,10.88,9
1390,1693,2024-07-02 01:47:41,tablet,7.92,9
1391,1877,2024-04-20 03:33:16,mobile,16.14,8
1392,101,2024-01-07 12:29:47,desktop,5.05,11
1393,1290,2024-05-22 07:17:47,mobile,6.33,7
1394,1752,2023-01-30 05:29:54,desktop,3.36,1
1395,2112,2023-04-23 00:50:53,mobile,6.72,5
1396,1698,2023-10-07 14:50:22,tablet,4.68,1
1397,1001,2023-08-15 22:46:57,tablet,13.6,7
1398,582,2023-03-19 03:49:05,desktop,2.02,4
1399,939,2023-05-30 08:44:39,mobile,14.18,6
1400,1930,2024-01-09 16:33:44,mobile,2.76,8
1401,1441,2024-03-18 22:31:50,desktop,8.44,6
1402,625,2024-11-15 04:23:53,tablet,3.35,5
1403,98,2024-05-08 05:43:43,desktop,3.13,5
1404,646,2023-01-25 06:39:41,mobile,14.2,2
1405,2125,2023-11-16 15:51:27,desktop,5.61,1
1406,1062,2023-09-26 04:26:40,tablet,6.09,1
1407,2369,2024-09-30 22:10:37,mobile,2.53,4
1408,476,2023-06-27 16:59:39,mobile,4.45,3
1409,629,2024-11-23 15:46:03,tablet,4.02,4
1410,786,2024-08-16 09:33:42,tablet,7.77,6
1411,129,2023-07-04 05:11:33,tablet,14.31,6
1412,162,2024-01-31 19:26:03,mobile,10.77,7
1413,806,2024-04-09 15:34:46,tablet,7.14,6
1414,1092,2024-03-19 13:08:43,tablet,3.21,3
1415,1992,2023-09-20 15:49:35,tablet,11.39,3
1416,2463,2024-11-03 15:19:55,desktop,1.2,2
1417,445,2023-09-05 22:11:26,desktop,4.2,6
1418,2366,2024-08-04 14:27:01,desktop,7.95,4
1419,1581,2023-02-21 08:29:06,tablet,11.08,11
1420,427,2023-01-17 08:56:23,mobile,6.07,1
1421,755,2023-12-16 11:20:02,desktop,5.7,9
1422,1904,2024-03-24 07:25:13,tablet,10.86,2
1423,968,2024-01-08 14:11:03,tablet,3.19,3
1424,2395,2023-09-09 01:30:35,tablet,0.32,1
1425,2480,2024-12-29 05:19:14,tablet,4.78,6
1426,1858,2024-09-11 19:03:22,mobile,0.2,1
1427,948,2023-10-29 23:08:58,tablet,1.36,4
1428,2214,2023-11-18 20:30:27,tablet,6.61,5
1429,519,2023-05-01 20:42:02,mobile,13.35,8
1430,1518,2023-09-26 03:05:38,desktop,9.74,3
1431,1634,2024-06-09 15:50:16,mobile,9.85,1
1432,12,2023-05-09 12:21:10,tablet,0.2,3
1433,1681,2024-10-01 05:51:30,mobile,3.8,5
1434,136,2023-04-24 23:04:08,desktop,10.04,1
1435,470,2024-09-05 06:12:20,mobile,0.21,3
1436,678,2023-08-18 17:01:58,tablet,5.99,2
1437,2185,2024-12-01 23:16:05,desktop,11.12,3
1438,2384,2024-07-15 10:13:11,mobile,6.07,9
1439,1673,2024-07-22 23:06:45,mobile,3.86,8
1440,517,2023-03-03 03:09:07,desktop,8.8,11
1441,1149,2023-11-10 16:31:39,mobile,7.51,2
1442,1635,2023-03-30 18:58:29,desktop,1.34,8
1443,2479,2024-11-23 20:31:30,mobile,7.11,4
1444,2176,2023-05-16 15:40:46,desktop,6.79,9
1445,2297,2024-06-15 15:32:31,tablet,6.71,6
1446,2126,2024-01-13 04:50:35,desktop,9.15,7
1447,647,2024-05-25 19:56:02,desktop,0.2,7
1448,1168,2024-05-21 22:28:48,mobile,1.51,4
1449,1784,2023-03-26 05:59:13,mobile,9.14,4
1450,1714,2024-11-12 09:13:14,tablet,14.33,1
1451,980,2024-05-03 12:51:46,desktop,4.35,2
1452,342,2023-06-27 11:08:01,tablet,6.73,6
1453,657,2024-11-01 18:50:28,mobile,6.67,4
1454,1658,2023-08-11 10:52:56,desktop,5.52,3
1455,524,2023-10-02 03:10:28,tablet,6.66,3
1456,74,2024-12-18 06:11:19,desktop,1.09,10
1457,714,2024-03-30 12:52:14,tablet,13.84,5
1458,1938,2024-09-28 03:09:51,mobile,11.39,5
1459,429,2024-06-17 18:10:07,tablet,6.79,1
1460,2210,2023-05-13 07:36:58,tablet,9.33,1
1461,2408,2023-02-15 04:28:29,desktop,6.29,2
1462,958,2023-12-14 14:03:50,desktop,5.53,6
1463,1930,2023-04-27 21:41:46,tablet,3.63,8
1464,509,2023-03-06 13:25:21,desktop,7.84,8
1465,766,2023-03-11 18:13:13,tablet,7.13,2
1466,1410,2023-07-29 22:39:22,desktop,4.02,6
1467,1906,2024-03-06 08:07:43,desktop,6.2,1
1468,2038,2023-03-10 21:17:12,mobile,4.33,2
1469,436,2024-03-24 10:36:44,tablet,8.83,8
1470,1879,2023-02-02 05:12:34,tablet,9.93,9
1471,2411,2023-04-20 04:58:11,desktop,4.48,5
1472,2112,2023-09-27 22:26:56,mobile,11.11,6
1473,1734,2024-04-30 12:13:55,tablet,4.83,6
1474,2119,2023-03-09 06:43:53,mobile,7.17,1
1475,1464,2024-10-15 20:56:00,desktop,11.57,3
1476,876,2024-12-26 20:24:11,tablet,2.71,6
1477,1835,2024-03-15 10:23:30,desktop,4.83,1
1478,1704,2024-11-01 02:44:23,tablet,0.2,5
1479,1929,2024-02-23 07:19:56,desktop,6.16,3
1480,2445,2024-10-09 09:57:48,desktop,4.98,6
1481,2446,2023-10-16 15:42:48,mobile,6.52,7
1482,1913,2023-06-22 23:11:10,desktop,1.58,8
1483,919,2024-12-10 08:14:50,mobile,5.65,3
1484,519,2023-04-18 05:32:55,tablet,7.11,5
1485,266,2023-02-26 15:34:02,tablet,13.84,1
1486,1171,2024-05-15 16:06:18,desktop,4.61,6
1487,1779,2024-03-23 18:58:13,tablet,9.95,10
1488,1048,2024-05-10 03:42:27,desktop,0.2,13
1489,709,2024-02-10 19:49:33,mobile,3.19,1
1490,1511,2024-09-16 12:24:06,desktop,6.18,5
1491,1885,2023-11-16 14:21:07,tablet,12.06,7
1492,1515,2023-06-06 02:51:34,mobile,2.77,6
1493,2066,2023-11-01 17:33:43,mobile,4.36,2
1494,935,2024-06-09 04:42:55,tablet,9.0,4
1495,1389,2024-12-01 05:12:25,desktop,13.98,5
1496,572,2023-10-02 02:39:07,mobile,7.06,9
1497,497,2023-09-30 07:48:43,tablet,7.56,4
1498,279,2024-02-09 22:14:00,mobile,9.23,5
1499,1875,2023-02-24 22:24:48,desktop,1.75,2
1500,1232,2024-09-29 19:26:02,tablet,5.45,6
1501,2485,2023-08-09 03:28:24,mobile,3.74,3
1502,1083,2023-05-11 03:27:52,desktop,0.31,6
1503,2001,2024-11-27 15:34:57,tablet,6.25,8
1504,1441,2023-02-25 19:20:54,desktop,3.69,8
1505,796,2023-07-05 20:33:55,mobile,12.07,8
1506,1469,2024-03-23 07:04:59,mobile,10.21,3
1507,1316,2024-09-01 08:33:15,mobile,3.66,5
1508,1033,2024-07-19 23:25:43,desktop,6.0,3
1509,2358,2023-08-19 07:07:53,desktop,3.75,1
1510,1762,2023-01-07 14:13:45,mobile,9.75,8
1511,2332,2024-09-30 13:04:17,desktop,0.2,8
1512,1056,2023-04-30 06:11:14,desktop,6.0,6
1513,1758,2023-03-07 01:35:03,desktop,8.98,7
1514,1688,2023-02-13 02:07:17,desktop,8.03,6
1515,1979,2023-06-15 09:14:32,desktop,7.96,1
1516,2432,2023-04-13 18:12:03,tablet,0.2,1
1517,1427,2024-07-11 09:27:26,mobile,0.2,6
1518,2022,2024-10-18 16:08:56,tablet,5.08,5
1519,1790,2024-08-30 05:44:14,tablet,6.94,1
1520,265,2024-07-04 10:13:50,mobile,14.72,3
1521,1299,2023-05-15 21:38:52,desktop,1.99,5
1522,1292,2024-08-16 16:34:48,mobile,11.47,7
1523,380,2024-07-21 21:01:03,desktop,3.06,10
1524,2381,2023-05-16 20:58:43,tablet,5.51,6
1525,157,2024-08-03 04:26:08,desktop,6.18,4
1526,742,2024-12-11 16:08:08,desktop,15.88,2
1527,1518,2024-01-20 10:54:42,desktop,2.46,9
1528,1789,2023-12-19 07:24:33,tablet,5.75,11
1529,1780,2024-02-29 01:50:36,tablet,6.63,4
1530,2249,2023-05-11 15:27:54,tablet,10.25,4
1531,679,2023-12-03 04:44:58,mobile,4.6,3
1532,365,2024-03-22 10:11:08,desktop,6.02,4
1533,2495,2024-10-31 12:10:56,tablet,12.42,8
1534,2169,2023-01-10 20:30:09,desktop,8.58,6
1535,1846,2024-09-11 14:21:34,mobile,7.95,8
1536,2100,2024-12-03 09:53:54,desktop,1.47,5
1537,2187,2023-01-20 13:12:26,desktop,4.63,2
1538,1980,2024-06-17 12:07:53,tablet,7.27,3
1539,1248,2024-12-03 23:20:08,tablet,8.34,10
1540,2283,2024-12-12 01:04:48,mobile,1.82,1
1541,250,2023-07-22 10:57:17,mobile,0.2,4
1542,1299,2023-07-16 13:24:10,mobile,12.02,6
1543,420,2024-09-08 12:24:10,desktop,3.52,5
1544,1484,2024-02-24 02:38:16,desktop,0.2,9
1545,2264,2023-05-11 18:03:12,tablet,1.51,4
1546,1122,2024-05-19 20:05:29,desktop,4.92,7
1547,219,2024-11-28 20:19:13,desktop,4.99,2
1548,784,2023-07-03 03:14:05,desktop,7.18,7
1549,1078,2023-07-16 07:47:53,tablet,4.42,1
1550,1108,2023-12-22 11:09:43,mobile,1.01,6
1551,779,2023-05-18 11:27:41,tablet,6.8,9
1552,890,2024-07-17 12:09:00,desktop,8.89,1
1553,1635,2023-08-21 11:49:38,desktop,5.69,4
1554,1080,2023-06-19 08:13:31,desktop,0.2,12
1555,2379,2023-03-01 03:43:02,tablet,4.64,2
1556,2371,2024-08-01 20:35:57,desktop,5.63,6
1557,1303,2023-03-11 13:13:05,desktop,3.46,5
1558,656,2023-05-09 05:16:22,desktop,2.46,4
1559,1760,2024-09-18 17:39:23,mobile,8.92,1
1560,2377,2024-10-26 11:20:28,desktop,0.2,6
1561,2430,2024-10-04 19:00:22,desktop,4.2,6
1562,2326,2023-08-08 00:53:45,desktop,5.64,5
1563,1090,2023-12-24 23:01:51,desktop,0.2,3
1564,451,2024-10-30 01:24:51,mobile,11.56,9
1565,1969,2024-01-15 07:29:49,desktop,6.51,1
1566,1314,2023-01-02 13:54:28,desktop,4.28,5
1567,278,2024-07-13 06:42:43,desktop,0.2,6
1568,2308,2023-06-07 00:33:59,tablet,5.78,4
1569,1029,2024-08-30 16:26:08,mobile,5.44,5
1570,396,2023-07-26 22:46:44,desktop,1.74,3
1571,1426,2024-10-25 22:19:41,mobile,8.65,6
1572,185,2024-09-26 23:44:20,mobile,3.77,6
1573,1983,2024-06-15 23:03:58,tablet,13.34,1
1574,1462,2023-09-05 11:23:03,mobile,6.37,6
1575,1775,2023-04-13 00:12:56,tablet,4.57,3
1576,128,2024-05-30 19:43:07,tablet,4.21,1
1577,108,2024-02-16 18:46:01,desktop,1.64,5
1578,1748,2023-11-18 15:31:41,tablet,6.85,6
1579,2131,2024-07-14 14:11:30,tablet,7.26,4
1580,947,2024-02-14 11:04:05,desktop,9.63,6
1581,1000,2024-01-11 15:34:10,mobile,7.59,2
1582,1477,2024-11-30 18:52:48,tablet,8.8,5
1583,1442,2024-09-24 16:46:51,tablet,2.94,1
1584,2150,2023-09-30 16:03:36,desktop,3.3,4
1585,2332,2024-09-12 18:34:50,tablet,7.31,5
1586,54,2024-10-17 16:49:12,desktop,9.01,1
1587,76,2024-03-21 17:18:36,desktop,8.01,9
1588,80,2023-06-12 11:38:38,mobile,3.05,6
1589,1001,2023-05-28 01:09:33,mobile,3.7,4
1590,24,2023-02-19 09:06:17,mobile,0.58,6
1591,1950,2024-04-12 19:27:37,mobile,0.2,6
1592,1445,2024-11-15 17:56:21,mobile,8.53,6
1593,1253,2023-07-03 17:06:49,mobile,3.86,2
1594,2013,2024-08-17 03:23:02,mobile,8.59,1
1595,108,2023-04-11 11:34:24,desktop,9.65,3
1596,2014,2024-06-19 10:34:56,desktop,7.21,3
1597,774,2024-10-05 03:24:25,desktop,1.94,4
1598,716,2024-10-23 17:43:39,tablet,12.56,2
1599,756,2024-10-31 08:35:12,desktop,4.5,1
1600,2475,2023-08-04 14:21:49,mobile,8.95,1
1601,608,2023-02-16 08:33:33,desktop,0.2,6
1602,486,2023-09-11 14:48:22,tablet,0.61,4
1603,1950,2023-07-31 14:45:47,mobile,6.71,2
1604,1340,2023-02-19 19:31:54,desktop,0.95,2
1605,2340,2023-11-08 11:22:57,tablet,4.88,1
1606,1750,2023-12-27 12:11:07,mobile,8.45,7
1607,1279,2023-01-24 01:28:08,desktop,12.41,7
1608,565,2024-12-29 23:29:29,desktop,1.53,5
1609,537,2024-07-24 19:47:13,tablet,11.52,3
1610,546,2023-05-25 04:34:12,mobile,16.03,3
1611,307,2024-06-20 06:42:08,tablet,2.89,5
1612,2156,2023-03-20 11:42:50,desktop,5.17,3
1613,1020,2024-10-25 10:10:25,desktop,9.54,8
1614,2355,2024-03-05 10:36:30,tablet,5.99,3
1615,1984,2024-01-30 13:07:41,desktop,5.21,6
1616,598,2024-09-05 06:10:55,tablet,10.3,7
1617,1287,2023-05-04 16:56:52,desktop,8.68,8
1618,170,2023-11-21 15:59:51,desktop,3.8,7
1619,486,2024-07-22 04:10:01,desktop,5.21,8
1620,551,2024-04-16 12:40:39,tablet,12.58,2
1621,1708,2023-11-11 04:25:07,desktop,8.1,2
1622,888,2023-10-12 15:36:27,desktop,9.17,1
1623,958,2023-06-16 20:28:44,tablet,6.07,7
1624,2126,2023-07-30 07:38:29,tablet,3.48,8
1625,1070,2024-03-15 08:50:45,tablet,7.47,4
1626,990,2023-11-13 13:10:30,tablet,4.0,6
1627,2484,2024-08-26 10:11:46,tablet,16.08,7
1628,1834,2023-06-11 14:46:56,tablet,10.71,1
1629,1922,2024-12-07 05:05:28,mobile,4.77,7
1630,736,2023-03-27 17:28:01,mobile,5.8,6
1631,2006,2023-03-18 02:42:08,tablet,8.74,3
1632,171,2023-03-04 12:22:22,desktop,7.11,1
1633,648,2024-12-18 16:29:46,tablet,13.43,6
1634,1051,2023-06-18 09:10:27,tablet,11.17,5
1635,1949,2024-11-24 17:53:10,desktop,8.08,7
1636,862,2023-08-26 06:10:40,desktop,4.25,7
1637,2147,2023-08-23 16:02:30,tablet,11.21,1
1638,637,2024-10-24 04:31:20,mobile,1.94,2
1639,1834,2023-10-25 10:52:12,mobile,6.23,1
1640,1382,2023-04-11 17:35:56,tablet,13.38,3
1641,1929,2024-11-16 22:38:47,tablet,0.2,7
1642,990,2024-03-16 11:03:35,tablet,8.02,2
1643,64,2023-10-04 00:26:59,mobile,5.87,8
1644,2317,2024-08-20 23:07:10,tablet,4.29,1
1645,1087,2024-02-24 09:17:42,tablet,2.2,6
1646,618,2023-06-25 02:57:52,desktop,0.2,5
1647,134,2024-11-01 00:26:37,tablet,12.66,1
1648,1812,2023-08-02 03:14:17,mobile,11.64,7
1649,460,2023-01-11 14:41:59,mobile,3.43,5
1650,325,2023-04-06 21:14:04,tablet,5.86,6
1651,382,2024-12-20 17:47:50,tablet,9.44,6
1652,1578,2024-03-03 14:40:05,desktop,4.19,1
1653,1115,2023-01-22 21:47:59,mobile,10.1,4
1654,1992,2023-07-31 04:07:26,mobile,0.2,1
1655,659,2024-05-15 19:14:29,desktop,6.73,6
1656,551,2023-05-25 03:54:39,tablet,6.17,7
1657,653,2023-10-24 06:46:29,desktop,7.61,3
1658,1872,2024-05-21 02:37:06,desktop,6.49,5
1659,921,2024-04-26 05:35:40,desktop,9.48,8
1660,2497,2023-03-18 05:57:29,mobile,12.84,4
1661,2399,2024-01-25 23:22:46,desktop,12.49,5
1662,1040,2024-12-13 20:19:30,desktop,8.0,1
1663,2003,2023-01-03 16:02:52,mobile,5.89,4
1664,1858,2024-10-06 12:27:49,desktop,1.92,8
1665,520,2023-09-30 17:46:13,mobile,4.02,1
1666,1291,2023-12-21 18:11:12,mobile,3.63,9
1667,1693,2023-02-08 13:14:18,tablet,8.28,4
1668,2202,2024-06-14 17:55:37,mobile,4.1,5
1669,2387,2024-05-06 02:16:28,desktop,2.67,6
1670,2217,2023-03-04 19:32:02,tablet,1.14,2
1671,119,2023-04-15 23:27:43,tablet,3.01,4
1672,2492,2024-10-13 23:26:39,mobile,3.48,4
1673,1499,2024-07-23 08:37:17,desktop,5.95,3
1674,1427,2024-09-05 21:33:28,desktop,9.45,3
1675,157,2023-01-04 04:10:06,tablet,1.95,1
1676,173,2023-07-20 08:29:27,tablet,6.44,5
1677,507,2023-08-23 07:56:52,desktop,8.73,2
1678,66,2024-02-08 02:16:03,desktop,11.02,6
1679,2028,2024-05-22 17:13:34,desktop,8.79,1
1680,1448,2024-06-11 04:32:14,mobile,1.11,4
1681,1435,2023-07-23 17:38:46,tablet,7.17,5
1682,1663,2024-04-07 09:06:09,desktop,8.22,9
1683,1581,2023-03-02 12:37:14,tablet,6.43,5
1684,1495,2023-06-27 09:47:36,mobile,3.46,7
1685,1211,2023-02-04 08:53:24,mobile,4.52,8
1686,2418,2023-10-17 12:56:13,mobile,0.75,6
1687,1941,2024-03-18 17:28:54,mobile,13.62,8
1688,1655,2024-11-06 06:24:18,desktop,5.97,4
1689,64,2024-02-18 18:11:36,tablet,7.89,5
1690,2136,2024-02-11 10:48:00,tablet,4.45,8
1691,195,2024-04-06 07:52:09,desktop,16.83,6
1692,70,2024-03-11 08:07:12,mobile,0.71,6
1693,1010,2024-11-14 09:49:57,tablet,10.42,3
1694,2193,2023-07-27 05:34:30,desktop,0.2,2
1695,281,2023-06-26 13:02:22,desktop,6.9,6
1696,764,2023-11-20 16:28:43,tablet,1.47,1
1697,46,2023-05-19 06:55:58,mobile,6.48,10
1698,2424,2024-08-06 19:35:55,tablet,3.01,1
1699,1629,2024-12-18 06:33:47,tablet,6.27,12
1700,1351,2024-10-20 06:43:09,tablet,8.02,5
1701,2203,2023-06-02 16:37:26,tablet,0.2,4
1702,2237,2023-02-27 10:41:09,desktop,2.91,1
1703,577,2023-03-05 22:31:54,mobile,0.2,8
1704,1048,2023-06-03 02:03:07,tablet,6.73,9
1705,1937,2024-12-25 18:23:32,desktop,5.96,1
1706,2069,2023-06-16 06:49:14,desktop,6.74,6
1707,1320,2023-05-13 03:17:17,desktop,4.04,7
1708,898,2024-09-20 09:27:06,desktop,10.51,5
1709,2252,2024-11-21 10:24:58,tablet,0.2,1
1710,865,2024-05-08 07:23:15,desktop,6.42,4
1711,868,2023-06-17 00:03:32,desktop,11.82,6
1712,16,2023-08-06 17:32:56,tablet,10.21,4
1713,821,2024-04-29 20:02:51,tablet,2.17,7
1714,1091,2023-11-25 20:57:56,tablet,2.54,4
1715,1660,2024-06-11 09:02:57,mobile,9.69,4
1716,331,2023-05-09 00:39:01,tablet,6.88,3
1717,2475,2023-02-23 16:38:27,desktop,0.3,1
1718,1693,2023-07-15 10:02:05,mobile,0.2,3
1719,1905,2024-08-05 15:06:16,tablet,8.4,4
1720,157,2024-09-24 01:59:00,mobile,8.42,2
1721,652,2024-03-28 16:54:09,tablet,5.28,4
1722,601,2024-12-07 09:55:04,mobile,10.12,4
1723,580,2024-12-29 05:18:51,mobile,10.24,2
1724,1692,2024-02-24 23:01:04,mobile,0.2,5
1725,1926,2023-04-28 06:00:11,desktop,0.2,7
1726,1183,2024-12-10 22:22:33,tablet,7.4,1
1727,2183,2024-12-16 16:53:29,desktop,2.49,4
1728,781,2023-08-01 10:49:23,mobile,9.06,1
1729,1764,2024-12-31 07:45:14,mobile,0.2,7
1730,2021,2023-07-12 17:12:58,mobile,5.13,4
1731,1844,2024-01-15 06:30:53,desktop,8.09,1
1732,1953,2023-09-24 17:17:00,desktop,2.49,7
1733,2481,2024-04-17 19:03:37,tablet,0.2,1
1734,608,2023-12-13 03:41:20,desktop,11.61,3
1735,1938,2023-11-09 11:25:52,tablet,4.43,2
1736,200,2024-05-07 18:26:34,desktop,4.29,1
1737,1267,2024-06-07 13:41:00,desktop,0.2,6
1738,306,2024-07-20 09:34:48,mobile,12.08,7
1739,2285,2024-06-07 12:41:25,desktop,8.96,4
1740,1346,2024-04-23 17:34:12,mobile,10.0,1
1741,1621,2023-02-14 19:33:11,mobile,0.2,2
1742,1875,2023-03-18 07:53:26,tablet,5.62,4
1743,2095,2023-09-30 07:53:36,tablet,8.96,8
1744,335,2023-07-26 17:39:40,mobile,8.07,2
1745,227,2024-01-09 18:15:18,tablet,0.2,4
1746,1945,2023-11-11 09:59:07,mobile,4.34,7
1747,678,2023-06-05 22:56:49,desktop,0.2,3
1748,772,2024-07-08 18:52:16,mobile,1.03,7
1749,40,2023-10-03 13:55:38,tablet,6.52,10
1750,436,2023-03-11 20:00:52,tablet,8.3,1
1751,1663,2024-01-18 19:00:33,tablet,4.81,1
1752,2036,2023-04-04 04:09:22,mobile,6.29,3
1753,2334,2024-07-23 11:56:43,mobile,7.73,6
1754,1903,2024-08-10 16:22:46,desktop,5.06,3
1755,2387,2024-12-04 10:19:40,mobile,8.68,3
1756,2036,2023-08-23 09:49:11,mobile,3.55,1
1757,2448,2024-08-01 12:05:38,tablet,3.4,4
1758,1257,2023-05-05 12:30:42,tablet,4.66,10
1759,549,2023-04-12 01:48:19,mobile,1.2,3
1760,20,2023-12-16 11:59:21,desktop,5.77,1
1761,1898,2023-04-20 16:30:06,desktop,10.76,7
1762,441,2023-03-08 04:39:02,tablet,6.84,3
1763,1313,2023-04-13 06:46:42,desktop,4.51,9
1764,2211,2023-01-10 03:17:31,desktop,2.9,1
1765,32,2023-01-03 17:33:31,desktop,8.92,3
1766,1732,2024-03-21 12:03:00,tablet,7.36,8
1767,2393,2023-07-20 11:21:12,desktop,8.15,5
1768,1572,2023-05-23 21:20:56,desktop,7.97,2
1769,2041,2023-10-23 14:17:42,desktop,2.95,3
1770,103,2024-06-13 13:01:19,tablet,7.2,2
1771,1472,2024-01-18 17:50:32,mobile,4.95,10
1772,1233,2024-02-07 08:59:54,tablet,2.91,7
1773,1707,2023-08-25 03:23:16,desktop,8.78,5
1774,2430,2023-04-03 19:05:33,desktop,0.2,1
1775,548,2024-12-27 23:56:00,desktop,2.34,5
1776,655,2024-09-26 09:34:44,mobile,12.02,7
1777,1942,2024-04-12 18:37:48,tablet,7.23,4
1778,1746,2024-08-03 02:49:43,tablet,8.57,2
1779,451,2023-11-07 16:20:13,mobile,0.2,10
1780,1173,2023-02-25 02:41:13,mobile,12.93,6
1781,1092,2023-06-08 00:46:55,mobile,0.2,9
1782,494,2024-01-22 07:06:50,mobile,10.69,2
1783,2351,2024-05-17 06:00:17,tablet,13.24,7
1784,536,2023-05-23 16:27:55,desktop,0.4,5
1785,868,2024-04-15 23:26:12,desktop,6.93,4
1786,700,2024-10-06 20:52:09,desktop,0.2,1
1787,655,2024-12-29 16:34:51,tablet,7.15,9
1788,957,2023-03-19 00:23:38,mobile,8.16,2
1789,2130,2023-08-11 07:22:34,tablet,13.2,3
1790,258,2023-01-15 06:50:25,desktop,17.93,8
1791,1316,2023-12-17 15:42:28,mobile,0.2,5
1792,1909,2024-08-11 03:19:25,tablet,5.04,1
1793,2463,2024-08-02 23:40:27,mobile,12.65,7
1794,99,2024-11-29 07:26:54,desktop,9.16,5
1795,1022,2023-06-06 00:52:24,tablet,11.73,9
1796,593,2023-12-08 00:48:45,desktop,8.32,4
1797,1935,2024-10-23 01:56:42,desktop,9.14,6
1798,1744,2024-08-01 19:31:36,mobile,2.53,8
1799,111,2024-10-24 23:57:36,desktop,8.55,7
1800,692,2024-05-09 16:18:05,mobile,3.57,8
1801,1900,2024-12-28 12:20:33,desktop,8.11,5
1802,2101,2024-11-28 13:33:29,tablet,7.4,8
1803,1717,2024-08-21 18:45:38,tablet,2.35,7
1804,1330,2024-11-18 17:21:53,tablet,4.1,3
1805,1823,2023-04-22 04:19:14,tablet,10.57,3
1806,2444,2024-12-01 09:45:16,mobile,11.19,10
1807,1562,2024-04-01 13:35:18,mobile,5.73,5
1808,730,2023-05-01 02:11:23,tablet,12.81,9
1809,1107,2023-11-29 10:40:42,tablet,7.34,2
1810,1809,2024-10-20 03:00:54,tablet,6.51,6
1811,191,2023-06-30 20:51:17,desktop,8.8,5
1812,1110,2023-06-05 13:09:33,desktop,4.62,2
1813,2233,2023-02-08 10:56:22,tablet,5.56,9
1814,1742,2023-10-06 21:04:40,mobile,8.21,7
1815,1938,2023-03-03 10:29:09,mobile,3.15,5
1816,508,2023-11-10 15:25:41,tablet,6.4,7
1817,2076,2023-03-01 20:47:02,desktop,10.37,6
1818,1190,2023-12-01 10:31:02,desktop,10.71,6
1819,1160,2024-09-20 23:12:25,mobile,7.47,3
1820,1034,2023-03-24 18:20:12,tablet,3.26,9
1821,1482,2024-12-17 10:28:03,mobile,12.45,5
1822,2369,2024-06-23 11:44:18,tablet,1.43,4
1823,1898,2023-06-02 20:56:47,mobile,4.94,2
1824,685,2023-08-12 06:45:47,desktop,6.25,8
1825,2054,2024-01-11 07:57:25,desktop,12.84,8
1826,393,2024-03-28 20:10:11,mobile,6.68,2
1827,966,2023-03-13 00:09:32,desktop,0.2,4
1828,493,2023-12-05 00:17:35,desktop,9.26,1
1829,1426,2023-09-09 21:31:27,desktop,2.37,6
1830,844,2024-06-17 09:28:00,tablet,4.83,1
1831,1118,2023-08-07 12:56:10,tablet,4.27,5
1832,2418,2023-10-06 16:57:07,mobile,4.77,7
1833,933,2024-12-19 22:48:56,tablet,3.54,2
1834,1156,2024-09-30 16:20:53,desktop,1.18,4
1835,175,2023-08-02 23:34:17,mobile,2.75,1
1836,1540,2024-07-02 17:02:25,tablet,10.1,4
1837,2316,2024-04-27 12:48:08,mobile,6.05,5
1838,2355,2023-07-03 22:51:04,mobile,4.3,10
1839,2487,2023-08-09 21:28:12,mobile,6.17,1
1840,1472,2023-02-05 19:43:25,mobile,4.94,9
1841,1776,2023-05-26 05:36:42,tablet,12.0,3
1842,351,2024-04-17 21:23:14,tablet,1.28,1
1843,1077,2023-10-07 20:04:04,mobile,2.92,3
1844,1343,2024-01-03 02:04:53,mobile,0.2,1
1845,2038,2024-09-21 23:17:28,mobile,5.57,1
1846,2179,2023-03-30 02:27:18,tablet,14.71,3
1847,145,2023-04-22 15:41:11,mobile,0.2,3
1848,862,2023-04-22 08:28:59,desktop,4.95,5
1849,1764,2024-11-17 23:39:48,desktop,12.19,7
1850,1654,2023-02-28 05:47:11,mobile,10.57,5
1851,489,2024-06-01 09:45:20,tablet,0.67,7
1852,748,2023-07-14 14:13:02,tablet,6.95,2
1853,1554,2023-05-26 22:17:41,desktop,2.65,2
1854,1995,2024-06-07 07:35:06,tablet,9.81,1
1855,816,2023-11-06 07:45:29,desktop,4.07,4
1856,510,2023-09-17 05:42:09,desktop,3.67,2
1857,398,2023-12-24 23:22:48,mobile,7.63,4
1858,1296,2024-04-20 19:05:55,tablet,1.92,6
1859,2366,2023-03-18 06:50:29,mobile,11.92,6
1860,1158,2023-07-28 19:51:05,tablet,2.94,5
1861,1566,2023-04-01 05:09:25,tablet,6.85,7
1862,633,2024-07-07 01:19:07,tablet,4.63,7
1863,1520,2024-05-20 01:40:26,desktop,13.15,3
1864,1514,2023-12-08 14:42:18,tablet,3.43,6
1865,2328,2024-06-30 15:25:24,mobile,2.66,1
1866,280,2023-08-19 20:16:05,mobile,3.46,8
1867,2122,2023-02-25 17:25:34,mobile,7.1,5
1868,352,2023-02-12 07:05:19,desktop,2.82,1
1869,1566,2023-03-05 11:51:11,tablet,2.01,7
1870,1115,2024-09-15 06:00:04,mobile,7.31,2
1871,865,2024-09-19 19:10:50,mobile,2.9,5
1872,1365,2023-10-31 12:50:08,desktop,6.91,3
1873,1531,2024-09-24 13:28:00,mobile,9.27,6
1874,1293,2024-09-02 20:30:52,tablet,0.53,6
1875,1527,2024-07-26 18:05:26,tablet,8.72,5
1876,2066,2024-02-28 05:11:51,mobile,5.79,6
1877,2110,2023-10-01 03:24:50,mobile,1.16,1
1878,1849,2023-03-01 04:34:00,desktop,0.2,8
1879,1863,2024-08-03 20:18:19,mobile,6.87,1
1880,420,2024-12-16 05:14:10,tablet,6.38,1
1881,2157,2023-03-31 04:58:03,desktop,11.26,5
1882,276,2023-08-16 22:43:02,mobile,6.78,7
1883,2418,2024-07-29 07:58:55,desktop,11.59,9
1884,2356,2023-05-04 00:38:52,mobile,6.88,5
1885,748,2024-03-16 20:11:23,desktop,10.61,1
1886,1135,2024-04-30 03:08:18,desktop,7.02,1
1887,1305,2024-08-08 21:31:25,tablet,7.56,5
1888,54,2024-02-25 20:05:13,desktop,4.96,5
1889,859,2023-01-11 19:35:41,desktop,11.14,5
1890,1841,2024-02-28 18:48:52,mobile,11.62,7
1891,1293,2024-01-11 07:47:47,tablet,7.88,2
1892,2303,2023-01-10 07:52:16,mobile,7.6,12
1893,612,2023-08-21 16:21:57,tablet,9.74,5
1894,131,2024-08-28 21:51:44,tablet,7.37,6
1895,1152,2024-10-04 19:47:58,tablet,13.9,9
1896,1093,2024-07-08 16:59:14,tablet,4.02,9
1897,64,2023-07-15 16:22:50,tablet,4.53,11
1898,406,2024-01-26 02:07:15,tablet,13.03,7
1899,2476,2024-01-02 01:13:18,tablet,2.4,3
1900,590,2023-06-19 12:17:03,tablet,6.87,6
1901,1436,2023-11-11 20:40:18,desktop,13.1,5
1902,1478,2023-09-01 13:30:25,desktop,4.96,2
1903,1298,2023-03-13 19:12:33,desktop,3.78,5
1904,1648,2024-03-18 10:14:14,desktop,3.85,5
1905,713,2024-01-13 03:18:35,desktop,11.17,3
1906,685,2024-01-26 17:04:46,tablet,5.07,2
1907,569,2024-03-22 10:08:45,mobile,10.05,5
1908,398,2023-10-18 06:14:05,desktop,3.37,2
1909,1348,2024-02-02 06:37:57,mobile,1.95,8
1910,2036,2024-03-23 03:23:12,tablet,10.18,9
1911,1189,2024-04-26 05:42:26,desktop,4.63,8
1912,798,2024-05-17 01:48:24,tablet,5.2,7
1913,1269,2024-02-16 15:45:29,tablet,2.31,8
1914,1617,2024-09-10 19:31:50,mobile,8.33,4
1915,77,2023-01-15 04:13:52,mobile,11.29,3
1916,1095,2023-12-06 10:09:42,desktop,5.36,6
1917,1479,2023-09-27 16:01:38,desktop,6.15,11
1918,2324,2024-12-19 00:21:01,mobile,8.18,6
1919,750,2024-10-02 17:12:10,mobile,5.31,5
1920,1885,2023-02-01 08:20:45,tablet,11.73,7
1921,1916,2024-08-05 00:16:43,mobile,6.51,7
1922,1254,2023-12-18 10:43:24,tablet,7.02,6
1923,2439,2023-05-09 17:30:26,mobile,5.93,2
1924,143,2023-12-12 20:54:07,mobile,4.12,2
1925,1096,2023-02-09 01:09:27,mobile,2.98,5
1926,2101,2024-07-28 04:23:13,desktop,0.2,4
1927,2270,2024-12-18 16:56:56,tablet,0.7,4
1928,753,2024-08-13 07:51:02,desktop,8.36,9
1929,1801,2023-05-12 17:36:58,desktop,13.61,1
1930,644,2023-03-26 22:53:59,desktop,5.55,4
1931,253,2023-09-03 00:31:36,mobile,5.43,2
1932,496,2023-03-09 18:02:47,tablet,0.2,1
1933,2033,2024-03-09 20:32:57,mobile,10.61,5
1934,1809,2024-02-24 22:51:26,desktop,6.99,6
1935,539,2023-09-29 11:32:49,mobile,4.37,1
1936,1495,2024-09-07 05:45:13,tablet,8.39,6
1937,938,2024-11-22 03:37:06,mobile,3.78,4
1938,292,2023-09-30 12:42:53,mobile,1.85,3
1939,2366,2024-06-09 11:33:12,mobile,5.85,1
1940,327,2023-11-05 20:02:16,mobile,10.03,4
1941,2361,2024-04-02 09:35:31,tablet,5.99,7
1942,1316,2023-04-03 18:06:16,desktop,1.59,6
1943,1466,2024-09-03 08:48:05,desktop,10.0,3
1944,1670,2024-07-19 01:03:40,desktop,5.27,7
1945,1156,2023-07-07 20:31:27,tablet,4.55,15
1946,890,2023-12-11 22:14:41,mobile,5.1,1
1947,1873,2023-05-11 13:02:14,desktop,9.95,4
1948,1153,2024-03-12 14:18:30,desktop,7.37,1
1949,2180,2023-10-17 06:50:30,desktop,5.35,10
1950,556,2023-03-21 23:24:55,tablet,5.97,9
1951,33,2023-12-27 21:33:06,mobile,9.81,5
1952,1077,2023-01-01 14:17:58,desktop,0.2,5
1953,60,2024-08-17 04:21:45,mobile,5.8,3
1954,958,2023-07-05 18:05:31,mobile,7.51,1
1955,2399,2023-02-11 20:18:52,mobile,0.2,4
1956,43,2024-01-10 10:33:04,mobile,6.89,6
1957,2334,2024-05-31 03:07:43,mobile,6.74,6
1958,1257,2023-01-30 11:15:31,tablet,0.2,5
1959,1632,2024-06-18 15:51:39,mobile,2.39,8
1960,248,2023-03-21 01:43:28,mobile,7.85,5
1961,2251,2023-01-22 12:15:56,tablet,5.81,9
1962,1934,2023-11-05 09:04:12,desktop,11.43,5
1963,1411,2023-09-29 01:09:26,tablet,5.39,2
1964,916,2023-10-05 23:58:21,tablet,2.8,5
1965,1984,2023-01-11 12:32:11,mobile,4.55,3
1966,271,2023-06-27 04:35:37,mobile,5.47,6
1967,1562,2023-01-18 05:41:17,mobile,5.16,7
1968,2382,2024-06-27 02:57:03,desktop,7.41,6
1969,1544,2023-03-24 14:39:58,tablet,9.43,5
1970,752,2023-02-13 19:21:23,desktop,3.89,5
1971,2180,2023-05-09 03:36:20,desktop,0.2,3
1972,1126,2023-09-02 01:31:59,mobile,8.02,1
1973,457,2023-03-17 23:21:43,desktop,4.31,8
1974,1658,2024-04-10 01:28:42,tablet,15.25,8
1975,141,2024-05-11 04:44:03,mobile,0.78,3
1976,367,2023-12-15 17:52:28,mobile,6.69,5
1977,1614,2023-08-31 15:43:23,mobile,0.2,1
1978,1699,2024-09-28 14:58:58,desktop,8.94,8
1979,1620,2023-05-19 00:16:09,mobile,7.99,4
1980,863,2023-09-24 07:31:19,tablet,3.52,6
1981,81,2023-10-01 10:56:53,tablet,9.48,6
1982,2168,2023-08-15 22:54:06,desktop,3.13,4
1983,1069,2023-01-08 20:32:14,mobile,3.69,7
1984,67,2024-11-26 00:05:16,mobile,10.7,8
1985,1573,2024-01-30 02:10:41,tablet,1.7,1
1986,2157,2023-02-27 09:46:19,desktop,11.45,7
1987,445,2023-09-21 07:12:09,mobile,7.24,6
1988,151,2023-11-05 11:07:44,desktop,8.38,1
1989,723,2024-03-17 14:46:01,tablet,6.22,5
1990,1599,2024-08-20 08:46:46,desktop,10.52,10
1991,1297,2024-10-18 22:29:31,tablet,5.84,8
1992,227,2023-07-29 12:07:28,mobile,15.38,3
1993,2486,2023-06-25 06:31:26,mobile,13.19,2
1994,2014,2023-05-17 01:35:14,mobile,8.94,5
1995,745,2024-05-13 15:00:10,mobile,10.88,1
1996,911,2024-01-29 00:54:55,desktop,3.93,7
1997,1051,2023-05-30 00:55:34,desktop,7.95,1
1998,425,2024-04-10 12:39:50,tablet,0.58,1
1999,2243,2024-01-20 01:11:33,mobile,4.36,8
2000,1452,2024-01-09 20:25:56,tablet,2.35,6
2001,1084,2024-10-20 17:07:28,mobile,6.13,7
2002,373,2023-11-16 21:45:36,desktop,0.79,3
2003,349,2023-05-01 04:15:23,desktop,9.3,3
2004,2474,2023-10-29 02:35:07,mobile,11.31,4
2005,517,2024-09-24 20:38:56,mobile,4.6,6
2006,1950,2024-01-12 12:36:55,desktop,8.49,8
2007,901,2023-08-20 23:14:08,tablet,2.37,3
2008,780,2024-11-17 13:46:04,desktop,3.54,6
2009,1327,2024-01-10 05:05:45,desktop,3.49,4
2010,2065,2023-05-12 05:03:46,desktop,12.1,8
2011,1543,2023-11-07 04:50:17,desktop,0.2,7
2012,1003,2024-01-18 01:15:45,desktop,6.56,1
2013,1881,2024-11-03 08:45:15,tablet,3.83,5
2014,447,2023-08-18 16:48:29,mobile,3.88,5
2015,952,2023-04-01 14:53:00,mobile,8.79,7
2016,1519,2023-06-15 12:39:33,desktop,4.92,5
2017,792,2024-11-20 03:08:57,desktop,14.01,8
2018,308,2024-02-19 07:01:23,tablet,9.66,9
2019,2320,2023-03-24 14:46:42,mobile,15.55,5
2020,975,2023-11-02 06:50:15,tablet,0.2,3
2021,53,2023-04-23 20:41:06,desktop,4.88,6
2022,2062,2023-10-13 05:19:06,tablet,4.46,4
2023,2371,2023-08-17 05:00:36,desktop,1.24,7
2024,1715,2024-03-07 03:47:57,tablet,7.11,2
2025,1851,2023-07-01 08:33:18,desktop,8.28,9
2026,1416,2023-11-03 19:01:10,tablet,3.9,10
2027,884,2024-01-08 05:24:21,mobile,5.69,1
2028,1441,2023-11-07 11:34:06,desktop,9.89,9
2029,1553,2023-06-09 20:49:47,mobile,3.98,6
2030,2445,2023-06-01 20:29:04,tablet,0.2,1
2031,707,2023-08-27 02:36:41,mobile,5.78,5
2032,2295,2023-06-16 23:22:19,tablet,3.21,7
2033,291,2023-07-30 16:23:21,mobile,0.2,2
2034,32,2024-01-31 19:09:14,tablet,8.27,7
2035,328,2024-02-17 23:38:32,mobile,3.63,5
2036,2250,2024-12-07 04:35:50,desktop,1.85,1
2037,1999,2024-09-26 08:41:42,tablet,12.9,6
2038,72,2024-01-27 16:52:49,tablet,11.11,3
2039,358,2024-03-07 15:21:21,mobile,10.38,1
2040,368,2023-10-29 14:31:10,mobile,6.28,12
2041,1632,2024-09-30 06:26:23,desktop,0.68,4
2042,1973,2024-01-09 22:37:19,mobile,7.63,1
2043,1452,2024-05-02 18:22:20,mobile,2.04,7
2044,1277,2024-01-04 21:20:52,tablet,4.41,7
2045,1263,2024-07-19 22:30:43,desktop,11.94,10
2046,461,2023-05-27 03:47:30,mobile,3.88,5
2047,130,2024-05-20 03:51:34,desktop,2.36,2
2048,1567,2023-10-11 08:56:13,desktop,9.94,4
2049,1224,2023-08-01 13:35:41,desktop,3.32,9
2050,1621,2024-01-11 02:53:16,desktop,4.92,1
2051,2078,2024-06-27 20:33:41,mobile,11.97,4
2052,100,2024-12-22 09:01:40,desktop,6.64,3
2053,825,2023-10-17 15:11:35,mobile,9.83,5
2054,630,2024-09-10 18:18:10,desktop,0.2,2
2055,2252,2023-10-17 05:07:57,mobile,11.1,3
2056,852,2023-10-01 00:45:52,mobile,9.56,4
2057,6,2023-09-14 04:26:51,mobile,2.59,7
2058,447,2024-04-25 08:44:49,tablet,6.39,2
2059,1608,2024-02-29 14:55:46,mobile,5.82,8
2060,1854,2024-04-19 11:33:54,desktop,8.03,5
2061,130,2024-12-25 01:52:21,desktop,2.79,6
2062,2168,2023-08-04 20:14:53,mobile,5.34,1
2063,575,2024-09-02 19:49:25,tablet,2.18,5
2064,1127,2023-10-06 16:06:10,desktop,9.05,1
2065,110,2024-06-19 18:21:31,mobile,0.2,7
2066,886,2023-10-24 20:51:28,desktop,4.46,6
2067,494,2023-09-08 21:35:11,tablet,0.2,5
2068,343,2023-08-14 04:13:37,tablet,4.23,8
2069,1561,2024-10-29 17:45:47,desktop,0.4,4
2070,267,2023-11-20 06:29:11,tablet,3.94,2
2071,240,2023-08-06 16:30:56,mobile,1.6,5
2072,2243,2023-12-02 16:58:22,desktop,6.83,5
2073,1249,2024-11-16 13:53:57,tablet,10.34,4
2074,189,2024-12-06 15:50:53,mobile,11.31,4
2075,57,2024-06-28 07:45:40,desktop,4.53,5
2076,1784,2024-11-19 17:42:30,mobile,12.29,8
2077,1910,2024-04-08 03:08:04,desktop,4.49,10
2078,1406,2024-03-04 07:10:23,mobile,2.09,5
2079,1173,2024-04-14 01:26:10,mobile,5.17,2
2080,1356,2023-08-28 07:20:40,mobile,5.94,3
2081,610,2023-08-27 10:43:18,desktop,5.27,8
2082,345,2024-10-17 13:00:08,desktop,12.42,1
2083,1593,2024-09-13 00:38:18,tablet,9.84,4
2084,1358,2023-10-15 08:10:19,desktop,1.43,7
2085,768,2023-03-17 15:35:41,tablet,9.75,2
2086,1102,2023-02-21 04:43:45,mobile,11.55,8
2087,2441,2024-06-23 13:30:50,mobile,9.45,3
2088,1428,2023-12-15 03:44:34,tablet,4.44,6
2089,379,2023-11-09 12:14:58,desktop,10.12,6
2090,1870,2023-05-25 10:15:23,tablet,13.2,7
2091,125,2024-04-07 11:17:52,desktop,6.4,3
2092,367,2024-03-16 15:19:57,mobile,5.31,4
2093,2199,2023-09-01 23:12:50,desktop,2.05,5
2094,640,2023-05-04 05:38:25,tablet,13.0,10
2095,1542,2023-04-15 19:07:12,desktop,0.2,1
2096,1844,2024-10-29 08:17:06,desktop,2.36,4
2097,2250,2023-06-04 07:04:43,desktop,2.53,5
2098,2445,2024-02-11 13:14:31,mobile,2.3,10
2099,2074,2024-07-31 08:08:11,tablet,6.33,9
2100,1441,2024-02-13 07:54:20,tablet,5.84,6
2101,2401,2023-04-21 03:52:09,desktop,2.67,5
2102,134,2024-02-12 23:10:12,mobile,3.9,4
2103,2449,2024-12-01 15:15:11,mobile,10.31,5
2104,1825,2023-06-05 07:25:16,desktop,4.7,8
2105,1776,2024-06-30 21:04:35,desktop,4.99,1
2106,1261,2024-08-15 10:25:04,desktop,2.84,7
2107,2320,2023-12-13 09:30:12,mobile,5.78,9
2108,430,2023-01-18 16:10:20,tablet,0.33,1
2109,826,2024-03-23 21:28:39,desktop,7.19,8
2110,929,2023-10-02 04:49:31,tablet,1.76,1
2111,2255,2024-11-18 16:18:45,desktop,5.65,7
2112,723,2023-02-03 01:24:17,tablet,5.57,2
2113,1293,2024-01-31 18:02:55,mobile,8.38,7
2114,640,2023-10-25 10:03:55,tablet,7.73,4
2115,1202,2023-03-03 10:36:30,tablet,9.31,1
2116,376,2023-05-02 16:47:07,desktop,7.01,5
2117,960,2024-09-19 22:26:28,tablet,5.03,4
2118,511,2023-01-07 14:45:40,tablet,5.04,5
2119,990,2024-08-25 03:12:08,desktop,20.97,12
2120,2117,2024-05-28 10:28:35,desktop,10.11,9
2121,909,2023-05-09 10:56:01,desktop,7.15,2
2122,2370,2024-10-24 16:31:54,desktop,1.07,7
2123,537,2023-05-04 04:20:30,mobile,3.63,7
2124,1962,2024-05-09 06:34:56,mobile,10.57,5
2125,289,2024-03-21 14:13:59,tablet,2.82,8
2126,49,2024-10-04 11:15:24,mobile,12.15,2
2127,1369,2024-07-14 18:23:41,tablet,7.69,7
2128,2106,2024-07-27 16:04:58,desktop,5.19,5
2129,49,2024-03-22 08:30:23,mobile,6.71,5
2130,2104,2023-10-02 17:52:28,desktop,7.9,5
2131,907,2023-08-17 12:41:51,mobile,1.13,2
2132,764,2024-01-28 15:42:37,mobile,7.73,8
2133,1632,2024-10-18 22:42:12,mobile,0.2,2
2134,185,2024-04-26 21:40:35,desktop,6.5,5
2135,2447,2023-08-21 02:05:55,desktop,5.09,2
2136,733,2024-01-04 19:11:29,desktop,5.07,9
2137,1706,2024-04-25 19:44:04,tablet,14.85,9
2138,2064,2023-07-17 16:29:38,mobile,14.64,1
2139,192,2023-12-05 16:29:35,tablet,7.57,1
2140,1709,2024-03-06 01:25:12,desktop,7.8,5
2141,179,2024-06-17 01:50:23,desktop,8.65,4
2142,1193,2024-08-26 08:54:15,desktop,16.61,9
2143,1552,2023-05-17 19:30:47,desktop,3.18,7
2144,349,2024-01-24 19:20:59,mobile,1.21,6
2145,2298,2023-06-19 20:18:28,desktop,13.15,6
2146,2223,2023-12-03 09:11:50,tablet,4.91,8
2147,2228,2024-02-05 06:37:59,mobile,2.73,2
2148,334,2024-02-27 21:07:09,tablet,9.78,9
2149,98,2024-12-29 03:41:50,mobile,12.51,8
2150,512,2024-04-09 00:41:44,mobile,7.64,9
2151,2365,2024-03-05 06:39:29,desktop,10.69,6
2152,1351,2023-10-05 11:56:58,tablet,5.62,8
2153,2077,2024-11-17 16:08:04,tablet,8.62,4
2154,501,2024-02-21 20:12:07,tablet,9.87,1
2155,33,2023-03-17 12:22:12,desktop,7.37,8
2156,1230,2023-11-20 04:47:05,desktop,0.77,5
2157,1506,2023-01-29 00:27:49,tablet,3.66,3
2158,637,2024-05-14 07:24:28,desktop,5.02,9
2159,604,2023-11-01 12:23:52,tablet,4.26,8
2160,1348,2023-10-20 08:47:49,desktop,6.48,2
2161,183,2024-10-11 00:41:35,tablet,7.97,4
2162,293,2024-08-07 16:07:55,tablet,6.97,9
2163,334,2023-11-23 04:57:48,desktop,13.07,1
2164,49,2024-06-12 08:31:36,desktop,12.09,6
2165,858,2023-05-10 12:38:12,tablet,6.22,4
2166,2431,2024-08-29 21:35:44,desktop,5.93,2
2167,428,2024-01-09 22:21:28,mobile,0.2,5
2168,502,2023-11-13 22:55:04,tablet,3.06,1
2169,711,2024-09-27 07:29:25,mobile,8.98,5
2170,3,2024-01-17 20:03:19,desktop,4.81,8
2171,1576,2023-01-05 23:58:08,desktop,6.39,1
2172,679,2024-11-12 07:46:01,tablet,7.38,6
2173,1172,2023-12-30 08:00:38,tablet,2.04,6
2174,1476,2024-01-14 03:09:24,mobile,7.71,1
2175,316,2023-01-22 02:10:05,tablet,5.19,2
2176,854,2023-04-03 12:28:37,desktop,8.64,3
2177,328,2023-02-09 20:07:02,desktop,4.3,3
2178,656,2024-03-08 08:55:37,mobile,8.72,2
2179,150,2023-02-22 08:54:31,mobile,8.62,1
2180,1806,2023-04-17 10:10:13,tablet,6.27,10
2181,9,2023-07-31 13:05:45,tablet,2.18,7
2182,1346,2024-11-05 20:45:24,tablet,0.2,7
2183,2466,2024-04-05 21:03:22,desktop,4.07,1
2184,1198,2024-03-23 17:04:26,mobile,3.63,3
2185,2388,2023-11-03 19:45:13,desktop,9.41,4
2186,2218,2023-08-22 02:49:18,mobile,7.36,4
2187,1496,2024-10-21 06:02:16,desktop,4.01,3
2188,2188,2023-09-17 10:54:08,tablet,5.68,3
2189,2361,2023-08-20 02:21:15,desktop,9.56,3
2190,896,2023-01-01 17:37:59,tablet,3.02,6
2191,2004,2023-08-31 13:45:37,mobile,15.57,8
2192,322,2024-05-03 02:37:03,mobile,10.83,5
2193,908,2023-06-17 15:51:42,mobile,0.73,6
2194,251,2023-12-03 06:18:47,desktop,4.01,3
2195,1893,2023-04-03 01:51:32,desktop,10.92,7
2196,730,2024-05-20 13:23:14,desktop,0.2,8
2197,2053,2024-05-29 01:28:09,desktop,1.47,5
2198,2306,2023-08-26 08:31:05,mobile,7.85,2
2199,1719,2024-12-29 01:00:28,desktop,10.4,1
2200,1565,2024-03-10 06:19:13,mobile,15.17,5
2201,142,2024-08-16 13:05:00,tablet,11.07,4
2202,1497,2023-12-14 14:21:27,mobile,6.94,8
2203,306,2024-12-07 05:40:22,mobile,7.84,3
2204,1505,2024-04-25 20:36:34,mobile,6.62,11
2205,419,2023-04-17 00:31:41,desktop,11.45,6
2206,641,2024-05-23 21:57:06,desktop,13.02,2
2207,792,2023-04-12 02:00:32,tablet,6.33,13
2208,1284,2024-10-17 20:32:14,mobile,5.39,1
2209,282,2023-03-11 06:38:32,tablet,18.69,9
2210,526,2024-07-23 20:00:20,mobile,7.1,6
2211,1042,2023-08-28 19:02:08,desktop,7.09,1
2212,1094,2023-06-21 09:02:54,desktop,4.41,4
2213,171,2024-02-24 22:04:39,tablet,6.98,1
2214,1022,2024-11-23 20:29:52,mobile,12.06,6
2215,1667,2023-06-15 04:57:22,mobile,6.2,8
2216,466,2024-11-15 04:10:22,mobile,0.2,11
2217,405,2024-01-28 22:46:48,tablet,2.82,1
2218,1225,2024-06-20 18:02:16,mobile,8.5,4
2219,1231,2023-07-24 06:26:40,desktop,0.2,8
2220,505,2023-12-02 13:25:24,desktop,3.88,4
2221,965,2024-03-15 23:41:42,desktop,7.93,1
2222,1131,2023-10-10 22:58:50,tablet,6.06,5
2223,1924,2024-03-07 12:59:37,desktop,3.6,6
2224,1440,2023-05-22 20:00:18,desktop,13.74,7
2225,875,2023-12-24 00:38:52,mobile,10.35,2
2226,611,2024-03-30 01:04:53,desktop,10.4,5
2227,798,2024-12-24 14:48:01,mobile,3.71,5
2228,345,2024-03-15 22:45:02,mobile,4.89,4
2229,92,2024-12-21 09:36:15,tablet,0.2,4
2230,302,2024-06-17 08:18:34,desktop,3.61,8
2231,136,2023-05-23 07:09:54,mobile,13.82,6
2232,346,2024-09-13 09:43:29,mobile,6.66,2
2233,42,2024-11-20 23:01:59,mobile,1.32,7
2234,341,2024-06-01 15:40:57,mobile,1.3,1
2235,2229,2024-08-21 19:25:11,tablet,9.09,3
2236,758,2023-09-27 02:23:52,tablet,9.33,8
2237,165,2023-02-22 08:51:31,mobile,7.83,5
2238,634,2023-10-20 22:38:01,desktop,7.0,1
2239,32,2023-08-03 14:23:38,desktop,7.34,6
2240,2436,2024-10-28 21:58:18,tablet,8.52,7
2241,904,2024-06-03 17:49:02,desktop,13.56,10
2242,580,2023-08-02 01:49:55,mobile,6.76,1
2243,2246,2023-03-20 21:37:31,mobile,3.41,4
2244,638,2024-05-25 14:37:46,mobile,14.01,9
2245,321,2023-03-08 10:21:32,desktop,5.16,6
2246,257,2023-11-10 15:50:32,desktop,0.2,1
2247,1554,2024-10-08 02:27:36,tablet,0.2,5
2248,1816,2024-05-04 07:47:26,mobile,10.86,8
2249,1453,2023-06-09 14:22:17,tablet,6.23,5
2250,1471,2023-03-31 15:23:02,mobile,1.54,8
2251,1671,2024-12-16 01:10:39,desktop,4.89,1
2252,671,2023-05-24 04:10:19,desktop,6.07,3
2253,994,2024-03-11 23:34:05,tablet,7.08,5
2254,2469,2023-12-31 22:02:20,mobile,11.18,2
2255,2128,2023-08-27 16:17:07,desktop,9.61,7
2256,2159,2023-09-29 06:44:58,mobile,7.46,5
2257,1213,2024-04-28 22:36:09,desktop,11.81,3
2258,1684,2023-05-18 10:53:44,mobile,4.87,4
2259,980,2023-12-10 13:05:34,mobile,11.05,9
2260,648,2023-05-07 19:47:07,mobile,8.42,6
2261,994,2023-05-01 21:05:06,desktop,9.19,5
2262,447,2023-01-28 15:17:19,tablet,0.2,10
2263,1805,2023-04-03 18:27:07,mobile,3.01,7
2264,729,2023-12-13 01:23:27,mobile,11.19,1
2265,2228,2024-08-17 00:46:57,mobile,4.3,7
2266,27,2023-04-10 02:31:21,tablet,3.12,6
2267,1220,2023-07-27 01:47:20,tablet,3.86,2
2268,337,2023-04-29 08:56:12,desktop,2.75,8
2269,1581,2024-05-04 21:58:13,tablet,11.04,8
2270,2303,2023-07-18 21:50:34,desktop,1.77,3
2271,1878,2023-10-20 03:32:51,desktop,10.39,6
2272,932,2023-11-04 19:17:45,tablet,5.91,4
2273,1812,2024-02-26 08:47:39,mobile,12.48,4
2274,712,2023-05-09 01:31:06,tablet,6.01,9
2275,2455,2023-02-24 03:23:21,desktop,5.67,5
2276,1020,2023-08-25 10:54:45,tablet,4.16,1
2277,2486,2024-04-12 03:43:23,tablet,4.54,6
2278,1416,2023-07-28 07:47:30,mobile,12.96,6
2279,1780,2023-06-12 06:26:52,mobile,4.93,1
2280,899,2024-12-12 05:11:12,tablet,9.04,5
2281,1931,2024-05-14 09:26:14,desktop,3.85,2
2282,1231,2023-08-07 10:48:05,mobile,10.4,2
2283,591,2023-11-03 14:05:09,tablet,3.0,8
2284,607,2023-08-19 14:37:39,desktop,7.85,1
2285,1836,2023-03-23 04:33:49,tablet,11.55,1
2286,843,2024-05-07 02:37:11,tablet,4.75,5
2287,2119,2024-08-09 04:40:33,desktop,11.08,4
2288,1778,2023-12-23 01:02:01,tablet,5.96,6
2289,1504,2023-08-06 21:39:39,mobile,9.84,5
2290,758,2024-02-16 12:44:59,tablet,1.72,6
2291,1914,2024-05-17 21:26:27,desktop,11.89,7
2292,213,2024-09-16 23:18:59,desktop,9.52,6
2293,791,2024-08-09 22:24:12,mobile,13.17,3
2294,434,2023-01-16 00:52:22,mobile,1.64,7
2295,894,2023-12-02 13:00:36,mobile,8.97,8
2296,1393,2023-01-11 00:40:30,desktop,0.27,9
2297,2265,2024-06-01 23:19:43,tablet,10.86,8
2298,323,2023-12-31 13:24:51,desktop,2.82,5
2299,1013,2023-06-26 21:08:24,tablet,0.2,7
2300,2091,2023-04-20 00:12:38,mobile,0.2,4
2301,2420,2024-01-03 07:40:03,mobile,6.49,7
2302,240,2024-10-08 10:23:52,desktop,5.66,5
2303,585,2024-11-24 23:01:37,mobile,11.1,5
2304,2185,2024-10-21 06:30:28,desktop,7.69,5
2305,1730,2024-05-11 17:37:31,tablet,5.77,6
2306,597,2023-11-21 18:07:52,mobile,6.19,2
2307,2462,2023-10-18 15:26:13,tablet,10.03,1
2308,1326,2024-01-03 17:06:59,mobile,7.03,10
2309,1859,2023-06-20 06:10:24,mobile,5.72,5
2310,949,2024-12-11 15:10:09,mobile,1.46,2
2311,1400,2024-06-02 04:13:06,mobile,5.23,3
2312,554,2024-08-21 21:20:27,tablet,7.11,7
2313,1440,2023-12-25 17:20:46,desktop,0.2,3
2314,1674,2023-02-10 09:41:04,desktop,7.41,5
2315,1223,2024-02-13 00:23:01,tablet,6.69,3
2316,290,2023-10-08 13:05:58,mobile,7.82,6
2317,2384,2024-10-22 23:39:13,mobile,8.44,10
2318,1436,2024-02-24 08:37:06,mobile,7.59,7
2319,1532,2024-03-14 02:05:57,desktop,0.2,1
2320,2221,2023-02-28 08:35:15,tablet,3.11,4
2321,2438,2024-04-13 05:20:43,desktop,4.29,2
2322,2354,2023-01-14 23:01:31,tablet,1.61,3
2323,389,2024-06-01 16:02:56,tablet,6.86,5
2324,1669,2023-02-26 13:18:31,desktop,1.47,10
2325,1645,2023-09-16 01:15:54,mobile,6.29,4
2326,2033,2024-01-19 13:33:31,mobile,5.32,9
2327,1895,2023-03-23 13:46:41,desktop,10.63,2
2328,20,2024-11-28 07:05:38,mobile,3.62,1
2329,1487,2023-11-21 14:29:00,tablet,9.51,6
2330,2171,2024-12-07 00:03:35,mobile,8.36,2
2331,163,2024-08-29 10:27:44,tablet,2.76,4
2332,2196,2024-12-31 23:33:17,desktop,12.33,4
2333,838,2024-01-26 09:24:15,tablet,10.98,8
2334,988,2024-11-19 17:40:32,tablet,13.45,3
2335,454,2024-10-13 05:05:54,tablet,1.37,4
2336,2381,2024-09-12 15:57:33,mobile,9.13,3
2337,2235,2023-02-13 03:56:24,tablet,13.36,1
2338,1141,2023-12-24 13:00:01,tablet,12.21,9
2339,2156,2024-10-06 02:00:40,tablet,2.26,6
2340,659,2023-09-19 01:11:22,tablet,5.85,1
2341,181,2023-09-16 21:26:37,mobile,12.2,6
2342,1281,2024-08-25 09:19:17,desktop,9.14,8
2343,1171,2024-04-22 01:04:44,desktop,7.22,7
2344,822,2023-11-08 03:24:38,tablet,5.94,4
2345,91,2023-11-11 13:11:01,desktop,4.28,8
2346,1011,2023-09-15 15:35:32,desktop,12.93,5
2347,1075,2023-08-17 23:05:03,desktop,11.76,3
2348,921,2023-10-17 06:14:25,desktop,0.2,3
2349,2290,2023-11-04 19:33:36,tablet,4.9,2
2350,1959,2023-07-26 19:22:58,desktop,5.69,6
2351,1632,2023-12-31 08:33:44,desktop,5.17,2
2352,1798,2023-04-17 21:09:26,tablet,6.82,5
2353,2214,2024-05-19 04:18:38,tablet,12.24,1
2354,11,2024-11-22 10:02:48,tablet,8.43,7
2355,1838,2024-01-27 15:14:50,mobile,2.18,10
2356,2125,2024-07-24 04:03:46,tablet,3.54,7
2357,1701,2023-03-28 22:28:26,tablet,0.2,5
2358,2140,2023-04-25 14:51:42,mobile,0.2,12
2359,1318,2024-03-18 18:40:13,desktop,2.88,3
2360,2081,2024-06-25 23:50:38,desktop,10.98,5
2361,1170,2023-03-17 06:20:27,desktop,3.41,7
2362,1201,2024-02-11 19:59:06,desktop,5.39,1
2363,434,2023-03-08 23:01:43,tablet,6.24,6
2364,1427,2023-09-15 04:10:25,tablet,5.91,4
2365,1147,2024-06-24 09:32:24,desktop,7.1,1
2366,2448,2024-10-18 02:05:33,mobile,6.77,10
2367,1567,2024-05-12 20:08:19,mobile,7.23,5
2368,618,2024-08-07 20:44:29,tablet,5.67,1
2369,1229,2023-04-03 11:16:08,desktop,8.2,8
2370,845,2024-03-27 10:09:54,desktop,5.99,6
2371,883,2024-05-25 19:24:26,mobile,10.85,4
2372,2434,2024-02-07 22:29:40,tablet,5.71,5
2373,83,2023-02-20 21:57:08,tablet,7.13,4
2374,2426,2024-12-13 20:03:15,mobile,6.26,5
2375,1234,2023-10-20 07:19:05,mobile,9.65,6
2376,1174,2024-02-14 15:22:52,desktop,7.05,4
2377,2281,2024-10-23 03:29:27,desktop,8.0,5
2378,1806,2024-09-17 09:26:27,mobile,3.87,6
2379,355,2023-02-24 03:00:08,tablet,5.21,3
2380,1105,2023-07-02 21:15:54,desktop,8.68,1
2381,114,2023-06-19 18:04:42,desktop,6.18,1
2382,1362,2024-09-30 14:18:40,mobile,11.69,2
2383,1412,2024-11-30 10:44:53,tablet,5.19,6
2384,212,2023-01-20 00:34:14,mobile,11.38,2
2385,662,2023-03-07 06:37:18,desktop,0.2,4
2386,1919,2024-05-19 20:52:16,mobile,10.79,1
2387,1982,2023-11-19 03:49:40,tablet,9.27,9
2388,1651,2023-01-24 05:13:54,mobile,5.04,6
2389,1149,2023-11-07 03:58:48,desktop,7.34,4
2390,2130,2024-09-12 09:32:15,tablet,4.81,3
2391,1682,2024-03-21 17:47:06,desktop,1.57,9
2392,2159,2024-11-02 09:43:08,desktop,11.04,3
2393,1781,2024-09-12 13:00:59,desktop,1.78,4
2394,2474,2023-05-15 06:15:05,tablet,9.77,9
2395,653,2024-07-22 15:34:08,tablet,10.91,4
2396,976,2023-04-20 06:01:10,mobile,4.19,5
2397,1397,2023-11-08 02:31:55,tablet,10.51,2
2398,281,2024-11-30 17:22:23,mobile,12.87,8
2399,2157,2024-11-07 22:33:24,mobile,2.28,8
2400,2455,2023-03-28 10:21:11,tablet,9.13,9
2401,1442,2023-06-11 20:19:32,mobile,9.3,6
2402,1277,2024-12-13 01:29:37,desktop,13.36,1
2403,1233,2023-05-30 03:09:39,desktop,6.34,5
2404,278,2024-12-09 17:11:06,tablet,5.26,4
2405,2174,2024-07-18 14:35:38,desktop,10.0,4
2406,1110,2024-09-29 05:48:52,mobile,9.1,6
2407,2381,2023-03-21 20:27:36,desktop,4.4,2
2408,983,2023-01-28 13:29:17,tablet,4.3,7
2409,1090,2024-05-05 15:30:41,desktop,16.24,7
2410,1408,2023-05-06 06:57:36,tablet,4.97,9
2411,2373,2023-08-02 14:29:18,mobile,9.6,4
2412,1062,2024-11-02 00:45:49,mobile,8.38,9
2413,1730,2024-11-30 00:03:51,tablet,2.55,5
2414,894,2023-10-05 10:21:01,desktop,7.84,4
2415,1010,2024-03-15 06:56:15,tablet,7.28,7
2416,2022,2023-01-05 04:56:51,mobile,4.33,1
2417,1902,2023-03-05 08:48:56,tablet,3.28,4
2418,1302,2023-10-26 22:17:04,desktop,4.18,2
2419,305,2023-12-22 10:40:23,mobile,14.48,3
2420,2446,2023-12-31 05:53:50,tablet,0.2,1
2421,1224,2024-07-31 11:01:36,desktop,4.89,4
2422,2038,2024-04-28 21:46:10,mobile,12.26,5
2423,2292,2023-02-16 12:27:55,mobile,11.08,2
2424,1393,2024-09-12 13:41:32,tablet,12.96,7
2425,1649,2024-03-25 15:02:52,tablet,0.2,5
2426,1705,2023-09-23 11:11:33,tablet,7.87,1
2427,669,2024-07-13 19:53:27,tablet,7.42,4
2428,1420,2024-10-08 18:20:41,desktop,8.2,4
2429,2008,2024-01-10 05:31:26,tablet,7.59,3
2430,1273,2023-10-11 12:09:28,mobile,10.58,1
2431,710,2024-05-24 11:21:03,tablet,0.2,8
2432,1122,2023-03-27 12:15:04,tablet,11.53,4
2433,2292,2024-08-23 07:01:44,desktop,9.6,3
2434,1624,2023-07-15 06:57:09,mobile,12.77,7
2435,1202,2024-09-17 02:25:48,tablet,2.86,7
2436,942,2024-07-05 12:57:43,desktop,11.92,3
2437,913,2023-11-28 05:09:51,desktop,8.88,4
2438,1356,2023-08-11 21:45:02,tablet,8.13,3
2439,2341,2023-06-29 16:12:47,desktop,6.28,2
2440,617,2024-04-29 08:37:47,tablet,0.2,1
2441,789,2023-02-22 18:25:37,desktop,9.47,3
2442,2318,2024-01-14 23:26:49,tablet,10.13,5
2443,1695,2023-10-11 10:42:05,desktop,5.87,5
2444,1209,2024-04-23 18:52:03,mobile,1.76,7
2445,1437,2024-03-23 09:47:16,tablet,7.06,2
2446,1480,2023-02-07 03:36:30,desktop,4.25,1
2447,2247,2023-04-18 08:26:07,tablet,0.2,8
2448,2312,2024-02-27 22:59:12,desktop,2.15,3
2449,2211,2023-04-03 09:36:25,mobile,10.26,14
2450,616,2024-06-02 22:08:17,desktop,5.6,1
2451,576,2024-09-21 21:59:31,mobile,10.0,9
2452,1886,2023-06-26 10:22:30,mobile,5.06,7
2453,1322,2023-02-13 06:40:14,tablet,14.39,11
2454,2308,2023-05-18 20:46:06,desktop,13.4,4
2455,450,2024-10-16 17:57:17,tablet,4.43,2
2456,1062,2023-01-05 00:27:21,mobile,4.47,4
2457,293,2023-05-16 21:25:58,mobile,6.85,4
2458,1161,2024-12-27 19:02:23,desktop,8.07,5
2459,1236,2024-03-08 03:13:22,desktop,7.11,5
2460,1363,2024-03-10 00:10:49,tablet,4.71,6
2461,2306,2023-11-19 19:57:04,desktop,5.74,1
2462,540,2024-07-10 04:24:19,mobile,11.06,4
2463,898,2023-03-21 19:49:32,tablet,11.94,1
2464,1977,2024-10-31 13:35:33,mobile,6.84,4
2465,1285,2024-05-07 08:44:59,mobile,10.14,8
2466,767,2023-03-07 03:57:54,desktop,2.29,4
2467,2299,2024-01-25 21:30:40,desktop,7.68,5
2468,2174,2023-12-04 11:54:44,tablet,4.64,5
2469,429,2023-09-23 20:30:30,mobile,14.94,7
2470,868,2024-06-20 23:03:47,tablet,10.77,1
2471,1921,2023-01-14 10:45:53,desktop,2.95,3
2472,418,2024-04-30 21:53:35,desktop,8.27,8
2473,2384,2024-08-02 20:12:03,tablet,13.58,3
2474,234,2024-03-29 08:13:03,tablet,4.3,6
2475,2204,2023-05-30 23:46:30,desktop,2.98,1
2476,698,2023-10-19 16:55:08,mobile,4.14,11
2477,483,2024-11-12 09:48:47,tablet,7.37,6
2478,2022,2023-09-25 03:17:25,mobile,0.51,3
2479,2381,2024-05-19 06:43:04,mobile,3.05,4
2480,1553,2023-08-20 05:44:31,desktop,5.28,8
2481,1189,2023-05-31 07:11:31,mobile,1.03,6
2482,486,2024-07-29 21:03:23,tablet,10.14,10
2483,123,2023-09-20 01:30:35,desktop,0.2,5
2484,1358,2023-01-25 04:43:58,mobile,4.67,3
2485,127,2023-12-10 10:38:21,tablet,7.81,7
2486,1738,2024-05-08 16:07:30,desktop,1.4,8
2487,1102,2024-04-18 17:31:40,desktop,7.71,2
2488,2416,2023-12-01 21:13:31,mobile,5.03,6
2489,1643,2024-04-13 22:19:37,tablet,2.88,4
2490,1041,2023-08-01 16:10:27,desktop,5.79,4
2491,247,2023-03-03 21:46:47,desktop,4.93,5
2492,355,2023-02-28 04:36:15,tablet,5.18,7
2493,1429,2024-11-20 20:30:14,desktop,0.85,4
2494,1833,2024-11-27 21:20:22,mobile,4.29,1
2495,56,2023-11-23 20:47:29,desktop,6.7,3
2496,2004,2023-08-12 16:35:08,tablet,12.47,3
2497,1596,2023-04-12 13:53:27,tablet,7.52,5
2498,204,2024-09-04 03:14:20,mobile,5.36,3
2499,2390,2024-03-10 12:40:47,desktop,1.45,12
2500,2379,2024-08-24 02:04:21,mobile,3.84,4
2501,1332,2023-10-15 07:49:59,mobile,2.16,2
2502,704,2024-10-10 08:42:11,desktop,5.11,6
2503,830,2024-12-11 23:22:46,mobile,1.75,3
2504,24,2024-03-20 13:51:29,mobile,6.51,3
2505,885,2023-01-01 22:49:56,mobile,13.92,6
2506,1456,2024-12-30 20:30:17,desktop,6.1,5
2507,1996,2024-09-10 01:38:02,desktop,5.03,6
2508,2131,2024-07-17 21:30:55,tablet,3.43,4
2509,883,2024-02-08 13:51:58,desktop,2.02,1
2510,305,2023-01-13 05:00:02,mobile,5.87,5
2511,2475,2024-10-09 00:03:29,mobile,7.37,1
2512,1697,2024-08-09 03:01:21,desktop,10.21,3
2513,1972,2023-10-13 17:04:43,tablet,6.03,1
2514,913,2024-04-11 05:19:01,mobile,10.73,1
2515,559,2024-08-24 16:34:27,tablet,10.57,10
2516,2433,2023-08-08 02:43:03,tablet,8.51,3
2517,489,2024-06-21 16:25:37,tablet,0.2,5
2518,661,2024-04-18 11:58:57,desktop,10.52,5
2519,1092,2024-10-18 18:22:41,tablet,0.2,1
2520,544,2024-03-04 09:26:32,tablet,0.96,13
2521,1055,2024-10-26 01:32:42,desktop,12.35,3
2522,1182,2024-10-14 00:39:53,mobile,5.64,7
2523,301,2023-02-18 08:29:17,mobile,1.49,3
2524,2212,2023-12-31 20:15:20,tablet,0.2,1
2525,1155,2024-12-19 02:05:08,desktop,2.47,6
2526,464,2023-07-16 02:51:11,tablet,0.2,1
2527,260,2023-12-22 00:24:14,desktop,10.24,7
2528,1624,2024-04-16 19:56:42,mobile,0.2,3
2529,1811,2023-09-20 12:03:47,tablet,1.25,1
2530,2026,2023-05-07 21:26:58,mobile,4.52,3
2531,665,2023-05-05 16:21:00,tablet,0.2,2
2532,613,2024-06-10 16:03:47,desktop,0.2,10
2533,2460,2024-02-09 22:26:03,mobile,0.2,4
2534,2418,2023-09-02 10:00:57,mobile,1.35,3
2535,2003,2023-06-17 14:04:58,tablet,10.42,6
2536,2281,2023-04-23 01:58:35,desktop,2.8,2
2537,1751,2024-05-28 20:25:02,mobile,11.14,4
2538,1787,2023-10-28 03:45:38,mobile,8.41,6
2539,2069,2023-06-25 01:23:48,mobile,12.7,5
2540,112,2024-04-13 01:07:39,mobile,0.2,7
2541,1524,2024-04-05 18:03:58,desktop,2.27,3
2542,2377,2023-11-02 20:27:04,mobile,2.93,6
2543,2449,2024-08-29 19:20:53,desktop,8.29,4
2544,2277,2024-01-27 06:07:32,desktop,5.57,4
2545,1592,2023-09-22 20:28:43,mobile,7.27,3
2546,1112,2023-10-27 19:43:06,tablet,7.33,1
2547,2417,2023-10-23 01:11:26,mobile,1.47,1
2548,922,2024-04-12 09:34:15,tablet,0.2,7
2549,460,2024-04-19 21:08:44,tablet,8.26,4
2550,428,2023-12-28 18:58:38,mobile,1.38,4
2551,1125,2023-09-13 19:51:41,tablet,12.46,7
2552,1475,2024-05-27 16:29:25,mobile,5.68,5
2553,469,2024-02-08 17:29:27,mobile,7.5,4
2554,2494,2024-04-17 11:13:20,mobile,8.19,1
2555,2235,2024-01-20 16:23:50,tablet,6.77,2
2556,409,2024-07-28 19:25:17,desktop,1.96,8
2557,1996,2024-07-24 04:39:54,tablet,0.53,3
2558,693,2023-10-23 16:20:40,desktop,9.66,3
2559,56,2023-01-11 19:57:20,tablet,9.34,13
2560,16,2024-10-15 21:19:43,desktop,6.48,4
2561,1202,2024-10-12 19:09:41,tablet,6.98,5
2562,1372,2024-09-23 07:29:31,tablet,10.96,1
2563,1728,2023-09-04 09:39:22,mobile,5.63,1
2564,1253,2023-04-20 10:50:05,mobile,1.24,1
2565,1215,2024-02-19 10:14:53,desktop,9.26,8
2566,1973,2023-03-25 14:34:41,mobile,4.01,7
2567,1798,2024-02-29 19:36:17,desktop,5.46,13
2568,1874,2023-05-26 17:46:15,desktop,3.9,10
2569,1116,2024-11-17 09:55:27,mobile,7.35,1
2570,778,2024-09-10 10:19:23,desktop,4.73,3
2571,847,2023-05-11 22:12:34,desktop,12.4,5
2572,1205,2023-02-06 21:17:49,tablet,0.53,5
2573,482,2023-04-14 07:47:23,desktop,6.67,5
2574,752,2024-03-19 02:38:39,desktop,1.19,3
2575,1087,2024-01-27 17:39:22,tablet,7.32,6
2576,1006,2024-11-26 08:28:46,tablet,0.92,1
2577,531,2023-07-31 13:54:29,tablet,5.92,4
2578,1228,2024-04-06 01:54:37,desktop,12.53,7
2579,453,2023-01-14 11:08:19,desktop,6.11,1
2580,1838,2024-03-02 14:11:19,tablet,3.8,12
2581,339,2024-05-27 20:15:31,mobile,8.37,4
2582,2074,2023-07-02 11:03:19,desktop,4.66,4
2583,1988,2024-04-22 13:41:01,tablet,11.89,6
2584,638,2024-01-26 14:33:33,desktop,5.76,1
2585,2086,2023-11-17 16:07:32,mobile,8.94,4
2586,1434,2023-06-01 11:58:11,desktop,2.45,2
2587,1719,2024-03-04 16:35:12,mobile,9.5,8
2588,1915,2023-05-20 06:44:30,desktop,8.55,4
2589,2237,2024-02-21 01:03:18,mobile,0.2,1
2590,1016,2024-09-20 17:52:17,mobile,6.7,6
2591,1440,2024-12-15 14:56:09,desktop,6.46,3
2592,1029,2024-11-06 16:52:51,desktop,0.67,5
2593,698,2023-03-08 05:31:57,mobile,4.26,2
2594,2321,2024-09-22 13:07:37,mobile,1.27,6
2595,18,2023-09-01 17:57:33,desktop,1.75,2
2596,2379,2023-07-24 08:36:12,desktop,5.18,2
2597,1113,2024-11-21 23:35:31,tablet,5.42,6
2598,2340,2024-06-05 20:21:51,mobile,6.04,4
2599,2157,2023-02-17 02:33:10,desktop,5.18,1
2600,363,2024-11-01 07:59:07,mobile,10.76,6
2601,1472,2023-02-06 19:34:34,tablet,10.19,5
2602,1291,2024-11-13 04:40:16,tablet,0.77,2
2603,2390,2023-11-08 10:59:09,tablet,3.98,5
2604,2209,2023-01-15 04:32:05,desktop,7.81,4
2605,810,2024-11-15 21:45:19,tablet,12.84,7
2606,1694,2024-01-23 09:21:32,tablet,2.07,1
2607,1223,2024-05-01 01:34:38,mobile,6.24,10
2608,294,2024-08-09 20:38:51,tablet,6.58,2
2609,294,2023-06-29 22:42:40,tablet,6.79,1
2610,962,2024-02-29 14:20:38,desktop,10.07,5
2611,1032,2024-09-29 23:29:59,tablet,5.27,2
2612,515,2023-06-21 15:48:47,mobile,7.46,7
2613,2116,2023-07-08 17:00:45,mobile,2.5,6
2614,871,2024-05-27 16:36:02,tablet,11.99,1
2615,2331,2024-04-14 17:34:24,tablet,0.2,4
2616,1522,2024-06-18 07:18:21,desktop,0.79,3
2617,839,2023-04-14 20:37:30,tablet,8.69,7
2618,740,2024-05-29 01:37:42,mobile,4.64,3
2619,1709,2023-12-30 05:05:14,mobile,8.33,5
2620,273,2024-07-21 22:49:30,tablet,1.43,5
2621,1015,2024-11-12 12:22:23,mobile,5.06,6
2622,1694,2024-07-29 19:20:09,desktop,6.95,2
2623,426,2024-09-26 20:01:35,mobile,13.57,5
2624,62,2024-03-21 08:14:24,mobile,0.2,6
2625,848,2024-07-06 12:51:28,desktop,8.17,6
2626,2044,2023-05-07 19:22:25,mobile,11.55,6
2627,1390,2023-07-05 08:11:34,desktop,12.74,1
2628,854,2024-05-03 02:21:21,mobile,1.0,2
2629,3,2023-06-10 01:19:37,desktop,9.83,12
2630,813,2023-01-03 10:33:25,desktop,9.11,3
2631,45,2023-09-27 03:36:11,tablet,0.2,2
2632,1961,2024-07-30 19:18:51,tablet,5.23,4
2633,10,2023-05-03 15:46:49,tablet,0.2,9
2634,1244,2023-10-06 08:58:59,tablet,5.74,1
2635,898,2023-01-31 22:29:26,tablet,7.41,4
2636,1486,2024-02-07 23:36:56,desktop,0.2,3
2637,1971,2024-09-29 01:17:21,tablet,0.88,3
2638,932,2024-05-03 20:35:02,mobile,6.96,7
2639,1044,2024-07-10 11:34:49,tablet,6.27,6
2640,1965,2023-07-31 03:26:32,mobile,6.68,4
2641,1719,2024-12-11 17:43:15,mobile,5.27,1
2642,325,2023-04-30 22:44:46,tablet,2.25,2
2643,1835,2023-09-13 00:30:55,mobile,13.48,2
2644,2112,2024-12-07 11:37:27,tablet,2.14,2
2645,1445,2024-07-15 13:13:06,mobile,0.44,11
2646,1986,2024-10-23 22:51:59,mobile,4.62,4
2647,2124,2024-11-09 02:32:42,desktop,11.27,3
2648,370,2024-10-04 21:57:49,mobile,1.8,3
2649,2277,2023-09-17 09:42:04,tablet,3.79,1
2650,1127,2024-05-27 22:38:00,mobile,4.43,8
2651,2152,2023-09-18 09:42:41,desktop,8.55,9
2652,610,2024-08-31 13:22:56,tablet,5.36,4
2653,2147,2024-04-07 21:14:59,desktop,3.34,6
2654,670,2024-12-09 21:08:24,mobile,3.99,7
2655,1939,2023-10-24 04:46:30,desktop,5.26,1
2656,1927,2024-04-03 18:13:02,desktop,12.54,1
2657,1764,2024-05-30 01:04:10,mobile,5.01,9
2658,966,2023-08-08 23:03:11,mobile,5.52,1
2659,103,2024-07-03 21:55:45,desktop,5.22,5
2660,1019,2024-06-15 16:24:36,desktop,3.59,8
2661,1141,2024-04-16 17:24:56,mobile,4.19,2
2662,457,2024-03-30 04:29:17,mobile,8.07,1
2663,222,2024-11-21 07:03:13,tablet,7.96,5
2664,2055,2024-01-09 08:39:40,desktop,4.16,3
2665,1376,2023-11-14 00:43:00,desktop,4.24,1
2666,2164,2023-09-18 03:56:44,mobile,8.9,2
2667,1419,2024-12-14 01:55:41,desktop,2.2,12
2668,150,2023-04-12 18:08:19,desktop,7.66,7
2669,1851,2024-12-14 21:26:17,desktop,1.06,6
2670,1875,2023-03-21 20:06:35,mobile,6.9,3
2671,1261,2023-04-27 15:06:13,mobile,3.86,1
2672,1062,2023-09-07 07:55:43,tablet,0.2,7
2673,1502,2024-12-31 17:29:55,mobile,7.56,4
2674,1782,2023-09-12 08:19:29,tablet,7.12,3
2675,460,2024-03-02 03:52:55,tablet,0.2,4
2676,2440,2024-12-27 13:12:28,desktop,5.14,6
2677,1768,2024-07-04 21:48:31,desktop,8.28,8
2678,1959,2023-03-23 06:05:24,tablet,8.35,5
2679,281,2024-10-22 03:00:06,desktop,6.66,5
2680,2240,2023-10-17 10:52:58,tablet,11.16,5
2681,1571,2023-01-21 22:19:20,mobile,6.47,3
2682,747,2024-01-09 08:59:51,tablet,6.44,1
2683,934,2024-03-20 01:54:30,mobile,2.06,4
2684,660,2023-01-20 02:03:34,desktop,0.21,7
2685,43,2024-07-17 03:50:09,tablet,6.86,7
2686,125,2024-03-22 21:26:28,tablet,8.6,4
2687,1923,2023-03-06 13:15:06,desktop,2.94,1
2688,2079,2024-06-27 02:39:31,mobile,4.34,7
2689,540,2023-01-26 11:34:10,mobile,3.61,1
2690,157,2024-10-20 19:03:39,mobile,15.58,5
2691,1469,2024-02-27 07:41:50,desktop,6.08,1
2692,230,2024-10-24 09:27:40,desktop,2.15,2
2693,338,2024-10-10 04:43:20,desktop,7.3,6
2694,5,2023-11-04 14:26:42,desktop,7.68,9
2695,1337,2024-12-28 12:19:06,desktop,6.32,3
2696,1001,2023-10-15 19:43:18,mobile,11.6,5
2697,1944,2023-07-03 18:34:56,mobile,15.14,5
2698,667,2024-07-07 07:43:35,desktop,2.75,2
2699,739,2024-01-05 13:23:14,mobile,7.69,5
2700,820,2024-10-19 14:02:05,mobile,6.96,4
2701,1426,2024-01-15 15:26:07,mobile,8.12,8
2702,1331,2024-03-21 19:58:21,mobile,3.36,7
2703,253,2023-03-03 01:18:52,tablet,2.87,3
2704,2246,2024-07-20 16:49:35,desktop,1.99,3
2705,1591,2024-12-20 14:09:11,tablet,3.85,8
2706,2429,2023-10-24 08:24:54,desktop,5.61,4
2707,1525,2023-07-21 11:07:19,tablet,2.2,9
2708,814,2024-05-02 07:09:41,mobile,3.73,1
2709,2095,2023-08-22 15:25:40,mobile,5.11,1
2710,117,2023-11-04 06:43:24,desktop,12.52,5
2711,2467,2023-01-10 00:09:28,mobile,4.39,5
2712,2454,2024-02-22 09:28:47,tablet,10.3,1
2713,1008,2023-03-30 21:25:06,desktop,10.48,6
2714,385,2024-12-15 02:48:28,desktop,2.65,1
2715,682,2024-02-02 06:35:53,desktop,2.06,4
2716,1352,2023-06-28 17:42:21,mobile,7.69,2
2717,2119,2024-03-26 19:49:51,tablet,4.06,1
2718,2430,2023-07-23 03:27:15,desktop,10.97,1
2719,1387,2024-01-20 02:54:45,mobile,3.49,5
2720,1028,2023-03-04 21:07:32,desktop,4.41,2
2721,1107,2024-03-07 19:37:29,tablet,12.1,3
2722,1787,2023-11-10 00:21:25,desktop,3.42,6
2723,1737,2024-11-20 12:03:04,mobile,0.2,8
2724,2228,2023-06-27 11:23:39,mobile,15.46,6
2725,281,2024-10-01 12:14:19,tablet,2.19,1
2726,669,2024-09-21 12:45:08,tablet,11.59,5
2727,1566,2024-08-28 06:37:50,desktop,4.65,9
2728,1200,2024-07-03 05:42:23,mobile,2.91,4
2729,1899,2024-04-29 20:57:54,tablet,10.8,4
2730,1775,2023-12-03 07:28:13,mobile,8.49,7
2731,161,2024-12-08 21:22:17,tablet,4.93,4
2732,2171,2023-02-20 12:33:23,desktop,2.19,6
2733,1699,2024-05-11 14:50:17,tablet,7.84,4
2734,1747,2024-07-21 06:44:27,desktop,4.35,1
2735,2269,2024-05-25 02:27:15,desktop,7.25,11
2736,1055,2024-12-05 21:37:46,desktop,2.26,6
2737,652,2024-04-07 23:12:44,mobile,9.35,1
2738,1935,2023-01-27 16:24:39,mobile,16.89,6
2739,874,2023-09-19 20:50:48,mobile,9.73,7
2740,798,2023-09-04 14:30:41,mobile,5.44,7
2741,871,2023-10-21 05:12:21,mobile,2.25,1
2742,341,2024-02-23 13:39:18,tablet,6.05,5
2743,64,2024-11-15 16:17:07,tablet,7.71,2
2744,860,2024-04-17 00:31:20,desktop,8.12,9
2745,21,2024-03-28 23:54:08,tablet,17.27,9
2746,420,2024-03-11 07:11:03,desktop,4.92,12
2747,753,2023-11-20 05:02:38,desktop,2.77,4
2748,2169,2023-06-12 05:15:14,desktop,12.09,2
2749,1091,2024-07-02 21:09:44,desktop,10.33,7
2750,1840,2024-04-03 09:35:56,tablet,10.92,6
2751,1805,2023-09-27 02:33:02,mobile,7.64,8
2752,658,2024-03-16 05:52:00,mobile,6.08,8
2753,1395,2023-09-21 19:57:45,tablet,3.86,2
2754,948,2023-10-05 11:46:40,mobile,2.86,2
2755,280,2023-10-12 14:35:16,mobile,4.27,5
2756,1257,2024-02-19 20:36:44,mobile,3.71,7
2757,1523,2024-04-22 10:06:06,mobile,7.68,1
2758,900,2023-03-16 20:59:39,desktop,3.27,4
2759,798,2023-05-10 14:17:52,desktop,5.78,1
2760,2403,2024-10-04 16:24:53,desktop,0.2,5
2761,1117,2023-04-07 03:31:57,desktop,4.86,8
2762,2311,2023-03-27 04:28:33,mobile,5.42,1
2763,1525,2024-11-15 23:16:46,tablet,0.8,1
2764,2336,2024-10-04 01:19:27,desktop,9.78,5
2765,520,2023-10-12 23:05:01,mobile,12.56,4
2766,971,2024-10-08 17:22:33,tablet,3.21,7
2767,2080,2024-09-09 13:28:20,mobile,0.2,7
2768,286,2024-04-07 14:07:32,mobile,12.75,7
2769,891,2024-02-14 16:02:40,tablet,5.33,2
2770,1657,2024-01-19 03:11:14,mobile,10.33,1
2771,300,2024-01-24 00:57:48,desktop,7.12,8
2772,579,2023-02-27 17:15:16,desktop,7.24,6
2773,336,2024-07-04 17:16:55,mobile,6.91,9
2774,2281,2024-04-17 19:10:11,tablet,9.07,8
2775,1780,2024-06-06 18:50:18,tablet,0.2,3
2776,527,2024-04-24 03:36:58,mobile,7.47,4
2777,786,2023-09-23 05:33:55,tablet,2.48,1
2778,1329,2023-01-02 01:31:44,mobile,10.38,2
2779,2089,2023-10-23 23:45:56,desktop,5.5,4
2780,1670,2024-12-25 03:02:02,desktop,0.2,3
2781,1564,2024-09-19 13:59:19,mobile,6.11,4
2782,1100,2024-10-11 19:17:56,desktop,9.97,5
2783,1647,2023-09-18 14:37:47,desktop,2.78,5
2784,2182,2024-07-16 03:55:46,mobile,1.12,2
2785,1782,2024-04-09 11:32:26,desktop,5.33,3
2786,466,2024-06-16 12:31:28,mobile,4.2,2
2787,113,2024-03-24 13:58:23,desktop,12.63,6
2788,944,2023-02-11 02:06:33,tablet,1.38,6
2789,1845,2023-07-09 05:54:00,tablet,5.9,4
2790,2170,2024-08-02 16:13:42,tablet,7.06,3
2791,114,2024-11-29 22:16:44,mobile,8.66,3
2792,97,2024-11-09 11:03:57,mobile,1.74,3
2793,1531,2023-01-06 18:19:23,tablet,6.81,3
2794,2474,2023-06-02 13:49:09,desktop,5.36,5
2795,1992,2024-12-13 16:47:52,desktop,7.21,7
2796,844,2024-06-02 03:30:19,desktop,5.13,5
2797,2199,2023-10-28 07:53:53,desktop,6.81,1
2798,922,2024-02-13 18:16:22,mobile,1.27,10
2799,889,2024-01-29 00:24:07,tablet,5.57,6
2800,65,2024-09-17 23:58:20,mobile,12.53,2
2801,839,2023-05-26 09:30:55,tablet,10.98,3
2802,979,2024-04-03 02:30:00,desktop,0.8,4
2803,1258,2023-09-08 22:26:50,desktop,11.12,2
2804,205,2024-11-02 23:54:55,tablet,0.61,8
2805,2193,2024-11-21 20:09:01,tablet,6.17,4
2806,88,2024-08-17 06:30:37,tablet,2.27,2
2807,2248,2023-03-31 14:18:46,desktop,4.2,1
2808,2046,2024-02-24 06:13:41,tablet,4.47,10
2809,1999,2023-04-20 18:01:27,tablet,9.25,5
2810,1508,2023-03-22 06:00:18,mobile,15.71,4
2811,1352,2023-05-11 22:36:08,mobile,3.16,9
2812,609,2024-05-01 14:22:32,tablet,1.59,7
2813,1177,2023-06-29 17:32:41,mobile,11.62,8
2814,512,2024-07-15 16:48:28,mobile,0.2,3
2815,436,2024-06-04 12:21:48,desktop,6.84,4
2816,582,2024-09-21 17:49:15,desktop,0.2,2
2817,1509,2024-07-22 23:25:41,mobile,0.62,1
2818,2051,2023-04-27 07:46:49,desktop,9.47,8
2819,1539,2023-08-05 17:51:51,mobile,1.15,5
2820,2158,2024-06-21 17:12:11,desktop,10.33,1
2821,1950,2023-08-23 05:38:52,mobile,13.28,4
2822,1714,2023-03-30 21:50:49,tablet,7.35,5
2823,1345,2023-10-14 10:39:21,tablet,6.2,3
2824,1129,2024-01-22 05:37:18,tablet,6.75,3
2825,1269,2024-05-23 04:18:35,desktop,11.78,4
2826,1876,2024-06-22 09:36:13,mobile,4.31,8
2827,772,2024-05-10 15:31:06,mobile,10.16,1
2828,2449,2024-09-25 07:28:17,mobile,1.48,7
2829,1071,2024-05-28 08:49:08,tablet,5.8,9
2830,1092,2024-11-23 22:54:38,tablet,5.16,3
2831,1184,2024-10-08 19:02:32,desktop,9.25,6
2832,186,2024-06-05 05:12:02,mobile,0.2,5
2833,2034,2024-08-24 13:52:56,mobile,16.27,7
2834,408,2024-01-06 16:58:19,mobile,10.94,9
2835,946,2023-09-27 21:58:29,desktop,6.99,5
2836,1878,2023-12-21 09:26:30,tablet,9.36,7
2837,1471,2023-08-28 02:49:56,tablet,3.22,1
2838,414,2023-10-22 11:03:01,mobile,13.83,3
2839,315,2023-08-08 01:01:15,desktop,6.71,1
2840,31,2024-12-19 23:44:21,tablet,10.51,2
2841,1940,2024-05-10 19:38:49,tablet,0.2,7
2842,457,2024-06-21 03:23:14,desktop,5.97,2
2843,1718,2024-09-06 07:47:09,desktop,7.24,3
2844,1334,2023-03-21 07:43:18,desktop,0.2,1
2845,14,2024-07-05 00:55:49,tablet,15.51,3
2846,1682,2023-05-01 07:45:07,mobile,0.2,12
2847,286,2023-04-02 15:41:24,mobile,0.79,3
2848,2399,2024-04-06 21:32:14,desktop,6.67,5
2849,1539,2023-09-02 08:19:39,mobile,6.17,4
2850,912,2024-06-05 04:35:51,tablet,2.04,8
2851,1249,2024-11-23 15:58:21,mobile,2.5,1
2852,39,2023-12-17 04:53:42,tablet,15.24,6
2853,834,2023-08-16 00:40:28,desktop,8.38,1
2854,1215,2023-05-14 13:37:13,tablet,0.2,5
2855,1426,2024-10-24 02:20:36,tablet,4.62,3
2856,2476,2024-06-01 17:11:07,tablet,7.69,1
2857,1793,2023-01-04 23:29:44,tablet,13.03,5
2858,899,2023-03-19 13:15:59,desktop,0.52,1
2859,632,2023-10-04 04:54:49,tablet,8.9,5
2860,207,2023-04-10 12:53:08,mobile,2.81,3
2861,359,2024-03-30 03:51:39,mobile,6.06,5
2862,2198,2023-04-27 04:38:47,mobile,8.36,2
2863,837,2023-07-10 05:09:00,mobile,2.42,7
2864,2148,2023-05-26 20:36:37,desktop,5.39,7
2865,1989,2023-06-21 21:09:47,tablet,2.66,4
2866,1952,2023-01-19 21:52:49,tablet,7.16,4
2867,2413,2023-01-04 00:12:24,desktop,2.92,3
2868,1551,2023-01-14 21:50:07,tablet,2.37,6
2869,2093,2023-03-31 04:53:49,desktop,8.52,8
2870,1682,2023-08-11 00:42:15,mobile,0.2,2
2871,2370,2023-04-29 18:25:00,desktop,4.46,6
2872,1144,2024-11-12 08:03:30,mobile,9.24,10
2873,1341,2024-11-29 15:56:24,tablet,0.2,3
2874,66,2024-03-30 14:28:30,mobile,2.35,9
2875,1399,2023-05-06 05:23:48,desktop,7.71,2
2876,505,2024-12-31 15:47:45,desktop,6.88,3
2877,1687,2024-02-25 15:48:46,mobile,6.75,8
2878,1073,2024-10-11 03:34:46,mobile,3.61,1
2879,1690,2023-05-14 17:36:46,desktop,0.2,11
2880,213,2023-02-24 22:22:44,tablet,0.2,2
2881,1557,2023-08-29 19:06:21,desktop,4.22,1
2882,2214,2024-04-20 21:04:11,mobile,10.36,4
2883,266,2023-02-21 02:17:21,tablet,8.87,6
2884,1491,2024-09-09 05:06:02,tablet,3.07,2
2885,290,2023-08-20 10:46:17,mobile,7.12,9
2886,541,2024-12-19 12:38:42,desktop,7.21,8
2887,1164,2024-09-19 20:01:20,mobile,10.78,8
2888,1426,2024-10-23 21:02:24,tablet,13.65,8
2889,2432,2024-10-11 03:08:09,desktop,5.97,3
2890,1110,2024-05-19 18:44:35,desktop,5.63,9
2891,520,2024-02-10 18:38:57,desktop,3.29,8
2892,541,2023-04-18 23:23:55,mobile,3.18,2
2893,2057,2024-11-18 07:26:24,mobile,2.93,5
2894,331,2023-01-09 10:52:00,desktop,8.21,9
2895,1411,2023-01-07 19:17:26,mobile,4.49,10
2896,1933,2023-07-28 14:38:11,desktop,4.16,1
2897,1270,2023-12-22 20:21:00,tablet,4.03,1
2898,1851,2024-07-29 19:22:10,desktop,6.08,6
2899,444,2023-08-07 00:59:15,mobile,0.2,8
2900,1495,2023-02-08 15:33:52,desktop,4.36,5
2901,2098,2023-12-18 09:20:45,tablet,8.51,4
2902,233,2023-07-20 12:14:57,tablet,0.2,2
2903,1911,2024-04-28 20:44:42,desktop,9.03,5
2904,2403,2023-08-22 21:25:57,desktop,6.26,4
2905,1584,2023-10-25 19:28:24,mobile,5.21,1
2906,177,2024-08-13 10:01:03,mobile,4.19,6
2907,2401,2023-04-15 08:35:22,tablet,9.52,7
2908,978,2024-10-08 01:28:14,tablet,8.16,1
2909,1875,2024-07-16 11:59:02,desktop,6.75,1
2910,1662,2024-10-11 22:28:58,desktop,2.76,9
2911,764,2024-10-20 02:32:47,tablet,5.77,4
2912,1958,2024-09-07 11:50:12,tablet,6.87,7
2913,176,2023-01-01 12:52:39,tablet,7.31,5
2914,1462,2023-01-06 02:05:55,tablet,10.02,3
2915,1768,2024-03-31 05:52:07,mobile,7.89,8
2916,1359,2024-05-18 12:42:44,tablet,4.2,1
2917,1699,2024-04-27 17:57:31,desktop,3.59,8
2918,2013,2023-01-10 20:11:16,tablet,0.2,1
2919,2283,2024-07-11 13:17:29,tablet,8.9,1
2920,2246,2024-08-28 15:02:30,desktop,12.16,6
2921,1436,2023-10-13 12:07:16,mobile,10.62,9
2922,2050,2024-01-12 18:59:18,desktop,5.23,2
2923,1236,2024-03-21 09:50:46,mobile,0.2,2
2924,1559,2023-03-01 14:11:17,tablet,1.01,7
2925,1072,2024-12-09 22:42:51,tablet,2.95,4
2926,1281,2024-04-09 04:11:27,desktop,3.41,3
2927,1976,2024-04-12 18:47:12,tablet,6.94,4
2928,1453,2024-07-01 14:33:41,desktop,6.57,1
2929,728,2023-12-08 10:03:12,tablet,2.3,2
2930,773,2024-06-01 23:59:51,tablet,0.2,4
2931,784,2024-11-04 11:44:28,mobile,0.2,1
2932,260,2024-11-03 22:50:58,tablet,13.07,2
2933,625,2024-04-20 09:46:49,mobile,6.44,5
2934,1868,2023-10-17 06:20:03,tablet,16.11,9
2935,394,2024-11-22 03:42:38,desktop,2.01,2
2936,457,2024-04-01 00:30:07,tablet,6.75,1
2937,2136,2024-02-25 17:19:55,desktop,0.2,7
2938,429,2024-11-10 15:28:25,desktop,0.67,1
2939,416,2024-09-22 21:46:16,tablet,8.26,3
2940,315,2023-05-25 03:03:17,mobile,8.96,5
2941,1771,2023-10-25 17:59:32,tablet,9.49,8
2942,2463,2024-01-26 08:56:58,tablet,11.51,5
2943,1689,2024-02-20 16:21:21,desktop,6.96,5
2944,1693,2024-12-03 04:34:15,mobile,8.74,3
2945,1285,2024-04-25 00:05:12,mobile,9.08,7
2946,2235,2023-01-16 18:52:01,mobile,6.73,5
2947,965,2024-06-27 10:32:19,desktop,6.3,1
2948,1062,2024-04-14 06:37:53,desktop,1.96,5
2949,1876,2024-01-31 19:41:20,tablet,2.63,3
2950,336,2024-11-17 20:02:53,tablet,5.81,4
2951,276,2023-08-20 15:51:50,desktop,3.22,3
2952,1690,2024-11-01 07:49:27,desktop,5.05,6
2953,1178,2023-01-09 19:51:58,mobile,1.68,11
2954,1414,2024-09-22 10:27:02,desktop,6.67,3
2955,2333,2024-10-09 04:30:33,tablet,10.53,5
2956,2186,2024-01-31 15:57:45,mobile,10.51,5
2957,233,2023-08-11 20:26:08,desktop,7.41,8
2958,675,2023-11-26 13:36:47,tablet,7.72,4
2959,341,2023-01-14 02:21:05,mobile,3.24,6
2960,1327,2024-10-15 03:01:21,desktop,0.2,2
2961,234,2023-03-26 13:23:52,mobile,13.14,4
2962,1337,2024-06-30 16:18:12,mobile,12.01,1
2963,2468,2024-02-13 09:46:46,desktop,11.51,3
2964,1953,2023-06-18 12:57:58,desktop,6.09,9
2965,1054,2024-07-19 08:02:20,mobile,8.76,1
2966,2301,2023-02-10 05:44:03,tablet,11.73,4
2967,434,2024-06-12 02:49:47,tablet,9.65,4
2968,739,2024-10-27 23:03:04,tablet,13.6,3
2969,1357,2024-05-07 05:54:22,mobile,7.64,10
2970,1630,2024-03-24 08:47:58,desktop,3.3,7
2971,2129,2023-05-11 13:43:35,mobile,11.97,1
2972,1613,2023-05-22 04:38:32,mobile,4.68,2
2973,1747,2024-06-22 05:52:53,desktop,11.32,6
2974,2329,2024-02-14 15:04:44,mobile,4.04,10
2975,419,2023-07-07 19:20:02,mobile,6.57,2
2976,2083,2024-11-28 01:38:38,tablet,4.4,3
2977,2201,2023-10-20 20:14:32,mobile,0.21,3
2978,1092,2024-05-26 05:56:33,mobile,9.08,4
2979,1714,2024-05-20 08:33:46,mobile,4.49,6
2980,247,2024-07-17 04:53:14,mobile,4.48,4
2981,358,2024-07-15 06:44:03,mobile,14.65,2
2982,1579,2023-05-25 15:34:45,mobile,5.39,5
2983,1281,2023-07-26 15:59:43,mobile,3.58,6
2984,1574,2023-03-07 00:54:11,desktop,11.02,2
2985,257,2023-08-08 15:08:50,mobile,3.42,5
2986,729,2024-07-12 05:09:02,tablet,0.2,6
2987,2459,2023-11-05 19:16:31,tablet,10.59,3
2988,1914,2023-02-28 21:40:13,tablet,4.31,3
2989,354,2023-06-01 16:48:40,mobile,1.0,4
2990,699,2024-11-22 18:40:19,mobile,0.25,1
2991,2206,2024-11-27 09:48:42,mobile,7.53,2
2992,1623,2024-04-19 12:39:17,mobile,4.63,3
2993,1751,2024-06-28 08:17:42,tablet,7.82,7
2994,1448,2023-12-12 07:48:56,tablet,4.33,10
2995,15,2023-03-22 05:39:06,mobile,3.72,5
2996,1143,2024-06-11 02:51:36,desktop,8.64,3
2997,1100,2024-08-18 23:47:17,mobile,7.74,6
2998,1365,2023-10-27 11:42:58,tablet,9.43,7
2999,877,2024-08-13 12:51:24,mobile,2.01,4
3000,2481,2024-01-15 12:02:31,mobile,11.92,3
3001,1738,2024-11-04 13:56:19,desktop,2.98,1
3002,2466,2024-01-01 05:28:00,desktop,2.85,6
3003,121,2024-01-08 16:37:29,desktop,0.2,3
3004,10,2024-01-24 14:24:19,tablet,11.94,7
3005,146,2023-08-09 05:05:03,mobile,0.2,6
3006,1345,2023-01-04 10:06:20,tablet,7.23,1
3007,2235,2023-07-08 08:28:42,mobile,4.96,1
3008,1526,2023-10-06 10:20:57,mobile,0.2,4
3009,1265,2023-09-06 01:28:32,desktop,6.56,1
3010,1926,2023-08-12 19:21:22,tablet,1.42,2
3011,1524,2023-09-06 01:00:23,tablet,7.81,11
3012,2199,2023-08-23 20:16:35,tablet,9.54,3
3013,751,2024-09-17 13:14:58,desktop,8.24,4
3014,1596,2024-08-10 10:06:31,desktop,8.07,9
3015,994,2024-03-31 21:46:20,mobile,4.74,1
3016,1495,2023-01-31 11:01:26,tablet,11.64,5
3017,976,2024-06-29 21:50:35,mobile,4.72,7
3018,624,2023-05-22 08:38:14,desktop,11.1,8
3019,477,2023-11-27 18:48:36,mobile,1.77,7
3020,1627,2024-08-26 23:38:29,mobile,9.49,8
3021,2048,2024-03-13 07:24:18,tablet,10.1,4
3022,10,2023-01-16 23:57:37,desktop,4.44,6
3023,1828,2023-01-04 23:57:42,mobile,8.52,6
3024,1065,2024-04-11 22:56:10,mobile,7.98,5
3025,1146,2023-07-31 12:55:54,tablet,0.2,4
3026,426,2024-07-01 17:05:43,desktop,3.66,3
3027,1653,2023-08-11 16:31:03,tablet,9.05,9
3028,2391,2024-10-10 16:28:58,mobile,0.2,4
3029,417,2023-09-18 04:22:58,tablet,0.25,4
3030,2129,2024-05-10 12:03:31,mobile,13.8,4
3031,2006,2023-03-14 17:43:36,tablet,6.45,4
3032,1690,2023-08-07 19:57:12,mobile,6.3,1
3033,389,2023-04-30 19:45:37,mobile,10.03,8
3034,757,2023-07-01 18:13:14,mobile,9.34,3
3035,566,2023-12-12 18:08:59,desktop,7.79,1
3036,331,2023-06-18 00:15:16,tablet,10.5,5
3037,1410,2024-04-12 10:40:07,tablet,4.65,3
3038,1344,2023-02-25 05:16:10,tablet,7.23,5
3039,2054,2023-03-02 20:39:14,mobile,3.46,4
3040,1625,2024-03-23 19:27:31,tablet,4.73,1
3041,2239,2024-12-23 04:04:59,tablet,6.56,6
3042,1312,2023-02-23 08:36:00,mobile,9.37,3
3043,1560,2024-01-08 14:47:12,tablet,5.73,6
3044,1995,2023-05-31 18:21:12,tablet,7.52,5
3045,1379,2024-04-21 09:56:54,tablet,5.14,9
3046,456,2023-01-30 10:36:24,mobile,9.64,3
3047,1221,2023-04-26 10:11:31,mobile,4.51,5
3048,195,2024-07-02 07:07:48,mobile,7.28,2
3049,1258,2024-04-23 21:06:41,mobile,5.42,3
3050,753,2024-09-23 23:12:02,tablet,5.1,6
3051,2427,2023-10-11 07:49:49,desktop,8.07,4
3052,1620,2024-09-02 13:33:12,tablet,0.3,4
3053,1967,2024-04-18 06:08:42,tablet,5.18,7
3054,2132,2024-09-26 13:11:31,mobile,4.46,2
3055,2119,2024-01-11 03:54:43,desktop,10.6,10
3056,1185,2024-06-21 20:10:46,mobile,0.42,7
3057,2408,2023-09-23 19:01:59,tablet,9.69,1
3058,2116,2024-04-06 18:27:55,desktop,5.92,10
3059,109,2023-03-19 08:30:15,desktop,0.2,4
3060,2451,2023-12-20 06:15:08,desktop,6.88,2
3061,648,2023-10-13 22:14:17,desktop,1.32,9
3062,1262,2024-09-03 22:55:30,mobile,5.82,1
3063,1632,2023-11-09 12:01:27,tablet,13.13,7
3064,1,2023-07-21 21:03:40,desktop,2.42,5
3065,2301,2024-10-17 18:03:25,tablet,12.68,7
3066,2498,2023-05-27 01:56:00,mobile,0.2,3
3067,392,2023-09-12 09:05:10,tablet,5.57,5
3068,883,2024-04-16 07:04:15,mobile,1.62,8
3069,1739,2024-04-08 10:13:06,tablet,6.89,1
3070,2410,2024-08-21 02:41:27,tablet,8.16,4
3071,1405,2023-07-07 16:23:34,tablet,4.57,5
3072,1982,2024-05-11 18:54:15,desktop,8.62,1
3073,1206,2023-03-31 10:45:52,tablet,6.27,6
3074,1161,2023-01-19 22:32:06,mobile,4.48,9
3075,236,2023-08-17 04:31:28,mobile,4.15,1
3076,2387,2023-02-07 06:42:02,tablet,7.41,4
3077,2270,2024-11-10 07:22:48,tablet,13.41,6
3078,2489,2023-04-06 20:28:52,desktop,12.41,9
3079,1380,2024-01-23 13:34:45,desktop,2.5,1
3080,2133,2024-06-23 20:16:30,tablet,8.46,3
3081,1502,2024-02-17 22:06:19,mobile,6.47,4
3082,47,2023-07-18 18:01:48,mobile,6.79,1
3083,1476,2024-11-18 22:56:09,mobile,6.65,4
3084,1685,2024-12-26 08:23:54,desktop,7.0,4
3085,2150,2023-02-10 22:01:54,desktop,7.63,5
3086,1253,2024-03-09 05:18:49,tablet,6.29,4
3087,760,2023-06-16 14:37:32,tablet,2.61,6
3088,1549,2024-03-15 22:40:32,tablet,8.04,1
3089,1870,2024-07-07 22:10:32,mobile,10.95,5
3090,1612,2023-08-28 18:03:35,tablet,0.2,5
3091,1849,2024-07-11 13:33:04,tablet,10.4,3
3092,1856,2023-02-06 21:38:05,desktop,6.15,5
3093,2372,2023-12-28 04:35:22,desktop,5.89,4
3094,2110,2024-04-02 03:26:41,tablet,2.97,8
3095,2367,2024-09-10 17:37:16,tablet,0.2,2
3096,2299,2023-12-24 00:38:24,mobile,8.86,10
3097,709,2024-01-30 10:44:49,tablet,5.29,4
3098,605,2024-01-09 12:00:20,tablet,5.02,4
3099,765,2023-04-29 11:19:01,desktop,12.63,5
3100,1671,2024-02-02 06:55:06,tablet,1.17,4
3101,1955,2024-07-26 22:48:41,mobile,5.65,3
3102,2266,2023-08-17 01:42:04,mobile,6.97,4
3103,2485,2024-03-31 22:30:29,tablet,8.59,5
3104,1083,2024-10-21 10:13:32,tablet,5.59,6
3105,1512,2024-03-06 21:18:51,desktop,0.63,3
3106,2194,2024-08-11 07:56:24,desktop,2.06,6
3107,1785,2024-12-02 22:09:19,tablet,3.2,1
3108,2057,2024-01-09 10:54:44,mobile,6.73,3
3109,2186,2024-08-08 13:23:41,desktop,7.2,3
3110,715,2024-09-15 01:15:15,desktop,7.84,4
3111,2122,2024-06-24 07:34:18,mobile,12.75,1
3112,2428,2024-05-24 01:39:37,desktop,4.64,1
3113,158,2023-08-15 21:49:32,mobile,0.2,9
3114,109,2023-07-07 03:24:03,tablet,2.56,2
3115,666,2024-12-18 01:21:29,tablet,7.08,1
3116,1898,2024-02-05 01:37:56,tablet,4.26,3
3117,2125,2024-06-17 18:29:40,mobile,2.86,6
3118,508,2024-02-23 16:25:58,desktop,11.21,13
3119,776,2023-06-04 04:03:15,mobile,2.8,2
3120,1816,2023-09-10 05:50:04,tablet,1.82,4
3121,2232,2023-10-30 15:56:50,desktop,12.54,3
3122,2210,2024-02-08 21:19:11,desktop,6.97,1
3123,2115,2024-08-14 20:00:11,tablet,6.27,2
3124,417,2023-05-08 23:02:12,desktop,3.56,2
3125,811,2024-04-03 06:29:18,tablet,5.46,1
3126,276,2024-04-18 09:37:36,desktop,8.07,7
3127,2081,2023-04-04 15:59:26,desktop,15.4,6
3128,1893,2024-05-15 21:33:37,mobile,3.94,6
3129,1055,2024-09-07 08:23:37,mobile,12.88,4
3130,929,2023-05-29 04:33:16,desktop,10.03,3
3131,1765,2023-08-07 16:05:57,desktop,3.14,6
3132,2009,2024-10-08 16:16:50,mobile,9.48,7
3133,2224,2023-05-10 00:38:13,mobile,9.87,3
3134,1243,2023-12-30 01:01:40,tablet,3.77,1
3135,835,2024-02-15 05:50:08,tablet,0.2,8
3136,1765,2023-12-01 14:36:28,desktop,4.41,10
3137,1042,2024-05-23 17:07:05,desktop,16.21,7
3138,1553,2024-06-22 19:55:49,desktop,3.72,8
3139,732,2024-07-27 10:36:06,mobile,3.31,1
3140,1060,2024-11-02 10:58:46,desktop,2.7,4
3141,488,2024-08-22 03:36:33,desktop,11.59,5
3142,38,2024-07-10 23:54:57,desktop,10.74,9
3143,739,2023-08-03 20:22:46,tablet,10.18,5
3144,1172,2024-10-12 02:13:10,mobile,4.08,1
3145,1090,2024-02-23 14:58:36,mobile,4.1,9
3146,20,2024-01-29 16:03:15,mobile,7.98,6
3147,246,2024-10-15 09:50:15,tablet,2.47,5
3148,1965,2023-07-03 02:25:21,desktop,5.17,3
3149,1310,2023-04-01 13:55:33,tablet,8.89,5
3150,393,2023-12-31 04:33:04,desktop,12.26,5
3151,1685,2024-04-17 10:55:58,desktop,7.11,8
3152,1304,2023-10-08 13:47:26,mobile,3.01,3
3153,1102,2024-03-22 22:20:13,tablet,9.42,4
3154,1855,2023-01-27 22:25:44,mobile,9.09,2
3155,1359,2023-09-16 17:54:45,mobile,6.34,1
3156,1831,2024-01-12 01:17:24,desktop,3.45,1
3157,1158,2024-06-09 17:31:57,tablet,6.51,8
3158,1435,2023-06-22 18:42:37,desktop,1.65,10
3159,1267,2023-08-05 09:50:21,tablet,11.53,11
3160,1281,2023-11-23 12:09:36,tablet,9.45,3
3161,777,2023-04-01 02:17:54,mobile,2.52,2
3162,652,2024-12-29 04:40:32,mobile,5.1,6
3163,1345,2023-02-21 21:05:37,tablet,4.79,4
3164,1912,2024-08-03 23:11:38,desktop,5.1,7
3165,1510,2024-01-04 23:24:07,mobile,8.47,1
3166,954,2024-08-10 04:41:17,tablet,4.57,9
3167,1388,2024-05-24 18:46:11,desktop,5.29,4
3168,2141,2024-10-25 12:07:41,tablet,6.15,5
3169,1825,2024-01-07 02:55:45,tablet,0.7,1
3170,1097,2024-11-14 06:06:29,desktop,5.16,4
3171,765,2024-07-08 22:48:58,desktop,5.26,7
3172,1393,2024-06-30 19:08:24,tablet,12.0,1
3173,1682,2023-09-04 09:12:01,desktop,9.25,10
3174,1647,2023-12-23 18:18:15,mobile,8.72,3
3175,2457,2024-08-24 18:28:19,mobile,7.34,1
3176,1988,2024-01-18 04:28:15,desktop,4.44,3
3177,1305,2023-03-06 13:15:21,tablet,7.59,4
3178,1388,2023-12-14 12:55:09,mobile,4.85,4
3179,2437,2023-11-30 05:16:28,tablet,0.2,7
3180,2249,2023-01-18 10:29:02,desktop,2.79,3
3181,1796,2024-09-22 19:35:27,desktop,8.22,7
3182,738,2024-07-18 04:38:41,mobile,10.65,1
3183,684,2023-03-17 00:47:28,desktop,6.99,5
3184,2085,2024-03-01 18:25:46,desktop,8.03,5
3185,1213,2023-01-18 22:41:38,mobile,0.2,1
3186,1651,2024-11-11 14:01:53,desktop,8.39,4
3187,865,2024-12-23 06:14:40,tablet,2.68,3
3188,1038,2023-12-03 13:18:55,desktop,6.73,2
3189,567,2023-08-19 12:25:49,mobile,9.89,1
3190,222,2023-02-16 01:43:11,desktop,3.49,7
3191,631,2023-06-29 03:00:11,tablet,0.2,8
3192,737,2023-11-01 15:04:30,desktop,1.97,6
3193,893,2024-09-03 03:47:44,mobile,3.48,1
3194,2039,2023-12-15 22:31:11,desktop,2.24,5
3195,1335,2024-07-23 20:05:07,desktop,17.72,2
3196,1713,2024-02-16 22:10:09,mobile,9.34,5
3197,2268,2024-08-10 01:02:24,desktop,13.99,1
3198,973,2023-11-14 05:18:32,desktop,8.77,1
3199,697,2024-10-17 04:15:00,mobile,3.62,1
3200,1937,2023-07-16 19:49:28,tablet,13.42,6
3201,999,2023-10-30 20:06:44,mobile,2.7,11
3202,2095,2024-06-29 19:07:17,desktop,7.12,4
3203,411,2023-11-05 12:12:20,mobile,7.45,5
3204,2387,2023-08-20 19:10:01,mobile,4.93,2
3205,993,2023-04-07 17:36:59,mobile,1.77,1
3206,890,2023-01-16 10:23:24,desktop,4.75,10
3207,2177,2023-09-26 04:48:17,mobile,7.06,8
3208,1424,2023-06-12 16:56:26,tablet,3.0,3
3209,1242,2023-07-21 09:28:20,mobile,5.61,6
3210,2252,2024-08-01 14:44:38,tablet,10.49,9
3211,1679,2024-02-25 20:35:00,desktop,4.45,1
3212,1850,2024-04-21 08:44:01,mobile,6.13,3
3213,726,2024-09-20 13:46:40,tablet,1.78,6
3214,112,2024-01-22 01:53:59,mobile,7.2,4
3215,1289,2023-11-07 05:44:17,desktop,0.2,3
3216,696,2023-08-31 17:56:08,tablet,7.51,6
3217,943,2024-06-26 01:21:27,mobile,0.2,8
3218,602,2024-04-25 13:29:00,tablet,13.83,7
3219,1178,2023-08-18 00:43:24,tablet,0.76,1
3220,394,2023-10-10 22:45:48,mobile,4.42,2
3221,2160,2023-08-24 17:47:45,desktop,5.72,8
3222,1097,2024-01-04 07:40:31,tablet,7.85,9
3223,1085,2024-07-12 18:28:26,desktop,13.16,6
3224,424,2023-04-23 07:21:15,mobile,9.15,8
3225,695,2023-10-07 23:06:19,desktop,1.53,3
3226,307,2023-05-05 12:05:45,desktop,5.67,7
3227,142,2023-10-05 12:01:11,desktop,6.42,8
3228,991,2023-12-07 14:05:31,mobile,4.26,5
3229,1236,2024-10-05 05:17:54,mobile,4.0,4
3230,502,2024-08-16 00:31:11,tablet,2.42,6
3231,1514,2023-09-09 18:36:48,tablet,2.46,1
3232,1546,2024-11-18 00:41:50,mobile,1.69,3
3233,987,2023-12-15 22:51:22,mobile,6.8,7
3234,508,2023-01-30 11:14:34,desktop,6.94,10
3235,520,2023-11-27 00:19:02,mobile,7.22,4
3236,1793,2024-10-30 10:03:15,desktop,11.38,3
3237,657,2023-09-30 19:18:35,desktop,10.97,10
3238,2447,2023-10-26 18:37:11,desktop,0.56,5
3239,938,2024-09-20 08:49:51,mobile,7.08,2
3240,1702,2023-10-16 09:42:53,desktop,6.11,9
3241,1526,2024-12-05 09:18:28,mobile,4.64,1
3242,848,2023-10-15 18:26:28,tablet,1.22,12
3243,497,2024-10-31 15:34:41,desktop,5.9,10
3244,422,2023-01-27 16:30:20,tablet,4.81,1
3245,1225,2023-08-10 06:13:06,desktop,7.99,2
3246,172,2023-03-26 06:17:32,desktop,11.99,9
3247,1788,2023-11-12 05:04:09,desktop,8.44,5
3248,1405,2024-10-11 05:37:29,desktop,1.84,1
3249,2071,2024-12-01 16:12:37,desktop,1.96,5
3250,1105,2024-05-13 15:27:25,tablet,7.54,5
3251,1875,2024-09-29 23:25:56,mobile,2.08,1
3252,1227,2024-11-02 10:29:49,tablet,13.81,6
3253,1040,2023-11-24 19:58:02,desktop,6.57,9
3254,2099,2024-03-28 05:41:32,mobile,7.6,3
3255,981,2024-10-02 19:40:40,desktop,9.69,8
3256,1583,2024-07-25 22:06:52,tablet,6.47,7
3257,1915,2024-01-09 12:02:02,tablet,2.21,5
3258,1896,2024-01-11 19:43:15,desktop,5.75,5
3259,2112,2024-06-27 21:47:47,tablet,5.31,3
3260,1764,2024-08-24 03:34:20,mobile,11.65,6
3261,668,2024-08-22 10:28:34,tablet,11.28,6
3262,2411,2023-03-19 20:45:15,tablet,11.99,1
3263,293,2023-10-22 23:44:51,tablet,0.34,3
3264,1779,2023-05-15 10:07:50,tablet,11.66,9
3265,694,2023-11-26 09:18:22,mobile,0.2,4
3266,1850,2024-10-30 17:17:47,desktop,0.2,8
3267,58,2024-05-23 07:22:04,tablet,6.07,1
3268,1086,2024-09-08 04:59:36,desktop,7.88,6
3269,1813,2023-01-24 21:00:45,tablet,4.35,3
3270,2373,2023-12-23 14:41:05,desktop,8.5,5
3271,829,2023-04-20 10:31:51,mobile,8.88,1
3272,828,2023-10-10 15:40:37,desktop,8.46,1
3273,1913,2023-06-17 11:36:22,desktop,7.42,1
3274,900,2023-04-15 12:42:26,mobile,7.95,3
3275,1657,2023-01-16 17:24:26,tablet,10.49,5
3276,75,2024-05-19 08:13:33,tablet,3.18,6
3277,669,2023-09-02 13:35:46,tablet,8.68,7
3278,1822,2023-04-01 07:27:45,desktop,10.29,2
3279,1874,2023-12-16 12:11:29,mobile,0.2,7
3280,1807,2024-12-09 22:15:26,mobile,7.69,1
3281,1321,2024-08-04 19:52:45,desktop,5.86,1
3282,821,2024-12-10 11:46:21,desktop,4.32,1
3283,2490,2023-04-11 21:07:17,tablet,4.37,9
3284,877,2024-09-16 04:59:23,desktop,12.02,7
3285,860,2024-06-13 11:43:01,desktop,3.47,7
3286,1135,2024-01-29 23:05:28,tablet,7.35,8
3287,2022,2024-11-28 12:47:46,mobile,0.2,7
3288,2229,2024-09-02 17:56:20,tablet,2.32,3
3289,1063,2023-04-11 22:50:32,desktop,10.05,4
3290,118,2024-07-06 15:15:56,tablet,4.88,3
3291,1979,2023-01-16 23:20:12,mobile,0.77,11
3292,1109,2024-01-23 14:25:26,tablet,5.52,4
3293,1774,2023-04-17 09:14:51,desktop,8.3,8
3294,1275,2024-01-28 18:46:16,mobile,14.08,7
3295,1850,2024-09-02 16:29:43,tablet,0.2,4
3296,396,2024-07-11 18:09:53,tablet,4.77,4
3297,2159,2024-11-15 15:35:05,tablet,10.62,6
3298,1945,2023-01-02 18:52:25,tablet,0.2,4
3299,958,2024-01-12 15:48:05,desktop,6.21,9
3300,390,2023-10-12 20:10:36,tablet,5.35,5
3301,964,2024-10-19 22:27:48,desktop,6.3,10
3302,1222,2023-07-05 00:53:03,mobile,3.97,5
3303,519,2023-07-21 17:23:15,mobile,6.35,3
3304,2083,2024-08-03 18:53:38,tablet,14.35,6
3305,1972,2023-11-19 21:07:30,desktop,7.35,7
3306,1075,2024-01-11 07:55:27,mobile,8.58,6
3307,1984,2024-10-04 08:56:44,mobile,1.73,6
3308,162,2024-02-20 08:00:05,desktop,3.62,9
3309,1722,2023-07-29 11:09:31,mobile,0.7,4
3310,1130,2023-11-16 06:26:15,tablet,5.44,10
3311,292,2024-04-09 18:02:53,desktop,17.27,6
3312,1968,2024-04-22 09:38:51,tablet,9.08,7
3313,1209,2023-05-26 17:20:37,tablet,3.92,6
3314,2449,2023-03-01 02:56:12,mobile,7.38,1
3315,2046,2023-02-07 07:10:53,mobile,10.18,8
3316,1150,2024-10-07 13:33:43,tablet,8.76,6
3317,234,2024-01-18 04:57:19,desktop,4.35,1
3318,1021,2023-10-01 12:07:52,desktop,11.86,1
3319,1235,2024-10-19 03:26:02,tablet,1.83,1
3320,680,2024-12-13 06:09:17,mobile,7.84,7
3321,119,2024-05-31 22:23:43,desktop,1.26,1
3322,2493,2024-11-22 09:08:59,tablet,4.39,2
3323,2209,2023-06-07 07:09:01,desktop,0.2,6
3324,2135,2023-11-27 05:42:54,tablet,11.53,8
3325,363,2023-04-26 12:02:02,desktop,7.44,1
3326,415,2023-01-23 05:43:19,tablet,9.11,4
3327,2324,2024-01-10 01:34:51,desktop,3.79,3
3328,690,2024-11-27 20:09:11,mobile,3.9,3
3329,2302,2024-01-08 10:51:15,tablet,0.2,3
3330,42,2023-02-17 01:08:34,desktop,8.18,8
3331,1497,2024-07-15 04:21:49,mobile,5.29,4
3332,2402,2024-03-02 21:34:17,mobile,12.65,2
3333,136,2024-05-28 08:10:06,tablet,4.69,3
3334,132,2024-08-29 03:36:24,mobile,5.52,2
3335,2230,2024-08-23 06:55:57,tablet,6.35,1
3336,106,2023-07-08 10:56:26,tablet,4.29,6
3337,204,2023-01-03 09:00:06,tablet,6.55,10
3338,1878,2024-02-15 17:03:17,tablet,4.07,3
3339,926,2024-04-16 20:02:57,tablet,8.54,4
3340,1641,2024-12-06 08:34:41,desktop,7.89,1
3341,1907,2023-06-27 20:54:22,desktop,7.88,2
3342,1365,2023-11-09 23:10:45,desktop,8.79,5
3343,1804,2024-07-02 12:00:17,desktop,4.39,4
3344,308,2024-02-05 19:22:24,mobile,9.52,5
3345,2458,2023-05-28 05:07:07,mobile,5.81,3
3346,1587,2024-12-17 13:51:36,mobile,2.15,2
3347,790,2024-11-30 07:38:56,desktop,6.12,5
3348,313,2024-01-30 08:41:05,mobile,10.28,8
3349,67,2024-08-16 06:12:44,tablet,5.71,1
3350,215,2023-07-03 17:35:53,mobile,2.55,10
3351,813,2024-02-13 14:42:51,desktop,11.08,3
3352,578,2023-07-17 23:32:22,mobile,3.49,5
3353,47,2024-08-08 07:51:56,tablet,9.19,6
3354,1972,2023-11-27 17:44:12,tablet,13.2,4
3355,1573,2023-06-24 23:07:24,desktop,1.29,2
3356,1388,2024-08-06 18:42:50,mobile,5.69,4
3357,365,2023-01-10 21:42:10,mobile,7.08,7
3358,669,2024-09-11 03:18:09,desktop,0.45,1
3359,1393,2024-01-11 15:07:58,desktop,18.79,4
3360,1164,2024-12-19 09:14:01,tablet,6.78,1
3361,1219,2024-05-13 04:29:16,desktop,1.89,8
3362,526,2024-04-07 16:22:21,tablet,5.99,8
3363,1897,2024-04-20 00:41:27,desktop,8.68,12
3364,2457,2024-05-07 11:00:36,desktop,3.75,2
3365,58,2024-05-20 06:05:35,desktop,13.28,6
3366,2423,2023-06-06 14:37:21,mobile,4.64,5
3367,1713,2023-02-26 10:17:30,tablet,8.19,8
3368,941,2024-07-04 06:58:33,tablet,6.01,1
3369,463,2024-11-18 00:21:51,desktop,9.58,7
3370,1735,2023-09-01 07:50:01,tablet,12.01,6
3371,386,2024-11-03 16:44:52,desktop,6.56,10
3372,2369,2023-10-15 03:26:17,tablet,4.22,7
3373,461,2023-05-20 05:29:18,desktop,2.97,2
3374,173,2023-07-27 05:26:20,tablet,12.73,9
3375,2079,2024-03-21 05:42:56,desktop,3.82,7
3376,1626,2023-04-07 13:51:54,mobile,9.73,2
3377,1717,2023-11-08 17:47:21,tablet,5.24,3
3378,757,2023-06-15 14:16:45,tablet,9.66,9
3379,715,2023-12-03 02:15:24,desktop,10.9,5
3380,2288,2023-04-13 13:46:56,desktop,9.68,3
3381,1611,2024-09-25 12:46:09,mobile,0.2,9
3382,9,2024-02-06 01:28:14,desktop,4.84,7
3383,2221,2024-06-23 07:42:29,tablet,0.2,8
3384,257,2024-02-02 08:39:23,mobile,1.87,7
3385,1335,2023-01-02 06:39:31,mobile,5.48,4
3386,1227,2023-03-20 14:11:03,mobile,3.84,1
3387,1045,2024-10-26 18:59:23,mobile,10.23,1
3388,612,2023-10-11 20:25:16,mobile,3.65,2
3389,242,2024-01-08 19:51:23,tablet,8.47,8
3390,2133,2024-06-17 09:56:06,mobile,6.98,3
3391,1060,2024-05-16 07:48:43,mobile,8.23,1
3392,176,2024-12-15 19:22:38,desktop,1.79,2
3393,2091,2024-09-03 04:29:58,mobile,2.05,4
3394,1470,2023-11-07 03:17:55,tablet,4.45,1
3395,1144,2024-10-03 12:35:30,desktop,2.64,4
3396,537,2023-09-10 22:06:07,tablet,7.83,2
3397,940,2024-06-19 03:07:04,desktop,12.58,1
3398,1961,2023-06-03 02:05:39,desktop,1.41,7
3399,204,2024-12-20 02:49:26,mobile,15.84,6
3400,43,2023-04-21 17:31:54,tablet,0.2,1
3401,44,2023-10-01 20:13:07,tablet,7.21,6
3402,1627,2024-12-20 14:17:07,mobile,10.63,3
3403,1411,2023-11-08 12:43:52,desktop,4.51,5
3404,1749,2023-01-15 04:43:41,tablet,6.77,3
3405,1922,2023-10-22 13:28:07,mobile,6.16,5
3406,1217,2023-11-23 18:37:56,desktop,1.49,4
3407,2483,2023-11-14 17:28:35,mobile,3.57,2
3408,814,2023-06-05 21:29:49,desktop,9.75,2
3409,227,2023-04-26 06:47:01,desktop,3.1,7
3410,936,2023-04-08 05:20:32,mobile,4.04,4
3411,1200,2024-05-24 14:47:12,mobile,5.67,1
3412,1611,2023-05-24 14:12:40,mobile,10.63,9
3413,551,2023-05-26 07:55:23,mobile,7.49,5
3414,1271,2023-10-15 05:22:06,desktop,13.3,1
3415,2479,2023-07-04 18:01:27,tablet,12.45,5
3416,1093,2023-05-16 00:11:15,mobile,5.1,3
3417,442,2023-05-07 21:39:33,mobile,11.1,3
3418,930,2023-09-19 06:33:03,tablet,7.52,1
3419,988,2023-06-15 07:07:59,desktop,3.21,1
3420,1447,2024-11-08 06:35:17,desktop,7.1,2
3421,1528,2023-11-09 00:38:25,tablet,7.89,7
3422,1719,2024-05-23 20:30:20,desktop,4.78,3
3423,2420,2024-11-13 16:55:13,mobile,9.03,8
3424,2475,2024-11-08 22:37:58,tablet,2.51,2
3425,835,2023-05-23 22:29:43,tablet,9.6,5
3426,1677,2023-12-14 05:14:25,desktop,8.31,3
3427,990,2023-08-23 20:55:15,tablet,9.32,7
3428,2004,2023-03-12 12:00:38,mobile,0.51,1
3429,769,2024-03-21 11:43:43,mobile,4.75,3
3430,1029,2024-09-20 09:42:44,mobile,11.69,8
3431,735,2023-08-04 15:10:44,desktop,8.06,6
3432,1640,2024-12-04 14:25:57,tablet,8.69,6
3433,1448,2023-05-12 10:40:00,tablet,3.57,7
3434,643,2023-10-12 05:08:42,mobile,9.92,2
3435,426,2023-12-11 18:21:59,tablet,5.08,1
3436,697,2023-08-19 23:18:46,mobile,10.64,1
3437,1711,2024-05-01 13:35:08,desktop,5.9,1
3438,1009,2024-02-02 10:22:35,tablet,8.09,8
3439,402,2024-05-27 22:28:53,tablet,3.29,8
3440,1736,2024-06-21 10:26:10,tablet,2.86,5
3441,1570,2023-10-23 09:49:39,mobile,8.11,9
3442,290,2023-07-07 14:28:51,desktop,2.19,4
3443,2306,2024-12-06 04:11:30,mobile,11.78,8
3444,912,2024-04-08 17:02:55,tablet,2.23,6
3445,47,2024-05-28 16:27:41,desktop,3.29,1
3446,877,2024-03-24 04:32:00,mobile,7.68,9
3447,1278,2023-08-23 18:43:32,mobile,3.35,1
3448,154,2024-11-24 09:14:45,desktop,9.97,5
3449,1807,2023-09-10 09:32:59,tablet,1.46,5
3450,2430,2023-02-12 10:56:30,desktop,7.49,1
3451,2218,2024-03-18 10:09:44,mobile,3.62,4
3452,2141,2023-06-21 17:29:33,mobile,8.01,1
3453,1566,2024-07-13 03:27:45,mobile,10.8,6
3454,2401,2024-10-31 19:38:25,tablet,7.77,4
3455,1064,2024-02-08 09:12:48,tablet,10.11,1
3456,1676,2023-01-13 09:16:19,desktop,5.68,1
3457,1322,2024-09-11 21:06:46,desktop,0.2,4
3458,2328,2023-06-12 04:54:17,tablet,7.64,1
3459,993,2024-10-09 10:13:51,mobile,7.26,5
3460,2343,2024-07-26 09:06:40,desktop,7.36,6
3461,1965,2023-03-28 07:52:00,mobile,0.2,5
3462,1181,2023-11-20 07:13:16,mobile,0.2,5
3463,879,2023-02-22 03:18:06,mobile,5.57,4
3464,1405,2023-09-01 09:56:59,desktop,0.2,4
3465,563,2023-06-26 14:15:52,desktop,11.32,1
3466,304,2023-02-23 22:20:29,mobile,5.85,4
3467,740,2023-08-28 22:50:18,tablet,2.93,1
3468,1316,2023-08-30 16:55:11,desktop,13.21,7
3469,2166,2024-03-17 16:10:38,desktop,12.69,6
3470,2367,2024-05-12 11:15:52,mobile,6.38,1
3471,595,2024-10-18 12:58:17,mobile,11.55,1
3472,985,2024-12-07 03:18:12,mobile,7.18,7
3473,1794,2024-02-14 08:29:39,desktop,2.96,9
3474,991,2023-06-15 21:58:45,desktop,5.58,8
3475,2212,2023-08-17 02:25:28,tablet,9.21,5
3476,1236,2024-01-10 10:05:01,desktop,6.27,4
3477,2082,2023-10-19 07:47:37,desktop,6.28,7
3478,2388,2024-09-28 06:11:00,tablet,2.6,8
3479,1257,2024-07-29 11:31:00,tablet,12.09,2
3480,157,2024-11-03 00:55:29,tablet,9.36,7
3481,1558,2023-12-28 13:38:41,tablet,0.38,3
3482,2350,2024-03-20 05:39:21,mobile,11.2,6
3483,132,2023-05-07 05:45:32,tablet,13.47,3
3484,1870,2023-10-26 05:40:44,tablet,4.01,2
3485,211,2023-11-11 10:55:47,desktop,8.83,2
3486,2348,2024-12-19 09:01:03,desktop,2.71,2
3487,296,2023-02-03 16:35:56,mobile,9.24,1
3488,610,2023-11-29 21:10:24,desktop,4.97,4
3489,1870,2023-05-03 14:44:26,desktop,14.1,2
3490,505,2024-07-23 23:31:22,tablet,1.25,1
3491,1416,2023-08-07 02:15:43,mobile,2.41,1
3492,498,2023-10-18 22:38:12,tablet,1.5,1
3493,1358,2024-11-29 22:53:24,desktop,5.78,3
3494,1436,2023-10-21 08:57:53,tablet,3.08,1
3495,2125,2024-03-28 05:40:34,tablet,8.32,6
3496,729,2023-10-22 15:57:28,tablet,6.17,12
3497,1419,2024-06-11 10:34:47,tablet,9.74,5
3498,738,2023-08-30 17:16:50,tablet,8.53,3
3499,452,2023-08-13 12:31:37,tablet,1.43,7
3500,1272,2024-11-03 22:50:57,desktop,4.04,5
3501,2253,2023-03-09 12:22:45,mobile,5.55,2
3502,882,2023-10-15 00:25:14,desktop,9.85,15
3503,593,2024-10-07 03:03:17,mobile,4.81,7
3504,1429,2023-07-01 05:46:37,mobile,6.68,6
3505,45,2023-11-02 04:16:58,mobile,4.48,1
3506,385,2023-06-30 21:05:03,desktop,1.54,7
3507,1290,2023-02-18 22:39:12,mobile,10.78,3
3508,566,2023-10-06 18:28:58,desktop,4.43,7
3509,993,2023-02-17 08:29:31,tablet,0.37,4
3510,106,2024-10-19 19:24:29,desktop,0.84,8
3511,379,2023-11-30 15:54:06,desktop,0.52,3
3512,1709,2023-01-22 15:44:59,tablet,2.71,1
3513,1522,2024-10-17 18:23:09,tablet,9.12,1
3514,670,2023-01-27 04:50:50,desktop,10.89,6
3515,1240,2023-01-10 14:39:31,desktop,0.2,9
3516,702,2024-11-18 01:40:51,tablet,2.4,1
3517,2334,2024-12-12 23:35:43,mobile,6.93,4
3518,2478,2024-07-09 18:05:26,tablet,8.76,5
3519,301,2024-05-09 11:28:33,desktop,2.39,9
3520,640,2024-02-11 18:05:58,desktop,18.23,2
3521,1175,2024-09-29 07:30:56,desktop,5.34,8
3522,2380,2024-10-09 09:00:06,tablet,5.3,7
3523,2262,2023-05-06 11:19:55,mobile,6.27,2
3524,172,2023-01-12 06:53:52,mobile,7.27,1
3525,1394,2024-04-03 11:44:08,mobile,7.62,1
3526,373,2023-10-01 22:54:05,mobile,9.84,7
3527,1439,2023-05-10 08:08:35,mobile,11.37,7
3528,408,2023-04-27 15:59:28,desktop,4.05,1
3529,281,2024-10-02 10:48:44,tablet,2.61,1
3530,393,2023-01-01 04:48:10,mobile,14.25,2
3531,1462,2023-02-01 19:15:26,tablet,7.67,4
3532,561,2024-04-09 13:34:49,tablet,0.61,7
3533,1292,2023-05-29 06:00:20,mobile,11.52,3
3534,2206,2024-06-19 04:22:15,desktop,2.21,3
3535,337,2023-12-09 11:57:42,mobile,8.91,3
3536,767,2024-09-21 15:18:51,mobile,11.83,8
3537,334,2024-01-16 02:08:58,desktop,6.78,4
3538,1785,2024-11-11 16:40:15,desktop,3.79,1
3539,847,2023-09-11 02:54:31,tablet,7.63,8
3540,222,2023-08-07 06:39:54,mobile,9.17,8
3541,612,2024-10-18 00:34:58,tablet,13.03,5
3542,925,2023-11-30 15:01:11,mobile,0.2,5
3543,1085,2023-02-15 09:36:20,desktop,5.46,4
3544,641,2024-06-13 23:44:27,desktop,1.35,8
3545,543,2024-06-18 09:54:37,desktop,10.25,10
3546,1866,2023-01-09 01:14:10,mobile,1.56,2
3547,2443,2023-10-17 01:23:36,desktop,7.98,4
3548,1377,2023-09-19 22:21:55,tablet,5.16,1
3549,1821,2024-02-24 22:01:26,desktop,0.29,3
3550,2095,2023-07-28 18:58:45,mobile,8.31,1
3551,611,2024-02-09 00:08:39,tablet,6.07,11
3552,1574,2024-02-07 23:05:48,desktop,10.87,8
3553,628,2024-05-24 10:16:05,mobile,16.05,1
3554,687,2024-11-10 22:46:11,desktop,1.17,1
3555,561,2024-03-20 13:05:37,mobile,5.22,4
3556,2192,2024-03-02 18:26:22,tablet,0.2,7
3557,1817,2024-01-18 09:22:52,mobile,14.42,8
3558,561,2024-06-17 07:07:43,mobile,8.53,6
3559,1841,2024-05-01 23:17:07,desktop,2.91,5
3560,1423,2023-09-09 07:38:15,desktop,17.05,4
3561,2269,2024-05-09 15:14:01,tablet,0.2,3
3562,1959,2023-09-26 10:11:33,desktop,4.67,1
3563,2378,2023-03-08 13:31:06,desktop,1.92,4
3564,1911,2024-12-17 09:35:25,desktop,8.82,1
3565,1285,2023-08-14 18:29:32,desktop,9.01,5
3566,369,2024-02-13 06:27:50,tablet,0.2,11
3567,1339,2024-01-10 13:38:11,mobile,9.26,4
3568,668,2023-02-01 14:19:17,desktop,5.2,1
3569,612,2024-07-18 20:13:06,desktop,4.77,9
3570,2162,2024-10-19 00:14:59,desktop,6.88,5
3571,196,2024-09-10 15:27:52,desktop,2.58,2
3572,951,2024-07-30 11:57:41,desktop,6.72,2
3573,2342,2023-01-07 11:24:51,mobile,7.11,6
3574,277,2023-04-15 11:26:54,desktop,1.32,2
3575,1234,2024-01-11 02:55:25,desktop,0.2,4
3576,979,2023-05-21 20:35:42,tablet,13.04,11
3577,1740,2023-11-20 05:38:50,desktop,2.09,6
3578,1934,2024-02-16 05:34:29,tablet,1.39,4
3579,1265,2024-04-13 15:52:45,tablet,2.62,1
3580,2203,2023-12-05 22:04:41,mobile,7.71,4
3581,367,2024-10-05 16:07:19,desktop,3.81,5
3582,947,2023-06-30 16:50:46,desktop,3.31,7
3583,803,2024-07-31 22:29:31,tablet,9.49,1
3584,1294,2024-09-05 19:20:36,desktop,5.84,6
3585,342,2023-05-28 09:56:12,mobile,13.46,2
3586,2490,2024-01-09 09:33:19,tablet,1.87,3
3587,251,2023-09-05 04:01:26,mobile,10.54,2
3588,153,2024-07-27 15:17:06,mobile,12.73,4
3589,1847,2024-06-01 14:57:14,mobile,7.25,11
3590,2380,2024-03-10 09:22:41,tablet,7.01,1
3591,2248,2023-08-15 13:26:11,desktop,4.15,11
3592,269,2023-11-07 12:33:05,mobile,2.56,10
3593,1824,2024-07-24 08:37:43,mobile,2.91,4
3594,2154,2023-02-25 22:28:12,mobile,2.05,8
3595,546,2024-05-20 04:09:33,mobile,5.09,1
3596,1682,2024-04-07 22:48:06,desktop,8.6,2
3597,1182,2024-10-02 08:17:27,mobile,6.29,3
3598,42,2024-10-01 15:02:16,tablet,5.68,2
3599,62,2024-01-09 06:51:15,tablet,7.17,3
3600,968,2023-03-26 11:53:05,tablet,6.11,1
3601,2447,2024-06-02 10:27:47,tablet,5.02,2
3602,772,2024-07-22 00:12:23,mobile,2.67,9
3603,230,2024-05-11 02:52:01,desktop,0.2,3
3604,1717,2024-03-14 03:14:41,mobile,6.8,7
3605,2296,2024-06-27 01:15:57,tablet,3.75,1
3606,765,2024-02-10 13:48:04,desktop,4.97,4
3607,2025,2024-11-28 23:09:38,tablet,9.5,9
3608,879,2023-10-12 03:09:56,tablet,6.24,7
3609,675,2024-12-20 11:42:18,mobile,8.21,1
3610,1604,2023-10-30 13:36:57,desktop,3.52,6
3611,2444,2024-12-06 01:22:23,tablet,0.76,4
3612,1290,2023-11-07 23:10:29,tablet,7.28,11
3613,355,2024-05-22 02:56:18,mobile,7.28,1
3614,12,2024-04-19 16:48:11,desktop,0.2,5
3615,1047,2024-04-10 20:53:14,tablet,7.93,6
3616,130,2023-11-13 14:15:11,tablet,7.03,4
3617,62,2024-11-12 20:34:57,tablet,7.04,5
3618,2389,2023-05-10 03:45:13,desktop,2.49,4
3619,2381,2024-02-18 04:37:53,desktop,3.92,8
3620,256,2023-08-01 13:40:22,desktop,2.66,7
3621,2090,2023-06-17 01:10:48,desktop,6.17,2
3622,222,2024-05-14 07:59:01,mobile,11.22,7
3623,1376,2024-08-09 03:48:42,desktop,11.07,6
3624,98,2024-10-09 10:48:21,desktop,5.62,4
3625,1924,2024-12-27 23:52:18,mobile,5.08,4
3626,1255,2024-04-22 23:50:23,mobile,7.45,4
3627,2217,2024-07-31 12:14:11,tablet,13.08,7
3628,1096,2023-04-24 05:39:02,desktop,4.29,5
3629,1095,2023-05-14 09:42:33,tablet,6.78,8
3630,396,2024-05-07 07:19:59,desktop,7.73,4
3631,571,2023-02-08 16:03:35,tablet,3.31,3
3632,41,2023-07-19 07:50:38,tablet,10.53,2
3633,2412,2023-07-06 15:20:05,mobile,0.2,10
3634,616,2024-07-11 05:09:41,tablet,3.52,4
3635,1641,2023-06-27 00:49:00,tablet,7.7,5
3636,2398,2024-11-19 21:54:33,mobile,4.14,3
3637,190,2023-03-24 13:57:26,desktop,3.23,2
3638,651,2023-03-12 15:17:35,tablet,3.85,5
3639,310,2024-12-13 18:49:47,tablet,3.68,3
3640,666,2024-09-28 14:47:47,tablet,5.02,7
3641,1131,2023-02-25 07:33:32,tablet,0.2,1
3642,919,2023-12-09 03:36:22,desktop,6.28,4
3643,1588,2023-01-07 10:28:35,desktop,0.2,6
3644,2404,2024-12-02 17:51:50,tablet,9.99,5
3645,1387,2024-12-03 15:26:47,tablet,8.44,8
3646,432,2024-04-01 09:16:30,tablet,0.2,2
3647,202,2024-07-28 14:22:53,desktop,7.52,1
3648,421,2024-11-22 18:42:42,mobile,4.63,4
3649,2197,2023-07-30 11:27:00,mobile,7.21,8
3650,2037,2023-05-13 01:46:33,desktop,4.75,3
3651,1739,2024-04-01 05:54:10,desktop,12.65,3
3652,117,2024-11-30 18:28:23,mobile,1.69,7
3653,1315,2023-03-26 14:14:51,mobile,11.1,4
3654,181,2023-07-10 23:56:56,desktop,4.99,8
3655,1854,2024-11-25 23:12:16,desktop,4.01,2
3656,176,2023-07-03 20:12:15,mobile,8.03,7
3657,1122,2024-06-25 03:24:06,desktop,3.59,7
3658,15,2024-02-22 20:58:48,desktop,2.83,4
3659,1619,2023-10-06 09:08:38,mobile,0.2,5
3660,727,2024-05-19 08:55:23,tablet,7.6,1
3661,511,2024-01-29 15:13:16,mobile,0.61,1
3662,1158,2024-12-26 21:17:47,tablet,2.48,3
3663,2489,2023-04-15 14:41:52,mobile,1.87,3
3664,2370,2023-06-24 01:51:43,mobile,8.54,5
3665,1606,2024-05-28 08:37:11,mobile,3.32,4
3666,48,2024-07-16 21:29:31,mobile,4.69,8
3667,1874,2024-07-14 10:33:14,tablet,7.66,5
3668,1132,2023-04-06 11:43:12,mobile,2.12,1
3669,1669,2023-10-20 21:13:17,tablet,0.2,7
3670,1772,2024-05-05 19:07:11,tablet,3.59,7
3671,413,2024-04-21 14:48:37,desktop,8.02,5
3672,1855,2024-01-22 22:20:23,tablet,8.33,8
3673,1691,2023-04-05 05:40:52,desktop,10.67,14
3674,46,2023-05-27 01:28:00,tablet,6.25,5
3675,1540,2023-11-01 01:01:30,desktop,7.76,4
3676,786,2024-12-19 14:09:04,mobile,1.89,3
3677,1452,2024-04-17 16:39:14,mobile,7.7,1
3678,2142,2024-05-27 01:48:23,desktop,8.8,1
3679,1685,2023-02-21 06:10:06,mobile,3.5,7
3680,573,2024-01-27 09:35:16,desktop,1.06,7
3681,2255,2023-09-29 08:54:49,mobile,5.83,5
3682,1047,2024-07-15 10:58:17,desktop,6.71,1
3683,982,2024-08-20 14:38:44,desktop,6.49,7
3684,1491,2024-02-15 23:06:48,desktop,10.67,4
3685,203,2023-10-04 23:34:03,tablet,6.14,3
3686,433,2024-02-23 18:50:03,mobile,3.02,8
3687,2035,2023-01-30 08:46:10,mobile,7.16,7
3688,1653,2024-02-02 10:16:54,mobile,12.46,4
3689,2411,2023-12-21 05:16:13,mobile,4.76,4
3690,337,2024-06-29 10:12:13,tablet,4.23,6
3691,2278,2023-08-15 08:34:21,mobile,10.39,9
3692,2043,2023-09-15 22:12:27,mobile,0.2,12
3693,1615,2023-03-20 17:27:28,desktop,3.83,6
3694,2170,2024-04-14 18:16:47,mobile,8.04,1
3695,1122,2023-05-29 21:09:28,desktop,2.76,7
3696,1994,2023-07-26 23:30:33,mobile,4.24,4
3697,569,2024-05-03 21:43:51,tablet,8.35,5
3698,700,2023-04-07 09:45:09,tablet,4.79,6
3699,2077,2023-10-27 19:22:15,tablet,9.41,1
3700,39,2024-12-26 13:26:07,desktop,1.0,6
3701,2373,2024-08-08 12:14:38,tablet,1.44,6
3702,2156,2023-04-05 21:21:39,tablet,8.03,4
3703,1178,2024-08-28 04:02:57,mobile,4.58,3
3704,2481,2024-08-31 13:10:30,mobile,9.45,6
3705,428,2023-06-14 22:02:18,mobile,0.2,5
3706,2273,2023-01-25 01:09:59,desktop,15.02,7
3707,995,2023-06-02 08:34:25,desktop,0.2,6
3708,1149,2024-05-30 02:50:29,desktop,1.94,5
3709,634,2023-08-22 10:46:01,desktop,4.15,6
3710,319,2023-12-17 05:38:50,mobile,5.8,1
3711,2381,2023-08-20 15:43:17,mobile,1.15,8
3712,272,2023-10-07 02:58:37,desktop,9.8,6
3713,1247,2024-06-23 10:19:35,tablet,8.14,3
3714,1909,2023-11-08 01:12:01,tablet,3.96,7
3715,854,2024-06-21 12:49:41,desktop,4.74,3
3716,1312,2024-02-01 19:52:38,desktop,11.87,6
3717,508,2024-08-13 05:42:28,mobile,3.02,3
3718,124,2024-11-14 10:07:05,mobile,1.23,5
3719,1515,2023-07-25 06:48:09,mobile,14.97,4
3720,1145,2023-07-28 19:23:44,mobile,7.05,9
3721,776,2023-01-20 13:06:33,mobile,7.44,7
3722,461,2024-09-10 12:48:04,desktop,5.31,5
3723,341,2023-02-28 15:07:58,desktop,4.03,8
3724,2288,2023-05-30 04:17:38,mobile,5.88,6
3725,578,2024-10-27 05:06:28,mobile,11.1,4
3726,785,2024-03-21 10:19:15,desktop,3.97,3
3727,2194,2023-10-16 11:20:40,desktop,8.53,6
3728,951,2023-08-25 15:58:33,desktop,3.73,5
3729,525,2024-01-16 12:30:11,desktop,3.99,5
3730,411,2024-10-04 01:58:58,tablet,0.2,7
3731,438,2024-06-10 05:16:08,tablet,3.06,3
3732,2132,2023-02-06 22:15:48,desktop,4.54,7
3733,1573,2024-10-07 22:48:18,desktop,5.33,1
3734,2488,2023-04-24 10:56:48,mobile,4.25,6
3735,540,2024-09-01 11:52:04,mobile,10.79,2
3736,693,2023-05-24 16:41:17,mobile,1.42,11
3737,1414,2023-04-02 12:34:02,mobile,3.25,1
3738,1094,2024-04-10 17:49:33,mobile,9.39,6
3739,412,2023-08-14 06:55:05,desktop,10.7,5
3740,765,2023-05-13 12:10:02,mobile,5.62,1
3741,1659,2024-08-04 05:15:33,tablet,0.2,6
3742,2089,2023-03-02 12:11:04,desktop,12.45,1
3743,2080,2023-07-04 01:06:45,tablet,11.03,2
3744,2364,2024-07-15 03:00:05,mobile,6.01,2
3745,1296,2023-08-12 02:30:25,mobile,0.2,5
3746,1405,2023-11-25 23:44:04,tablet,15.18,5
3747,769,2023-12-07 13:21:33,desktop,3.66,3
3748,2341,2023-03-31 07:36:52,mobile,9.64,5
3749,1152,2023-12-31 13:39:45,desktop,3.06,1
3750,2316,2024-09-06 21:33:25,tablet,4.29,6
3751,180,2024-10-01 16:10:28,desktop,4.74,2
3752,356,2024-11-10 02:59:04,tablet,6.21,5
3753,2137,2023-09-12 14:41:01,tablet,7.29,1
3754,316,2024-07-23 03:34:43,tablet,2.35,10
3755,452,2024-04-07 06:43:34,tablet,14.13,9
3756,24,2024-03-09 18:48:46,tablet,8.76,1
3757,670,2023-02-09 12:45:02,desktop,0.68,7
3758,1195,2024-12-27 02:08:36,tablet,7.2,6
3759,144,2023-02-20 14:53:19,mobile,2.65,5
3760,89,2024-02-19 04:27:23,mobile,2.67,9
3761,1477,2023-01-24 11:57:28,mobile,7.02,4
3762,1493,2024-11-09 08:05:52,mobile,7.59,7
3763,11,2023-02-01 03:04:08,mobile,8.1,8
3764,997,2024-11-23 07:34:46,desktop,7.76,9
3765,1690,2024-04-21 10:12:17,tablet,6.52,1
3766,845,2023-12-22 20:48:03,desktop,9.85,3
3767,1337,2023-12-22 11:08:28,mobile,9.63,3
3768,388,2023-02-24 07:52:50,tablet,4.39,2
3769,1159,2024-05-18 05:47:07,mobile,0.78,3
3770,1233,2024-03-14 01:13:45,desktop,5.64,1
3771,1396,2024-04-05 04:11:32,tablet,3.82,6
3772,2301,2023-09-26 12:19:51,tablet,10.08,1
3773,868,2023-11-09 00:36:28,tablet,10.56,7
3774,1512,2024-01-15 14:32:53,mobile,2.67,4
3775,2345,2023-09-02 10:16:54,tablet,8.36,2
3776,1272,2024-08-28 10:43:41,tablet,4.74,2
3777,966,2023-06-08 22:18:17,tablet,6.14,3
3778,1906,2023-09-29 01:20:57,desktop,2.14,8
3779,1177,2023-02-27 21:16:20,tablet,8.65,5
3780,40,2024-06-20 19:56:46,mobile,4.92,1
3781,1548,2023-05-13 23:28:12,mobile,7.96,1
3782,1706,2023-11-06 11:04:22,tablet,6.62,3
3783,1537,2024-12-29 23:33:24,tablet,9.43,5
3784,593,2023-11-09 17:02:44,desktop,4.09,4
3785,293,2024-12-11 15:03:08,mobile,9.86,2
3786,1911,2023-12-27 09:37:03,mobile,8.23,3
3787,1146,2023-05-23 19:19:59,desktop,2.3,3
3788,412,2023-09-25 09:58:38,desktop,12.72,6
3789,1393,2024-02-22 00:30:33,desktop,6.33,8
3790,2096,2023-06-10 18:14:33,desktop,2.59,2
3791,343,2023-04-20 08:14:22,tablet,11.34,5
3792,1537,2024-11-18 02:22:59,mobile,10.87,3
3793,2015,2024-03-23 16:16:59,tablet,8.66,10
3794,1460,2024-10-07 20:58:55,tablet,5.08,2
3795,1455,2024-11-21 22:55:47,tablet,7.42,3
3796,450,2024-12-13 08:19:42,desktop,15.53,1
3797,563,2023-09-19 05:59:29,mobile,7.03,9
3798,674,2023-03-11 18:08:54,tablet,9.0,6
3799,1503,2023-11-18 04:22:49,desktop,4.86,12
3800,52,2023-03-06 04:17:29,mobile,2.16,5
3801,612,2024-11-04 22:30:44,tablet,3.45,1
3802,607,2024-10-20 18:16:34,desktop,5.65,6
3803,1599,2024-12-17 10:26:14,tablet,14.94,5
3804,914,2024-09-05 08:12:43,desktop,2.07,7
3805,973,2023-06-14 02:09:35,mobile,0.2,4
3806,2426,2024-02-28 20:40:27,tablet,0.2,9
3807,1748,2024-06-14 09:19:47,tablet,13.87,3
3808,1349,2023-03-01 07:44:22,desktop,0.2,7
3809,1514,2023-06-05 22:59:27,mobile,18.19,2
3810,1176,2023-06-19 00:18:43,desktop,7.82,3
3811,2026,2023-04-10 12:20:36,mobile,6.92,1
3812,1384,2023-05-09 00:07:21,mobile,4.36,2
3813,518,2024-08-13 02:33:01,mobile,5.77,3
3814,1733,2024-02-09 04:50:31,tablet,3.27,4
3815,1385,2023-10-04 13:58:58,mobile,3.49,1
3816,1386,2023-09-06 02:45:05,tablet,10.97,7
3817,406,2024-04-11 09:53:20,desktop,13.32,5
3818,1783,2024-12-13 19:56:29,tablet,8.18,6
3819,2283,2023-01-25 09:28:25,mobile,5.78,3
3820,334,2023-06-27 12:26:53,tablet,9.42,5
3821,1814,2023-12-07 22:22:32,mobile,3.61,5
3822,2123,2023-11-21 16:54:58,mobile,8.69,8
3823,594,2024-11-11 21:50:44,desktop,3.37,10
3824,2232,2024-05-28 03:46:13,tablet,5.25,5
3825,533,2024-03-01 04:28:53,tablet,6.65,1
3826,147,2024-09-28 01:22:17,desktop,12.69,4
3827,1320,2024-01-28 06:45:24,mobile,6.87,1
3828,83,2023-08-02 02:28:29,tablet,4.89,4
3829,381,2023-06-17 11:44:29,mobile,13.86,5
3830,342,2024-03-28 15:45:13,mobile,3.57,2
3831,892,2024-06-14 14:59:58,mobile,1.37,1
3832,1858,2023-07-25 19:34:02,desktop,4.46,2
3833,427,2024-02-11 03:25:43,desktop,5.8,5
3834,2229,2024-01-27 00:13:09,desktop,14.1,8
3835,343,2024-06-07 21:54:27,desktop,4.87,9
3836,897,2024-04-11 21:01:32,desktop,9.36,5
3837,1972,2023-11-14 19:46:06,desktop,3.12,6
3838,990,2024-03-16 11:45:12,desktop,2.9,9
3839,2298,2024-08-06 05:28:02,tablet,4.94,5
3840,597,2023-05-30 14:45:47,desktop,10.64,1
3841,1258,2023-02-05 23:32:16,tablet,5.63,2
3842,304,2024-12-25 10:47:59,tablet,9.58,2
3843,326,2024-12-06 02:04:39,tablet,7.42,3
3844,2054,2023-07-02 23:24:28,tablet,7.82,7
3845,2365,2024-09-24 06:13:06,desktop,1.22,4
3846,2296,2023-12-17 00:48:19,desktop,13.05,6
3847,719,2023-01-11 04:27:58,desktop,9.17,5
3848,502,2024-07-05 11:11:45,tablet,3.53,2
3849,1983,2024-10-13 22:46:09,tablet,3.75,4
3850,1066,2023-09-05 00:30:56,desktop,10.15,7
3851,1513,2023-10-29 01:40:33,desktop,1.81,12
3852,2232,2024-06-05 18:37:40,mobile,0.32,1
3853,516,2023-12-02 20:22:02,desktop,6.99,2
3854,1089,2024-10-13 22:17:17,desktop,7.04,7
3855,1646,2024-04-29 11:48:01,desktop,6.03,7
3856,1729,2024-04-22 18:16:27,desktop,9.15,4
3857,588,2024-09-13 12:59:17,desktop,6.36,8
3858,979,2024-06-07 13:08:22,desktop,9.09,2
3859,2478,2023-04-20 11:40:35,mobile,8.31,4
3860,330,2023-01-23 16:48:11,tablet,4.17,2
3861,1034,2024-03-07 21:07:37,desktop,9.7,9
3862,1726,2024-12-11 12:53:31,tablet,9.45,4
3863,168,2023-01-10 14:03:34,desktop,5.64,8
3864,950,2023-09-09 23:01:02,tablet,13.18,2
3865,2018,2023-01-31 22:54:31,desktop,8.94,5
3866,1622,2023-09-01 19:17:37,desktop,6.24,5
3867,2033,2024-09-29 03:30:03,tablet,3.32,2
3868,2363,2024-10-02 06:03:15,desktop,11.54,2
3869,112,2024-10-02 22:20:52,tablet,8.61,5
3870,1013,2024-06-19 22:20:25,desktop,0.58,12
3871,2188,2024-01-01 20:36:15,desktop,4.82,3
3872,1512,2023-06-09 00:36:43,mobile,8.44,3
3873,1808,2023-10-29 04:17:06,tablet,6.41,4
3874,1134,2024-08-22 00:49:25,desktop,10.16,1
3875,2306,2023-07-24 03:55:53,desktop,8.59,8
3876,536,2024-09-08 01:06:07,mobile,4.37,1
3877,865,2024-06-04 16:59:25,tablet,7.02,4
3878,1246,2023-08-15 01:05:47,tablet,4.85,1
3879,175,2024-02-21 10:28:24,desktop,8.92,7
3880,1514,2024-08-29 00:46:52,desktop,0.61,6
3881,16,2024-07-21 17:24:03,tablet,12.26,2
3882,1955,2023-03-11 23:13:44,tablet,7.63,5
3883,1564,2024-09-13 17:15:03,mobile,0.2,4
3884,55,2024-02-27 01:14:35,desktop,5.65,7
3885,1411,2023-09-03 19:40:39,desktop,3.74,1
3886,326,2024-04-02 12:16:07,tablet,5.76,12
3887,2433,2023-05-25 14:15:48,desktop,2.61,2
3888,60,2024-07-29 15:18:24,mobile,0.72,2
3889,243,2023-11-09 21:32:54,desktop,9.08,1
3890,708,2023-01-11 13:22:48,desktop,2.19,3
3891,1414,2023-02-27 23:04:21,desktop,3.28,9
3892,1966,2024-07-01 18:57:47,tablet,2.72,7
3893,2230,2024-03-06 19:47:06,desktop,4.89,6
3894,2318,2024-06-23 09:02:14,mobile,13.33,1
3895,1199,2023-07-10 18:39:55,mobile,7.6,6
3896,1260,2024-07-10 10:56:05,tablet,9.45,2
3897,2239,2024-05-21 22:41:26,tablet,14.37,6
3898,2112,2023-02-03 09:04:41,tablet,1.22,7
3899,1553,2024-04-13 13:00:52,mobile,6.53,6
3900,1210,2023-04-30 16:01:54,tablet,9.81,6
3901,947,2024-09-09 22:40:00,desktop,1.43,5
3902,2266,2023-04-08 22:04:12,desktop,8.4,6
3903,2123,2024-12-26 15:59:14,desktop,7.5,6
3904,2447,2023-09-11 02:49:10,desktop,9.03,1
3905,2130,2024-11-27 13:53:32,mobile,6.53,9
3906,31,2024-02-28 19:54:40,tablet,3.22,5
3907,1217,2024-11-16 13:05:51,tablet,8.2,6
3908,945,2024-01-24 21:52:06,tablet,14.93,6
3909,1376,2024-12-05 09:10:48,tablet,6.64,8
3910,456,2023-05-27 13:33:14,mobile,5.55,3
3911,577,2024-08-31 06:57:47,tablet,4.85,6
3912,1663,2023-08-30 08:43:45,tablet,9.83,10
3913,2282,2023-03-28 23:06:50,desktop,7.15,1
3914,2474,2023-04-15 07:41:23,mobile,1.69,7
3915,1535,2023-10-11 10:52:33,tablet,3.92,2
3916,2288,2023-03-07 17:58:16,mobile,15.68,5
3917,409,2023-11-05 20:21:12,desktop,11.41,5
3918,1666,2023-05-21 01:44:39,mobile,10.57,5
3919,405,2023-06-27 23:24:44,tablet,3.81,1
3920,163,2024-04-30 12:09:56,mobile,11.89,10
3921,689,2024-12-15 00:59:24,desktop,9.57,8
3922,614,2023-09-11 03:16:07,tablet,2.85,6
3923,2216,2023-04-06 07:02:38,tablet,9.66,3
3924,1835,2023-03-31 16:49:04,mobile,4.24,5
3925,1326,2024-01-18 10:48:56,mobile,3.91,7
3926,211,2023-08-02 13:14:45,mobile,13.24,7
3927,2495,2023-09-04 18:24:35,mobile,10.22,1
3928,1719,2024-02-28 09:02:35,tablet,0.2,1
3929,488,2024-04-29 06:03:53,desktop,6.1,5
3930,1789,2023-12-20 17:26:42,tablet,6.45,11
3931,1102,2024-08-17 07:01:17,tablet,9.6,5
3932,1924,2024-10-10 00:26:55,tablet,7.89,3
3933,415,2024-02-19 21:26:58,mobile,1.16,1
3934,232,2024-11-01 15:49:18,mobile,8.07,6
3935,520,2023-09-18 10:20:55,mobile,6.97,1
3936,1441,2024-12-05 02:00:05,tablet,8.48,9
3937,1787,2024-01-26 23:50:28,tablet,3.74,1
3938,506,2023-03-22 12:05:34,mobile,0.2,6
3939,1212,2024-05-22 09:04:32,desktop,3.43,2
3940,134,2024-05-26 01:12:02,desktop,9.44,1
3941,974,2024-08-06 00:32:14,desktop,7.32,4
3942,1348,2023-01-11 22:17:28,mobile,5.39,1
3943,2393,2023-10-20 01:19:05,mobile,9.9,2
3944,56,2024-08-21 12:32:18,tablet,4.35,1
3945,827,2024-07-17 17:04:33,desktop,6.82,4
3946,1650,2024-04-20 03:30:19,desktop,11.43,5
3947,1254,2024-08-29 19:31:34,tablet,0.93,4
3948,999,2024-12-17 04:02:44,tablet,8.61,7
3949,2355,2024-03-01 09:41:41,mobile,4.19,9
3950,1402,2023-04-05 11:07:24,tablet,3.03,1
3951,1076,2024-12-26 18:22:13,mobile,8.5,10
3952,1418,2023-05-22 13:06:35,desktop,1.54,5
3953,973,2024-01-25 04:16:20,tablet,3.35,7
3954,71,2024-12-01 02:53:58,tablet,5.82,7
3955,492,2024-06-02 20:39:06,tablet,5.9,3
3956,226,2023-05-24 07:52:56,tablet,4.77,11
3957,1632,2023-03-21 02:08:56,desktop,0.2,9
3958,1483,2023-12-18 07:35:34,tablet,9.78,4
3959,2311,2023-06-05 08:57:37,desktop,10.27,1
3960,1689,2024-08-28 04:30:44,desktop,3.6,5
3961,65,2023-11-07 23:39:38,tablet,8.26,7
3962,1771,2024-03-07 22:18:36,desktop,10.7,9
3963,202,2024-01-22 16:19:50,tablet,5.57,1
3964,1276,2023-03-14 16:36:20,tablet,5.04,5
3965,383,2023-06-16 02:18:00,mobile,5.02,5
3966,1770,2024-06-30 18:08:45,tablet,1.89,7
3967,1023,2024-09-26 09:18:36,tablet,9.38,4
3968,520,2023-06-11 02:28:57,tablet,8.69,4
3969,623,2024-01-05 16:47:26,desktop,5.81,3
3970,2500,2024-07-10 16:49:30,mobile,7.16,9
3971,2306,2024-05-19 10:03:49,desktop,0.25,5
3972,1857,2023-09-18 02:25:51,desktop,9.56,9
3973,2466,2023-03-01 16:47:00,mobile,0.2,4
3974,291,2024-11-13 15:18:43,tablet,4.48,7
3975,2083,2023-03-19 12:51:24,desktop,5.7,6
3976,819,2024-10-02 04:26:39,tablet,6.7,7
3977,1991,2024-12-12 01:47:54,desktop,9.5,4
3978,1709,2023-04-10 04:50:37,desktop,8.33,3
3979,674,2024-08-27 00:13:08,tablet,3.55,6
3980,408,2023-06-25 13:34:21,tablet,9.69,4
3981,951,2023-02-16 04:25:44,tablet,12.79,6
3982,29,2024-10-17 02:44:16,desktop,7.94,4
3983,1042,2024-09-26 04:53:42,desktop,0.2,4
3984,2051,2024-07-23 11:47:26,mobile,6.54,2
3985,2267,2024-03-16 05:24:08,tablet,8.88,2
3986,609,2024-03-06 12:41:53,mobile,16.14,8
3987,348,2024-01-17 03:58:35,desktop,6.72,11
3988,2001,2023-05-31 18:03:51,tablet,16.14,5
3989,559,2023-04-12 21:50:04,desktop,12.88,5
3990,1262,2023-11-09 02:06:28,mobile,4.72,3
3991,645,2023-01-25 22:48:16,desktop,9.87,6
3992,1201,2023-12-10 00:09:06,tablet,6.53,8
3993,2309,2023-11-26 03:29:37,desktop,9.76,9
3994,1555,2023-01-19 18:10:58,desktop,3.35,3
3995,1132,2024-11-23 19:47:11,tablet,1.85,1
3996,702,2024-07-15 12:13:11,tablet,3.8,3
3997,2429,2023-02-23 18:47:31,desktop,3.62,7
3998,304,2023-10-28 08:06:15,tablet,0.61,3
3999,1819,2024-12-17 21:10:28,mobile,5.84,4
4000,281,2024-03-14 23:53:41,mobile,11.42,1
4001,902,2024-04-19 07:26:57,mobile,6.22,1
4002,552,2024-12-25 04:14:59,mobile,10.37,6
4003,1795,2023-08-13 18:57:57,mobile,5.63,4
4004,1703,2023-08-26 02:22:14,tablet,7.71,6
4005,1070,2024-12-09 11:22:12,tablet,5.49,5
4006,580,2024-06-09 14:43:23,tablet,10.63,2
4007,212,2024-10-05 13:03:59,tablet,9.64,5
4008,1664,2023-08-11 22:15:05,desktop,2.78,3
4009,2150,2024-08-01 03:13:27,mobile,13.68,9
4010,1332,2024-05-25 00:11:09,desktop,14.12,3
4011,665,2024-08-18 01:44:57,tablet,12.34,3
4012,2258,2023-11-25 22:42:56,tablet,6.67,3
4013,2288,2024-10-03 11:15:45,desktop,9.29,5
4014,2089,2024-04-06 14:07:59,tablet,0.2,6
4015,322,2024-12-26 14:30:15,mobile,2.45,4
4016,815,2023-07-05 02:09:06,desktop,7.44,2
4017,776,2023-06-06 22:07:13,tablet,3.79,3
4018,1784,2023-04-18 03:51:25,tablet,5.21,2
4019,729,2023-08-30 10:14:32,desktop,12.19,11
4020,1468,2023-03-25 05:10:22,tablet,14.33,7
4021,2266,2024-09-22 07:27:53,desktop,2.72,4
4022,545,2024-12-06 21:32:00,mobile,4.69,4
4023,892,2024-07-16 09:55:39,mobile,3.48,6
4024,1791,2024-06-25 11:48:06,mobile,7.65,1
4025,644,2023-05-01 04:54:06,desktop,1.91,7
4026,835,2024-07-08 19:57:02,mobile,10.45,6
4027,2261,2023-06-09 08:31:21,desktop,9.02,8
4028,1897,2023-01-13 06:35:21,mobile,0.2,9
4029,142,2023-12-17 14:32:25,desktop,2.95,4
4030,2411,2023-09-14 05:02:04,tablet,2.57,2
4031,183,2024-02-27 21:02:02,mobile,5.49,1
4032,727,2024-01-19 20:19:35,tablet,4.69,1
4033,1956,2023-09-09 03:17:49,mobile,7.44,1
4034,493,2024-05-31 23:13:34,tablet,7.14,6
4035,718,2023-12-15 10:45:55,desktop,5.07,1
4036,766,2024-04-09 02:35:02,mobile,13.65,5
4037,2258,2023-08-16 20:59:00,mobile,9.38,6
4038,854,2024-07-27 11:35:35,mobile,3.23,4
4039,2269,2023-06-15 15:33:18,tablet,10.12,4
4040,894,2024-02-08 17:53:27,tablet,3.32,8
4041,2312,2023-11-22 08:30:34,tablet,4.7,1
4042,1526,2023-09-08 05:36:21,desktop,11.98,1
4043,1877,2023-04-27 10:24:39,desktop,8.45,2
4044,1335,2023-03-16 21:53:38,tablet,13.28,4
4045,1928,2024-02-02 14:10:28,desktop,8.57,9
4046,106,2024-09-02 15:05:01,desktop,9.42,7
4047,1100,2023-02-23 07:08:45,desktop,4.2,1
4048,2259,2024-04-29 04:21:39,mobile,7.28,4
4049,793,2024-07-20 02:31:57,desktop,6.14,3
4050,1914,2023-03-30 16:02:15,mobile,4.11,2
4051,2114,2023-12-21 23:41:41,mobile,10.32,1
4052,1472,2023-03-26 01:32:07,desktop,5.64,9
4053,53,2024-08-13 19:58:01,tablet,8.29,4
4054,1185,2023-09-26 11:42:01,tablet,12.61,9
4055,631,2023-03-22 04:23:13,mobile,10.1,1
4056,2163,2023-07-22 17:07:05,tablet,12.82,5
4057,729,2024-07-26 02:28:38,tablet,14.97,5
4058,1520,2023-10-13 16:39:25,desktop,1.79,9
4059,1797,2024-01-27 08:34:53,mobile,0.2,5
4060,1742,2023-10-29 00:29:28,tablet,8.22,3
4061,1551,2023-12-08 17:13:31,tablet,0.32,6
4062,2075,2023-07-09 03:32:57,mobile,10.73,6
4063,206,2024-01-08 15:30:38,desktop,3.95,3
4064,1338,2023-04-11 19:33:11,mobile,8.54,4
4065,1251,2023-10-13 23:09:55,tablet,3.26,5
4066,1704,2023-11-19 07:14:08,mobile,11.14,2
4067,2177,2023-07-20 11:28:50,tablet,8.72,2
4068,1095,2024-05-02 06:36:00,desktop,6.02,3
4069,2018,2023-10-20 03:31:00,mobile,6.05,3
4070,1839,2024-11-14 19:20:34,mobile,5.25,5
4071,35,2023-12-26 06:18:53,tablet,7.06,2
4072,159,2024-08-31 10:32:55,tablet,5.27,9
4073,365,2024-11-14 05:43:38,desktop,0.2,1
4074,2009,2023-03-11 01:08:31,desktop,11.96,6
4075,553,2023-01-14 04:54:09,desktop,4.28,6
4076,1486,2024-11-22 05:14:31,tablet,3.0,5
4077,1149,2024-05-30 09:32:54,tablet,8.05,7
4078,1539,2023-08-28 21:52:10,desktop,10.03,13
4079,1674,2023-03-25 19:37:17,tablet,4.5,4
4080,500,2023-04-06 21:10:38,tablet,1.55,1
4081,2212,2024-11-02 22:07:08,mobile,0.64,7
4082,1502,2023-01-09 05:35:07,mobile,2.64,11
4083,1079,2023-05-05 02:24:42,desktop,4.62,7
4084,647,2023-07-03 15:31:13,mobile,5.12,6
4085,2114,2023-12-19 15:04:30,tablet,0.2,8
4086,315,2023-04-23 23:49:09,desktop,11.66,4
4087,1760,2023-01-12 08:50:22,mobile,5.09,7
4088,1894,2024-07-06 09:20:33,desktop,5.91,3
4089,1844,2023-11-23 11:04:45,desktop,9.85,7
4090,2361,2023-04-11 15:45:33,mobile,13.57,6
4091,182,2024-09-29 21:49:33,mobile,5.47,7
4092,806,2024-06-16 11:43:01,mobile,7.52,6
4093,1956,2023-10-07 00:39:41,tablet,5.06,9
4094,366,2024-07-21 16:54:23,tablet,2.08,5
4095,916,2023-09-06 09:21:35,desktop,14.82,8
4096,1421,2024-10-26 11:57:50,tablet,5.13,6
4097,1773,2024-12-08 14:51:23,tablet,6.66,7
4098,261,2024-04-28 15:14:58,mobile,3.27,3
4099,1764,2023-08-02 08:32:59,tablet,7.52,6
4100,2325,2024-09-13 01:02:53,mobile,12.05,3
4101,947,2023-05-25 09:39:47,tablet,10.35,5
4102,821,2024-10-22 15:40:44,desktop,1.8,7
4103,222,2023-07-10 23:46:26,tablet,5.72,4
4104,2400,2024-04-26 12:50:41,mobile,6.29,5
4105,1917,2023-06-02 23:03:03,tablet,6.14,8
4106,1564,2024-04-05 23:47:23,mobile,12.69,1
4107,938,2023-09-15 14:21:45,mobile,10.32,7
4108,2436,2024-04-18 17:46:00,tablet,10.27,1
4109,382,2023-12-12 23:14:18,mobile,0.83,4
4110,1385,2024-10-06 08:57:26,tablet,3.17,4
4111,1037,2023-12-05 12:57:47,tablet,15.01,3
4112,1655,2024-08-10 23:53:39,mobile,2.56,3
4113,898,2024-01-19 21:11:20,mobile,0.2,9
4114,2366,2024-07-27 03:11:08,mobile,2.59,4
4115,2284,2024-09-06 22:55:00,tablet,0.2,4
4116,113,2024-10-18 04:30:42,tablet,12.78,7
4117,2201,2023-01-25 22:18:39,tablet,4.07,9
4118,2030,2024-12-25 00:18:54,tablet,9.57,5
4119,1048,2024-08-22 16:18:03,desktop,15.91,3
4120,2059,2023-12-25 07:18:45,mobile,0.2,6
4121,1472,2023-03-28 11:56:34,desktop,17.94,1
4122,2026,2023-11-18 04:33:33,desktop,2.0,8
4123,2261,2024-04-14 09:37:02,desktop,7.68,4
4124,1828,2023-01-11 05:03:20,desktop,0.2,3
4125,1829,2024-11-17 16:47:42,tablet,7.41,7
4126,1285,2023-04-29 06:46:33,desktop,2.49,1
4127,1911,2023-04-07 09:13:43,mobile,14.84,4
4128,1756,2024-06-07 12:55:39,tablet,6.17,7
4129,1637,2024-06-17 14:20:40,tablet,6.6,7
4130,2198,2024-01-22 12:44:17,mobile,3.23,4
4131,1151,2023-08-29 05:53:27,tablet,0.2,9
4132,2048,2024-07-30 08:00:34,desktop,0.2,2
4133,2100,2024-01-10 13:45:49,mobile,8.31,1
4134,632,2024-07-07 01:46:59,desktop,4.43,6
4135,1366,2023-10-09 12:54:54,desktop,1.53,4
4136,1447,2023-07-16 17:53:12,tablet,2.23,4
4137,1134,2023-04-27 13:02:12,tablet,2.37,1
4138,2032,2023-09-28 23:05:35,tablet,4.18,9
4139,2163,2023-07-11 20:20:21,desktop,0.2,3
4140,2113,2023-12-17 19:41:30,mobile,13.46,2
4141,1581,2024-06-28 23:03:00,desktop,12.7,3
4142,2207,2024-11-10 01:04:02,desktop,3.16,2
4143,1686,2024-03-05 05:52:46,tablet,4.84,2
4144,741,2023-10-20 11:08:05,tablet,5.37,4
4145,1201,2023-09-23 02:49:27,desktop,9.21,1
4146,1396,2023-06-26 00:05:39,desktop,8.55,5
4147,1034,2024-10-07 03:52:00,desktop,6.99,9
4148,1163,2023-04-14 12:34:43,desktop,4.91,7
4149,2222,2023-08-29 07:34:14,mobile,4.58,2
4150,458,2024-06-20 05:25:58,tablet,4.04,4
4151,110,2024-05-11 18:06:00,desktop,0.2,2
4152,999,2023-03-28 21:56:22,tablet,7.54,8
4153,2460,2023-10-09 05:40:52,tablet,14.66,6
4154,1291,2023-08-07 10:05:34,desktop,4.34,6
4155,659,2024-03-15 09:22:40,mobile,7.28,7
4156,2448,2023-08-21 21:38:16,tablet,9.56,2
4157,134,2023-10-22 06:15:07,mobile,12.51,4
4158,960,2023-04-29 12:07:08,mobile,9.85,7
4159,84,2023-09-27 01:34:34,tablet,6.62,1
4160,2112,2024-09-02 09:23:11,desktop,4.63,3
4161,2006,2024-07-19 15:52:51,tablet,3.32,1
4162,2157,2024-02-04 19:00:48,desktop,12.65,1
4163,1188,2023-07-22 07:16:07,mobile,10.43,8
4164,2365,2023-12-09 17:57:12,mobile,0.2,7
4165,1668,2023-07-18 21:33:31,mobile,6.86,4
4166,83,2024-07-21 06:09:11,mobile,4.23,4
4167,2169,2024-01-31 07:27:15,tablet,2.38,6
4168,41,2023-07-15 20:47:44,tablet,8.33,8
4169,1909,2024-06-01 07:10:07,desktop,15.26,7
4170,2390,2023-04-17 22:33:02,tablet,9.48,10
4171,720,2023-07-16 20:23:32,mobile,3.84,6
4172,1058,2024-12-28 08:24:34,tablet,5.05,2
4173,91,2024-07-08 05:25:59,mobile,10.08,5
4174,2290,2023-04-28 10:11:47,mobile,10.71,4
4175,2144,2023-08-05 07:55:04,desktop,11.6,8
4176,1456,2023-12-27 22:24:45,mobile,4.31,6
4177,1145,2024-11-12 14:00:49,mobile,8.03,8
4178,2088,2023-12-24 13:23:06,tablet,2.6,7
4179,177,2023-05-12 17:37:07,tablet,1.52,11
4180,294,2023-12-10 12:53:07,tablet,4.4,8
4181,904,2024-08-22 06:29:01,tablet,7.23,10
4182,769,2023-12-28 20:59:47,mobile,10.87,5
4183,2012,2023-08-05 16:49:02,mobile,8.99,2
4184,883,2024-02-02 13:52:52,tablet,6.98,6
4185,1047,2024-01-26 18:39:15,desktop,4.73,7
4186,2325,2024-07-25 14:26:31,mobile,3.13,6
4187,971,2023-09-25 09:40:15,desktop,6.63,3
4188,468,2023-07-26 03:55:16,desktop,4.81,6
4189,1365,2024-10-07 22:52:56,mobile,2.0,9
4190,2090,2024-03-28 12:28:26,desktop,15.1,10
4191,2465,2023-11-16 20:33:01,mobile,1.91,1
4192,943,2023-03-23 17:54:30,tablet,0.92,3
4193,646,2024-06-23 00:41:14,mobile,5.47,9
4194,1105,2024-07-02 15:56:04,tablet,0.2,4
4195,774,2023-06-02 07:05:37,desktop,6.99,6
4196,1261,2024-09-12 00:45:34,mobile,9.62,6
4197,1946,2024-05-09 00:43:24,mobile,0.2,2
4198,747,2024-12-11 08:05:39,mobile,3.34,4
4199,498,2023-10-16 20:54:54,tablet,7.03,8
4200,975,2024-06-22 10:13:50,mobile,9.76,4
4201,676,2023-07-16 04:39:49,desktop,7.45,1
4202,2410,2023-07-05 05:18:51,mobile,7.76,3
4203,2452,2024-05-11 19:13:03,tablet,1.1,9
4204,174,2023-10-06 21:33:32,desktop,2.46,10
4205,2450,2023-07-11 22:52:53,desktop,7.64,7
4206,14,2024-01-21 20:25:24,desktop,4.05,1
4207,2180,2024-05-28 13:24:57,desktop,8.69,2
4208,2234,2024-11-21 19:26:18,mobile,9.33,1
4209,1090,2024-03-06 20:46:44,tablet,3.02,3
4210,150,2023-05-02 22:24:53,desktop,6.21,6
4211,294,2023-09-01 06:25:39,mobile,0.2,8
4212,1642,2023-06-24 14:31:07,tablet,7.21,5
4213,2174,2023-04-29 00:58:36,mobile,1.44,4
4214,749,2023-06-17 19:22:25,tablet,8.02,4
4215,1724,2024-08-24 14:25:29,mobile,6.07,8
4216,1593,2023-03-23 11:33:20,desktop,7.98,6
4217,886,2023-08-01 00:03:06,desktop,1.88,2
4218,2187,2023-06-22 08:59:25,desktop,2.53,11
4219,384,2024-08-27 04:02:21,desktop,6.88,7
4220,614,2024-09-01 06:32:52,desktop,11.74,10
4221,887,2023-12-09 14:00:15,desktop,5.37,5
4222,1950,2024-12-27 08:30:38,desktop,6.3,6
4223,2162,2023-08-25 05:31:04,desktop,5.22,6
4224,1469,2024-10-13 04:18:15,mobile,0.2,5
4225,2491,2023-01-30 04:38:28,desktop,9.31,4
4226,2324,2023-12-07 17:10:28,tablet,7.41,6
4227,2395,2024-07-29 18:35:15,mobile,0.72,4
4228,1626,2023-04-23 16:25:27,tablet,8.72,2
4229,296,2024-03-10 06:35:11,mobile,11.6,4
4230,2320,2023-11-10 01:53:04,mobile,6.83,4
4231,2499,2023-07-13 13:58:14,desktop,1.78,11
4232,1541,2024-01-29 14:15:19,desktop,3.27,4
4233,2222,2024-09-18 21:08:52,mobile,3.65,1
4234,766,2023-01-06 06:33:54,desktop,5.77,8
4235,777,2023-08-25 11:37:25,mobile,5.63,1
4236,1085,2023-08-03 06:18:13,tablet,1.59,4
4237,2382,2024-03-20 08:30:42,tablet,10.1,4
4238,975,2023-05-15 15:16:51,desktop,10.46,7
4239,1471,2024-06-21 16:09:12,desktop,5.75,4
4240,682,2024-07-06 11:06:19,tablet,8.93,7
4241,367,2023-11-17 22:11:34,tablet,15.16,3
4242,1163,2024-04-02 09:57:42,mobile,8.67,5
4243,724,2024-05-22 11:07:15,mobile,3.27,5
4244,2240,2023-07-16 12:16:42,desktop,6.68,6
4245,2236,2023-08-15 17:10:34,tablet,6.5,9
4246,517,2023-11-17 09:37:57,tablet,5.23,1
4247,1248,2024-04-17 14:19:20,tablet,0.2,1
4248,1423,2024-08-24 08:30:15,desktop,5.17,6
4249,115,2024-11-14 17:02:28,desktop,3.44,4
4250,540,2024-03-27 09:17:21,tablet,6.58,2
4251,685,2024-03-14 04:06:58,mobile,14.62,1
4252,1134,2024-03-10 17:44:45,desktop,4.7,8
4253,868,2024-01-16 01:13:32,mobile,6.11,5
4254,1215,2024-10-01 20:29:36,mobile,5.26,10
4255,2196,2023-09-27 03:41:00,mobile,8.11,5
4256,283,2024-01-26 01:00:57,desktop,7.1,1
4257,1769,2024-10-28 06:46:02,desktop,2.12,5
4258,1153,2023-12-19 13:54:55,mobile,0.2,4
4259,1609,2024-07-14 23:21:55,tablet,9.81,5
4260,114,2023-02-12 04:16:44,tablet,7.09,5
4261,2111,2024-12-08 17:12:55,mobile,0.2,5
4262,2447,2023-02-22 08:07:56,mobile,1.62,4
4263,919,2024-02-10 22:18:55,tablet,0.2,8
4264,197,2023-07-25 07:58:19,tablet,6.18,5
4265,651,2024-04-08 09:05:59,tablet,3.44,3
4266,1815,2024-02-22 10:01:49,tablet,4.61,3
4267,1606,2023-03-05 23:06:56,desktop,9.43,6
4268,367,2023-05-09 01:47:40,desktop,3.81,1
4269,670,2024-07-10 08:58:11,mobile,7.23,3
4270,2000,2024-03-06 13:31:48,mobile,10.15,2
4271,514,2023-07-10 05:17:46,mobile,5.82,10
4272,2194,2023-11-20 23:11:47,tablet,4.58,3
4273,94,2024-01-17 18:44:51,mobile,5.22,7
4274,1570,2024-10-28 05:44:12,tablet,0.91,2
4275,770,2024-09-30 15:59:46,tablet,12.15,1
4276,1666,2024-03-09 19:53:53,tablet,10.26,7
4277,142,2024-02-16 03:52:30,desktop,10.62,12
4278,1032,2024-05-23 01:39:14,desktop,6.66,2
4279,79,2024-05-02 03:19:44,desktop,8.35,3
4280,972,2023-06-10 07:46:40,tablet,2.8,6
4281,1677,2023-01-03 17:51:33,tablet,0.2,4
4282,264,2023-05-19 10:05:36,tablet,9.39,5
4283,1172,2024-05-01 12:53:41,desktop,3.0,4
4284,2195,2023-06-05 14:07:15,desktop,10.78,6
4285,459,2024-12-12 02:19:12,tablet,5.33,1
4286,814,2024-11-26 04:54:33,tablet,10.06,8
4287,1119,2024-02-16 02:33:02,tablet,12.11,3
4288,1962,2023-01-01 17:39:09,tablet,11.72,5
4289,65,2023-01-08 19:01:11,tablet,3.09,6
4290,105,2024-01-21 17:48:44,desktop,5.1,4
4291,2376,2024-02-01 18:36:57,desktop,2.39,4
4292,449,2023-06-19 16:58:02,desktop,8.31,4
4293,564,2024-11-18 09:51:24,desktop,6.83,3
4294,489,2024-12-06 18:59:48,desktop,5.54,9
4295,1064,2023-05-31 12:23:51,desktop,8.22,4
4296,2220,2023-06-06 17:33:16,mobile,3.74,3
4297,1281,2023-01-25 04:59:57,mobile,2.15,3
4298,641,2024-05-27 23:34:30,desktop,10.67,3
4299,1780,2023-06-09 14:56:23,tablet,9.25,4
4300,852,2024-01-03 23:01:04,mobile,6.94,2
4301,207,2023-09-19 09:25:15,mobile,6.54,2
4302,801,2024-11-22 01:58:52,mobile,5.65,1
4303,2429,2023-11-18 23:22:25,desktop,0.82,5
4304,1083,2023-09-13 03:13:23,tablet,8.19,3
4305,520,2024-12-29 13:47:22,mobile,5.87,3
4306,1014,2023-08-18 09:08:57,mobile,7.14,8
4307,2180,2024-09-09 02:44:35,mobile,8.94,3
4308,1083,2023-07-02 12:44:47,tablet,4.28,3
4309,1124,2024-02-20 07:30:48,tablet,8.72,1
4310,809,2024-01-20 13:30:53,mobile,0.43,5
4311,178,2024-01-31 15:22:47,tablet,11.47,5
4312,837,2023-09-01 06:00:23,tablet,5.0,6
4313,583,2023-01-06 14:49:54,desktop,6.6,8
4314,1836,2024-08-24 22:04:49,tablet,8.35,5
4315,829,2023-08-14 22:04:51,desktop,14.8,4
4316,890,2023-12-03 10:50:35,tablet,9.31,10
4317,801,2024-02-25 06:39:32,desktop,6.81,3
4318,2283,2023-09-04 13:52:26,desktop,7.39,4
4319,898,2023-01-09 15:47:39,tablet,3.24,2
4320,1651,2024-10-29 15:50:50,mobile,6.8,6
4321,603,2024-06-14 05:42:39,desktop,10.03,3
4322,2382,2023-04-08 17:11:40,tablet,0.2,1
4323,1410,2023-02-21 20:37:34,mobile,13.47,2
4324,896,2023-04-16 18:56:33,desktop,6.89,9
4325,1054,2023-05-14 00:39:51,mobile,8.56,2
4326,2069,2023-08-18 08:02:15,tablet,3.79,3
4327,1673,2023-10-01 19:04:22,desktop,10.08,6
4328,104,2023-02-20 21:01:46,mobile,5.68,1
4329,1979,2023-11-20 23:57:09,mobile,1.51,2
4330,953,2024-07-12 18:50:01,desktop,12.02,4
4331,17,2023-06-26 20:51:31,mobile,0.2,7
4332,195,2024-09-01 01:33:11,mobile,7.91,5
4333,1131,2024-12-25 20:28:07,desktop,9.75,6
4334,2475,2023-11-29 05:28:00,tablet,8.2,7
4335,2397,2024-04-07 22:45:24,tablet,4.64,5
4336,2349,2024-06-15 21:15:49,tablet,7.16,5
4337,178,2023-12-25 01:27:31,mobile,5.37,1
4338,1207,2023-12-16 03:30:57,desktop,3.68,7
4339,245,2024-09-03 09:40:48,desktop,14.93,5
4340,1900,2023-02-01 12:56:39,desktop,0.2,8
4341,2006,2023-05-05 04:32:10,mobile,0.8,1
4342,546,2024-02-05 19:02:06,mobile,0.91,1
4343,962,2024-11-01 15:35:26,mobile,4.61,7
4344,105,2023-02-18 05:11:37,mobile,9.98,4
4345,1190,2024-12-16 03:10:07,tablet,7.74,6
4346,2042,2023-01-22 00:44:08,desktop,8.21,4
4347,2287,2024-03-18 17:47:03,desktop,10.71,7
4348,1844,2024-03-04 04:23:58,tablet,3.84,3
4349,2389,2024-11-02 20:17:59,desktop,4.1,6
4350,602,2023-01-04 23:25:54,mobile,1.84,11
4351,1178,2024-09-11 05:56:20,mobile,2.71,7
4352,1380,2023-09-30 21:29:55,mobile,10.12,1
4353,2459,2023-03-26 06:07:38,tablet,3.67,8
4354,2057,2024-02-05 10:16:37,tablet,5.34,6
4355,831,2024-11-13 07:39:43,tablet,8.98,6
4356,1591,2023-03-04 13:44:16,tablet,9.12,5
4357,1356,2024-05-04 22:48:52,desktop,5.21,4
4358,2465,2023-09-21 10:23:15,tablet,2.76,1
4359,1886,2024-03-20 19:00:31,mobile,1.6,2
4360,1534,2024-03-01 01:17:55,mobile,8.04,4
4361,805,2024-04-02 11:56:35,mobile,8.42,5
4362,2293,2023-07-05 17:46:48,tablet,10.48,4
4363,821,2023-04-11 09:16:23,tablet,0.2,3
4364,1887,2024-11-28 01:44:04,desktop,6.15,5
4365,1398,2023-10-25 02:41:13,mobile,8.24,1
4366,2275,2023-03-04 11:39:32,tablet,6.45,3
4367,1671,2024-07-24 00:34:52,desktop,0.88,6
4368,1472,2024-10-02 11:17:33,desktop,0.85,8
4369,43,2024-12-31 18:42:03,tablet,4.03,3
4370,146,2024-06-03 15:35:13,desktop,6.81,3
4371,1017,2024-04-03 00:27:35,tablet,4.2,1
4372,1175,2024-05-08 03:24:32,tablet,7.36,7
4373,187,2023-02-09 02:28:21,desktop,16.45,1
4374,1792,2024-05-16 18:35:36,mobile,9.48,6
4375,721,2024-05-16 06:22:41,tablet,5.12,3
4376,949,2023-05-11 11:37:42,mobile,0.82,5
4377,1182,2023-05-27 18:02:13,tablet,11.77,8
4378,1327,2023-10-27 03:42:33,tablet,14.36,4
4379,1610,2023-01-31 02:11:39,desktop,0.76,5
4380,787,2023-03-20 14:07:52,mobile,2.32,5
4381,1407,2023-02-24 21:12:53,tablet,15.91,1
4382,351,2023-01-05 23:51:11,desktop,9.44,7
4383,1545,2024-12-06 19:28:57,mobile,0.2,7
4384,1478,2023-10-08 12:03:25,mobile,2.86,4
4385,1314,2024-01-28 02:50:59,mobile,13.73,5
4386,2102,2023-03-23 03:28:56,mobile,7.25,8
4387,1538,2023-02-15 16:00:18,desktop,4.86,5
4388,2032,2023-12-08 11:40:59,desktop,9.06,6
4389,1146,2023-11-19 16:19:50,desktop,7.99,1
4390,1829,2024-01-08 13:55:33,mobile,5.3,5
4391,1048,2024-12-04 17:35:00,tablet,8.35,2
4392,1843,2024-08-21 09:07:54,mobile,11.96,6
4393,1357,2024-06-19 08:16:44,tablet,5.16,5
4394,1995,2024-12-02 12:44:08,mobile,5.11,9
4395,2082,2024-04-10 05:06:03,tablet,3.5,5
4396,482,2024-04-22 00:44:32,desktop,5.02,3
4397,1861,2024-06-25 21:39:03,desktop,6.18,6
4398,1652,2023-03-22 12:51:27,mobile,13.6,5
4399,1643,2023-10-14 03:19:33,tablet,0.47,1
4400,2360,2023-05-15 17:50:42,tablet,8.54,1
4401,2171,2024-03-11 08:45:23,mobile,5.51,4
4402,2314,2023-09-23 12:08:02,desktop,10.75,7
4403,2430,2023-05-30 19:02:29,desktop,1.71,3
4404,412,2023-01-26 22:34:07,desktop,11.53,6
4405,1501,2024-08-08 18:02:21,desktop,7.24,6
4406,1870,2024-12-23 07:43:40,mobile,4.47,5
4407,157,2023-04-09 00:42:07,desktop,0.2,8
4408,371,2024-12-15 08:01:36,desktop,1.12,6
4409,732,2024-09-21 21:12:27,mobile,5.8,8
4410,2229,2024-08-22 00:30:05,desktop,9.34,6
4411,1135,2023-02-20 04:57:44,mobile,8.94,8
4412,1139,2024-11-04 09:38:56,tablet,5.31,6
4413,612,2023-11-21 10:09:07,tablet,6.11,2
4414,640,2023-04-01 13:55:58,mobile,11.66,3
4415,2238,2024-06-09 11:57:44,tablet,6.72,2
4416,207,2024-03-21 07:10:28,tablet,1.58,2
4417,393,2024-07-24 06:50:11,tablet,4.19,6
4418,482,2023-09-15 18:22:10,tablet,7.72,10
4419,2091,2024-11-15 12:05:55,desktop,7.99,3
4420,612,2024-11-14 22:27:44,tablet,5.65,2
4421,987,2024-09-16 14:53:31,mobile,8.33,3
4422,208,2024-02-10 17:10:49,desktop,10.02,6
4423,342,2024-02-06 23:05:45,mobile,1.05,2
4424,299,2023-08-12 06:38:08,tablet,1.63,2
4425,2343,2024-08-01 22:11:23,desktop,6.84,4
4426,29,2023-11-24 19:44:48,tablet,13.07,9
4427,23,2023-10-11 14:46:49,desktop,2.76,6
4428,742,2024-12-16 09:53:40,mobile,1.56,6
4429,1231,2023-06-04 04:25:09,mobile,7.58,7
4430,1446,2023-11-24 08:01:10,tablet,6.88,1
4431,2160,2024-01-17 16:28:37,desktop,7.51,1
4432,354,2024-12-14 03:13:29,mobile,7.16,5
4433,162,2023-01-30 05:43:24,mobile,14.66,4
4434,1855,2024-01-19 21:34:39,tablet,8.43,9
4435,2063,2023-04-02 08:51:19,desktop,2.74,1
4436,776,2024-06-15 19:32:39,desktop,10.12,9
4437,1599,2024-02-27 15:26:14,mobile,1.73,3
4438,1266,2023-01-25 18:24:56,desktop,1.97,6
4439,876,2023-10-19 12:20:20,tablet,7.17,3
4440,2351,2024-10-20 04:59:10,desktop,3.1,4
4441,1929,2024-02-05 15:16:22,tablet,6.48,10
4442,1118,2024-06-16 00:44:41,desktop,6.98,3
4443,398,2024-08-12 12:14:53,desktop,11.17,3
4444,1617,2024-07-01 21:41:56,mobile,4.92,1
4445,477,2024-11-08 18:31:03,tablet,4.83,8
4446,1967,2023-04-29 02:35:26,tablet,0.2,5
4447,2281,2024-05-15 12:02:51,mobile,2.46,6
4448,1541,2024-03-11 18:19:12,desktop,3.01,6
4449,1324,2024-08-30 18:33:51,mobile,7.33,4
4450,457,2024-09-22 16:46:30,desktop,2.89,2
4451,1447,2023-06-24 04:33:07,mobile,9.01,8
4452,905,2023-06-26 14:10:45,desktop,3.05,7
4453,1940,2024-09-17 18:52:22,tablet,3.49,5
4454,688,2023-09-13 02:16:04,desktop,5.94,1
4455,1965,2024-11-29 05:55:42,desktop,7.74,7
4456,848,2023-06-11 20:43:13,tablet,7.53,7
4457,2172,2023-10-22 09:10:50,desktop,4.93,8
4458,1664,2024-12-03 03:03:10,desktop,9.82,6
4459,1231,2024-09-05 17:08:03,mobile,9.85,2
4460,1242,2024-01-27 16:54:46,mobile,4.04,6
4461,863,2023-04-14 12:23:02,desktop,3.18,2
4462,1859,2023-07-20 20:50:21,desktop,9.43,7
4463,788,2024-12-14 11:24:29,tablet,10.99,8
4464,1416,2023-07-06 07:51:12,tablet,3.6,3
4465,1632,2024-06-05 21:17:28,desktop,6.01,3
4466,15,2023-08-20 21:34:46,desktop,6.27,5
4467,2148,2023-06-23 00:23:24,desktop,9.23,1
4468,102,2023-09-22 21:02:58,mobile,7.93,2
4469,1100,2023-01-16 15:23:29,desktop,1.45,3
4470,64,2023-05-14 14:10:27,tablet,3.6,10
4471,2264,2024-04-30 13:07:06,desktop,14.62,4
4472,542,2023-09-16 05:03:32,tablet,6.04,1
4473,621,2024-08-30 20:38:52,desktop,10.47,8
4474,2001,2024-08-17 02:01:21,desktop,10.47,3
4475,1597,2024-07-22 13:25:18,mobile,3.78,10
4476,1196,2024-07-19 11:27:55,tablet,4.33,3
4477,1455,2024-08-20 09:22:08,mobile,5.08,3
4478,1704,2023-03-06 02:42:50,tablet,7.96,6
4479,409,2023-04-24 09:38:52,tablet,7.4,1
4480,1521,2024-06-05 02:41:47,desktop,5.59,3
4481,1689,2023-08-19 08:25:10,desktop,0.2,7
4482,644,2024-08-25 15:14:09,tablet,0.41,7
4483,663,2024-10-03 16:51:10,tablet,11.34,6
4484,252,2024-03-09 02:57:10,desktop,4.64,9
4485,1276,2024-06-25 04:12:59,tablet,11.24,3
4486,2148,2023-12-15 08:03:32,tablet,13.11,8
4487,1409,2024-10-30 12:31:27,mobile,1.27,5
4488,2279,2023-02-25 17:44:50,mobile,3.76,9
4489,1509,2023-10-04 00:42:13,tablet,8.15,2
4490,129,2024-04-11 07:51:52,tablet,11.46,3
4491,1200,2023-08-29 02:32:16,mobile,3.35,9
4492,1393,2023-12-21 00:03:11,desktop,0.2,8
4493,2020,2023-03-31 17:02:22,mobile,7.22,3
4494,1004,2024-02-09 19:13:17,mobile,8.56,4
4495,355,2024-09-01 21:36:04,desktop,8.87,9
4496,1860,2024-08-25 20:15:51,tablet,7.75,3
4497,2054,2024-05-02 00:52:32,tablet,9.65,2
4498,1607,2024-10-08 22:09:42,tablet,3.21,7
4499,1388,2023-11-16 18:15:32,tablet,8.21,7
4500,109,2023-10-13 22:14:43,tablet,9.95,5
4501,197,2023-07-10 02:34:55,desktop,1.19,8
4502,1270,2024-01-23 23:50:30,mobile,6.53,3
4503,946,2023-09-01 17:49:12,tablet,17.06,7
4504,2054,2024-07-13 02:29:20,mobile,5.42,7
4505,1240,2024-10-14 06:05:45,desktop,4.15,3
4506,68,2024-11-06 14:37:35,tablet,13.44,4
4507,1469,2023-05-15 20:19:40,tablet,3.44,2
4508,1143,2023-10-30 11:32:13,desktop,5.1,6
4509,2362,2024-07-13 02:28:50,tablet,7.48,9
4510,1199,2023-04-09 03:09:24,tablet,7.98,3
4511,1723,2024-10-29 20:05:41,tablet,3.75,6
4512,2331,2024-03-20 15:32:50,mobile,11.02,6
4513,1013,2023-08-11 05:32:57,desktop,6.08,2
4514,1641,2023-06-03 23:09:40,desktop,10.27,9
4515,607,2024-03-10 18:36:41,tablet,17.98,6
4516,503,2023-03-14 09:01:01,mobile,4.81,4
4517,1946,2024-11-08 19:55:25,mobile,0.2,4
4518,1101,2023-09-30 11:14:35,mobile,1.37,4
4519,1606,2023-02-18 19:13:38,tablet,5.81,1
4520,1200,2024-09-08 20:46:55,tablet,6.13,7
4521,216,2024-09-07 16:45:15,desktop,6.2,5
4522,944,2024-06-30 09:36:52,mobile,4.89,3
4523,2282,2023-11-27 11:51:19,desktop,0.2,2
4524,1828,2023-11-23 07:50:08,mobile,4.65,3
4525,1163,2024-05-11 07:12:41,desktop,1.3,1
4526,1910,2024-12-05 22:17:28,tablet,1.11,10
4527,1610,2024-04-28 22:16:36,tablet,2.2,6
4528,610,2023-10-21 09:19:38,tablet,9.3,6
4529,1079,2024-05-07 06:21:06,mobile,10.29,6
4530,2190,2023-09-24 08:47:34,mobile,6.12,6
4531,946,2024-12-10 09:14:03,desktop,13.59,5
4532,996,2023-09-28 14:55:20,tablet,14.21,7
4533,1285,2023-09-08 07:36:52,desktop,15.48,11
4534,1884,2024-02-08 01:07:50,tablet,1.69,4
4535,932,2024-05-10 09:56:31,mobile,0.68,1
4536,1037,2024-10-04 04:11:16,tablet,2.83,3
4537,2158,2023-08-27 12:32:50,tablet,0.85,3
4538,2427,2023-08-10 10:39:32,tablet,5.54,1
4539,1939,2023-01-08 22:06:27,desktop,1.62,7
4540,1992,2024-08-07 07:27:58,mobile,6.24,4
4541,1667,2024-02-25 12:52:49,mobile,9.66,7
4542,1194,2024-02-02 03:35:36,mobile,10.06,4
4543,1285,2024-08-15 12:49:14,tablet,1.62,7
4544,2016,2024-01-08 09:16:46,mobile,13.95,4
4545,881,2024-03-22 12:48:03,tablet,5.73,2
4546,1139,2023-03-18 22:19:21,mobile,13.93,4
4547,681,2024-08-06 20:40:05,desktop,7.05,5
4548,1603,2023-08-03 01:27:20,tablet,8.09,4
4549,497,2024-10-31 09:43:08,tablet,2.77,5
4550,2411,2023-04-17 11:52:14,mobile,1.09,8
4551,1096,2024-12-25 04:46:53,tablet,11.71,4
4552,458,2024-05-15 18:53:03,mobile,6.56,6
4553,1587,2023-07-27 06:45:55,mobile,2.96,4
4554,1248,2023-11-25 20:39:39,mobile,2.11,3
4555,1847,2024-05-18 17:51:42,desktop,1.32,1
4556,2199,2023-01-08 16:42:11,tablet,7.73,1
4557,1166,2024-08-29 08:41:49,mobile,2.32,3
4558,217,2024-09-04 15:01:11,desktop,7.58,10
4559,1412,2023-12-25 19:20:22,tablet,7.77,10
4560,54,2024-08-02 11:27:33,desktop,9.64,4
4561,1296,2024-01-04 05:31:55,mobile,8.74,7
4562,1967,2024-09-29 05:10:47,tablet,4.57,3
4563,1661,2023-04-27 00:40:04,tablet,14.72,6
4564,2078,2024-06-06 14:27:46,mobile,2.56,6
4565,106,2023-11-21 00:24:09,desktop,4.39,8
4566,1038,2023-07-31 23:29:14,desktop,0.2,4
4567,1855,2023-02-20 15:21:21,mobile,6.23,5
4568,104,2023-09-25 14:34:14,mobile,6.25,3
4569,1120,2023-01-02 23:41:19,desktop,11.41,5
4570,52,2023-06-20 12:39:51,tablet,7.26,3
4571,1721,2023-06-18 02:24:10,desktop,4.4,9
4572,1624,2024-06-03 01:37:16,desktop,5.16,6
4573,586,2024-03-23 16:11:58,tablet,1.86,12
4574,2257,2023-08-14 07:18:06,mobile,12.51,1
4575,996,2024-12-29 13:16:32,mobile,1.5,5
4576,1271,2024-02-16 03:37:24,tablet,8.11,1
4577,2100,2023-08-11 17:17:13,tablet,4.93,2
4578,292,2024-01-22 21:47:46,tablet,3.42,1
4579,2273,2023-07-27 04:24:54,tablet,6.29,5
4580,245,2023-10-05 11:37:08,tablet,9.64,1
4581,64,2024-08-10 06:19:26,tablet,0.6,3
4582,1129,2023-12-18 06:48:11,tablet,0.2,3
4583,2256,2024-06-22 10:27:08,mobile,5.56,4
4584,1281,2024-06-30 20:13:32,tablet,5.83,1
4585,2440,2024-04-04 06:03:37,mobile,11.45,4
4586,986,2024-05-20 23:01:29,desktop,4.73,2
4587,1035,2024-06-22 13:48:14,desktop,5.49,2
4588,923,2024-09-07 02:01:07,tablet,8.19,4
4589,610,2024-10-28 21:25:25,tablet,8.68,7
4590,579,2024-07-28 12:38:10,desktop,3.07,8
4591,1836,2023-06-30 00:22:54,mobile,11.42,6
4592,1264,2024-05-09 19:48:59,mobile,10.8,1
4593,1533,2024-03-19 09:15:27,desktop,9.41,5
4594,696,2023-07-01 05:23:11,mobile,8.36,8
4595,1281,2024-09-17 09:40:57,desktop,2.96,1
4596,105,2023-05-14 01:42:48,mobile,2.46,7
4597,262,2023-07-07 17:16:46,tablet,7.51,1
4598,385,2024-10-30 18:11:45,tablet,2.56,4
4599,1681,2024-09-28 08:05:58,desktop,0.2,7
4600,1667,2024-02-17 06:04:43,tablet,3.82,5
4601,621,2024-07-04 07:57:53,mobile,6.27,9
4602,71,2023-05-01 21:24:40,mobile,14.67,6
4603,68,2024-05-18 15:15:44,desktop,7.46,2
4604,1367,2023-10-09 14:38:18,desktop,3.95,2
4605,2311,2024-12-08 05:16:00,desktop,0.73,3
4606,1201,2023-02-02 15:40:00,desktop,12.17,4
4607,2038,2024-04-28 05:11:20,desktop,6.69,3
4608,1483,2023-02-16 22:22:07,desktop,5.05,1
4609,2317,2023-04-16 22:07:51,desktop,4.35,10
4610,2250,2024-12-30 05:02:05,desktop,1.88,4
4611,2399,2023-09-02 18:22:50,desktop,15.0,5
4612,1854,2023-03-13 02:03:27,tablet,3.1,8
4613,621,2024-11-22 12:48:33,tablet,7.04,5
4614,713,2024-09-15 10:24:06,tablet,2.2,7
4615,418,2024-04-24 20:22:45,tablet,6.59,4
4616,2084,2024-12-04 23:39:20,desktop,13.7,11
4617,908,2024-09-09 00:48:03,desktop,2.64,2
4618,2105,2024-11-30 17:41:42,tablet,5.87,3
4619,1246,2024-11-01 09:55:48,mobile,7.71,4
4620,2258,2024-04-13 03:35:43,mobile,4.46,2
4621,986,2023-02-01 11:26:15,desktop,3.18,10
4622,2214,2023-12-08 07:29:31,mobile,5.93,7
4623,2163,2023-07-14 05:22:04,desktop,16.54,2
4624,257,2023-03-13 16:44:46,mobile,5.26,1
4625,1068,2023-12-02 05:32:17,mobile,0.2,4
4626,1805,2023-09-01 00:47:58,mobile,9.41,6
4627,723,2023-07-27 21:07:16,tablet,7.53,6
4628,1974,2024-11-10 21:45:43,tablet,6.17,5
4629,1163,2024-10-23 22:43:29,desktop,6.96,4
4630,918,2023-12-07 01:52:27,mobile,8.39,9
4631,1165,2024-07-22 13:40:09,desktop,5.93,9
4632,366,2023-09-02 01:12:05,desktop,4.32,8
4633,842,2024-05-02 00:11:25,tablet,7.22,5
4634,214,2024-10-18 22:16:04,mobile,1.15,9
4635,1772,2023-09-07 23:36:02,mobile,10.97,6
4636,1957,2023-08-01 09:14:31,desktop,1.36,3
4637,553,2024-06-24 03:12:25,mobile,7.28,1
4638,272,2024-07-18 21:19:49,tablet,12.44,3
4639,1224,2023-12-17 16:52:39,tablet,4.8,2
4640,2265,2023-02-06 19:59:28,desktop,0.2,7
4641,1584,2024-10-06 21:21:24,mobile,4.08,4
4642,2451,2023-08-21 12:52:41,tablet,10.25,4
4643,1607,2024-12-06 18:51:07,tablet,7.15,1
4644,1530,2023-04-09 22:05:57,tablet,8.23,4
4645,103,2023-05-08 12:27:15,tablet,3.13,10
4646,593,2023-07-27 08:11:12,mobile,0.2,7
4647,305,2023-04-12 16:20:23,mobile,5.36,4
4648,654,2024-10-29 11:04:58,tablet,7.02,6
4649,2104,2024-11-02 11:08:46,desktop,10.72,5
4650,1217,2023-08-10 09:35:56,desktop,8.7,7
4651,147,2024-11-15 17:21:46,tablet,6.5,6
4652,1945,2023-04-05 11:09:47,tablet,4.38,1
4653,1058,2024-08-06 14:54:32,tablet,3.78,8
4654,1949,2024-05-11 08:22:33,tablet,4.19,2
4655,1137,2023-02-05 14:17:11,mobile,8.83,2
4656,658,2023-08-14 22:25:45,desktop,8.81,1
4657,339,2023-05-27 07:31:52,desktop,8.16,8
4658,2304,2024-09-09 08:46:48,mobile,6.59,7
4659,1411,2023-09-08 23:41:55,mobile,8.32,1
4660,539,2023-02-08 06:15:34,tablet,3.28,2
4661,2024,2023-10-14 07:27:55,mobile,3.19,7
4662,900,2023-11-22 09:53:15,tablet,6.02,8
4663,11,2024-04-17 23:53:39,mobile,7.84,2
4664,540,2024-07-22 03:24:12,mobile,8.52,1
4665,2289,2023-10-19 08:17:27,mobile,13.55,9
4666,1893,2024-02-17 04:49:46,mobile,5.67,1
4667,443,2023-05-28 19:50:58,mobile,0.2,3
4668,2100,2024-01-02 22:45:31,desktop,3.86,8
4669,1055,2023-10-13 23:20:25,tablet,0.2,4
4670,964,2024-12-01 15:57:26,mobile,8.08,3
4671,1827,2024-12-30 13:19:56,desktop,8.97,3
4672,1998,2023-03-19 09:43:56,tablet,2.42,7
4673,871,2023-09-26 10:53:36,mobile,11.57,6
4674,120,2024-09-03 17:23:48,desktop,8.15,5
4675,1262,2024-03-02 19:58:49,tablet,2.43,5
4676,24,2024-07-16 11:30:19,tablet,8.16,4
4677,1090,2023-11-07 22:33:50,tablet,10.19,5
4678,2031,2024-04-21 08:40:15,mobile,10.61,4
4679,141,2023-06-22 00:42:41,desktop,8.6,1
4680,232,2023-10-17 18:12:42,mobile,3.34,10
4681,1149,2024-01-13 22:47:57,tablet,2.31,6
4682,688,2023-08-07 04:09:15,tablet,7.0,1
4683,1896,2024-06-11 13:38:38,mobile,3.66,6
4684,522,2023-05-03 16:17:20,tablet,4.49,12
4685,1434,2023-03-09 11:27:29,desktop,2.11,4
4686,183,2023-05-27 11:14:22,tablet,4.34,5
4687,855,2024-10-13 19:42:40,desktop,6.57,2
4688,536,2024-10-22 16:14:29,desktop,1.82,3
4689,2024,2024-02-09 11:00:54,mobile,3.05,4
4690,2037,2024-01-17 05:30:31,mobile,7.94,3
4691,1464,2023-09-22 04:46:10,mobile,8.16,6
4692,1519,2023-05-25 09:22:54,mobile,8.26,3
4693,2308,2023-08-05 06:48:31,desktop,0.2,8
4694,1779,2023-01-15 18:16:09,tablet,0.46,2
4695,1670,2023-08-13 19:39:44,tablet,3.84,1
4696,1284,2024-05-19 04:45:01,mobile,7.1,2
4697,2100,2023-09-27 11:19:29,tablet,0.2,7
4698,1107,2023-10-15 21:02:58,tablet,0.47,4
4699,903,2024-06-23 06:02:05,tablet,6.07,2
4700,1407,2024-04-14 01:11:40,tablet,8.02,7
4701,1089,2024-12-01 22:49:07,tablet,2.47,6
4702,2282,2023-12-28 05:41:26,mobile,11.39,4
4703,471,2023-10-05 15:32:21,mobile,1.83,8
4704,50,2024-06-19 09:58:07,tablet,3.4,2
4705,434,2024-10-12 15:37:52,desktop,6.2,5
4706,1079,2023-09-06 19:13:08,desktop,5.99,1
4707,2273,2023-07-27 22:51:28,tablet,4.52,6
4708,1285,2023-04-18 06:48:02,desktop,5.49,8
4709,47,2024-10-17 17:01:35,mobile,13.01,3
4710,331,2023-06-19 15:29:37,tablet,10.31,9
4711,1767,2023-08-07 17:35:15,mobile,3.45,4
4712,1370,2023-03-06 11:57:38,tablet,8.84,3
4713,1042,2024-01-16 01:15:04,mobile,8.39,4
4714,719,2024-12-05 19:38:02,desktop,7.7,6
4715,1220,2024-12-23 22:50:37,mobile,2.72,8
4716,1179,2024-11-16 20:34:32,mobile,4.0,1
4717,238,2024-04-03 20:15:51,mobile,4.1,6
4718,1832,2024-04-09 06:34:10,tablet,0.2,6
4719,1203,2024-07-06 14:11:25,mobile,5.65,3
4720,2109,2023-10-23 02:05:56,desktop,0.37,3
4721,2255,2023-05-25 17:27:30,mobile,7.05,10
4722,632,2024-05-06 22:39:11,tablet,4.54,6
4723,2174,2024-07-11 10:24:22,desktop,8.07,3
4724,2352,2023-10-17 15:37:16,desktop,11.75,7
4725,1908,2024-10-14 16:25:47,desktop,8.02,5
4726,1033,2024-05-20 17:31:02,desktop,9.32,4
4727,2206,2023-12-19 17:09:04,tablet,5.57,4
4728,1799,2023-05-31 21:37:42,tablet,2.92,5
4729,1017,2024-01-01 22:05:58,mobile,11.61,7
4730,1015,2024-08-16 17:45:59,tablet,1.73,4
4731,783,2023-09-23 10:17:47,tablet,0.2,7
4732,1381,2024-01-03 23:06:36,tablet,9.5,7
4733,1680,2023-08-23 02:21:44,tablet,4.47,6
4734,1455,2023-08-03 15:46:28,mobile,8.88,1
4735,1715,2024-01-16 04:29:42,desktop,11.46,11
4736,876,2023-07-08 21:52:38,desktop,5.84,2
4737,390,2024-05-12 07:08:08,desktop,7.63,7
4738,692,2024-08-23 00:42:41,desktop,5.21,4
4739,2088,2023-01-16 01:23:59,desktop,4.34,6
4740,2470,2023-02-28 09:15:25,desktop,8.74,4
4741,2485,2024-02-02 17:31:25,mobile,8.03,1
4742,228,2023-08-16 06:39:04,mobile,0.86,7
4743,1618,2023-09-03 09:09:15,tablet,0.88,10
4744,1869,2024-02-06 23:59:12,desktop,11.34,3
4745,2476,2024-07-09 06:55:26,tablet,0.2,4
4746,1986,2024-04-28 15:54:24,desktop,8.49,1
4747,2431,2023-05-15 12:01:34,desktop,10.54,7
4748,2116,2023-03-30 15:16:15,desktop,7.45,6
4749,807,2024-12-18 07:02:22,desktop,7.21,8
4750,113,2023-03-13 15:54:51,desktop,0.2,2
4751,1081,2024-05-31 19:51:23,tablet,5.16,1
4752,657,2023-12-06 08:02:59,desktop,3.6,5
4753,595,2023-07-17 20:49:18,mobile,0.63,8
4754,156,2023-10-15 01:03:34,tablet,1.19,2
4755,1386,2024-12-28 00:18:09,mobile,5.36,1
4756,1502,2024-10-01 00:52:08,tablet,6.69,4
4757,1913,2024-03-22 16:47:54,tablet,4.71,10
4758,1342,2023-09-23 03:09:46,tablet,0.2,1
4759,1789,2024-06-28 11:55:28,desktop,9.24,6
4760,671,2023-06-26 21:30:05,mobile,4.92,2
4761,1910,2024-11-03 22:06:10,desktop,4.62,5
4762,1698,2024-04-12 18:26:28,mobile,8.32,3
4763,2244,2023-02-06 05:17:22,tablet,5.49,1
4764,2449,2024-08-16 22:02:21,desktop,6.44,5
4765,2067,2023-01-17 12:39:08,desktop,5.33,1
4766,2315,2024-03-02 08:34:11,desktop,7.94,3
4767,1305,2023-05-21 09:22:37,mobile,4.73,1
4768,2152,2023-11-07 22:36:23,desktop,0.33,2
4769,1994,2023-05-08 18:15:10,mobile,0.2,7
4770,1330,2024-10-29 14:47:14,desktop,4.51,1
4771,1994,2024-05-25 17:22:17,desktop,8.07,4
4772,1423,2024-09-23 19:54:42,mobile,8.17,3
4773,2266,2023-12-26 09:47:55,tablet,8.84,3
4774,870,2023-09-14 03:00:05,mobile,7.81,1
4775,299,2024-07-24 23:05:40,desktop,5.66,6
4776,208,2024-04-18 09:27:55,tablet,0.2,1
4777,493,2024-12-05 05:45:38,mobile,5.28,5
4778,2480,2024-11-22 09:11:38,mobile,6.14,1
4779,96,2023-07-16 20:46:37,desktop,3.43,5
4780,1461,2023-02-15 07:31:23,mobile,0.2,3
4781,960,2023-01-26 05:23:31,tablet,4.26,6
4782,2103,2023-02-24 20:32:07,mobile,7.15,1
4783,958,2024-06-17 13:14:05,tablet,5.73,6
4784,897,2023-02-09 13:48:29,tablet,3.85,4
4785,2261,2023-06-26 10:11:26,desktop,14.97,4
4786,291,2024-11-02 04:40:37,mobile,12.1,4
4787,1093,2024-01-29 04:01:32,tablet,6.44,6
4788,230,2023-06-06 05:33:39,mobile,5.96,4
4789,676,2023-12-06 09:18:25,mobile,8.54,1
4790,164,2024-10-27 11:38:30,mobile,6.79,5
4791,549,2024-11-25 17:43:28,desktop,10.25,2
4792,1883,2024-10-09 06:43:58,tablet,6.53,5
4793,251,2024-03-10 16:28:30,tablet,8.39,10
4794,1501,2024-10-24 15:10:05,mobile,4.24,5
4795,814,2024-05-20 13:56:20,mobile,8.27,1
4796,2390,2023-04-13 00:31:11,tablet,12.8,6
4797,699,2023-05-01 15:32:34,desktop,8.79,5
4798,2204,2023-05-05 16:42:05,tablet,0.6,5
4799,2341,2023-07-11 04:35:45,mobile,1.3,3
4800,1636,2024-03-21 16:07:56,tablet,2.21,7
4801,1166,2023-08-21 19:50:40,desktop,6.38,7
4802,531,2024-07-08 14:18:47,desktop,6.62,7
4803,2193,2023-06-15 04:05:45,tablet,6.8,4
4804,1435,2023-03-14 07:38:51,tablet,11.53,3
4805,1790,2023-12-19 06:54:07,tablet,10.5,7
4806,844,2023-02-10 04:58:03,tablet,0.81,6
4807,1471,2024-01-14 22:53:03,tablet,9.85,1
4808,552,2024-07-01 04:47:21,tablet,11.05,4
4809,1918,2024-08-01 18:08:31,mobile,5.19,4
4810,1489,2023-04-04 06:03:41,mobile,4.88,6
4811,2142,2023-07-10 05:47:45,tablet,11.52,10
4812,1945,2023-01-16 12:10:58,mobile,5.86,7
4813,1313,2024-12-23 23:16:40,mobile,4.35,6
4814,1787,2024-01-28 19:45:05,tablet,9.63,5
4815,981,2023-12-11 08:04:16,mobile,10.14,10
4816,740,2024-07-31 19:38:13,tablet,2.56,4
4817,702,2024-04-17 04:22:59,mobile,3.11,6
4818,1019,2023-04-08 00:27:33,tablet,7.91,5
4819,299,2023-09-14 06:21:47,mobile,6.25,1
4820,1847,2024-06-11 00:12:29,desktop,19.22,10
4821,411,2023-01-18 23:01:05,mobile,0.2,6
4822,1410,2024-09-12 13:35:15,desktop,7.57,7
4823,366,2023-01-02 00:39:21,tablet,1.35,5
4824,135,2024-12-10 10:32:47,mobile,8.36,1
4825,1758,2024-03-12 03:11:15,tablet,0.2,2
4826,2500,2024-05-03 22:31:55,tablet,9.22,3
4827,1288,2023-08-30 15:34:15,desktop,9.35,6
4828,864,2024-12-12 09:08:16,mobile,0.2,1
4829,1195,2023-12-17 19:19:58,tablet,10.12,6
4830,1758,2024-05-30 17:14:18,mobile,0.64,3
4831,2198,2024-04-20 21:49:49,mobile,7.05,4
4832,691,2024-04-11 13:01:06,tablet,1.65,4
4833,1192,2024-06-22 10:09:31,tablet,2.26,3
4834,1348,2023-05-13 01:51:41,tablet,3.43,6
4835,2217,2023-02-21 14:46:11,tablet,6.61,4
4836,2369,2024-03-28 08:06:51,mobile,8.94,6
4837,1085,2024-01-03 18:35:36,desktop,4.84,3
4838,39,2023-10-26 10:09:06,tablet,4.2,1
4839,1758,2023-12-05 19:25:54,desktop,14.18,2
4840,176,2023-06-21 02:26:42,tablet,0.2,2
4841,2126,2024-07-16 05:28:01,tablet,5.34,8
4842,1946,2024-05-09 16:38:38,desktop,7.72,4
4843,2070,2023-05-25 04:21:35,desktop,14.67,4
4844,1242,2024-08-14 06:31:47,tablet,6.31,5
4845,774,2023-09-12 06:49:20,tablet,5.36,4
4846,2161,2024-07-31 20:28:50,mobile,8.13,3
4847,2356,2024-02-25 11:52:48,desktop,12.69,5
4848,453,2024-12-25 13:04:33,desktop,2.09,5
4849,1933,2023-12-05 20:47:57,desktop,7.22,1
4850,1409,2023-09-09 01:07:17,mobile,2.01,8
4851,1179,2024-02-04 20:53:36,tablet,5.96,1
4852,989,2023-06-30 02:09:18,mobile,0.4,3
4853,392,2023-08-13 13:55:23,tablet,9.49,2
4854,31,2023-07-18 03:43:13,tablet,10.38,3
4855,1534,2024-11-05 11:49:13,desktop,7.6,7
4856,2322,2024-09-13 11:42:32,desktop,4.35,5
4857,935,2023-03-23 18:01:42,desktop,5.06,5
4858,2355,2024-05-31 12:11:06,desktop,1.78,10
4859,1495,2024-01-11 14:24:42,mobile,2.11,8
4860,435,2023-09-02 17:31:22,mobile,14.71,2
4861,799,2024-08-21 04:54:15,mobile,6.89,4
4862,1717,2023-02-21 12:19:08,mobile,2.39,4
4863,1996,2023-07-18 12:34:57,tablet,10.09,7
4864,1794,2023-02-04 12:45:21,desktop,6.8,4
4865,591,2023-09-05 05:25:21,desktop,7.52,9
4866,1432,2023-09-02 02:41:29,desktop,7.82,7
4867,2088,2023-08-24 02:37:51,mobile,0.2,6
4868,1276,2023-09-14 18:40:03,desktop,7.97,4
4869,1403,2024-11-05 21:59:07,mobile,8.45,5
4870,586,2024-04-04 07:13:05,tablet,2.03,3
4871,265,2024-01-02 12:37:51,desktop,5.27,5
4872,1367,2023-11-08 04:17:53,desktop,5.3,1
4873,239,2023-03-29 22:15:51,desktop,0.83,4
4874,1633,2023-04-19 08:09:38,desktop,4.21,7
4875,737,2024-03-15 01:44:54,mobile,7.26,6
4876,1157,2024-12-20 14:35:49,desktop,9.18,5
4877,2403,2024-10-23 02:59:10,desktop,2.08,3
4878,1611,2024-06-27 13:25:55,tablet,4.1,4
4879,2354,2023-04-13 18:33:12,mobile,2.81,3
4880,465,2024-11-16 06:30:27,tablet,8.88,2
4881,305,2024-10-26 15:51:18,desktop,4.31,5
4882,2299,2023-09-17 11:22:18,tablet,6.16,5
4883,979,2023-03-13 20:35:35,desktop,8.99,5
4884,2305,2023-03-19 11:25:57,mobile,4.34,2
4885,2261,2024-01-12 17:58:45,mobile,2.8,4
4886,2018,2023-11-07 21:05:25,tablet,9.42,5
4887,1452,2023-08-18 03:39:34,mobile,7.49,1
4888,386,2024-12-16 15:02:17,tablet,8.55,5
4889,673,2023-10-23 19:08:48,desktop,1.56,3
4890,1104,2023-11-03 20:28:23,tablet,9.86,6
4891,1005,2024-10-03 11:03:06,tablet,6.47,1
4892,1849,2024-06-18 12:38:40,desktop,4.25,6
4893,1281,2023-06-23 18:56:51,tablet,15.61,2
4894,1210,2023-02-04 02:24:09,mobile,2.71,4
4895,149,2024-02-19 08:02:52,tablet,14.66,4
4896,1348,2023-12-13 01:28:29,tablet,10.68,5
4897,318,2023-01-30 11:19:05,tablet,7.73,5
4898,473,2023-11-25 03:48:35,tablet,11.11,7
4899,1259,2023-05-19 01:45:00,tablet,7.38,4
4900,150,2024-04-23 18:45:51,tablet,10.2,9
4901,241,2024-05-27 15:32:09,desktop,13.64,3
4902,1485,2024-12-05 11:44:58,tablet,3.9,3
4903,2102,2024-05-12 23:36:15,tablet,15.01,7
4904,841,2023-11-14 06:54:38,tablet,2.7,6
4905,1835,2024-10-14 20:30:10,mobile,4.75,4
4906,997,2023-07-09 05:46:52,tablet,5.3,5
4907,243,2024-01-25 04:35:06,desktop,4.42,4
4908,158,2024-06-22 01:20:59,tablet,3.74,8
4909,1217,2024-12-15 14:00:12,mobile,10.19,6
4910,723,2023-04-06 17:06:40,mobile,0.2,8
4911,176,2023-10-27 23:42:44,desktop,9.13,7
4912,1711,2023-08-18 13:27:53,tablet,5.42,10
4913,391,2023-03-04 22:33:06,mobile,8.42,4
4914,1967,2024-10-02 12:05:37,tablet,5.94,3
4915,134,2023-10-05 08:36:37,mobile,10.16,4
4916,1669,2024-05-06 22:41:14,mobile,7.4,2
4917,1027,2024-09-16 14:53:33,tablet,2.97,5
4918,1041,2024-03-25 07:40:48,mobile,7.22,5
4919,886,2024-02-13 11:50:53,desktop,7.45,5
4920,28,2024-03-02 01:41:47,mobile,0.2,8
4921,556,2024-05-28 12:28:49,tablet,9.45,2
4922,2243,2024-10-23 10:12:41,desktop,5.67,3
4923,308,2023-12-04 08:59:47,desktop,5.65,1
4924,1519,2024-04-06 04:52:50,mobile,6.64,7
4925,2375,2023-11-06 21:12:37,tablet,1.6,1
4926,548,2023-10-03 07:43:55,mobile,7.8,8
4927,1976,2023-02-15 07:14:39,desktop,3.91,1
4928,352,2024-01-20 04:12:11,desktop,11.37,1
4929,1424,2023-02-23 05:52:08,desktop,4.55,7
4930,2145,2024-10-19 15:15:56,desktop,15.52,1
4931,2431,2023-10-27 20:12:57,tablet,7.03,2
4932,262,2024-12-15 16:03:39,desktop,4.06,1
4933,2265,2024-02-06 00:25:00,mobile,5.0,1
4934,427,2024-12-12 01:00:53,tablet,7.86,5
4935,2057,2024-03-24 17:30:36,mobile,10.1,2
4936,1867,2024-03-08 13:01:26,desktop,4.28,3
4937,889,2023-01-29 05:25:05,desktop,7.27,7
4938,1045,2024-07-20 13:56:36,tablet,10.1,2
4939,342,2024-10-04 10:54:48,mobile,4.36,2
4940,171,2024-07-02 02:45:49,tablet,4.25,8
4941,193,2023-08-29 07:13:19,tablet,7.49,10
4942,1576,2023-01-12 18:48:27,desktop,5.63,5
4943,2431,2024-04-17 18:20:55,mobile,5.43,8
4944,1613,2024-11-16 19:43:43,desktop,7.25,3
4945,2086,2024-03-21 10:26:56,desktop,3.53,7
4946,1770,2023-09-19 16:18:04,desktop,0.87,9
4947,722,2023-01-30 12:57:22,mobile,5.76,4
4948,1223,2023-09-14 08:33:35,mobile,10.65,1
4949,2474,2024-11-09 21:45:09,mobile,0.2,4
4950,1830,2024-10-07 05:50:54,desktop,0.2,3
4951,783,2023-06-07 08:33:35,tablet,6.4,7
4952,1476,2023-06-08 19:51:42,tablet,7.43,6
4953,1690,2024-05-29 12:20:36,desktop,0.82,7
4954,1607,2024-08-14 22:28:47,mobile,8.72,1
4955,843,2024-01-16 20:55:28,tablet,13.91,8
4956,456,2024-07-29 13:19:11,tablet,6.83,1
4957,1305,2024-01-08 12:09:13,mobile,12.91,6
4958,395,2023-10-30 13:02:03,tablet,9.05,1
4959,2144,2023-05-19 12:55:20,desktop,3.39,8
4960,768,2024-05-19 01:04:48,mobile,3.63,8
4961,2193,2024-04-26 05:42:05,mobile,12.42,5
4962,1495,2024-12-07 05:28:24,desktop,6.46,1
4963,1257,2024-04-01 12:36:29,tablet,13.99,5
4964,469,2024-11-11 06:58:09,tablet,8.8,2
4965,516,2023-07-23 14:36:18,tablet,8.13,9
4966,2062,2024-02-10 16:20:01,desktop,3.02,5
4967,1126,2024-04-16 21:28:22,tablet,7.49,1
4968,2246,2023-04-28 04:00:48,desktop,8.02,1
4969,391,2024-02-04 01:31:19,desktop,11.22,9
4970,230,2024-10-18 05:13:51,mobile,7.61,6
4971,1583,2024-10-27 10:38:37,mobile,8.54,6
4972,1844,2024-08-20 20:08:52,mobile,7.39,3
4973,446,2023-03-05 09:20:21,tablet,0.2,2
4974,1520,2023-09-19 20:33:56,tablet,4.99,3
4975,1572,2023-07-15 08:23:31,tablet,9.99,1
4976,779,2023-08-16 10:15:53,mobile,5.01,2
4977,2217,2023-10-09 03:47:01,mobile,6.16,11
4978,609,2024-01-14 03:56:51,desktop,12.45,6
4979,2068,2024-07-20 09:50:41,tablet,11.06,4
4980,777,2024-01-12 11:37:33,desktop,8.84,5
4981,1800,2024-10-17 02:09:06,mobile,9.44,1
4982,537,2023-10-14 04:46:06,mobile,15.72,4
4983,335,2023-07-26 06:50:10,desktop,9.85,5
4984,602,2024-10-10 10:29:50,tablet,3.26,9
4985,831,2023-03-03 17:48:25,tablet,0.2,3
4986,500,2024-10-15 14:35:23,tablet,6.31,1
4987,736,2024-11-13 23:27:24,mobile,6.64,4
4988,1610,2023-10-24 23:34:40,mobile,7.04,5
4989,817,2024-04-03 13:36:02,mobile,7.31,2
4990,441,2024-02-27 22:57:33,desktop,6.71,5
4991,488,2024-12-04 20:22:01,mobile,10.38,1
4992,56,2024-03-28 05:35:59,mobile,6.45,1
4993,408,2023-03-27 13:00:28,mobile,4.63,1
4994,2321,2023-03-03 20:43:01,mobile,4.93,6
4995,1989,2024-05-06 03:14:52,tablet,7.59,6
4996,2189,2023-01-31 12:32:36,mobile,6.83,1
4997,573,2024-02-23 03:56:45,mobile,8.14,8
4998,1848,2023-04-02 13:26:12,desktop,13.01,4
4999,2493,2023-06-13 01:14:50,mobile,6.69,10
5000,1811,2023-05-10 02:24:13,mobile,0.2,3
5001,2109,2023-04-12 14:05:59,tablet,7.16,5
5002,1367,2024-11-03 16:03:26,desktop,3.47,4
5003,924,2023-01-31 01:03:45,mobile,9.81,6
5004,398,2024-11-25 14:26:16,mobile,3.8,2
5005,628,2023-06-03 11:44:02,tablet,10.96,6
5006,2223,2024-01-16 07:45:08,tablet,10.52,4
5007,2198,2023-06-22 09:42:14,mobile,11.15,3
5008,232,2023-01-22 06:22:39,desktop,8.38,7
5009,432,2023-11-14 19:31:44,tablet,9.64,4
5010,2438,2024-03-08 15:46:48,tablet,7.46,5
5011,175,2023-10-30 22:41:33,tablet,12.69,1
5012,446,2024-10-20 07:43:22,mobile,1.19,5
5013,167,2023-01-10 05:46:04,desktop,4.14,9
5014,2199,2023-04-15 22:07:29,desktop,5.57,5
5015,829,2023-01-12 19:59:10,desktop,8.56,1
5016,59,2023-12-19 03:39:13,desktop,1.99,1
5017,2220,2023-04-27 18:36:01,mobile,12.95,3
5018,1482,2023-03-07 10:42:05,desktop,3.95,1
5019,2237,2024-09-18 18:09:30,desktop,13.0,3
5020,2440,2023-12-05 00:29:19,tablet,0.53,3
5021,1095,2023-02-09 14:51:50,mobile,2.6,3
5022,190,2023-07-28 03:21:04,tablet,11.63,9
5023,1456,2024-12-27 07:54:50,desktop,1.64,1
5024,2090,2024-10-18 15:49:13,mobile,5.2,2
5025,1334,2023-11-21 09:53:11,desktop,2.17,6
5026,979,2024-03-13 04:10:44,desktop,5.17,5
5027,1617,2024-08-02 22:25:07,mobile,9.41,3
5028,1645,2023-09-14 15:55:29,mobile,9.3,2
5029,1503,2024-03-22 15:55:33,mobile,5.77,6
5030,487,2023-03-19 01:28:15,desktop,3.78,6
5031,199,2024-01-10 18:52:51,tablet,15.32,4
5032,775,2023-10-07 12:36:12,desktop,2.05,3
5033,978,2023-04-12 11:04:34,desktop,12.99,8
5034,2091,2024-06-01 23:27:37,tablet,5.42,1
5035,549,2023-05-06 10:22:15,desktop,6.23,3
5036,2334,2024-06-10 01:55:01,mobile,7.07,1
5037,1948,2023-10-13 19:47:04,desktop,4.55,3
5038,531,2024-02-16 16:48:15,tablet,2.23,7
5039,2035,2024-01-03 17:55:54,mobile,0.91,4
5040,751,2024-12-26 00:13:46,desktop,7.67,3
5041,254,2024-03-19 08:24:47,tablet,4.45,6
5042,15,2023-09-28 18:00:40,mobile,8.32,6
5043,557,2024-12-07 03:28:28,mobile,3.45,1
5044,1088,2023-12-16 10:25:39,mobile,5.43,7
5045,1115,2023-07-26 12:19:16,desktop,4.71,5
5046,1401,2023-05-01 09:55:04,mobile,6.36,1
5047,2449,2023-05-29 05:34:04,tablet,11.3,2
5048,498,2024-06-06 11:16:20,tablet,0.2,1
5049,712,2024-09-17 08:00:29,mobile,10.19,1
5050,1146,2023-09-16 12:02:53,desktop,8.36,6
5051,1431,2024-06-21 13:46:52,tablet,1.36,10
5052,2431,2024-03-08 12:56:41,tablet,8.97,2
5053,339,2023-11-02 09:10:29,mobile,11.89,10
5054,611,2023-08-18 15:22:50,mobile,3.46,3
5055,1684,2024-12-11 20:22:39,desktop,11.02,4
5056,950,2024-05-23 01:21:02,mobile,2.98,4
5057,1746,2024-09-12 21:15:32,mobile,0.2,5
5058,103,2024-09-25 21:44:57,desktop,10.1,7
5059,1873,2024-09-10 13:00:23,mobile,9.42,6
5060,300,2023-09-10 17:57:44,mobile,0.2,4
5061,2180,2024-01-17 14:34:35,desktop,6.8,9
5062,906,2023-04-05 20:52:46,mobile,5.38,3
5063,2072,2023-09-11 13:12:38,mobile,5.61,2
5064,905,2024-01-03 00:28:28,desktop,8.61,5
5065,1721,2024-09-27 20:09:23,mobile,2.68,4
5066,1871,2024-09-25 09:36:01,desktop,7.33,1
5067,1010,2024-10-04 14:51:17,desktop,3.48,2
5068,317,2023-08-22 20:50:54,desktop,2.74,5
5069,2031,2024-07-03 14:51:02,tablet,0.2,3
5070,329,2023-02-14 11:40:51,mobile,7.21,8
5071,221,2024-12-29 16:35:10,desktop,9.59,10
5072,1742,2024-06-03 06:32:14,tablet,9.8,4
5073,2075,2024-01-31 04:53:04,desktop,8.28,6
5074,347,2023-02-18 20:42:01,desktop,7.81,2
5075,2185,2024-08-20 03:49:41,desktop,0.2,3
5076,961,2023-09-29 13:50:32,desktop,10.42,7
5077,88,2024-08-13 19:42:50,desktop,4.83,2
5078,1414,2023-11-18 06:56:27,desktop,5.46,7
5079,2074,2023-02-10 06:53:56,mobile,12.92,1
5080,97,2023-01-07 10:28:36,desktop,6.77,1
5081,1851,2024-12-30 11:27:14,desktop,5.74,1
5082,2343,2024-02-07 16:34:32,desktop,6.65,7
5083,2096,2024-05-27 20:43:17,tablet,12.25,1
5084,248,2023-12-05 23:02:28,tablet,13.99,5
5085,2220,2024-04-16 20:18:18,tablet,2.81,1
5086,1596,2023-08-05 08:21:55,desktop,6.42,2
5087,2136,2023-02-04 17:45:37,mobile,10.11,8
5088,151,2023-06-12 13:02:09,desktop,9.58,2
5089,1859,2023-08-26 17:13:48,desktop,2.96,3
5090,1771,2024-12-05 19:11:50,tablet,2.84,7
5091,103,2023-12-23 10:17:51,desktop,7.04,4
5092,2160,2023-12-21 00:34:17,mobile,0.2,9
5093,66,2023-08-19 23:42:44,tablet,7.51,5
5094,1641,2023-10-18 02:05:58,desktop,0.2,5
5095,152,2024-10-13 16:17:34,desktop,4.23,6
5096,470,2024-05-21 19:33:43,mobile,12.01,3
5097,521,2023-05-22 01:55:41,mobile,4.24,1
5098,616,2024-06-15 19:15:33,mobile,7.12,6
5099,1140,2023-11-04 22:26:25,tablet,3.95,6
5100,712,2024-06-06 06:53:47,desktop,11.6,9
5101,2196,2023-10-31 16:29:08,mobile,7.42,7
5102,146,2024-10-18 20:38:42,tablet,4.59,1
5103,2458,2024-11-18 17:01:25,desktop,10.45,4
5104,1410,2024-08-04 14:04:48,desktop,5.49,10
5105,268,2024-05-01 00:49:07,desktop,7.67,6
5106,1119,2024-05-01 12:44:53,desktop,8.17,3
5107,104,2024-10-21 04:08:34,desktop,7.2,1
5108,999,2023-04-15 15:27:47,tablet,2.97,2
5109,1775,2023-08-28 11:17:32,tablet,1.97,6
5110,1603,2023-07-12 11:50:27,desktop,7.19,7
5111,1755,2023-06-18 18:31:41,mobile,5.56,6
5112,1372,2024-09-29 19:12:59,tablet,12.75,3
5113,1339,2024-02-17 20:06:55,mobile,6.11,6
5114,341,2023-09-22 01:47:12,tablet,3.6,6
5115,1993,2023-07-27 23:24:39,desktop,9.17,7
5116,2318,2024-05-22 16:03:56,mobile,6.17,5
5117,1560,2023-11-13 16:02:13,desktop,5.3,2
5118,147,2023-07-25 21:29:57,desktop,5.76,3
5119,71,2024-01-08 08:45:51,desktop,2.32,5
5120,7,2023-03-29 18:35:55,tablet,5.08,2
5121,961,2023-04-21 10:02:12,desktop,7.74,1
5122,804,2023-02-23 21:58:33,desktop,6.96,1
5123,1838,2023-03-24 15:17:48,mobile,14.9,2
5124,1670,2024-02-06 00:44:11,desktop,13.13,6
5125,1560,2024-10-18 10:59:39,tablet,5.67,4
5126,373,2023-09-29 11:03:30,desktop,4.99,6
5127,2395,2023-11-28 08:33:28,tablet,7.53,6
5128,2453,2023-06-13 15:07:12,tablet,4.12,5
5129,2428,2023-05-03 23:18:55,mobile,4.02,1
5130,583,2023-07-17 02:08:09,mobile,1.68,5
5131,155,2024-06-04 11:22:15,mobile,6.32,2
5132,1254,2024-02-18 06:55:07,tablet,8.45,4
5133,2413,2023-11-02 07:48:07,tablet,1.62,7
5134,2438,2024-09-15 06:54:10,mobile,6.59,1
5135,486,2023-08-29 06:37:42,mobile,7.4,1
5136,227,2024-03-20 21:18:06,tablet,1.67,3
5137,340,2023-09-29 12:26:30,desktop,5.66,1
5138,1809,2024-06-18 22:01:42,tablet,2.26,3
5139,23,2024-10-16 19:37:25,desktop,7.91,3
5140,527,2024-01-16 09:46:27,mobile,10.05,9
5141,2250,2023-10-11 09:46:30,tablet,6.0,4
5142,1519,2023-08-11 04:49:43,tablet,8.53,1
5143,2347,2024-01-15 03:09:23,tablet,2.54,2
5144,1468,2024-11-20 14:27:10,mobile,9.64,8
5145,564,2024-01-30 00:52:45,mobile,12.32,7
5146,409,2023-02-03 15:02:53,tablet,4.53,4
5147,845,2023-11-08 22:54:20,tablet,8.96,3
5148,1124,2023-10-05 06:49:41,tablet,1.89,3
5149,716,2023-08-15 06:45:50,desktop,9.57,5
5150,2116,2024-11-08 13:22:52,tablet,6.8,3
5151,914,2024-11-06 12:45:13,tablet,5.05,3
5152,2080,2023-10-25 10:34:08,tablet,10.69,9
5153,975,2023-12-19 00:01:24,tablet,2.35,2
5154,275,2023-09-25 17:50:54,tablet,0.2,5
5155,303,2023-12-07 16:26:17,mobile,3.23,4
5156,1490,2023-11-18 19:13:53,tablet,8.34,2
5157,1105,2024-11-02 15:27:26,tablet,7.71,4
5158,1689,2023-10-12 14:14:27,mobile,3.32,4
5159,989,2024-08-31 02:53:14,desktop,2.61,10
5160,2091,2023-10-29 19:41:25,tablet,7.07,2
5161,1411,2023-02-01 05:21:43,desktop,6.54,5
5162,1300,2023-09-17 09:44:47,tablet,3.47,5
5163,603,2024-03-17 08:16:24,mobile,3.11,10
5164,2351,2023-12-11 01:43:16,desktop,9.64,7
5165,572,2024-11-24 21:34:46,tablet,7.22,1
5166,2196,2024-06-20 05:56:29,tablet,4.1,5
5167,554,2024-03-13 00:19:51,mobile,5.86,3
5168,1892,2023-09-02 11:04:58,tablet,0.2,10
5169,2367,2023-07-01 22:23:23,desktop,5.08,9
5170,1654,2024-06-08 09:12:13,desktop,8.23,9
5171,1447,2023-08-17 23:29:26,tablet,9.1,3
5172,287,2024-08-21 10:24:09,mobile,2.37,7
5173,184,2024-09-04 01:06:37,mobile,7.63,1
5174,124,2024-10-20 05:54:18,tablet,11.95,1
5175,242,2024-10-07 14:44:33,tablet,10.31,1
5176,1476,2023-05-04 23:48:43,desktop,3.23,6
5177,755,2024-06-12 22:14:07,tablet,7.15,1
5178,314,2023-03-03 15:41:05,desktop,4.63,7
5179,2311,2024-04-16 22:45:08,mobile,6.4,8
5180,1192,2023-06-05 12:13:49,desktop,7.48,7
5181,1646,2024-08-17 08:08:43,mobile,4.7,1
5182,1029,2024-01-10 05:48:22,desktop,6.42,4
5183,1873,2023-09-05 14:41:07,desktop,5.43,3
5184,1513,2024-11-08 19:29:57,mobile,8.68,1
5185,1848,2024-08-31 17:25:33,desktop,9.42,8
5186,1244,2024-12-31 00:42:56,desktop,4.83,3
5187,1074,2023-09-18 07:21:58,desktop,8.34,2
5188,974,2023-10-03 21:21:09,tablet,4.62,8
5189,1613,2023-12-08 22:01:31,tablet,10.2,1
5190,700,2023-02-08 13:14:53,mobile,4.71,8
5191,256,2023-12-04 00:22:49,desktop,4.57,2
5192,347,2024-07-26 19:31:49,tablet,0.56,3
5193,2489,2023-10-30 23:15:14,mobile,8.31,10
5194,2164,2023-01-29 03:52:33,mobile,9.99,7
5195,1846,2023-10-30 08:05:36,desktop,4.52,4
5196,2038,2024-08-07 10:14:34,mobile,0.44,2
5197,996,2023-06-24 08:38:14,tablet,3.78,1
5198,1112,2024-11-27 08:25:26,desktop,4.73,4
5199,2083,2024-06-26 16:51:47,mobile,11.46,4
5200,2453,2024-04-27 20:33:45,tablet,1.51,10
5201,506,2024-12-04 03:45:35,desktop,7.34,6
5202,593,2024-12-29 10:00:27,mobile,4.9,3
5203,1505,2023-01-12 06:01:47,tablet,8.39,1
5204,255,2023-12-11 18:45:49,mobile,2.42,7
5205,2103,2023-12-22 07:04:29,tablet,1.67,7
5206,1201,2024-10-30 20:26:40,tablet,10.93,3
5207,216,2024-10-10 19:31:14,tablet,5.28,5
5208,1431,2024-06-09 14:16:01,desktop,18.24,2
5209,2109,2023-11-27 13:00:03,tablet,4.52,5
5210,732,2024-10-02 07:59:29,mobile,6.0,1
5211,245,2023-09-04 09:08:28,mobile,1.43,5
5212,681,2023-04-03 02:12:57,desktop,6.47,2
5213,940,2023-08-09 18:16:24,mobile,2.79,1
5214,873,2024-05-01 10:59:54,mobile,0.2,3
5215,320,2023-01-22 12:55:06,mobile,0.2,4
5216,249,2023-10-24 08:27:53,mobile,1.08,2
5217,895,2024-09-21 19:10:20,mobile,4.78,3
5218,74,2024-01-29 15:37:45,mobile,9.51,3
5219,1536,2024-05-15 18:36:13,tablet,10.0,4
5220,1462,2023-06-13 14:38:09,mobile,10.85,2
5221,1047,2024-05-04 04:51:28,tablet,10.98,2
5222,1475,2024-12-26 10:38:09,desktop,6.36,5
5223,835,2023-05-23 22:01:05,mobile,0.2,8
5224,1720,2024-07-29 14:07:40,desktop,4.72,5
5225,778,2024-09-16 22:52:50,desktop,0.2,4
5226,713,2023-02-10 01:37:23,tablet,6.34,6
5227,2299,2023-11-13 18:45:44,desktop,2.08,10
5228,1635,2023-03-13 15:47:00,mobile,8.55,7
5229,1412,2023-07-18 01:24:24,tablet,5.69,6
5230,815,2024-11-22 03:25:43,mobile,9.9,4
5231,385,2024-04-25 09:50:04,mobile,7.29,7
5232,2109,2024-12-03 10:10:27,desktop,7.99,5
5233,1858,2024-12-17 18:22:59,mobile,0.91,1
5234,2066,2023-07-22 14:53:51,desktop,6.55,6
5235,1812,2024-11-21 12:46:07,mobile,3.61,4
5236,2173,2024-02-20 12:48:24,tablet,6.84,3
5237,278,2023-04-12 04:40:18,tablet,13.02,7
5238,1214,2024-01-26 02:18:13,tablet,3.87,2
5239,1858,2024-07-05 18:39:18,desktop,0.2,6
5240,1749,2024-08-27 05:49:30,desktop,8.67,3
5241,1508,2023-11-14 22:00:49,mobile,0.2,3
5242,333,2023-07-16 00:34:22,desktop,3.34,1
5243,440,2023-12-04 05:59:24,desktop,3.95,8
5244,1387,2023-06-03 13:05:19,tablet,1.55,6
5245,1698,2024-02-01 03:18:32,desktop,8.69,7
5246,1342,2023-11-19 11:35:13,desktop,9.54,3
5247,26,2024-06-26 14:09:34,tablet,8.85,5
5248,398,2023-05-25 18:27:33,mobile,4.62,1
5249,2406,2023-01-02 15:57:03,mobile,7.33,2
5250,417,2023-04-05 22:57:19,tablet,6.07,1
5251,764,2024-10-02 11:00:41,tablet,3.27,2
5252,991,2024-06-21 19:52:34,tablet,5.01,1
5253,568,2024-10-10 17:19:38,tablet,8.89,2
5254,1075,2024-01-12 03:59:06,mobile,4.63,4
5255,194,2023-06-29 14:03:51,tablet,8.95,7
5256,808,2024-10-03 14:14:19,desktop,0.2,4
5257,105,2024-04-12 10:29:35,tablet,10.98,1
5258,123,2024-03-02 09:05:48,mobile,11.24,6
5259,839,2023-07-13 05:11:37,mobile,1.34,3
5260,888,2024-11-11 18:32:52,tablet,7.55,10
5261,1710,2024-10-03 01:59:14,mobile,0.2,1
5262,2470,2023-09-25 02:21:45,tablet,4.87,6
5263,2447,2024-04-03 12:02:37,tablet,2.71,5
5264,1458,2024-08-04 10:22:03,tablet,9.31,2
5265,17,2023-03-02 16:08:01,mobile,0.2,8
5266,482,2023-03-29 15:59:25,desktop,4.01,8
5267,1809,2024-01-30 23:42:43,desktop,4.58,4
5268,452,2024-10-13 10:15:57,mobile,14.12,5
5269,200,2024-02-26 19:32:56,tablet,7.48,5
5270,292,2023-06-14 18:20:20,tablet,5.85,2
5271,908,2023-03-14 14:52:20,mobile,2.14,4
5272,2213,2024-02-27 18:06:44,mobile,9.66,1
5273,2292,2024-10-13 05:41:04,tablet,1.18,7
5274,954,2023-11-12 13:22:17,desktop,4.05,5
5275,996,2023-01-19 06:57:57,desktop,3.75,8
5276,630,2024-07-23 17:18:39,desktop,0.2,4
5277,393,2024-08-16 07:21:10,mobile,8.12,1
5278,2030,2023-09-03 23:02:54,desktop,13.18,5
5279,841,2024-02-14 20:14:52,desktop,9.43,5
5280,736,2024-06-22 20:47:05,desktop,1.03,2
5281,1477,2023-01-04 08:24:23,tablet,9.69,7
5282,686,2023-11-13 05:52:52,mobile,5.25,1
5283,2077,2024-02-02 16:10:42,desktop,4.73,6
5284,1140,2024-11-04 12:39:40,mobile,5.63,7
5285,372,2023-09-20 06:21:31,desktop,11.21,9
5286,645,2024-08-05 00:05:35,mobile,0.34,1
5287,949,2023-02-20 15:34:51,desktop,4.19,9
5288,1928,2023-12-11 16:05:45,tablet,10.89,1
5289,2012,2023-06-23 23:35:48,tablet,0.2,6
5290,213,2023-09-10 17:23:50,mobile,2.57,1
5291,1021,2023-05-09 18:47:35,mobile,0.91,1
5292,15,2023-08-10 16:20:34,desktop,11.3,3
5293,1604,2023-11-14 14:08:44,mobile,9.53,3
5294,864,2023-11-23 08:35:17,desktop,8.13,3
5295,901,2024-04-26 00:29:08,tablet,7.94,4
5296,2036,2023-06-02 08:07:32,tablet,6.53,3
5297,929,2024-08-11 18:33:25,mobile,12.0,2
5298,1609,2024-08-31 07:46:01,tablet,3.56,2
5299,1098,2023-10-09 04:06:28,desktop,10.81,6
5300,2014,2023-10-04 03:59:22,desktop,11.69,1
5301,971,2024-12-19 13:46:42,tablet,3.31,7
5302,428,2024-07-15 11:03:04,tablet,3.86,2
5303,1834,2024-04-02 04:32:46,mobile,12.85,1
5304,968,2023-01-30 19:41:45,desktop,4.18,4
5305,2069,2024-06-23 12:28:49,tablet,1.91,6
5306,2201,2023-03-20 16:25:50,tablet,8.73,4
5307,1722,2024-01-22 22:26:11,tablet,6.03,9
5308,1386,2024-11-05 10:57:20,desktop,6.87,8
5309,1355,2024-05-14 14:36:42,mobile,4.79,5
5310,269,2023-03-26 23:56:08,desktop,10.38,3
5311,1373,2023-03-21 22:23:46,mobile,4.99,4
5312,1453,2024-02-23 23:24:58,mobile,5.13,6
5313,2161,2024-01-05 12:21:00,mobile,6.38,3
5314,213,2024-04-13 21:01:24,tablet,4.11,6
5315,2362,2024-01-24 22:26:38,tablet,6.68,9
5316,1783,2023-07-11 07:41:49,tablet,3.21,3
5317,1394,2024-06-29 17:39:20,mobile,0.2,3
5318,1325,2023-08-15 16:29:02,mobile,9.11,4
5319,1992,2024-03-09 13:57:20,tablet,0.2,6
5320,854,2024-06-04 01:44:41,tablet,3.86,5
5321,209,2023-11-24 03:42:30,desktop,10.83,4
5322,1956,2023-01-04 13:57:04,desktop,10.75,2
5323,395,2023-01-13 23:40:53,tablet,3.39,6
5324,1274,2023-12-04 15:21:14,mobile,5.7,7
5325,1106,2023-09-17 07:14:13,desktop,7.76,8
5326,148,2024-04-12 19:05:12,mobile,7.16,4
5327,205,2023-12-14 02:40:43,mobile,7.94,1
5328,1243,2023-06-18 08:51:42,desktop,10.11,6
5329,709,2023-12-10 22:08:00,tablet,11.23,3
5330,2390,2024-11-29 19:29:03,tablet,0.36,5
5331,1268,2024-11-22 08:29:35,desktop,5.68,6
5332,1846,2023-09-08 18:47:19,tablet,12.13,1
5333,262,2024-11-20 02:59:18,desktop,9.75,6
5334,658,2023-12-20 00:47:33,desktop,13.11,4
5335,368,2023-12-15 12:29:41,desktop,9.08,8
5336,462,2023-07-13 13:05:49,tablet,16.17,4
5337,2150,2023-08-15 08:31:37,mobile,3.42,1
5338,737,2024-02-15 20:02:02,tablet,5.91,4
5339,190,2023-03-10 21:50:23,mobile,0.2,5
5340,498,2023-07-05 18:05:20,mobile,1.11,9
5341,1231,2024-08-21 20:50:31,tablet,6.45,5
5342,45,2024-10-08 11:25:30,tablet,6.54,3
5343,908,2024-06-30 02:41:50,tablet,4.19,2
5344,1189,2023-01-08 18:59:16,desktop,8.67,7
5345,290,2023-10-17 04:32:40,mobile,5.02,10
5346,1214,2024-11-21 08:53:42,mobile,6.58,5
5347,22,2024-03-05 06:43:22,tablet,1.94,7
5348,2478,2023-11-11 18:36:01,desktop,7.07,3
5349,1749,2024-01-15 00:29:26,desktop,2.79,4
5350,858,2024-03-09 02:48:48,tablet,6.76,10
5351,2316,2023-03-17 11:59:08,tablet,8.33,4
5352,761,2024-11-12 00:39:31,tablet,3.4,6
5353,610,2024-09-27 10:41:23,tablet,9.12,1
5354,1740,2023-11-11 00:28:15,mobile,5.86,3
5355,1431,2024-07-11 11:58:13,tablet,5.28,3
5356,2419,2023-05-17 11:45:43,tablet,4.36,2
5357,1756,2024-10-23 08:26:47,tablet,10.68,10
5358,1839,2024-02-20 14:45:53,desktop,8.97,2
5359,2328,2024-01-14 19:36:27,desktop,3.51,4
5360,2382,2023-12-24 00:23:31,desktop,9.11,5
5361,817,2023-08-22 09:06:40,tablet,12.0,7
5362,1170,2024-07-02 10:52:31,mobile,12.79,3
5363,57,2024-12-28 14:47:51,mobile,10.18,7
5364,407,2023-03-18 11:00:09,mobile,0.2,11
5365,1753,2023-02-02 15:50:42,mobile,11.61,6
5366,459,2023-07-03 06:29:41,tablet,2.84,3
5367,873,2023-01-04 09:28:32,mobile,0.2,4
5368,2165,2023-06-06 05:08:02,mobile,1.0,2
5369,1285,2023-11-11 17:39:29,tablet,4.41,7
5370,1176,2024-02-06 10:36:34,desktop,1.2,6
5371,1309,2023-01-26 01:32:26,mobile,2.34,4
5372,380,2024-05-14 08:57:54,mobile,6.91,1
5373,911,2023-03-07 02:43:31,tablet,0.77,5
5374,792,2023-08-15 11:15:53,mobile,11.88,9
5375,1038,2024-09-25 03:27:29,tablet,9.41,1
5376,1860,2024-05-12 01:42:09,tablet,5.42,7
5377,442,2023-04-08 05:53:40,desktop,5.4,7
5378,919,2023-10-04 05:29:09,tablet,7.75,3
5379,2400,2024-12-29 11:03:06,mobile,2.62,6
5380,358,2023-04-11 01:10:58,desktop,6.82,7
5381,468,2023-05-17 03:56:32,tablet,5.51,4
5382,378,2023-04-30 08:18:49,tablet,4.66,6
5383,526,2023-12-08 11:52:36,mobile,13.91,6
5384,1326,2023-07-31 23:57:08,mobile,0.64,4
5385,548,2023-01-16 19:15:05,desktop,15.05,4
5386,1498,2024-08-14 12:51:01,desktop,13.6,2
5387,2012,2024-01-18 05:16:51,tablet,13.31,7
5388,2207,2024-07-04 10:09:03,desktop,2.21,8
5389,1650,2023-08-23 21:05:06,mobile,12.77,7
5390,1490,2023-11-22 11:50:47,mobile,7.09,6
5391,2450,2023-04-01 06:53:05,mobile,10.17,2
5392,2387,2024-07-26 14:50:28,tablet,0.2,5
5393,1721,2024-10-28 09:12:26,tablet,6.31,2
5394,2282,2024-02-08 00:45:52,desktop,1.01,6
5395,1999,2023-08-02 18:49:20,tablet,1.68,2
5396,988,2023-07-23 08:54:46,tablet,7.82,10
5397,586,2024-03-13 03:56:50,mobile,6.67,3
5398,1320,2023-02-17 18:21:45,desktop,2.19,7
5399,1177,2023-07-01 04:00:55,tablet,5.49,6
5400,2457,2024-05-22 04:34:49,mobile,2.44,5
5401,2111,2024-10-06 21:05:36,tablet,0.21,6
5402,168,2023-04-28 15:54:17,mobile,2.22,2
5403,1408,2024-09-19 03:16:32,tablet,7.1,1
5404,1542,2023-05-10 08:37:43,mobile,8.24,1
5405,268,2023-01-19 13:19:13,mobile,0.2,5
5406,1251,2023-05-05 13:31:44,tablet,7.69,3
5407,2216,2023-08-08 09:25:06,tablet,10.6,6
5408,1399,2024-07-10 06:54:37,mobile,11.51,8
5409,2460,2024-01-11 04:28:17,tablet,10.7,1
5410,1253,2023-04-18 22:25:06,tablet,6.83,6
5411,2250,2023-04-08 22:01:33,mobile,4.02,5
5412,1641,2023-12-01 05:12:24,tablet,6.9,5
5413,2356,2024-01-31 15:56:45,desktop,2.26,9
5414,615,2024-07-26 03:22:44,desktop,3.55,1
5415,1630,2024-01-30 13:57:33,mobile,4.43,5
5416,2260,2023-07-02 07:55:31,mobile,4.18,1
5417,701,2024-05-07 08:25:44,tablet,6.73,4
5418,150,2024-02-04 12:12:34,mobile,7.15,9
5419,2039,2024-12-07 06:00:43,tablet,6.3,8
5420,718,2023-11-04 22:56:44,tablet,7.53,6
5421,1022,2024-01-06 22:24:26,mobile,4.8,5
5422,2189,2024-03-25 10:26:36,mobile,11.16,4
5423,1385,2024-04-10 23:21:38,mobile,11.42,5
5424,1996,2024-02-10 08:02:41,mobile,7.29,4
5425,258,2024-12-13 01:31:25,tablet,5.12,2
5426,434,2023-05-07 22:16:33,tablet,0.2,1
5427,912,2024-08-12 22:14:44,desktop,4.03,2
5428,247,2023-05-03 14:32:00,desktop,2.65,4
5429,548,2024-02-25 10:00:01,desktop,4.14,7
5430,1049,2024-07-31 17:17:55,tablet,6.82,1
5431,174,2023-10-19 23:14:24,tablet,14.48,4
5432,689,2023-09-01 03:10:29,tablet,11.33,4
5433,2023,2024-11-04 22:09:03,tablet,13.78,3
5434,1255,2024-11-28 10:54:55,mobile,5.15,4
5435,2178,2024-12-15 18:31:16,tablet,9.07,10
5436,1525,2023-04-21 23:35:13,mobile,9.06,6
5437,1957,2024-02-28 08:39:45,mobile,4.7,7
5438,1995,2023-06-07 00:49:13,tablet,4.97,2
5439,1439,2023-01-16 15:33:09,tablet,0.2,9
5440,1384,2023-09-27 23:06:53,tablet,9.62,5
5441,540,2024-05-13 20:56:11,tablet,7.77,5
5442,901,2023-02-27 05:46:13,tablet,4.79,3
5443,1935,2023-01-25 09:47:55,mobile,7.49,6
5444,1374,2023-01-11 07:16:12,tablet,10.39,12
5445,751,2024-06-26 05:45:06,mobile,5.8,12
5446,1138,2023-07-04 08:00:06,desktop,4.48,7
5447,1975,2023-11-19 16:12:57,tablet,7.91,10
5448,1358,2024-12-17 20:40:19,desktop,3.25,3
5449,1721,2024-12-06 13:33:28,mobile,10.63,4
5450,2266,2024-01-09 03:23:03,tablet,11.93,2
5451,1015,2023-01-08 03:16:42,mobile,4.22,1
5452,1423,2024-03-21 00:55:28,tablet,1.22,1
5453,1758,2023-06-17 01:42:57,tablet,3.03,4
5454,1738,2024-09-17 23:26:30,tablet,3.24,3
5455,1756,2023-02-18 02:19:07,mobile,9.26,4
5456,813,2023-05-20 05:08:22,tablet,0.2,2
5457,319,2024-05-03 17:47:09,desktop,13.44,2
5458,2008,2024-10-16 13:25:32,desktop,0.2,1
5459,410,2023-07-28 07:07:23,mobile,5.32,4
5460,1738,2023-03-19 08:21:06,desktop,6.81,4
5461,1672,2023-06-11 20:54:09,mobile,7.64,5
5462,1168,2024-02-22 02:37:33,desktop,0.32,10
5463,1190,2024-03-21 15:34:13,tablet,4.68,4
5464,1879,2024-12-04 23:30:41,desktop,11.0,6
5465,1271,2023-01-30 22:52:31,tablet,8.35,1
5466,2252,2024-03-21 19:45:04,tablet,7.08,8
5467,184,2024-04-04 14:07:08,tablet,10.68,9
5468,529,2024-07-03 11:52:28,mobile,14.42,1
5469,647,2023-08-13 10:55:40,tablet,6.13,4
5470,1688,2023-08-13 12:00:09,desktop,9.28,5
5471,614,2023-10-28 14:22:49,desktop,6.56,6
5472,1332,2024-05-03 23:20:08,tablet,1.1,5
5473,1514,2023-01-26 13:56:32,desktop,7.68,5
5474,1252,2023-07-11 00:48:15,mobile,12.05,6
5475,112,2023-07-07 20:31:14,tablet,5.34,7
5476,818,2023-04-23 00:19:19,desktop,16.83,4
5477,1598,2023-10-13 12:09:48,tablet,1.99,8
5478,1884,2024-04-21 00:15:39,desktop,6.14,7
5479,1060,2024-04-10 12:17:06,tablet,1.92,5
5480,1307,2023-09-14 02:09:36,tablet,6.72,12
5481,624,2024-10-25 08:53:28,mobile,6.59,7
5482,1273,2023-04-07 04:08:17,desktop,9.24,4
5483,2479,2023-11-12 05:49:30,tablet,2.91,6
5484,1993,2024-01-06 01:01:43,desktop,9.49,3
5485,2218,2023-10-26 12:19:08,tablet,8.97,1
5486,359,2023-10-24 12:27:32,desktop,5.59,6
5487,2037,2023-04-03 14:48:34,tablet,11.34,7
5488,364,2023-12-10 03:47:30,desktop,1.6,7
5489,1673,2024-11-08 09:42:05,tablet,9.47,1
5490,2241,2024-07-26 10:02:52,tablet,8.1,5
5491,2202,2024-07-26 21:04:29,desktop,13.24,5
5492,2285,2023-01-13 21:02:19,desktop,1.15,2
5493,1551,2024-01-13 14:51:40,tablet,8.77,9
5494,2309,2024-02-20 04:13:47,desktop,6.67,7
5495,1160,2024-04-15 17:40:56,tablet,2.45,2
5496,2080,2024-02-09 07:54:46,tablet,7.04,3
5497,922,2023-01-24 00:09:49,desktop,14.48,3
5498,976,2023-04-28 17:33:54,tablet,12.2,1
5499,2242,2024-03-09 20:04:48,tablet,3.0,8
5500,227,2023-12-13 10:37:14,tablet,6.2,9
5501,1561,2023-06-08 09:50:28,desktop,7.64,5
5502,192,2024-05-03 15:40:50,tablet,8.94,1
5503,595,2024-12-29 23:48:00,mobile,7.2,8
5504,1311,2024-11-23 11:48:46,desktop,5.68,2
5505,903,2023-03-18 20:11:37,desktop,4.2,5
5506,2301,2023-03-19 14:07:50,desktop,9.75,8
5507,651,2024-03-02 20:55:40,mobile,7.72,2
5508,135,2023-03-04 20:09:08,mobile,6.79,3
5509,1981,2024-01-25 07:55:37,desktop,4.6,4
5510,2495,2023-11-18 19:19:08,tablet,4.82,4
5511,2257,2024-06-10 15:32:52,tablet,6.39,6
5512,426,2023-07-27 22:54:47,mobile,7.7,1
5513,2071,2024-11-18 17:04:36,mobile,1.51,1
5514,1239,2024-07-23 11:28:53,desktop,11.88,7
5515,1385,2024-04-12 02:46:26,desktop,5.21,5
5516,882,2024-06-27 03:48:17,tablet,10.89,8
5517,36,2024-10-30 06:18:28,mobile,0.2,5
5518,1799,2024-10-27 22:40:28,desktop,6.51,6
5519,2496,2024-08-20 10:17:32,tablet,2.79,7
5520,922,2024-02-15 04:33:28,tablet,0.2,4
5521,1406,2023-08-19 22:24:51,desktop,4.59,7
5522,1970,2023-09-25 13:21:57,desktop,8.45,4
5523,1805,2024-11-27 15:00:51,desktop,4.73,1
5524,1787,2024-09-29 20:20:59,mobile,11.34,9
5525,321,2023-01-29 02:41:51,tablet,6.93,9
5526,2365,2023-09-26 07:33:15,mobile,1.71,7
5527,1443,2024-05-29 11:25:23,desktop,9.12,2
5528,2378,2024-01-12 20:12:53,tablet,8.91,4
5529,2023,2024-05-31 03:03:09,mobile,1.12,7
5530,913,2023-04-05 21:00:27,tablet,7.54,5
5531,665,2024-11-27 10:13:59,tablet,6.71,6
5532,1197,2023-11-06 09:49:28,mobile,1.26,6
5533,211,2023-11-16 08:59:35,mobile,13.62,6
5534,823,2023-05-16 06:35:31,desktop,2.18,5
5535,2410,2024-09-29 04:56:28,tablet,9.29,8
5536,152,2024-04-06 17:41:56,desktop,12.57,11
5537,1393,2023-04-07 07:53:12,mobile,8.74,7
5538,2492,2024-12-08 07:19:10,mobile,6.21,5
5539,909,2023-11-12 09:16:40,desktop,4.78,3
5540,2397,2023-07-30 21:18:31,mobile,9.83,5
5541,1408,2023-08-29 21:07:48,mobile,7.16,3
5542,2155,2023-09-12 08:04:03,desktop,2.98,6
5543,1794,2023-08-26 00:50:54,tablet,0.2,9
5544,292,2023-02-05 21:36:03,desktop,7.91,8
5545,1997,2024-12-08 17:19:21,desktop,3.27,6
5546,960,2024-05-31 14:38:39,mobile,8.15,5
5547,1030,2024-02-20 09:09:32,desktop,9.69,7
5548,1343,2024-03-31 04:44:31,mobile,7.57,1
5549,688,2024-04-22 08:29:47,tablet,11.07,7
5550,2204,2023-05-07 02:11:55,mobile,9.53,6
5551,606,2024-09-30 12:59:26,tablet,9.53,4
5552,2206,2024-08-04 12:56:20,tablet,1.98,1
5553,454,2024-08-22 15:37:03,mobile,6.31,9
5554,2307,2024-02-21 14:50:23,tablet,8.26,4
5555,538,2023-09-13 08:22:02,tablet,3.53,6
5556,1586,2023-09-08 22:52:06,desktop,10.14,7
5557,2018,2023-09-25 19:50:05,mobile,6.89,3
5558,1761,2024-04-01 02:03:22,tablet,5.69,5
5559,2108,2024-05-10 04:23:35,tablet,7.58,7
5560,2409,2023-09-08 14:42:29,tablet,10.47,8
5561,1660,2024-11-08 02:41:32,desktop,1.35,4
5562,465,2023-12-27 20:25:26,desktop,7.65,3
5563,943,2023-11-12 08:19:17,desktop,10.77,5
5564,1073,2023-06-15 14:33:45,desktop,3.48,8
5565,913,2023-03-31 06:42:55,tablet,8.22,5
5566,1897,2024-10-26 18:24:27,tablet,5.94,4
5567,878,2024-05-30 21:19:18,mobile,6.85,1
5568,935,2023-10-31 19:38:54,tablet,5.96,9
5569,1461,2023-12-04 14:40:59,tablet,9.29,3
5570,317,2024-06-22 00:17:36,desktop,3.76,3
5571,1562,2023-10-15 14:27:20,desktop,7.95,3
5572,1026,2024-12-18 04:36:16,tablet,12.42,12
5573,1182,2023-02-28 11:25:48,tablet,14.63,5
5574,1184,2023-09-23 20:01:35,desktop,1.61,1
5575,602,2023-01-14 05:52:34,mobile,6.81,1
5576,1900,2024-05-10 09:28:23,mobile,0.2,4
5577,1690,2023-03-29 00:48:39,tablet,5.81,1
5578,2220,2023-06-24 22:21:45,mobile,7.85,6
5579,1108,2023-08-20 18:43:37,mobile,7.96,7
5580,1998,2024-11-07 15:44:47,desktop,8.28,1
5581,2090,2023-11-07 08:28:20,desktop,9.66,4
5582,68,2024-10-01 20:39:29,desktop,10.36,7
5583,2199,2024-10-02 06:07:11,desktop,5.44,4
5584,231,2024-06-09 01:15:43,tablet,0.81,4
5585,169,2023-07-09 12:41:17,tablet,2.71,4
5586,2434,2023-03-13 14:16:53,tablet,2.53,9
5587,1830,2023-09-18 16:15:58,tablet,4.73,6
5588,893,2024-05-25 07:08:31,desktop,6.72,5
5589,1484,2023-11-12 09:56:02,tablet,2.48,4
5590,40,2023-03-10 14:09:03,tablet,5.04,10
5591,1211,2023-10-13 11:27:03,tablet,3.09,6
5592,1678,2023-09-25 23:05:03,mobile,8.53,3
5593,417,2024-12-31 18:35:09,tablet,9.91,8
5594,1264,2024-07-07 13:07:11,mobile,12.25,3
5595,1524,2024-11-29 23:23:51,desktop,6.91,8
5596,2367,2023-07-31 10:18:33,tablet,0.2,8
5597,1834,2024-06-18 15:29:38,desktop,7.14,3
5598,1685,2023-06-08 09:07:33,tablet,3.53,6
5599,1356,2023-03-11 13:20:58,mobile,11.06,1
5600,1931,2024-11-30 21:32:46,mobile,7.27,1
5601,1174,2024-09-17 21:03:04,tablet,2.0,1
5602,24,2023-09-11 02:05:24,desktop,3.12,2
5603,266,2023-08-23 00:05:54,tablet,10.46,1
5604,1927,2024-06-14 21:47:44,mobile,2.52,7
5605,594,2023-03-14 04:34:26,tablet,5.79,11
5606,1698,2024-08-25 09:27:04,tablet,4.99,7
5607,1043,2023-02-12 01:39:39,desktop,0.2,5
5608,1668,2023-04-20 13:31:50,mobile,11.59,3
5609,76,2023-04-16 15:04:11,tablet,1.71,6
5610,281,2023-06-03 17:46:41,desktop,4.76,6
5611,1557,2024-08-11 12:15:28,tablet,9.36,5
5612,1696,2023-05-20 12:47:33,desktop,11.84,13
5613,1055,2023-05-19 02:54:12,desktop,0.2,5
5614,278,2023-01-01 13:02:35,mobile,4.45,6
5615,1557,2024-09-29 12:32:54,mobile,4.68,8
5616,598,2024-07-16 08:33:04,mobile,2.76,9
5617,1436,2024-06-07 21:24:13,tablet,8.75,5
5618,143,2023-09-22 21:34:31,tablet,0.57,7
5619,1529,2023-05-05 21:21:08,tablet,5.07,1
5620,1657,2024-12-10 09:47:14,mobile,3.35,5
5621,1929,2024-07-03 09:43:45,mobile,10.46,4
5622,2478,2024-08-05 00:24:52,desktop,1.14,3
5623,221,2023-01-28 22:17:17,mobile,15.27,6
5624,465,2023-10-06 05:43:19,desktop,9.28,4
5625,2041,2024-10-25 09:54:51,tablet,1.66,13
5626,1907,2023-03-22 19:28:12,mobile,11.23,5
5627,1399,2023-09-11 01:27:55,mobile,7.79,1
5628,1166,2024-07-04 23:21:19,desktop,10.45,8
5629,2252,2024-07-29 00:16:08,mobile,1.64,6
5630,110,2023-11-12 06:12:08,mobile,0.2,9
5631,2327,2023-12-08 12:33:29,mobile,11.58,4
5632,1853,2023-03-10 00:15:23,tablet,8.71,1
5633,1206,2023-07-15 16:30:34,desktop,9.01,6
5634,2122,2024-06-07 09:34:22,desktop,2.61,5
5635,688,2023-07-30 11:18:07,tablet,8.93,6
5636,977,2024-03-10 21:44:10,tablet,3.76,3
5637,1569,2023-11-27 07:15:38,desktop,5.85,2
5638,306,2023-01-15 13:58:48,mobile,10.84,1
5639,939,2023-01-16 22:31:22,mobile,0.34,7
5640,1780,2024-12-25 13:09:45,tablet,10.32,5
5641,618,2023-05-06 15:18:42,tablet,9.61,6
5642,679,2023-07-22 15:24:00,tablet,5.46,7
5643,647,2024-11-29 10:35:18,mobile,8.39,4
5644,1333,2023-04-28 10:32:58,desktop,7.05,2
5645,866,2023-09-08 03:55:37,desktop,4.83,1
5646,555,2023-01-24 22:16:31,tablet,11.18,1
5647,1814,2024-02-05 09:40:18,tablet,2.79,3
5648,1805,2023-12-17 06:03:59,desktop,9.69,2
5649,756,2023-12-06 15:29:06,mobile,0.87,3
5650,1581,2023-04-19 16:55:47,mobile,2.52,6
5651,1891,2024-02-03 15:35:26,desktop,7.21,3
5652,2097,2023-11-29 00:55:37,mobile,2.54,8
5653,1583,2024-08-05 08:49:07,desktop,0.2,4
5654,2471,2024-07-20 01:46:11,mobile,2.91,2
5655,2212,2023-04-10 14:48:54,tablet,9.09,6
5656,829,2024-01-17 15:30:26,desktop,6.82,1
5657,1875,2024-09-08 08:35:15,mobile,9.2,7
5658,1386,2023-07-20 01:54:45,tablet,5.24,6
5659,2193,2024-07-01 18:14:24,tablet,7.99,3
5660,806,2024-10-13 06:22:26,tablet,0.2,4
5661,996,2023-10-03 04:28:05,tablet,4.8,8
5662,1679,2023-08-03 09:08:03,tablet,2.94,3
5663,841,2024-01-17 20:02:45,desktop,5.13,3
5664,2487,2024-04-23 17:45:14,tablet,15.29,4
5665,1316,2024-06-25 18:26:01,mobile,5.14,12
5666,1224,2024-06-09 08:09:04,tablet,8.51,10
5667,354,2023-07-01 03:58:45,mobile,1.96,6
5668,234,2023-07-16 02:19:31,desktop,4.15,2
5669,836,2024-05-31 17:25:18,tablet,14.27,5
5670,395,2023-07-20 17:32:02,mobile,0.2,3
5671,2184,2023-06-20 17:41:19,mobile,4.01,6
5672,23,2023-04-01 20:24:09,mobile,5.29,9
5673,1360,2023-01-02 22:19:49,mobile,9.83,5
5674,122,2024-06-21 17:17:46,tablet,5.26,3
5675,1717,2024-04-19 11:40:32,tablet,4.46,3
5676,1184,2024-09-17 17:01:32,mobile,13.23,7
5677,629,2023-11-29 10:41:51,desktop,6.47,5
5678,1801,2024-01-16 17:59:59,mobile,8.96,9
5679,1661,2023-11-11 02:55:21,tablet,2.27,11
5680,1412,2024-01-17 06:10:21,mobile,9.28,1
5681,422,2024-02-08 14:33:34,tablet,9.95,2
5682,1702,2023-05-15 09:27:25,tablet,0.98,5
5683,678,2023-05-07 13:15:53,desktop,6.46,5
5684,428,2024-01-11 20:55:58,tablet,7.4,2
5685,630,2023-09-16 06:57:53,desktop,5.22,4
5686,1419,2024-02-08 08:53:37,tablet,1.19,5
5687,1609,2024-10-23 07:59:29,mobile,6.22,7
5688,1382,2023-05-06 11:08:30,tablet,11.1,11
5689,272,2023-05-25 15:26:23,desktop,0.41,7
5690,1303,2023-05-06 17:28:55,mobile,13.68,3
5691,1132,2024-03-21 09:36:11,mobile,7.98,4
5692,692,2024-07-20 09:44:02,mobile,4.18,8
5693,415,2024-12-13 18:47:54,tablet,7.28,4
5694,231,2024-10-22 20:34:55,desktop,10.47,8
5695,234,2023-10-08 00:24:31,tablet,10.68,6
5696,845,2024-12-21 04:41:44,mobile,7.13,2
5697,559,2024-01-20 02:54:30,desktop,5.94,7
5698,858,2023-04-30 10:28:56,tablet,3.06,2
5699,1103,2024-02-27 16:22:16,mobile,4.87,3
5700,949,2023-03-12 07:59:09,tablet,4.01,5
5701,1457,2024-12-28 11:04:16,tablet,5.17,3
5702,1209,2023-09-11 07:53:24,tablet,4.57,3
5703,575,2024-04-27 03:30:11,mobile,7.71,2
5704,447,2024-12-15 16:33:57,mobile,5.07,5
5705,1342,2023-11-20 01:04:12,mobile,8.04,7
5706,1194,2024-12-23 02:44:48,tablet,9.09,5
5707,2407,2024-01-23 17:19:21,mobile,7.1,1
5708,988,2024-03-09 16:15:40,desktop,11.8,2
5709,1253,2024-04-08 01:45:14,tablet,11.89,3
5710,211,2024-05-27 10:57:06,mobile,11.95,1
5711,27,2023-02-19 09:06:36,tablet,4.63,10
5712,1049,2023-04-15 14:55:39,desktop,9.29,1
5713,327,2024-05-31 06:18:10,desktop,3.03,4
5714,521,2023-09-10 02:23:27,mobile,4.02,4
5715,1279,2024-11-13 14:10:35,mobile,5.65,9
5716,33,2024-05-26 06:43:34,desktop,8.12,3
5717,1366,2024-06-17 05:22:47,tablet,1.58,4
5718,2051,2024-07-18 18:19:21,tablet,8.09,8
5719,1442,2023-10-25 05:22:20,mobile,7.73,5
5720,1111,2023-05-15 22:29:53,mobile,4.98,3
5721,2231,2024-05-24 17:13:25,mobile,4.72,4
5722,819,2024-10-10 21:06:54,mobile,6.5,5
5723,1127,2023-02-07 19:28:25,mobile,0.2,9
5724,1784,2023-06-27 21:58:14,tablet,6.02,8
5725,2133,2024-01-26 17:14:40,desktop,0.2,6
5726,2119,2023-06-29 07:48:14,tablet,4.77,4
5727,726,2023-07-12 07:05:59,tablet,11.36,1
5728,1063,2023-05-21 14:29:32,mobile,11.41,7
5729,2137,2024-04-05 00:32:00,tablet,4.02,6
5730,2252,2023-11-14 13:00:35,mobile,4.98,2
5731,1957,2024-05-24 03:49:53,mobile,4.57,6
5732,126,2024-03-23 07:27:24,tablet,4.91,2
5733,828,2023-10-13 02:15:15,mobile,11.92,1
5734,1866,2023-03-19 14:25:34,mobile,7.18,1
5735,44,2024-07-30 17:07:59,tablet,10.79,2
5736,1866,2024-06-09 02:05:45,desktop,5.45,3
5737,381,2023-12-08 07:49:06,desktop,4.84,1
5738,747,2023-11-07 08:54:39,desktop,9.96,4
5739,849,2024-11-03 09:13:38,desktop,7.49,1
5740,1494,2024-09-11 06:19:23,tablet,11.5,2
5741,2378,2023-06-01 06:15:15,tablet,12.12,4
5742,1158,2023-09-11 10:02:21,tablet,0.2,7
5743,132,2023-08-22 22:11:36,desktop,9.95,1
5744,401,2023-08-17 19:18:33,mobile,9.21,1
5745,299,2024-10-24 09:02:16,mobile,6.75,3
5746,143,2023-02-14 07:34:29,desktop,8.08,8
5747,3,2023-04-14 08:15:07,desktop,10.1,5
5748,1399,2023-11-18 07:00:13,tablet,7.29,1
5749,1743,2024-05-14 02:56:56,tablet,9.06,5
5750,1588,2023-03-23 22:11:24,mobile,6.46,4
5751,673,2024-10-11 06:34:08,desktop,9.07,3
5752,2253,2023-01-06 11:34:06,mobile,6.88,3
5753,903,2024-01-28 09:22:41,desktop,4.87,8
5754,1314,2024-10-08 01:41:06,desktop,8.9,1
5755,1297,2023-09-02 10:31:21,mobile,0.71,4
5756,1552,2024-01-17 05:02:03,desktop,12.13,7
5757,1739,2024-12-31 16:03:39,tablet,7.27,7
5758,950,2023-02-26 11:37:10,mobile,1.79,5
5759,1076,2023-06-09 15:55:50,mobile,7.5,3
5760,1510,2023-01-02 03:40:40,tablet,8.59,1
5761,137,2024-12-26 15:51:34,mobile,6.39,10
5762,744,2023-12-17 08:53:28,desktop,13.02,7
5763,1253,2023-05-28 07:59:54,mobile,9.02,12
5764,833,2024-02-03 06:32:38,mobile,3.21,4
5765,1467,2024-12-17 15:19:10,tablet,5.66,2
5766,1658,2024-12-16 09:53:57,tablet,10.03,7
5767,651,2023-06-07 22:37:49,tablet,5.53,1
5768,1358,2024-06-23 01:58:37,mobile,10.04,7
5769,2394,2023-11-11 21:32:37,desktop,9.7,2
5770,627,2023-11-15 16:05:38,tablet,6.78,6
5771,1302,2023-02-23 02:34:21,desktop,5.33,11
5772,10,2024-12-23 23:31:18,mobile,12.09,1
5773,1257,2024-12-18 11:41:17,tablet,10.52,1
5774,1857,2024-12-01 01:56:27,mobile,5.89,6
5775,1881,2023-05-11 11:10:36,tablet,15.92,3
5776,1685,2024-04-04 02:28:37,desktop,0.2,6
5777,1764,2024-11-20 08:45:38,mobile,9.63,4
5778,1762,2024-11-30 01:59:16,mobile,7.8,4
5779,874,2023-05-10 22:08:26,desktop,10.0,1
5780,1155,2024-05-05 01:49:40,desktop,5.94,6
5781,1856,2023-01-21 20:39:58,mobile,3.53,4
5782,2369,2023-04-03 19:34:47,tablet,14.4,3
5783,533,2024-12-06 20:20:39,desktop,8.05,1
5784,366,2023-06-25 09:36:06,tablet,6.81,1
5785,1175,2024-12-19 00:04:16,tablet,19.34,7
5786,2233,2023-12-06 18:17:53,mobile,7.95,6
5787,1503,2024-06-21 23:16:22,mobile,7.42,9
5788,953,2024-08-10 10:19:30,tablet,10.49,4
5789,649,2024-12-15 08:13:00,mobile,2.86,5
5790,1792,2023-01-08 03:02:16,desktop,5.92,5
5791,1808,2024-03-02 16:28:33,tablet,11.39,5
5792,107,2023-06-19 08:26:44,desktop,6.56,6
5793,1902,2023-11-09 18:01:12,desktop,0.2,4
5794,146,2024-01-15 10:52:24,tablet,2.62,5
5795,1935,2023-08-10 19:22:45,desktop,10.96,3
5796,1974,2024-09-29 06:14:46,mobile,2.73,7
5797,1076,2024-01-03 06:29:25,mobile,6.03,3
5798,171,2024-02-13 19:49:44,tablet,5.14,4
5799,315,2024-05-23 00:02:10,mobile,7.89,1
5800,297,2023-04-11 11:29:03,mobile,13.52,9
5801,1657,2023-11-29 13:30:53,tablet,0.2,3
5802,288,2024-04-14 10:02:22,mobile,0.2,1
5803,1763,2024-04-19 12:07:54,desktop,12.3,1
5804,1372,2024-02-29 18:07:46,desktop,7.36,5
5805,2475,2023-05-10 23:07:17,desktop,6.19,2
5806,1979,2024-02-17 06:10:13,desktop,7.23,1
5807,2418,2024-04-12 07:38:53,tablet,2.98,2
5808,395,2023-04-22 03:46:11,desktop,9.73,2
5809,1908,2023-10-20 06:06:13,tablet,9.7,10
5810,526,2023-11-07 16:41:05,desktop,10.71,4
5811,2063,2023-06-26 07:30:06,mobile,8.14,1
5812,498,2024-09-17 11:49:55,desktop,5.17,6
5813,1597,2023-05-27 12:57:47,desktop,7.64,4
5814,664,2023-03-25 14:50:43,mobile,3.83,2
5815,1022,2024-01-04 07:24:53,desktop,9.16,5
5816,2031,2024-11-01 12:08:59,desktop,6.41,5
5817,2463,2024-06-18 21:40:05,desktop,6.95,4
5818,2332,2023-07-23 21:08:23,desktop,1.66,1
5819,1965,2023-11-15 14:17:30,desktop,4.61,9
5820,1547,2024-06-04 08:33:12,mobile,2.01,1
5821,1665,2023-09-11 08:51:14,mobile,7.23,10
5822,522,2024-10-30 07:48:52,mobile,4.64,11
5823,74,2024-12-18 03:17:11,tablet,9.04,3
5824,101,2023-04-25 22:50:12,mobile,3.52,1
5825,41,2024-08-24 05:08:49,tablet,4.44,7
5826,1383,2023-03-10 14:32:55,tablet,5.42,2
5827,1509,2023-08-25 12:40:29,mobile,0.2,3
5828,2019,2023-01-11 09:05:44,desktop,2.36,4
5829,1224,2024-04-22 07:52:25,desktop,12.89,7
5830,841,2023-12-12 23:54:35,desktop,6.85,1
5831,837,2023-07-14 06:45:51,desktop,1.39,1
5832,855,2023-10-03 02:12:14,desktop,7.81,1
5833,2116,2023-06-07 10:13:49,desktop,8.52,6
5834,2123,2024-05-31 00:10:18,desktop,3.79,9
5835,1227,2023-11-28 03:10:15,tablet,11.33,2
5836,1919,2023-01-19 14:00:23,mobile,8.06,5
5837,2320,2024-04-15 14:26:50,desktop,15.48,2
5838,2314,2023-03-09 23:06:42,tablet,11.12,4
5839,2104,2024-07-20 15:20:03,tablet,7.67,7
5840,213,2024-11-08 03:51:39,tablet,4.78,6
5841,754,2024-02-25 03:47:41,desktop,5.98,1
5842,856,2024-02-17 09:32:51,mobile,10.18,1
5843,2003,2023-03-23 11:07:33,tablet,7.21,9
5844,109,2023-06-10 16:42:13,tablet,0.2,5
5845,822,2023-06-02 14:39:01,tablet,9.16,4
5846,530,2024-12-12 21:49:51,tablet,8.56,3
5847,2354,2024-08-09 23:18:08,tablet,6.43,2
5848,433,2023-10-29 12:21:10,desktop,7.16,7
5849,1258,2024-02-11 02:23:58,tablet,5.45,9
5850,1379,2024-01-18 06:55:07,desktop,0.2,6
5851,712,2023-05-21 01:19:45,tablet,8.69,5
5852,1818,2024-05-21 01:13:43,mobile,3.75,6
5853,583,2024-10-20 00:45:00,desktop,3.51,7
5854,1682,2023-12-02 23:08:56,mobile,4.3,8
5855,517,2024-08-02 00:29:17,desktop,3.15,1
5856,813,2024-06-02 23:23:28,tablet,6.12,6
5857,2344,2023-10-05 23:10:38,desktop,9.57,4
5858,2025,2023-10-29 10:49:29,mobile,5.95,7
5859,623,2023-07-09 00:54:15,desktop,5.04,4
5860,2319,2023-05-25 03:56:40,tablet,0.2,6
5861,418,2023-08-21 05:24:50,desktop,5.66,1
5862,686,2024-07-24 17:59:24,desktop,6.4,1
5863,1155,2023-09-29 02:09:38,tablet,0.2,5
5864,2117,2024-09-28 15:37:37,tablet,3.03,5
5865,2423,2024-11-25 18:18:36,mobile,13.33,10
5866,2396,2024-01-18 02:03:19,desktop,2.53,11
5867,667,2023-12-19 21:36:12,mobile,4.16,7
5868,1933,2023-06-21 10:06:05,desktop,1.0,8
5869,1165,2024-07-29 00:08:52,mobile,6.12,7
5870,1361,2023-01-11 09:36:36,mobile,4.67,9
5871,1793,2023-05-24 13:27:31,mobile,12.39,4
5872,1685,2024-11-02 06:13:24,desktop,0.2,6
5873,143,2023-12-18 18:09:32,mobile,12.95,5
5874,758,2024-09-16 05:45:50,mobile,11.24,6
5875,477,2024-07-15 13:30:09,tablet,14.19,8
5876,2367,2023-04-27 20:12:41,tablet,5.24,2
5877,1564,2023-05-15 22:25:58,mobile,9.57,8
5878,525,2023-10-25 07:19:25,mobile,11.91,6
5879,1158,2024-05-23 17:41:11,desktop,8.0,3
5880,1949,2023-12-25 04:14:49,mobile,11.83,4
5881,539,2023-02-18 02:07:38,mobile,6.46,1
5882,823,2024-12-13 22:43:38,mobile,3.15,9
5883,2119,2023-02-14 08:58:15,tablet,9.65,6
5884,275,2023-09-23 04:59:41,mobile,2.19,3
5885,353,2024-12-27 01:53:02,mobile,11.73,4
5886,716,2023-02-19 05:02:48,tablet,4.78,5
5887,1170,2024-11-02 04:29:37,tablet,8.8,5
5888,1592,2024-10-21 23:55:50,desktop,10.07,7
5889,847,2024-04-23 22:36:04,tablet,0.2,7
5890,666,2023-12-24 23:00:31,tablet,7.46,4
5891,742,2023-11-29 03:33:09,tablet,2.1,1
5892,781,2023-11-09 11:26:27,mobile,5.76,5
5893,1967,2024-11-14 12:34:11,desktop,5.92,1
5894,44,2024-05-12 19:18:43,desktop,8.98,3
5895,1873,2024-01-18 08:06:34,tablet,2.37,2
5896,2240,2023-12-18 21:36:40,desktop,5.73,1
5897,2368,2023-08-27 16:29:08,tablet,9.4,3
5898,345,2024-12-13 15:08:54,mobile,11.23,8
5899,784,2023-06-12 03:47:46,desktop,4.48,8
5900,1669,2023-09-23 04:55:45,desktop,2.3,1
5901,2484,2023-10-19 13:08:09,desktop,12.94,3
5902,646,2024-12-10 01:24:46,tablet,0.66,3
5903,1971,2024-04-21 22:59:41,tablet,8.72,2
5904,1202,2023-06-14 06:03:49,desktop,9.0,5
5905,373,2023-02-16 18:25:28,mobile,9.86,6
5906,2474,2024-03-28 18:14:25,mobile,8.43,6
5907,1641,2024-12-24 05:56:11,tablet,0.2,2
5908,161,2024-10-31 11:25:28,desktop,6.31,6
5909,2215,2023-07-09 03:46:33,tablet,4.17,4
5910,2448,2023-12-29 23:37:05,desktop,3.47,2
5911,1572,2024-01-29 10:38:14,tablet,8.0,2
5912,1831,2024-08-30 09:00:36,mobile,2.34,1
5913,965,2023-01-15 18:13:26,tablet,8.28,5
5914,414,2024-03-10 20:50:46,desktop,9.19,2
5915,309,2024-01-21 18:13:38,desktop,4.86,8
5916,477,2023-08-23 05:47:29,desktop,8.13,1
5917,504,2024-12-27 08:13:44,mobile,0.2,5
5918,1465,2023-01-07 03:14:17,mobile,9.28,4
5919,394,2024-06-16 18:37:21,mobile,3.44,6
5920,1512,2024-04-09 23:24:23,tablet,5.57,4
5921,821,2024-11-30 02:53:46,mobile,8.24,1
5922,2212,2023-07-16 02:44:43,mobile,7.67,8
5923,2127,2024-02-04 20:30:13,tablet,2.18,3
5924,936,2023-11-17 01:18:42,desktop,1.11,3
5925,1724,2023-07-19 12:36:24,tablet,5.3,3
5926,2218,2023-05-12 20:30:48,desktop,3.41,4
5927,2428,2024-01-16 20:39:55,tablet,5.85,4
5928,18,2023-01-27 17:29:32,desktop,2.51,4
5929,332,2023-06-08 04:06:01,mobile,4.45,7
5930,1458,2023-01-01 02:40:46,tablet,8.08,8
5931,464,2023-12-21 19:12:31,desktop,2.64,1
5932,1515,2024-11-20 02:55:14,desktop,5.75,10
5933,1981,2023-04-16 19:01:20,tablet,6.08,8
5934,412,2023-07-01 07:25:29,tablet,9.53,9
5935,1321,2023-04-25 14:12:02,tablet,2.15,5
5936,73,2023-03-02 04:56:43,tablet,8.05,8
5937,1506,2023-08-24 16:00:52,desktop,4.58,1
5938,2313,2023-10-11 18:11:15,mobile,6.22,12
5939,1441,2024-01-03 20:20:47,mobile,7.55,1
5940,115,2024-01-19 19:44:54,mobile,11.34,2
5941,230,2024-08-20 12:26:19,desktop,0.2,5
5942,1255,2024-08-11 16:42:24,desktop,10.44,8
5943,1301,2024-08-09 07:41:56,tablet,5.22,6
5944,60,2023-09-09 22:22:05,desktop,14.76,1
5945,1160,2023-08-30 09:35:16,desktop,7.91,7
5946,1103,2023-11-02 18:02:41,desktop,2.71,7
5947,1146,2023-01-10 02:25:46,desktop,11.78,9
5948,1891,2024-01-17 22:13:50,desktop,5.56,1
5949,1176,2024-06-03 01:16:00,tablet,4.35,5
5950,481,2023-07-12 23:08:18,mobile,5.83,5
5951,901,2023-09-01 01:20:26,desktop,6.14,10
5952,1804,2023-05-19 17:00:53,tablet,4.03,8
5953,2452,2024-03-07 17:17:23,tablet,2.87,8
5954,2142,2023-07-19 09:42:52,tablet,5.59,2
5955,1593,2023-05-12 22:28:32,mobile,5.96,4
5956,1773,2023-06-06 09:03:20,tablet,2.73,4
5957,787,2024-09-10 01:12:57,tablet,7.75,3
5958,1198,2024-11-09 07:30:30,desktop,13.39,8
5959,2110,2023-06-23 08:49:04,tablet,2.36,2
5960,1246,2023-04-03 16:07:05,tablet,4.12,6
5961,1184,2023-07-29 22:11:12,tablet,5.82,3
5962,1697,2023-07-02 11:21:56,mobile,3.25,7
5963,1315,2023-04-24 17:18:39,desktop,4.53,7
5964,2271,2024-07-19 12:10:52,tablet,3.6,6
5965,1151,2023-05-13 03:54:42,mobile,2.15,2
5966,1689,2024-07-09 20:35:02,desktop,2.63,4
5967,2346,2023-01-23 11:58:46,mobile,2.99,1
5968,1398,2023-08-10 11:06:27,tablet,8.15,3
5969,1696,2023-12-03 01:28:16,mobile,14.88,6
5970,2030,2023-03-18 08:31:39,tablet,7.66,2
5971,1561,2023-05-26 08:34:46,tablet,0.2,7
5972,662,2024-11-06 13:53:38,tablet,6.33,9
5973,1202,2024-12-03 18:27:58,desktop,11.95,7
5974,158,2023-06-06 20:26:44,mobile,1.86,6
5975,1269,2023-02-21 02:49:20,tablet,4.54,6
5976,1505,2024-01-28 15:19:04,mobile,7.02,4
5977,1070,2023-01-16 10:40:25,tablet,8.06,1
5978,2172,2023-02-17 16:06:45,tablet,1.25,4
5979,1809,2023-03-11 17:50:04,mobile,0.2,5
5980,1576,2023-02-14 06:04:03,desktop,6.29,1
5981,682,2023-06-15 13:50:27,tablet,8.08,3
5982,122,2024-06-09 11:20:28,tablet,3.72,4
5983,725,2023-03-26 08:25:40,mobile,13.97,6
5984,1194,2023-07-15 07:58:02,tablet,8.15,3
5985,2366,2023-03-27 10:12:18,tablet,1.59,3
5986,1067,2023-10-03 17:25:07,desktop,0.44,3
5987,44,2023-07-18 20:51:15,tablet,9.04,5
5988,1814,2023-07-20 13:44:10,mobile,2.3,6
5989,1616,2024-10-28 09:59:50,desktop,6.99,3
5990,2048,2024-10-27 00:02:54,desktop,0.2,3
5991,1388,2024-12-29 07:25:33,tablet,10.61,2
5992,444,2024-09-18 13:41:42,mobile,0.33,8
5993,784,2023-03-15 15:51:08,tablet,6.03,6
5994,1995,2024-09-01 00:45:12,desktop,0.2,4
5995,316,2024-11-30 19:56:05,mobile,14.01,8
5996,2362,2023-09-18 05:13:28,tablet,6.96,6
5997,1339,2024-07-04 08:36:38,mobile,3.62,1
5998,1931,2024-01-12 01:04:42,desktop,4.82,6
5999,2015,2024-05-17 22:47:42,tablet,2.62,4
6000,1027,2024-12-15 11:26:48,tablet,5.98,8
6001,749,2024-12-01 11:35:53,mobile,7.93,1
6002,1238,2023-12-22 10:04:05,tablet,5.41,2
6003,2351,2024-06-10 04:45:55,desktop,4.81,1
6004,1959,2024-07-04 15:29:05,desktop,10.53,3
6005,1014,2024-06-26 06:15:31,tablet,8.25,3
6006,310,2023-10-26 19:17:22,mobile,9.05,6
6007,1883,2023-05-03 20:16:55,tablet,3.07,6
6008,1843,2024-07-14 17:29:01,desktop,1.42,1
6009,2271,2024-03-04 05:28:47,mobile,10.13,5
6010,2376,2024-05-07 12:43:56,tablet,5.61,8
6011,2205,2023-12-08 21:52:21,mobile,7.55,5
6012,42,2023-09-19 16:49:46,mobile,1.48,7
6013,2407,2023-08-11 23:56:15,tablet,10.24,6
6014,116,2023-04-14 09:26:08,mobile,2.83,8
6015,298,2024-08-14 12:24:08,mobile,5.8,7
6016,448,2024-03-24 14:29:14,mobile,6.29,6
6017,233,2024-04-24 05:23:39,mobile,1.0,8
6018,549,2024-12-13 23:36:44,desktop,5.42,4
6019,1792,2023-01-29 10:07:01,desktop,9.67,6
6020,2326,2023-08-09 23:04:03,tablet,8.75,9
6021,187,2023-06-14 10:21:11,desktop,2.82,2
6022,2051,2024-05-02 06:02:10,desktop,2.56,4
6023,656,2024-04-08 14:00:44,tablet,8.04,2
6024,1376,2023-04-19 20:56:49,desktop,6.71,1
6025,213,2024-11-01 00:51:11,desktop,22.09,6
6026,492,2023-12-26 15:27:25,mobile,9.08,4
6027,880,2023-03-14 05:52:18,tablet,5.62,3
6028,1135,2024-02-06 00:17:46,desktop,6.1,6
6029,1334,2023-03-06 13:50:02,desktop,5.2,6
6030,1196,2023-03-27 22:39:06,tablet,9.03,2
6031,1372,2024-04-09 06:15:03,mobile,6.76,1
6032,2345,2024-11-21 21:21:40,tablet,10.18,3
6033,2365,2024-08-09 14:46:58,tablet,1.37,9
6034,252,2024-12-15 14:03:00,mobile,6.48,4
6035,588,2024-12-30 20:07:00,mobile,7.25,5
6036,1156,2023-10-11 01:21:41,desktop,5.74,6
6037,2156,2023-06-01 23:06:57,mobile,10.67,4
6038,477,2023-08-04 21:34:24,mobile,0.2,3
6039,251,2023-02-05 17:01:12,desktop,7.62,2
6040,908,2023-09-12 12:12:35,desktop,7.5,4
6041,1956,2024-09-11 21:34:11,desktop,3.95,7
6042,1073,2023-02-25 20:31:58,tablet,9.67,1
6043,1366,2024-03-18 04:21:42,tablet,0.2,2
6044,2043,2023-03-01 20:41:37,mobile,5.24,4
6045,2152,2024-01-26 02:09:49,mobile,6.87,6
6046,2290,2023-01-11 17:35:34,mobile,6.21,5
6047,1488,2023-10-27 13:33:59,tablet,4.88,9
6048,1691,2023-08-05 23:14:37,mobile,7.87,7
6049,512,2024-11-03 06:28:47,tablet,9.25,10
6050,520,2023-05-10 06:33:48,tablet,0.2,5
6051,470,2023-10-03 21:39:58,tablet,2.48,5
6052,1655,2023-02-24 17:24:01,mobile,4.72,3
6053,736,2023-01-17 08:17:17,tablet,8.98,8
6054,170,2023-05-02 03:52:19,desktop,10.72,4
6055,871,2024-04-10 02:26:51,desktop,6.25,2
6056,714,2024-11-27 09:47:43,mobile,4.63,8
6057,378,2023-02-27 22:10:17,mobile,2.17,5
6058,251,2024-11-13 13:44:47,mobile,9.07,5
6059,1230,2024-07-23 02:42:07,mobile,9.2,6
6060,992,2023-10-17 08:13:08,tablet,3.65,7
6061,918,2024-08-01 07:04:27,desktop,5.46,7
6062,2181,2024-08-04 13:53:19,desktop,9.07,4
6063,2113,2024-09-25 19:25:11,mobile,8.94,1
6064,1364,2024-08-09 08:27:13,tablet,12.91,5
6065,706,2024-10-04 09:15:54,desktop,13.36,3
6066,1916,2023-11-05 02:31:28,desktop,6.47,4
6067,504,2023-05-16 02:19:30,desktop,3.53,1
6068,1407,2023-10-02 03:13:42,desktop,7.0,6
6069,1656,2024-08-18 13:30:21,desktop,0.2,1
6070,777,2023-10-29 05:54:39,mobile,8.58,8
6071,2207,2023-06-11 05:45:11,desktop,4.02,3
6072,1413,2024-04-05 15:53:56,mobile,14.39,2
6073,993,2024-08-11 10:54:02,mobile,8.12,8
6074,435,2024-10-06 14:35:43,mobile,7.55,3
6075,606,2023-04-18 16:10:50,tablet,6.27,3
6076,2099,2024-03-02 16:52:57,tablet,5.99,4
6077,1538,2024-09-30 20:29:01,tablet,9.72,4
6078,501,2023-12-14 23:34:55,mobile,11.96,9
6079,1757,2024-10-11 10:54:58,desktop,5.91,3
6080,907,2023-02-05 02:49:47,tablet,2.6,3
6081,634,2024-10-20 14:21:11,mobile,8.13,4
6082,663,2024-09-04 01:29:24,mobile,3.78,8
6083,1446,2023-06-10 15:49:58,mobile,0.2,6
6084,276,2024-11-22 13:33:52,mobile,7.29,8
6085,799,2024-03-02 12:28:42,desktop,11.58,3
6086,854,2024-11-17 06:10:34,tablet,0.52,4
6087,1358,2024-12-24 22:02:13,mobile,8.2,10
6088,1480,2023-10-09 17:30:53,mobile,4.93,7
6089,556,2023-10-20 01:40:44,desktop,13.89,4
6090,1861,2023-02-28 17:10:21,desktop,1.76,2
6091,135,2023-08-21 12:11:50,desktop,1.34,2
6092,1147,2024-02-05 16:16:09,tablet,4.48,3
6093,1901,2024-04-20 21:31:03,tablet,7.75,5
6094,2333,2024-01-25 00:04:44,mobile,6.76,5
6095,691,2024-09-24 07:52:44,mobile,8.99,10
6096,554,2023-02-11 14:07:56,desktop,3.09,4
6097,2463,2023-07-12 14:02:52,mobile,15.65,4
6098,2009,2023-08-23 23:14:49,mobile,2.7,1
6099,2361,2023-10-27 00:02:20,tablet,11.66,7
6100,2087,2023-12-30 20:31:37,desktop,0.71,5
6101,490,2024-08-02 02:55:28,tablet,3.5,5
6102,110,2024-08-01 11:38:10,desktop,7.66,3
6103,662,2024-02-02 21:18:12,mobile,2.4,3
6104,128,2023-10-01 01:51:10,tablet,0.2,8
6105,1044,2023-04-02 23:38:30,desktop,0.2,4
6106,24,2023-04-15 20:58:44,mobile,11.53,5
6107,1643,2024-10-08 01:51:35,desktop,7.07,4
6108,571,2024-10-09 16:23:36,desktop,3.75,6
6109,1561,2023-04-23 16:11:33,tablet,1.93,5
6110,978,2024-05-05 20:01:37,mobile,9.22,5
6111,2074,2023-09-14 06:12:52,desktop,0.2,1
6112,1916,2024-07-02 12:25:44,tablet,14.17,5
6113,53,2024-08-18 08:59:45,mobile,7.27,3
6114,2405,2023-02-21 10:12:05,tablet,2.53,3
6115,2387,2023-12-17 18:40:13,desktop,1.69,7
6116,1423,2024-09-28 09:22:08,mobile,5.02,8
6117,666,2024-05-21 00:41:53,tablet,5.58,8
6118,2425,2023-06-16 22:28:06,desktop,4.04,6
6119,70,2023-08-26 02:46:40,tablet,8.43,7
6120,80,2023-02-17 01:39:48,tablet,1.43,4
6121,1842,2023-05-11 15:33:33,mobile,7.61,1
6122,1323,2023-01-05 06:33:08,desktop,3.85,7
6123,1042,2024-08-27 08:11:49,mobile,11.01,6
6124,1872,2023-08-23 11:35:52,mobile,2.08,13
6125,2436,2024-09-10 10:15:54,desktop,4.68,7
6126,1768,2024-05-03 09:56:57,mobile,5.86,2
6127,332,2024-01-15 06:00:59,mobile,6.23,8
6128,1189,2024-10-24 07:17:37,mobile,3.6,1
6129,1582,2023-09-17 18:57:34,desktop,0.2,7
6130,1242,2023-01-01 13:45:14,desktop,5.38,6
6131,1573,2023-06-03 01:33:36,tablet,4.32,6
6132,2020,2024-03-07 00:24:38,mobile,11.67,6
6133,2485,2023-10-20 04:11:18,tablet,10.29,7
6134,529,2023-07-08 23:11:47,mobile,3.78,1
6135,2344,2024-08-04 19:34:21,tablet,8.58,5
6136,597,2023-03-13 22:00:53,mobile,2.47,10
6137,1055,2024-10-10 14:10:16,desktop,13.45,5
6138,1935,2024-07-10 13:33:16,mobile,0.2,1
6139,45,2023-01-06 17:26:37,tablet,1.63,3
6140,407,2023-02-01 05:13:35,tablet,7.43,1
6141,540,2024-02-09 05:36:30,mobile,9.19,5
6142,772,2023-07-06 02:29:06,mobile,0.2,4
6143,1989,2024-09-24 11:44:33,tablet,8.06,1
6144,2094,2024-01-03 19:57:13,tablet,3.81,6
6145,384,2023-06-28 19:45:56,mobile,11.15,1
6146,519,2024-08-03 07:24:20,desktop,9.54,3
6147,2007,2024-11-09 10:08:33,desktop,7.76,7
6148,1201,2024-01-24 00:21:51,tablet,3.64,4
6149,993,2024-12-18 13:23:02,mobile,7.62,9
6150,1332,2023-03-09 20:37:06,mobile,12.84,8
6151,275,2023-12-11 18:23:15,mobile,4.91,1
6152,1860,2024-12-29 23:43:09,mobile,15.35,4
6153,1516,2023-09-09 13:38:10,tablet,4.03,3
6154,1728,2023-07-21 10:53:08,mobile,4.38,7
6155,527,2024-11-18 08:16:20,tablet,8.88,3
6156,2085,2024-12-20 02:01:26,desktop,0.53,6
6157,682,2024-12-27 20:56:02,desktop,7.84,2
6158,1230,2023-02-26 21:40:13,mobile,0.33,9
6159,2408,2024-07-29 08:35:12,tablet,5.03,6
6160,1534,2024-06-09 17:55:10,mobile,1.18,2
6161,124,2024-11-15 21:09:23,mobile,0.2,5
6162,256,2023-09-10 03:19:08,mobile,8.18,6
6163,237,2024-06-08 05:13:07,desktop,4.24,4
6164,1587,2024-04-17 16:53:52,tablet,4.93,5
6165,1803,2023-11-17 02:48:31,mobile,3.93,6
6166,105,2024-02-23 15:28:22,mobile,3.47,1
6167,1257,2024-03-22 17:25:36,desktop,4.38,8
6168,508,2024-02-16 07:09:54,desktop,8.59,6
6169,969,2024-02-03 06:35:15,mobile,9.03,2
6170,524,2024-10-10 16:28:33,tablet,0.93,6
6171,422,2024-07-06 17:54:14,tablet,10.78,5
6172,1722,2023-04-14 01:38:02,tablet,2.43,5
6173,158,2023-08-01 23:17:08,tablet,11.41,2
6174,1483,2024-11-03 06:33:52,tablet,10.0,6
6175,2177,2023-10-06 07:29:24,tablet,6.34,4
6176,946,2024-08-12 02:52:14,mobile,1.46,4
6177,573,2024-01-28 15:25:52,tablet,2.45,1
6178,1468,2023-07-23 02:49:54,desktop,6.31,3
6179,2470,2023-07-26 12:37:01,mobile,9.96,8
6180,1222,2024-03-01 06:57:00,mobile,10.83,4
6181,323,2023-05-30 07:36:23,desktop,5.99,3
6182,670,2024-10-03 21:59:34,mobile,8.82,5
6183,1322,2024-01-28 05:18:50,desktop,4.44,3
6184,602,2023-09-30 17:09:52,tablet,8.57,4
6185,2416,2023-10-20 22:49:36,desktop,10.77,4
6186,1249,2023-12-20 09:25:42,mobile,0.2,5
6187,2182,2024-05-11 10:58:34,tablet,6.84,1
6188,1441,2023-12-10 14:18:10,desktop,12.99,6
6189,927,2024-06-29 03:07:59,mobile,2.08,4
6190,2251,2024-06-09 00:44:39,tablet,3.4,4
6191,675,2023-06-18 02:51:32,mobile,9.51,4
6192,204,2023-11-19 10:05:25,desktop,3.05,7
6193,2244,2023-04-12 23:22:30,tablet,5.91,3
6194,2172,2024-01-25 11:13:41,desktop,6.99,9
6195,33,2023-12-13 19:20:39,tablet,0.2,7
6196,680,2023-04-09 12:06:41,mobile,6.06,1
6197,1713,2024-12-11 23:18:06,tablet,9.34,5
6198,1087,2024-08-07 18:02:25,desktop,0.2,5
6199,296,2024-08-02 09:08:05,desktop,4.52,14
6200,2275,2023-09-10 12:46:33,mobile,4.18,5
6201,2442,2024-06-01 17:10:10,desktop,8.91,1
6202,1479,2023-05-08 13:42:08,mobile,0.66,4
6203,410,2024-12-17 00:54:17,tablet,5.82,6
6204,1739,2024-06-12 13:58:53,mobile,9.56,1
6205,77,2023-04-05 19:44:11,tablet,11.17,6
6206,375,2023-03-10 01:23:09,tablet,6.83,12
6207,1640,2023-08-12 05:17:40,mobile,3.43,1
6208,2166,2024-05-31 13:15:24,desktop,1.91,1
6209,454,2024-07-22 05:34:10,mobile,9.36,1
6210,1704,2024-07-28 10:39:10,mobile,0.73,5
6211,1215,2023-06-23 05:51:39,tablet,0.2,9
6212,1931,2023-11-17 00:09:14,desktop,8.23,8
6213,84,2024-11-23 00:54:08,mobile,3.87,7
6214,1403,2024-08-04 04:06:58,mobile,7.61,4
6215,789,2024-03-18 22:58:19,mobile,0.2,1
6216,1358,2023-08-07 07:43:34,tablet,8.66,5
6217,611,2023-02-21 02:04:28,mobile,8.03,5
6218,2104,2024-09-06 23:46:32,desktop,9.19,1
6219,306,2024-11-07 14:37:25,desktop,12.51,4
6220,1934,2023-01-09 22:12:06,tablet,2.58,7
6221,1982,2024-09-07 23:35:04,mobile,4.55,9
6222,1484,2024-11-22 23:50:02,desktop,13.66,4
6223,1165,2024-12-13 16:51:26,tablet,4.45,3
6224,2444,2024-08-11 05:16:54,mobile,1.86,3
6225,2140,2024-07-06 03:19:25,desktop,6.02,3
6226,61,2023-09-25 23:18:28,desktop,4.64,6
6227,701,2024-07-19 13:15:19,tablet,6.2,7
6228,1756,2023-02-22 18:29:49,mobile,8.44,4
6229,976,2023-07-12 21:26:26,desktop,2.88,3
6230,1505,2024-01-30 00:27:19,tablet,7.06,1
6231,508,2023-06-13 18:26:23,mobile,0.33,4
6232,1417,2023-08-04 21:56:59,tablet,2.51,8
6233,2323,2023-07-17 20:10:13,mobile,7.22,3
6234,1155,2023-09-21 16:05:38,tablet,0.42,6
6235,489,2023-12-18 20:58:15,desktop,9.91,14
6236,2345,2023-12-10 12:50:29,desktop,0.25,1
6237,2124,2024-04-22 16:21:19,mobile,6.54,3
6238,2166,2024-11-09 22:20:07,mobile,7.66,7
6239,2431,2024-07-23 23:00:03,tablet,6.35,4
6240,1022,2024-03-13 12:34:13,desktop,5.31,6
6241,1826,2024-06-08 04:56:25,desktop,2.18,1
6242,932,2024-09-08 09:28:26,desktop,3.17,6
6243,1567,2023-05-10 07:03:24,mobile,4.55,13
6244,791,2023-08-15 17:18:13,mobile,4.11,2
6245,620,2024-01-28 23:47:21,desktop,10.56,9
6246,202,2024-10-30 04:03:19,desktop,9.2,1
6247,2411,2024-07-09 07:57:32,desktop,3.67,5
6248,1971,2024-11-04 07:27:19,desktop,9.72,1
6249,1841,2023-11-02 04:24:50,tablet,0.93,2
6250,1253,2023-05-20 13:50:41,mobile,7.34,7
6251,1839,2023-03-16 07:07:53,mobile,9.23,2
6252,2262,2023-01-04 19:48:26,mobile,9.28,6
6253,1292,2024-10-23 20:46:46,mobile,6.12,2
6254,1919,2023-11-27 03:43:14,tablet,3.3,2
6255,1945,2023-06-14 12:50:22,tablet,14.79,2
6256,1751,2024-08-02 02:34:07,tablet,8.03,3
6257,1520,2024-11-04 16:01:30,tablet,6.27,4
6258,409,2023-03-25 11:37:04,desktop,4.91,2
6259,481,2023-07-21 00:35:09,desktop,2.95,5
6260,1443,2023-09-14 19:03:38,desktop,3.69,2
6261,927,2023-04-18 14:25:14,tablet,3.02,7
6262,1153,2023-01-22 21:41:18,tablet,3.62,6
6263,104,2024-06-11 04:40:23,desktop,4.73,4
6264,2462,2024-01-29 03:54:44,tablet,8.94,6
6265,1788,2024-02-10 22:56:52,mobile,8.48,2
6266,680,2023-03-01 21:35:34,tablet,11.75,5
6267,2089,2023-05-24 21:50:52,tablet,3.9,1
6268,130,2023-09-14 11:20:42,desktop,11.83,5
6269,2421,2023-10-09 03:31:41,mobile,9.42,1
6270,1972,2024-06-08 16:23:52,desktop,3.16,10
6271,304,2024-08-17 08:48:14,desktop,2.18,5
6272,1428,2023-07-21 02:55:55,desktop,9.02,6
6273,831,2023-09-12 08:49:31,desktop,13.22,5
6274,1503,2024-05-11 07:29:30,tablet,7.1,1
6275,518,2024-02-20 02:27:34,tablet,5.42,7
6276,1063,2023-06-05 05:10:29,tablet,7.93,3
6277,334,2024-03-26 13:13:52,desktop,3.97,8
6278,1484,2023-06-11 11:31:00,tablet,11.24,7
6279,1182,2024-05-03 10:56:10,mobile,3.18,4
6280,908,2023-09-15 16:39:23,desktop,10.9,6
6281,1526,2024-10-27 09:44:45,mobile,9.44,1
6282,1298,2023-02-21 17:00:49,mobile,7.95,11
6283,1405,2024-03-07 05:02:39,mobile,0.2,5
6284,1768,2024-06-08 04:33:45,desktop,4.87,9
6285,409,2024-11-25 22:30:57,tablet,0.2,10
6286,2321,2024-03-30 19:58:04,desktop,7.11,1
6287,1026,2023-07-22 03:47:25,tablet,2.37,5
6288,79,2023-03-31 13:55:51,mobile,11.82,5
6289,387,2024-12-19 22:44:26,desktop,9.98,7
6290,1106,2024-08-05 12:43:22,tablet,4.95,4
6291,83,2024-12-07 07:16:11,tablet,12.86,7
6292,1632,2024-04-16 20:16:55,desktop,3.48,8
6293,722,2024-07-13 13:42:26,mobile,12.17,5
6294,139,2023-03-08 06:30:53,tablet,13.12,3
6295,1210,2024-01-01 21:29:20,mobile,8.97,1
6296,115,2024-10-26 11:15:11,mobile,7.61,5
6297,2346,2023-01-19 06:07:39,tablet,13.02,8
6298,784,2024-09-16 19:31:22,desktop,10.92,8
6299,1221,2024-06-20 02:49:13,tablet,0.2,3
6300,2272,2023-04-18 15:38:27,desktop,7.5,6
6301,562,2024-07-13 21:06:43,mobile,0.2,8
6302,367,2023-11-05 10:35:37,tablet,3.35,6
6303,164,2024-04-25 15:03:34,tablet,10.05,2
6304,2058,2024-07-16 19:14:39,desktop,8.58,5
6305,1998,2024-04-17 23:42:06,mobile,3.56,1
6306,1990,2024-02-09 19:29:12,desktop,5.88,3
6307,1708,2023-02-27 03:05:20,desktop,14.66,3
6308,156,2024-01-29 21:44:34,tablet,4.46,1
6309,1201,2023-06-25 14:58:42,tablet,4.72,7
6310,2088,2023-04-14 16:00:29,tablet,7.37,5
6311,1165,2023-04-28 14:39:24,tablet,0.2,7
6312,1378,2023-03-14 00:29:07,mobile,5.95,10
6313,270,2023-07-10 09:27:28,mobile,4.13,6
6314,2240,2024-08-15 08:30:29,desktop,6.6,1
6315,40,2023-12-19 22:31:50,tablet,1.19,4
6316,1135,2024-01-13 15:35:07,tablet,10.0,3
6317,642,2024-11-06 01:08:26,tablet,2.41,6
6318,2102,2023-07-14 06:30:33,mobile,6.21,5
6319,1859,2024-03-30 12:41:54,mobile,2.89,4
6320,1879,2023-11-27 02:10:09,tablet,0.2,4
6321,1563,2023-04-25 02:29:30,desktop,6.48,6
6322,939,2023-06-24 15:46:29,mobile,4.13,6
6323,1590,2024-10-17 06:22:37,mobile,6.69,5
6324,1153,2023-05-29 15:26:59,mobile,11.5,5
6325,661,2023-12-25 06:01:57,desktop,6.62,1
6326,944,2024-02-08 14:40:58,mobile,4.27,6
6327,1041,2023-05-05 05:37:19,tablet,5.08,5
6328,1153,2023-06-05 18:42:36,tablet,5.29,6
6329,1650,2024-12-27 23:58:02,tablet,13.39,6
6330,210,2024-07-17 23:42:08,mobile,6.74,3
6331,2417,2024-01-22 15:55:29,mobile,7.17,7
6332,1699,2023-05-08 17:50:15,mobile,7.24,8
6333,645,2023-06-14 07:20:58,mobile,5.85,9
6334,837,2023-12-21 23:58:00,tablet,1.04,2
6335,276,2023-03-26 03:21:33,mobile,10.44,7
6336,2457,2024-07-05 06:44:04,tablet,10.86,6
6337,679,2023-01-24 15:35:01,tablet,8.8,2
6338,1834,2023-10-28 23:52:00,mobile,5.62,5
6339,1188,2023-09-08 04:55:09,tablet,5.23,5
6340,1626,2023-03-02 03:11:57,mobile,1.11,4
6341,1532,2024-08-08 09:03:13,tablet,7.29,3
6342,35,2024-09-07 18:23:54,desktop,2.98,7
6343,2219,2023-07-03 05:10:24,mobile,4.09,5
6344,989,2024-05-03 14:45:36,desktop,3.98,7
6345,2353,2023-10-05 22:20:00,tablet,7.77,4
6346,514,2023-02-20 17:52:16,desktop,7.63,1
6347,43,2023-04-08 23:29:25,tablet,4.34,2
6348,390,2023-12-07 03:48:05,desktop,0.2,4
6349,2238,2024-08-08 00:08:22,mobile,7.7,8
6350,314,2023-11-21 12:30:05,mobile,0.2,5
6351,343,2023-07-30 00:11:21,mobile,3.3,5
6352,1406,2024-09-26 07:11:59,desktop,11.28,7
6353,1495,2024-02-23 10:12:05,desktop,7.42,1
6354,2290,2023-08-02 08:15:54,mobile,11.8,3
6355,578,2023-10-28 14:51:03,mobile,0.2,2
6356,1170,2023-07-05 06:18:46,mobile,9.79,5
6357,186,2023-12-04 16:56:27,mobile,10.15,2
6358,2314,2024-04-30 07:21:12,mobile,1.43,1
6359,1213,2024-05-30 08:22:17,tablet,2.57,3
6360,79,2024-02-14 08:51:50,mobile,4.38,4
6361,2462,2023-01-09 09:54:37,desktop,0.42,11
6362,1953,2023-07-11 11:38:27,desktop,8.42,4
6363,1324,2024-11-07 05:21:25,mobile,3.05,2
6364,307,2024-01-27 12:44:48,desktop,7.33,4
6365,1130,2023-07-01 08:14:56,mobile,7.74,4
6366,941,2023-05-31 08:20:33,tablet,10.07,2
6367,2377,2023-02-12 23:29:23,mobile,0.91,3
6368,1696,2023-08-09 12:56:40,desktop,7.45,4
6369,2286,2024-06-02 11:50:22,tablet,0.84,11
6370,1984,2023-11-12 23:26:43,tablet,4.02,1
6371,866,2024-07-12 09:07:59,tablet,12.99,7
6372,799,2023-07-03 23:04:19,mobile,13.65,2
6373,618,2024-07-11 21:33:48,desktop,0.95,5
6374,2366,2024-12-31 00:28:22,mobile,1.16,4
6375,60,2024-05-08 15:50:30,mobile,5.19,4
6376,416,2023-09-29 11:20:29,tablet,9.51,7
6377,620,2024-05-02 06:25:49,tablet,11.22,7
6378,1417,2024-10-10 05:05:05,mobile,7.66,2
6379,231,2023-11-09 07:19:12,mobile,0.2,3
6380,1274,2024-06-25 10:35:43,mobile,3.06,7
6381,608,2024-08-31 22:14:06,mobile,5.22,3
6382,922,2023-03-29 18:17:04,desktop,1.47,4
6383,1972,2024-12-15 18:24:57,mobile,8.22,8
6384,1425,2024-10-10 14:39:40,mobile,11.53,5
6385,1892,2024-11-27 06:41:16,desktop,13.74,7
6386,1054,2024-05-06 06:16:49,desktop,11.87,1
6387,799,2023-10-05 13:42:20,desktop,7.13,4
6388,309,2024-02-13 07:54:21,mobile,15.23,3
6389,108,2024-03-13 06:40:19,tablet,1.78,9
6390,786,2024-08-12 15:54:22,desktop,2.82,1
6391,1918,2024-07-13 05:10:17,mobile,6.99,8
6392,1144,2024-11-04 13:20:55,mobile,5.22,6
6393,716,2024-07-16 19:23:30,mobile,8.79,1
6394,2258,2023-08-21 09:46:40,tablet,6.99,4
6395,1462,2023-04-22 04:20:15,mobile,11.89,5
6396,1968,2023-07-14 10:20:53,tablet,2.7,12
6397,438,2024-06-18 21:28:42,desktop,6.06,5
6398,531,2023-04-19 02:09:05,mobile,9.54,5
6399,2430,2024-05-15 03:38:00,tablet,2.7,6
6400,912,2023-06-05 22:45:35,mobile,5.6,5
6401,238,2023-04-13 04:14:03,tablet,0.2,12
6402,388,2024-09-24 14:12:55,desktop,7.33,2
6403,2070,2023-01-21 03:57:18,mobile,10.57,1
6404,1034,2024-10-12 11:21:06,tablet,2.25,4
6405,1722,2024-03-20 08:36:21,mobile,13.51,3
6406,1176,2024-05-31 17:42:42,tablet,5.58,11
6407,762,2023-01-12 13:49:22,tablet,8.43,9
6408,253,2023-05-07 00:31:44,mobile,6.99,1
6409,714,2024-04-20 10:25:44,desktop,2.4,8
6410,2113,2023-12-10 14:02:20,desktop,7.19,6
6411,298,2024-12-03 00:51:14,desktop,0.2,7
6412,625,2023-09-08 18:38:41,tablet,11.67,6
6413,1556,2023-11-14 03:10:42,tablet,6.02,3
6414,1421,2024-10-16 22:17:11,tablet,11.51,3
6415,2404,2024-11-06 04:40:29,mobile,5.31,3
6416,2091,2024-08-04 00:38:35,mobile,7.01,7
6417,2462,2024-10-29 07:22:37,desktop,0.25,6
6418,2026,2023-03-11 16:10:52,desktop,6.4,7
6419,2314,2023-08-20 21:41:20,desktop,3.07,8
6420,2372,2024-07-02 23:56:28,mobile,12.33,1
6421,930,2023-10-22 13:44:21,desktop,10.55,8
6422,1370,2024-09-29 13:22:53,mobile,5.19,8
6423,2066,2024-07-07 02:15:44,mobile,5.07,1
6424,22,2023-01-14 20:04:26,mobile,8.53,7
6425,1102,2023-07-23 14:16:54,mobile,8.65,1
6426,631,2024-10-06 16:25:42,desktop,5.87,1
6427,238,2023-12-12 19:25:23,tablet,7.93,3
6428,489,2024-02-17 23:31:48,desktop,9.78,7
6429,695,2023-02-01 02:44:34,tablet,8.01,2
6430,1059,2023-04-07 03:25:11,tablet,10.98,1
6431,1296,2024-11-14 05:13:09,desktop,8.55,4
6432,177,2024-10-06 05:13:48,tablet,9.07,4
6433,710,2023-12-28 19:38:02,desktop,9.45,2
6434,1613,2023-11-21 20:07:55,desktop,2.83,1
6435,2349,2023-08-09 22:58:49,mobile,4.36,7
6436,500,2024-01-04 19:13:53,mobile,0.79,4
6437,1748,2024-12-29 10:57:38,mobile,13.76,5
6438,2082,2023-02-20 11:12:12,tablet,7.59,1
6439,96,2023-08-07 06:39:56,desktop,2.18,5
6440,968,2024-01-21 06:46:31,desktop,7.46,4
6441,2261,2023-04-27 15:55:58,mobile,2.07,9
6442,414,2023-05-10 05:16:55,desktop,11.9,6
6443,564,2024-01-27 00:08:25,desktop,1.46,1
6444,2085,2023-08-25 17:32:28,mobile,2.31,8
6445,23,2024-12-03 11:53:45,desktop,4.52,6
6446,1726,2024-06-20 16:30:47,desktop,11.02,2
6447,1271,2024-10-02 02:57:13,desktop,6.47,4
6448,1021,2024-05-02 17:20:02,mobile,4.9,4
6449,64,2023-11-24 17:03:54,mobile,6.95,1
6450,1052,2023-01-18 12:58:26,mobile,11.37,2
6451,2013,2023-08-11 14:53:16,tablet,0.2,8
6452,1753,2023-04-05 06:38:07,tablet,1.22,2
6453,1853,2023-10-25 03:39:44,tablet,8.14,6
6454,78,2024-09-13 11:24:03,tablet,6.05,8
6455,2257,2023-02-06 01:37:17,tablet,1.09,5
6456,1489,2024-01-23 01:40:35,desktop,0.2,5
6457,1469,2024-09-25 06:03:08,desktop,0.2,8
6458,1772,2024-02-03 11:56:05,tablet,8.87,8
6459,265,2024-02-14 09:55:39,mobile,0.2,6
6460,443,2023-04-05 10:32:24,tablet,7.59,7
6461,2017,2024-06-10 01:10:49,tablet,6.6,4
6462,2162,2024-01-21 05:28:10,mobile,0.65,5
6463,1315,2023-10-01 20:57:06,mobile,10.01,7
6464,2150,2023-11-06 09:40:12,mobile,5.42,1
6465,736,2024-05-09 02:20:50,mobile,1.14,7
6466,2493,2024-10-29 05:41:18,desktop,6.73,1
6467,432,2023-12-10 13:13:50,tablet,5.38,5
6468,1313,2023-09-21 05:13:20,tablet,8.46,10
6469,2180,2023-06-05 22:23:01,tablet,4.28,5
6470,310,2024-01-22 22:09:17,mobile,15.77,11
6471,1459,2024-03-12 08:32:38,desktop,1.96,6
6472,1627,2024-01-29 16:19:31,mobile,1.97,4
6473,218,2024-12-20 04:43:26,desktop,5.45,9
6474,1733,2024-02-22 06:08:27,tablet,11.24,1
6475,244,2024-03-29 10:59:51,mobile,5.65,7
6476,928,2023-10-15 20:04:13,mobile,6.77,7
6477,1640,2023-11-27 04:35:12,desktop,3.2,4
6478,335,2023-10-27 03:03:34,tablet,6.15,9
6479,1430,2023-06-12 13:35:36,desktop,7.64,2
6480,848,2023-04-28 19:53:37,mobile,3.48,7
6481,2313,2023-12-31 01:21:42,tablet,4.93,7
6482,1026,2023-04-05 12:50:53,tablet,1.74,4
6483,460,2024-08-01 03:17:05,tablet,5.61,2
6484,1266,2024-03-26 13:59:36,tablet,6.61,1
6485,1991,2024-01-11 21:44:07,desktop,3.91,5
6486,2435,2024-11-21 13:06:19,mobile,10.16,1
6487,1908,2023-08-30 10:54:42,tablet,10.01,6
6488,336,2024-02-17 00:26:28,mobile,7.55,9
6489,2399,2023-06-06 15:15:06,tablet,8.71,8
6490,1034,2024-02-13 22:15:08,mobile,4.83,10
6491,1783,2024-11-06 14:20:01,tablet,0.2,6
6492,1692,2024-03-10 03:21:55,mobile,3.85,5
6493,399,2024-01-04 01:00:29,tablet,10.21,3
6494,94,2024-11-20 04:54:41,tablet,2.59,4
6495,26,2024-03-05 14:26:04,tablet,0.2,1
6496,2356,2023-08-29 22:58:27,mobile,6.73,4
6497,1918,2024-02-12 21:40:14,tablet,2.93,6
6498,2421,2023-02-21 17:32:19,mobile,8.13,4
6499,19,2024-10-13 21:44:34,tablet,10.97,9
6500,1939,2024-12-03 17:58:54,desktop,10.93,1
6501,247,2024-12-20 18:27:10,tablet,3.12,6
6502,1322,2023-05-26 15:10:13,tablet,3.75,4
6503,1179,2024-08-26 03:56:43,desktop,7.54,7
6504,138,2024-05-01 18:38:50,desktop,4.17,1
6505,197,2023-09-11 14:01:58,tablet,10.25,8
6506,485,2023-01-29 19:25:26,mobile,0.2,5
6507,1322,2024-10-15 17:51:37,desktop,11.37,1
6508,910,2023-08-25 19:59:07,desktop,1.55,1
6509,1738,2023-01-14 07:25:46,desktop,3.63,3
6510,1785,2023-09-02 01:43:24,desktop,13.42,9
6511,1788,2023-02-28 00:04:51,mobile,0.2,7
6512,1042,2023-09-28 09:56:32,mobile,3.59,1
6513,419,2024-12-27 15:26:04,mobile,0.2,8
6514,2470,2023-09-20 14:52:31,tablet,2.82,7
6515,80,2023-09-05 06:49:54,mobile,7.83,5
6516,2291,2024-06-09 21:34:39,mobile,10.66,5
6517,1254,2024-10-18 07:38:40,mobile,6.53,8
6518,1400,2024-05-21 21:24:19,mobile,12.51,6
6519,652,2024-03-24 02:20:50,tablet,6.35,9
6520,2271,2023-09-21 07:43:33,mobile,7.45,1
6521,1797,2023-10-11 21:31:43,tablet,9.46,1
6522,641,2023-06-20 19:44:36,desktop,4.06,4
6523,368,2024-10-27 15:10:08,desktop,8.59,7
6524,393,2024-09-03 09:44:06,tablet,10.47,8
6525,252,2023-10-01 17:16:47,tablet,5.97,1
6526,1818,2024-04-24 04:45:14,mobile,9.28,7
6527,1245,2023-03-26 00:26:21,tablet,4.1,1
6528,1457,2024-12-06 17:08:21,mobile,5.5,4
6529,979,2024-08-27 09:26:47,mobile,1.66,1
6530,1269,2023-04-25 02:18:42,desktop,4.25,4
6531,188,2024-01-26 11:59:19,desktop,7.5,1
6532,1858,2023-02-09 11:01:56,tablet,8.0,9
6533,2489,2023-09-19 09:10:53,tablet,7.28,5
6534,2358,2023-08-28 23:12:18,desktop,9.59,1
6535,596,2024-07-30 15:11:09,mobile,8.05,1
6536,749,2024-08-04 13:03:46,mobile,4.92,7
6537,2498,2024-04-07 12:43:15,tablet,4.64,5
6538,1612,2023-02-07 12:51:20,mobile,14.65,1
6539,57,2023-06-18 00:42:46,mobile,13.72,7
6540,1128,2023-12-03 03:51:18,desktop,6.79,4
6541,843,2023-03-15 10:51:03,desktop,6.9,3
6542,2173,2023-09-07 07:35:51,tablet,9.58,11
6543,2198,2024-12-27 15:56:32,tablet,6.67,7
6544,937,2024-09-17 02:21:15,mobile,1.29,1
6545,770,2024-10-30 12:50:32,tablet,7.67,8
6546,2211,2024-10-08 01:57:14,tablet,0.37,7
6547,1450,2024-02-09 08:16:09,mobile,3.17,5
6548,1948,2024-12-08 20:43:20,tablet,8.95,3
6549,448,2024-11-15 05:24:50,tablet,5.25,5
6550,1730,2024-03-23 01:30:59,tablet,9.49,2
6551,2142,2023-08-07 07:32:01,tablet,13.6,13
6552,2143,2023-08-30 01:23:04,mobile,4.29,3
6553,1242,2023-07-18 07:29:28,desktop,1.87,4
6554,1385,2024-03-11 23:22:04,tablet,9.16,8
6555,510,2024-09-11 03:38:58,tablet,5.42,2
6556,2090,2024-08-09 08:42:02,desktop,4.09,6
6557,382,2024-05-04 20:06:37,tablet,7.75,2
6558,1255,2023-03-07 06:13:57,tablet,12.67,5
6559,2337,2023-10-22 23:46:29,mobile,6.62,8
6560,776,2023-08-21 12:20:09,tablet,3.63,8
6561,1720,2024-10-30 16:27:43,mobile,9.12,1
6562,896,2024-05-02 12:55:43,desktop,6.91,1
6563,687,2023-12-01 15:10:18,desktop,10.22,2
6564,654,2024-05-01 15:44:37,desktop,3.14,10
6565,1229,2023-01-31 00:38:58,mobile,4.39,6
6566,2330,2023-10-30 16:55:26,mobile,6.69,6
6567,199,2024-04-04 07:31:37,tablet,8.81,1
6568,1752,2023-06-13 15:03:50,mobile,10.09,6
6569,694,2024-04-15 00:54:26,mobile,3.37,7
6570,458,2024-11-08 17:38:36,tablet,10.35,1
6571,1290,2023-05-13 21:14:12,mobile,3.52,5
6572,332,2023-01-22 06:29:02,mobile,4.13,3
6573,1755,2023-12-07 21:56:57,desktop,7.39,9
6574,1737,2024-11-05 10:08:14,tablet,13.39,9
6575,2105,2023-12-15 08:06:28,desktop,4.91,1
6576,1290,2024-07-10 07:26:56,mobile,13.78,3
6577,2170,2024-08-25 16:20:18,mobile,7.82,5
6578,1483,2023-05-12 03:44:46,tablet,8.13,4
6579,846,2024-03-16 03:44:51,desktop,11.56,2
6580,680,2023-11-20 14:08:33,desktop,0.77,6
6581,1698,2023-07-01 11:50:31,mobile,2.98,1
6582,704,2024-04-24 13:19:30,tablet,1.13,6
6583,1422,2023-04-12 21:09:51,desktop,7.5,6
6584,963,2023-10-25 07:03:57,tablet,8.17,8
6585,1456,2024-09-18 19:11:59,tablet,0.2,7
6586,132,2024-01-26 23:00:12,desktop,0.82,5
6587,2477,2023-09-20 23:08:33,desktop,7.09,3
6588,2300,2024-02-21 09:28:01,desktop,10.29,3
6589,1469,2023-02-12 22:58:23,desktop,0.2,4
6590,161,2024-09-16 19:43:19,mobile,18.94,6
6591,1792,2024-09-18 04:09:49,mobile,6.48,2
6592,1925,2023-10-17 22:25:30,tablet,3.67,5
6593,2273,2023-04-22 14:54:25,desktop,5.77,2
6594,553,2024-01-20 20:52:42,mobile,1.43,4
6595,2095,2024-03-09 09:12:15,mobile,10.24,6
6596,2273,2023-08-16 00:40:33,desktop,13.68,7
6597,763,2024-02-27 19:57:16,tablet,8.97,1
6598,1136,2023-01-28 11:38:54,desktop,6.94,4
6599,621,2023-05-30 00:00:06,desktop,0.2,8
6600,2291,2023-07-02 21:29:50,tablet,6.46,10
6601,614,2024-05-07 14:48:51,mobile,13.98,6
6602,1925,2023-02-18 04:36:16,desktop,9.73,1
6603,2368,2024-06-03 14:13:09,desktop,7.54,2
6604,1635,2023-09-21 07:50:12,desktop,7.12,6
6605,709,2023-02-09 17:20:27,tablet,7.99,2
6606,475,2024-05-05 06:45:56,desktop,4.8,4
6607,735,2024-10-03 10:47:05,desktop,7.04,5
6608,2424,2023-03-29 08:43:57,tablet,0.2,4
6609,82,2024-03-27 23:00:23,mobile,6.44,5
6610,1191,2023-06-08 07:34:08,tablet,5.49,4
6611,1882,2023-06-11 05:17:35,tablet,11.13,10
6612,1343,2023-11-12 14:45:46,mobile,10.16,8
6613,537,2023-12-11 22:42:03,tablet,3.85,7
6614,1937,2023-04-11 17:26:54,desktop,13.07,4
6615,1970,2023-07-14 07:58:03,mobile,5.32,2
6616,2170,2024-08-27 04:47:45,tablet,9.8,6
6617,307,2024-10-29 01:01:36,desktop,0.2,2
6618,977,2023-10-09 00:22:31,tablet,0.2,3
6619,922,2024-12-14 22:05:14,mobile,11.29,7
6620,1723,2024-02-18 19:52:26,desktop,4.82,6
6621,2348,2023-02-28 08:42:18,mobile,11.73,1
6622,1676,2024-01-05 16:43:37,mobile,3.6,1
6623,1864,2024-10-23 21:25:18,mobile,5.24,5
6624,1255,2023-05-26 18:19:18,mobile,9.65,1
6625,1619,2024-11-14 02:58:29,tablet,5.02,5
6626,399,2023-10-27 09:22:52,tablet,0.2,7
6627,1465,2024-03-15 12:23:07,mobile,8.63,6
6628,2029,2023-12-20 08:46:35,tablet,3.33,3
6629,632,2023-07-17 10:27:54,mobile,5.99,3
6630,1675,2023-06-26 05:10:29,desktop,8.92,7
6631,100,2024-09-16 05:34:27,desktop,1.48,5
6632,2499,2023-04-03 08:43:39,mobile,2.72,4
6633,1877,2023-04-29 08:02:43,tablet,2.62,3
6634,182,2024-02-26 03:11:29,desktop,8.29,10
6635,498,2024-06-07 02:19:29,mobile,11.93,5
6636,2483,2024-04-23 04:30:14,tablet,0.56,4
6637,495,2024-10-28 21:10:54,tablet,6.2,5
6638,1961,2023-06-03 21:24:12,tablet,4.57,7
6639,2484,2024-04-05 01:26:50,desktop,6.22,6
6640,33,2024-01-13 00:40:23,desktop,4.84,1
6641,1782,2024-08-06 18:46:20,desktop,0.78,1
6642,189,2023-12-28 09:20:38,desktop,1.49,4
6643,326,2023-03-14 00:25:32,desktop,7.0,2
6644,1772,2023-05-18 08:05:49,desktop,1.77,4
6645,917,2023-07-22 13:54:33,tablet,11.16,7
6646,2363,2023-08-23 02:24:48,mobile,0.2,10
6647,1571,2023-08-02 20:09:45,desktop,6.42,1
6648,435,2024-01-03 22:35:03,desktop,10.83,4
6649,661,2023-03-11 08:48:10,mobile,4.0,1
6650,238,2024-07-21 04:19:34,mobile,0.2,2
6651,2274,2024-07-11 05:20:13,mobile,5.75,3
6652,2351,2024-01-17 20:52:21,mobile,16.41,8
6653,2429,2023-05-23 19:03:32,mobile,9.03,1
6654,2002,2023-11-05 01:02:01,tablet,10.95,3
6655,986,2024-05-27 04:30:23,tablet,2.81,5
6656,440,2023-09-14 23:48:17,tablet,1.34,9
6657,1881,2024-08-13 14:37:56,desktop,0.25,6
6658,1548,2024-02-04 20:45:13,mobile,1.56,1
6659,2102,2024-10-19 10:45:49,mobile,7.3,5
6660,119,2024-10-10 18:18:37,desktop,5.79,3
6661,256,2023-04-24 09:54:28,mobile,0.78,7
6662,1507,2024-07-15 05:26:02,tablet,0.2,3
6663,1163,2024-11-24 23:47:57,desktop,7.17,3
6664,1589,2023-02-22 23:40:53,desktop,9.58,3
6665,2028,2023-09-28 09:44:36,tablet,6.29,1
6666,2002,2024-06-16 11:35:47,mobile,1.9,1
6667,1582,2024-03-20 11:04:33,mobile,2.28,1
6668,1333,2023-06-17 21:52:02,tablet,6.45,9
6669,298,2023-09-20 14:16:41,desktop,7.69,5
6670,1436,2023-07-29 19:18:13,desktop,10.46,1
6671,1825,2023-08-27 05:32:36,mobile,2.61,2
6672,1877,2023-07-14 17:07:03,tablet,6.6,7
6673,847,2023-12-16 11:06:10,mobile,6.47,1
6674,862,2023-04-06 10:58:36,mobile,6.85,8
6675,1739,2024-09-21 11:02:06,mobile,0.2,7
6676,554,2024-12-05 11:39:15,mobile,10.15,8
6677,1736,2024-08-14 07:42:00,desktop,6.23,5
6678,730,2024-05-04 11:31:28,mobile,0.2,12
6679,1939,2023-11-25 08:05:46,tablet,9.29,8
6680,1864,2023-10-03 09:32:15,tablet,6.32,9
6681,645,2024-05-03 02:47:38,desktop,1.82,2
6682,238,2023-08-23 01:28:24,desktop,8.42,4
6683,1251,2023-11-06 17:02:04,mobile,7.51,2
6684,850,2024-04-02 16:26:59,desktop,6.71,3
6685,700,2023-11-30 22:22:04,desktop,8.08,8
6686,859,2024-11-06 06:36:12,desktop,5.54,1
6687,2113,2024-09-11 22:26:45,tablet,6.61,2
6688,2430,2023-04-04 16:31:53,tablet,1.28,5
6689,2217,2023-12-09 13:41:48,tablet,2.1,7
6690,539,2023-01-20 23:45:30,tablet,3.51,5
6691,928,2023-10-08 06:46:34,tablet,4.22,3
6692,1832,2023-10-09 02:48:34,desktop,4.07,1
6693,132,2023-11-13 06:08:22,tablet,9.04,5
6694,489,2024-06-09 09:15:55,mobile,3.33,4
6695,838,2024-08-10 21:01:37,desktop,9.02,5
6696,1778,2023-11-11 07:55:27,desktop,1.67,9
6697,1812,2023-08-17 10:09:53,desktop,5.74,6
6698,1893,2024-06-25 12:21:29,desktop,0.78,10
6699,377,2023-11-28 02:03:06,tablet,0.2,1
6700,1484,2024-11-14 23:58:22,desktop,4.41,9
6701,581,2023-03-19 15:46:16,mobile,11.43,14
6702,1755,2024-06-23 18:16:48,desktop,2.51,8
6703,119,2023-10-12 17:23:08,tablet,2.69,1
6704,1707,2024-09-30 12:24:13,desktop,8.13,4
6705,694,2024-12-24 08:04:41,tablet,5.44,4
6706,37,2024-02-06 06:03:02,mobile,8.39,4
6707,2154,2024-08-21 00:40:46,mobile,3.72,6
6708,2392,2023-12-13 13:05:05,desktop,4.02,3
6709,1385,2024-09-20 20:11:49,tablet,8.98,3
6710,354,2023-06-18 18:12:05,tablet,3.31,6
6711,2480,2024-06-23 23:31:05,tablet,6.53,2
6712,159,2024-07-11 08:24:49,mobile,1.1,9
6713,580,2023-01-23 22:58:46,tablet,6.67,5
6714,1699,2023-02-12 02:18:52,tablet,3.77,3
6715,182,2024-04-13 20:57:12,mobile,3.55,5
6716,956,2024-06-20 17:35:03,mobile,11.8,5
6717,241,2024-05-04 03:15:37,desktop,0.2,2
6718,765,2023-04-09 23:51:56,mobile,9.34,3
6719,2212,2023-07-10 02:11:13,mobile,0.2,2
6720,1432,2023-08-16 16:20:10,tablet,11.31,3
6721,838,2024-12-31 09:07:31,desktop,7.42,2
6722,2216,2024-11-18 19:29:15,mobile,1.81,4
6723,988,2023-04-28 05:46:37,tablet,3.86,5
6724,2460,2024-10-18 08:42:32,desktop,0.2,7
6725,233,2024-11-23 19:56:15,mobile,2.13,1
6726,1944,2023-01-31 07:56:56,desktop,5.2,3
6727,2299,2024-01-28 14:46:34,mobile,12.0,4
6728,433,2024-06-07 03:31:06,mobile,3.72,4
6729,1669,2024-03-09 21:47:33,desktop,7.26,7
6730,334,2024-05-31 14:27:58,tablet,5.38,5
6731,619,2024-04-26 05:28:33,tablet,8.91,5
6732,1163,2023-07-20 05:43:56,desktop,7.55,6
6733,1313,2023-07-06 16:33:12,tablet,14.67,4
6734,1522,2023-02-26 11:52:52,mobile,10.72,2
6735,1868,2024-07-14 06:58:49,desktop,7.46,1
6736,622,2023-03-07 04:12:58,mobile,7.95,4
6737,413,2023-11-27 22:08:25,tablet,3.17,6
6738,2281,2023-03-18 04:33:56,desktop,5.22,8
6739,2011,2023-03-19 12:40:40,desktop,1.73,4
6740,817,2024-07-22 14:43:50,desktop,6.68,7
6741,1252,2023-02-16 17:01:51,tablet,16.64,6
6742,1949,2024-12-20 16:13:02,desktop,8.43,5
6743,2473,2024-03-23 13:57:22,tablet,0.2,8
6744,746,2024-04-06 01:11:25,desktop,5.61,4
6745,2428,2024-11-09 12:11:58,desktop,10.36,4
6746,2364,2024-12-28 18:20:56,tablet,8.66,2
6747,1599,2024-03-20 08:10:03,tablet,7.71,9
6748,1227,2023-07-18 16:15:20,mobile,8.47,1
6749,2069,2023-11-28 05:14:07,desktop,9.07,5
6750,1718,2023-02-09 20:55:03,desktop,7.03,9
6751,221,2024-11-17 00:47:00,desktop,5.4,7
6752,1741,2023-03-10 02:16:33,desktop,4.44,6
6753,2147,2023-07-03 11:00:40,mobile,8.87,3
6754,814,2024-08-13 23:36:04,desktop,7.91,1
6755,1418,2024-03-15 00:20:42,mobile,6.21,6
6756,1635,2024-07-26 17:22:58,tablet,5.36,6
6757,544,2024-08-26 11:23:36,mobile,5.76,1
6758,1960,2023-07-14 13:35:54,mobile,9.82,9
6759,177,2023-08-16 17:47:46,tablet,10.44,1
6760,2343,2023-11-25 06:30:37,tablet,14.33,5
6761,1679,2023-07-26 12:09:11,mobile,5.27,1
6762,212,2023-03-25 11:47:29,tablet,9.46,3
6763,1138,2023-02-24 21:09:58,tablet,3.72,4
6764,1550,2023-04-16 00:38:43,tablet,1.98,6
6765,296,2024-08-17 13:33:08,tablet,16.14,2
6766,1489,2023-03-14 20:53:39,tablet,6.21,5
6767,189,2023-07-08 08:13:39,mobile,0.2,6
6768,823,2023-04-16 09:15:50,desktop,0.2,6
6769,934,2024-05-12 04:51:04,tablet,3.49,6
6770,2176,2023-02-09 16:23:32,mobile,3.9,3
6771,730,2024-12-23 10:17:58,desktop,3.53,2
6772,1345,2024-01-19 02:06:21,mobile,5.13,2
6773,860,2023-10-27 01:54:45,tablet,0.2,2
6774,2293,2024-11-04 09:38:08,desktop,10.6,6
6775,483,2024-10-01 15:09:27,mobile,0.2,5
6776,174,2023-08-10 01:42:11,tablet,0.2,3
6777,2023,2024-03-15 13:05:00,desktop,4.92,6
6778,1714,2023-06-04 20:58:44,mobile,6.72,1
6779,2362,2024-09-20 04:58:54,tablet,3.98,9
6780,1824,2024-01-16 13:48:09,tablet,4.47,10
6781,661,2023-08-07 06:34:10,tablet,4.65,6
6782,2381,2023-07-02 06:33:37,desktop,9.15,2
6783,2348,2023-02-24 10:01:38,mobile,8.52,1
6784,1477,2023-03-24 03:21:59,mobile,5.66,1
6785,2112,2023-09-16 15:35:51,tablet,8.06,5
6786,100,2023-10-07 05:25:24,desktop,9.08,3
6787,1432,2023-06-18 09:40:21,tablet,8.18,7
6788,1349,2024-08-26 23:13:17,tablet,0.2,2
6789,1712,2024-08-26 11:27:10,tablet,5.03,1
6790,1818,2023-09-02 22:13:39,mobile,8.65,7
6791,853,2024-03-19 15:34:53,desktop,2.94,1
6792,897,2024-08-21 16:44:58,tablet,7.41,8
6793,102,2023-11-24 16:35:51,tablet,7.2,8
6794,761,2024-11-22 15:33:17,desktop,0.2,7
6795,128,2023-09-26 16:02:49,desktop,0.2,2
6796,558,2024-04-22 20:44:14,mobile,2.86,2
6797,561,2024-10-19 11:41:53,tablet,4.89,5
6798,2156,2024-09-17 04:10:39,mobile,4.39,9
6799,883,2023-01-27 05:29:37,desktop,10.03,4
6800,2279,2023-12-03 15:41:58,desktop,9.12,1
6801,1928,2024-03-14 20:08:41,mobile,11.98,3
6802,1040,2023-11-26 15:33:54,tablet,5.14,3
6803,790,2024-10-05 16:22:34,desktop,5.4,1
6804,1426,2024-05-10 12:49:57,tablet,3.47,1
6805,950,2023-11-29 10:30:15,mobile,4.63,1
6806,296,2023-08-05 09:15:45,desktop,5.88,1
6807,1611,2023-05-18 05:16:33,desktop,7.7,4
6808,101,2023-03-15 17:58:17,desktop,5.55,6
6809,2393,2023-10-04 21:37:58,desktop,3.8,9
6810,1565,2023-04-08 19:57:27,tablet,0.2,1
6811,1569,2023-11-19 13:49:12,desktop,5.61,4
6812,2074,2024-07-28 02:48:00,mobile,7.2,2
6813,18,2024-08-10 00:36:30,desktop,18.2,9
6814,1996,2024-04-18 06:19:35,desktop,0.2,1
6815,1009,2023-11-08 17:43:29,desktop,10.03,4
6816,958,2024-06-28 14:42:35,tablet,2.29,6
6817,431,2023-10-07 21:32:41,desktop,6.96,1
6818,2187,2024-11-24 18:17:15,mobile,13.62,6
6819,1467,2023-11-27 06:55:03,desktop,7.49,6
6820,659,2024-01-10 21:16:51,desktop,6.89,5
6821,1256,2024-04-06 20:35:50,tablet,6.09,2
6822,2470,2024-12-24 14:38:43,tablet,6.69,6
6823,522,2024-12-04 19:55:04,tablet,8.75,8
6824,253,2023-05-24 23:30:42,tablet,12.24,5
6825,353,2023-08-23 19:59:46,desktop,9.81,6
6826,822,2024-07-19 14:41:54,desktop,1.13,7
6827,1263,2023-11-15 09:33:53,mobile,9.42,7
6828,867,2023-07-01 06:40:08,desktop,5.63,7
6829,2242,2023-06-16 06:03:11,tablet,5.82,8
6830,1153,2024-05-23 05:15:51,mobile,0.2,10
6831,111,2024-09-22 17:59:08,desktop,4.06,7
6832,1990,2023-11-09 19:39:24,mobile,12.83,5
6833,941,2024-03-16 14:38:22,tablet,0.2,2
6834,1279,2023-12-22 19:57:50,mobile,8.0,10
6835,649,2023-07-29 19:53:51,tablet,3.85,10
6836,2359,2023-03-06 00:56:18,desktop,10.3,1
6837,134,2024-09-17 08:58:57,tablet,10.42,9
6838,839,2024-05-09 11:32:59,mobile,13.93,3
6839,934,2024-12-22 00:55:44,tablet,3.44,7
6840,2022,2024-05-16 17:06:59,tablet,0.2,2
6841,1069,2023-01-17 21:38:58,mobile,3.85,10
6842,598,2024-02-06 18:10:50,mobile,2.61,3
6843,1110,2024-11-18 01:58:31,mobile,5.35,3
6844,269,2024-07-31 13:55:27,mobile,12.6,1
6845,1789,2023-05-14 09:10:23,desktop,4.98,9
6846,1477,2023-05-04 15:46:57,desktop,5.55,1
6847,2137,2023-04-09 08:10:23,mobile,4.39,4
6848,1779,2024-07-13 06:11:30,tablet,10.35,13
6849,738,2024-02-16 16:12:57,tablet,7.75,7
6850,2152,2023-07-03 18:45:12,desktop,8.56,9
6851,2374,2023-08-16 09:23:41,tablet,7.74,3
6852,892,2023-03-27 14:25:15,mobile,6.89,4
6853,133,2023-08-23 16:38:48,desktop,4.89,2
6854,689,2024-03-14 06:55:45,mobile,3.51,4
6855,923,2024-10-05 11:12:54,tablet,8.59,2
6856,809,2024-10-03 07:51:26,desktop,3.48,1
6857,320,2023-06-26 20:09:02,tablet,4.91,4
6858,812,2023-04-30 11:06:42,desktop,0.2,5
6859,221,2023-06-06 19:56:23,mobile,4.53,3
6860,269,2024-03-26 21:56:49,desktop,5.42,5
6861,1160,2024-12-06 01:41:05,mobile,8.46,4
6862,208,2023-12-11 23:36:51,mobile,1.3,11
6863,1592,2024-02-06 11:33:06,mobile,11.96,3
6864,381,2023-12-19 09:36:25,tablet,0.25,9
6865,2199,2023-11-19 17:11:10,mobile,6.05,2
6866,55,2023-02-25 16:40:42,desktop,0.2,4
6867,1743,2023-11-25 15:11:36,desktop,9.61,6
6868,592,2024-10-11 04:29:02,mobile,1.67,9
6869,199,2024-08-01 03:00:07,desktop,11.89,1
6870,556,2024-02-06 12:59:21,desktop,13.84,7
6871,563,2023-05-23 17:40:28,mobile,2.62,2
6872,747,2024-05-26 11:41:13,mobile,2.67,7
6873,2219,2023-07-29 02:31:01,mobile,3.04,2
6874,942,2023-02-23 07:09:27,mobile,0.2,5
6875,626,2024-01-13 08:59:07,desktop,11.29,10
6876,699,2024-01-15 18:46:50,tablet,10.91,7
6877,1675,2024-03-23 19:03:48,tablet,0.2,3
6878,1934,2024-07-01 21:58:14,mobile,5.37,4
6879,104,2023-02-13 00:44:04,tablet,8.9,8
6880,1587,2024-07-11 15:58:03,mobile,5.89,5
6881,223,2023-09-27 18:15:35,mobile,4.91,4
6882,1562,2023-12-02 09:56:31,tablet,7.75,5
6883,234,2023-03-01 13:04:51,desktop,8.09,5
6884,53,2024-07-25 02:56:56,tablet,8.48,2
6885,207,2023-05-12 03:08:19,desktop,8.49,1
6886,1687,2023-08-11 07:48:43,tablet,0.2,6
6887,1214,2024-01-28 02:13:55,tablet,10.25,1
6888,1243,2023-08-31 21:08:08,desktop,9.74,4
6889,999,2023-05-05 14:07:05,mobile,6.69,5
6890,809,2024-05-18 14:05:33,mobile,6.19,5
6891,1647,2023-08-21 03:12:24,tablet,10.86,4
6892,1237,2024-08-04 23:16:24,tablet,7.75,7
6893,443,2024-02-19 18:20:12,mobile,5.15,6
6894,1798,2023-12-24 09:07:02,desktop,5.39,1
6895,2340,2024-01-22 17:16:26,desktop,7.02,8
6896,2161,2024-12-28 13:22:04,tablet,10.75,1
6897,1555,2023-03-03 19:47:24,mobile,0.2,6
6898,1382,2024-12-07 04:05:00,tablet,3.85,4
6899,2074,2023-05-01 19:01:37,desktop,12.64,5
6900,321,2024-01-30 11:57:56,tablet,1.69,5
6901,1079,2024-08-27 05:24:13,desktop,4.99,7
6902,337,2023-02-14 12:25:52,desktop,9.2,8
6903,523,2023-04-02 04:19:13,desktop,0.2,7
6904,1505,2023-06-23 20:39:30,tablet,6.76,6
6905,797,2024-05-21 18:49:11,mobile,4.39,1
6906,852,2023-10-24 21:41:31,tablet,7.68,4
6907,1640,2023-05-09 02:06:00,desktop,6.68,4
6908,1110,2024-09-21 12:11:41,tablet,6.94,2
6909,1938,2023-03-08 19:24:18,mobile,3.9,8
6910,1943,2023-01-03 00:21:13,tablet,4.04,4
6911,418,2023-11-05 05:02:32,mobile,4.82,12
6912,2486,2023-04-29 08:11:03,desktop,10.2,4
6913,1766,2023-11-26 16:23:03,tablet,7.07,6
6914,436,2023-02-11 16:11:32,tablet,1.73,5
6915,2292,2023-09-03 07:12:14,desktop,0.73,5
6916,2464,2024-08-14 02:04:05,mobile,8.06,3
6917,1185,2024-01-26 13:42:33,tablet,9.82,7
6918,1682,2024-09-20 22:06:30,desktop,10.23,6
6919,886,2023-11-28 20:34:13,tablet,0.2,9
6920,767,2023-09-19 21:18:15,tablet,6.81,5
6921,446,2023-11-26 09:57:37,desktop,12.05,2
6922,1404,2024-03-16 18:29:34,desktop,0.2,1
6923,2470,2024-01-22 03:13:29,desktop,6.2,6
6924,1709,2023-05-07 19:59:19,tablet,10.1,3
6925,1351,2024-08-05 21:01:26,mobile,0.52,1
6926,33,2023-11-14 12:08:57,tablet,7.86,1
6927,2434,2023-01-03 02:37:15,mobile,7.16,4
6928,1032,2023-09-20 02:03:22,desktop,9.7,7
6929,1130,2024-02-27 07:26:49,mobile,16.34,3
6930,1924,2024-03-05 15:36:13,tablet,3.5,4
6931,71,2023-08-28 13:41:38,mobile,1.93,4
6932,686,2024-03-31 15:33:48,mobile,7.97,10
6933,1753,2024-08-30 08:00:31,tablet,8.22,7
6934,815,2023-02-26 21:57:52,mobile,4.64,4
6935,820,2023-10-22 11:32:02,mobile,2.66,1
6936,1426,2023-05-18 14:12:22,tablet,0.57,1
6937,130,2024-10-31 23:30:58,tablet,3.32,2
6938,2180,2023-01-19 02:59:40,mobile,5.71,4
6939,433,2024-08-04 07:53:04,tablet,4.6,1
6940,1465,2024-11-21 12:34:25,desktop,7.41,8
6941,2383,2024-11-18 13:05:14,desktop,10.1,1
6942,2400,2023-06-17 13:35:12,desktop,16.12,1
6943,2318,2024-01-13 09:02:20,tablet,3.69,3
6944,1919,2024-11-14 20:36:30,desktop,4.51,4
6945,2189,2024-05-15 22:53:55,desktop,7.96,4
6946,1759,2023-05-18 07:18:19,tablet,6.6,3
6947,1717,2024-12-02 06:47:21,desktop,6.71,5
6948,2015,2023-01-27 23:53:08,desktop,3.51,4
6949,2269,2024-12-15 09:26:29,desktop,4.03,6
6950,511,2024-06-06 00:06:50,mobile,6.9,1
6951,823,2023-09-21 00:53:46,mobile,6.85,8
6952,131,2024-02-18 09:34:10,mobile,8.59,10
6953,2046,2023-04-11 00:06:11,desktop,2.65,3
6954,2038,2024-01-09 14:03:22,desktop,3.84,2
6955,1168,2023-08-08 10:46:34,tablet,2.7,6
6956,2446,2023-09-18 01:53:15,mobile,5.02,1
6957,131,2023-06-20 08:28:19,desktop,0.39,1
6958,17,2024-08-20 06:51:29,desktop,8.26,4
6959,2489,2023-11-16 13:02:57,tablet,5.74,6
6960,1719,2024-03-07 23:02:39,tablet,5.7,9
6961,690,2023-02-17 14:52:07,tablet,0.67,6
6962,1690,2023-05-13 01:33:51,desktop,7.77,7
6963,2001,2023-02-10 01:36:49,mobile,9.98,3
6964,700,2024-02-25 10:53:22,mobile,10.71,6
6965,1538,2024-04-16 15:50:51,tablet,0.73,7
6966,1884,2023-07-12 15:38:41,desktop,6.5,2
6967,716,2024-05-18 01:29:59,mobile,15.29,1
6968,2107,2024-11-23 09:33:49,tablet,3.28,2
6969,461,2024-08-16 16:47:33,mobile,13.44,6
6970,723,2024-11-15 07:01:32,desktop,6.31,6
6971,742,2024-09-12 03:00:09,desktop,8.41,6
6972,1768,2023-12-12 18:02:03,mobile,8.81,6
6973,2050,2023-12-30 08:22:31,desktop,11.1,5
6974,547,2023-11-06 01:08:58,mobile,11.5,1
6975,1757,2023-08-09 09:11:35,mobile,7.86,8
6976,862,2024-02-26 20:51:31,tablet,1.02,4
6977,833,2023-06-26 01:14:44,desktop,2.13,2
6978,1819,2024-07-04 18:35:08,desktop,6.51,4
6979,1143,2023-02-10 20:24:47,mobile,13.25,2
6980,926,2023-09-12 07:04:43,tablet,8.15,7
6981,883,2023-01-02 10:10:37,mobile,9.88,7
6982,1049,2023-04-08 12:28:19,mobile,3.44,8
6983,1416,2023-06-15 23:55:56,desktop,7.21,4
6984,583,2024-06-05 13:16:24,desktop,1.13,1
6985,1953,2023-01-10 18:23:25,desktop,4.67,6
6986,2441,2023-06-19 16:09:30,tablet,0.2,9
6987,1381,2024-11-28 01:10:11,desktop,9.02,4
6988,2422,2024-08-09 20:03:46,tablet,9.41,4
6989,1273,2023-10-17 04:52:58,tablet,6.77,2
6990,1473,2024-04-14 14:38:02,tablet,6.54,11
6991,1673,2023-03-21 14:34:10,desktop,8.85,7
6992,880,2024-12-22 12:49:38,desktop,7.46,7
6993,2066,2024-01-05 21:27:20,tablet,17.49,4
6994,1100,2024-01-03 16:00:53,desktop,7.82,4
6995,2,2024-09-11 20:42:29,mobile,10.06,6
6996,713,2024-02-10 16:50:41,mobile,14.44,1
6997,1698,2024-02-10 23:04:22,mobile,7.98,1
6998,1867,2023-04-11 14:11:57,desktop,11.4,1
6999,1975,2024-10-26 17:25:20,mobile,8.43,7
7000,480,2024-03-15 10:30:23,desktop,3.81,3
7001,1180,2024-11-21 21:33:28,tablet,0.2,3
7002,1681,2024-02-08 23:25:45,mobile,8.53,4
7003,92,2024-04-03 17:20:37,tablet,3.79,6
7004,1179,2024-04-26 07:54:42,desktop,6.91,2
7005,1913,2024-03-01 07:35:26,mobile,6.58,4
7006,376,2024-08-12 23:46:58,desktop,11.05,4
7007,2026,2024-10-28 07:40:00,desktop,0.2,7
7008,1519,2024-11-02 15:21:46,tablet,6.44,10
7009,906,2024-03-15 09:38:58,tablet,8.06,7
7010,497,2024-04-11 04:14:07,desktop,9.44,4
7011,2017,2024-07-23 05:51:57,desktop,3.64,4
7012,919,2023-08-14 05:00:10,desktop,0.2,4
7013,1588,2024-07-17 17:35:34,mobile,8.38,7
7014,200,2024-06-06 11:36:45,mobile,0.2,4
7015,1414,2023-08-10 00:39:09,mobile,5.47,6
7016,1362,2023-03-14 17:36:35,mobile,6.45,6
7017,2268,2023-08-04 09:59:45,tablet,7.84,1
7018,233,2024-09-23 17:37:51,mobile,3.07,1
7019,618,2023-04-22 02:16:16,desktop,10.62,3
7020,1953,2024-07-15 05:06:34,mobile,6.31,4
7021,323,2023-12-14 09:05:10,desktop,11.39,3
7022,2176,2024-07-03 23:26:02,mobile,11.73,5
7023,1885,2024-02-23 18:01:27,desktop,11.58,5
7024,26,2023-08-06 09:04:51,tablet,11.44,3
7025,1448,2023-05-11 09:08:06,mobile,3.68,5
7026,602,2024-05-17 16:59:23,tablet,1.6,1
7027,351,2023-11-09 01:03:16,tablet,4.97,1
7028,1260,2023-01-24 00:45:30,desktop,4.51,5
7029,88,2024-04-06 05:37:43,tablet,5.37,1
7030,1522,2024-09-12 15:09:33,mobile,12.74,4
7031,1433,2024-11-23 10:31:02,mobile,10.69,3
7032,1032,2023-08-31 04:45:11,desktop,4.35,1
7033,2140,2023-09-28 16:13:05,desktop,7.99,5
7034,2155,2023-11-05 02:56:20,desktop,4.18,2
7035,485,2023-11-15 22:57:39,tablet,1.52,6
7036,581,2023-07-14 04:52:15,desktop,2.73,5
7037,1182,2024-07-08 04:27:16,mobile,5.31,1
7038,1359,2024-09-17 21:26:52,mobile,14.56,10
7039,1509,2024-06-15 06:08:46,tablet,9.78,5
7040,2486,2023-04-25 18:45:37,tablet,4.94,5
7041,189,2024-03-13 20:07:11,mobile,9.22,12
7042,4,2023-02-11 23:20:01,tablet,7.35,3
7043,743,2023-05-24 08:49:15,mobile,5.43,5
7044,731,2023-01-21 21:36:49,desktop,2.48,4
7045,2416,2023-02-25 11:22:24,mobile,12.41,11
7046,1124,2024-11-10 09:16:39,desktop,10.93,3
7047,341,2023-07-08 02:14:05,mobile,4.55,2
7048,2391,2023-10-20 03:50:28,desktop,2.88,3
7049,1816,2024-08-10 15:43:38,mobile,5.47,7
7050,2182,2023-01-06 10:00:10,tablet,5.22,6
7051,917,2024-12-02 21:01:54,tablet,0.46,3
7052,1772,2024-12-15 21:15:50,mobile,1.74,1
7053,906,2023-03-07 14:43:34,desktop,4.35,3
7054,82,2023-05-21 18:13:18,mobile,11.29,11
7055,538,2024-03-26 23:25:16,desktop,10.47,6
7056,192,2024-05-11 05:33:42,desktop,1.74,7
7057,2365,2024-08-29 13:10:59,mobile,7.74,7
7058,1915,2023-07-13 17:59:05,mobile,10.59,1
7059,1846,2023-05-16 01:39:20,mobile,7.17,4
7060,1057,2024-12-25 02:11:28,desktop,12.05,5
7061,1201,2023-03-07 16:57:11,desktop,7.85,1
7062,1350,2023-12-13 22:07:04,desktop,7.38,5
7063,44,2023-01-08 18:51:48,tablet,9.88,5
7064,12,2023-08-24 11:22:25,mobile,6.92,6
7065,203,2024-11-09 08:09:45,mobile,8.08,8
7066,2348,2023-05-26 20:38:22,mobile,2.33,6
7067,154,2023-10-03 16:26:34,mobile,4.43,3
7068,3,2024-02-05 19:06:36,tablet,6.41,7
7069,876,2024-08-05 12:25:08,desktop,11.65,5
7070,904,2024-08-01 11:26:02,tablet,7.45,6
7071,1745,2024-06-24 03:45:34,desktop,8.77,1
7072,749,2024-09-14 18:48:59,desktop,3.66,2
7073,671,2023-08-16 22:19:29,mobile,5.7,1
7074,1062,2024-05-03 02:13:32,tablet,6.8,5
7075,148,2023-10-27 17:00:47,mobile,5.65,1
7076,2123,2023-12-20 13:53:23,tablet,7.49,10
7077,775,2023-09-30 17:10:41,desktop,12.33,3
7078,2291,2024-07-08 18:39:37,mobile,3.5,4
7079,1584,2024-08-21 13:27:09,tablet,4.56,10
7080,2052,2024-05-09 11:11:13,mobile,0.2,6
7081,2234,2024-09-26 21:13:38,tablet,7.38,1
7082,2409,2024-11-13 11:13:23,tablet,9.79,7
7083,1605,2023-05-16 03:00:54,tablet,6.3,7
7084,1997,2024-07-18 03:05:09,mobile,12.31,5
7085,1960,2024-04-25 19:23:09,mobile,5.43,8
7086,1958,2024-03-12 06:33:48,tablet,2.96,3
7087,2129,2023-10-28 01:28:13,desktop,5.52,2
7088,664,2024-05-29 16:44:49,desktop,12.63,10
7089,459,2023-10-06 03:41:31,desktop,7.2,2
7090,444,2023-03-11 00:06:36,desktop,6.96,5
7091,2491,2023-07-20 07:53:31,mobile,1.33,8
7092,2497,2023-08-08 11:20:49,mobile,3.06,3
7093,1318,2023-02-08 06:39:12,tablet,0.2,1
7094,86,2023-03-05 15:38:27,desktop,0.2,1
7095,326,2024-11-07 13:00:05,tablet,3.04,8
7096,1756,2023-05-16 06:27:34,tablet,7.62,2
7097,786,2023-12-19 07:46:43,tablet,5.58,1
7098,816,2023-02-16 21:37:47,tablet,4.75,8
7099,2015,2024-06-18 01:40:01,tablet,0.2,5
7100,1213,2023-08-16 22:27:55,mobile,0.2,2
7101,557,2023-11-09 18:52:50,mobile,8.24,4
7102,1884,2024-08-07 18:51:34,desktop,3.28,3
7103,1610,2023-07-09 20:42:45,desktop,5.26,1
7104,1284,2023-12-31 17:40:27,tablet,2.28,12
7105,1849,2024-12-02 03:47:12,tablet,1.89,2
7106,1927,2023-01-13 04:38:23,tablet,9.08,1
7107,2026,2023-03-11 23:50:44,desktop,8.3,10
7108,1145,2024-08-02 17:29:59,tablet,3.68,3
7109,700,2024-05-28 18:03:50,tablet,10.12,8
7110,724,2024-10-12 21:30:27,desktop,9.52,5
7111,1426,2024-11-05 11:07:11,mobile,2.66,1
7112,1992,2024-02-17 05:05:02,mobile,3.81,1
7113,419,2023-05-08 00:47:04,mobile,5.71,4
7114,1237,2023-04-13 09:04:44,mobile,8.16,1
7115,90,2024-05-31 16:27:19,tablet,9.54,6
7116,2092,2023-10-16 16:09:29,mobile,5.83,3
7117,780,2023-01-25 11:16:14,tablet,3.89,6
7118,1891,2023-11-20 11:50:02,mobile,8.9,2
7119,925,2024-02-16 03:18:07,tablet,4.88,7
7120,1334,2023-04-22 11:04:49,tablet,2.92,1
7121,391,2024-04-07 17:25:03,tablet,2.97,1
7122,688,2023-04-03 16:22:53,desktop,8.85,3
7123,1649,2023-05-13 06:54:59,mobile,1.65,1
7124,231,2024-07-09 19:24:20,desktop,9.85,1
7125,2015,2023-01-28 15:39:12,tablet,1.88,4
7126,1199,2024-12-20 15:42:21,desktop,9.82,9
7127,302,2023-08-28 11:48:23,mobile,8.64,4
7128,770,2023-07-05 00:26:40,desktop,7.03,8
7129,77,2023-03-01 19:57:09,tablet,2.62,3
7130,1666,2023-06-02 21:08:20,desktop,7.54,6
7131,2448,2023-07-03 14:34:01,desktop,5.13,1
7132,423,2023-12-14 05:37:54,desktop,2.36,8
7133,329,2024-09-22 08:36:37,tablet,6.53,1
7134,191,2023-09-14 16:30:29,desktop,3.76,3
7135,867,2023-02-18 07:44:57,desktop,2.75,5
7136,1631,2024-05-04 13:03:21,desktop,5.02,7
7137,1614,2024-04-15 19:25:21,mobile,7.56,6
7138,982,2023-04-10 20:02:40,tablet,2.05,3
7139,742,2024-02-25 03:21:16,mobile,7.67,5
7140,884,2024-02-07 10:57:19,desktop,4.98,6
7141,571,2024-05-15 13:28:15,tablet,6.49,9
7142,1775,2023-10-03 00:26:40,tablet,9.77,3
7143,1465,2023-12-16 21:59:59,tablet,0.2,5
7144,2459,2023-07-22 03:52:54,desktop,6.41,4
7145,1198,2024-11-25 10:42:43,tablet,2.85,9
7146,1979,2024-02-11 07:13:59,desktop,2.07,4
7147,303,2024-05-29 10:08:15,tablet,1.73,3
7148,2056,2024-02-20 03:54:15,mobile,2.97,2
7149,2118,2024-01-30 00:21:41,mobile,7.32,1
7150,2304,2023-02-24 01:32:15,tablet,1.76,4
7151,879,2024-02-13 08:11:19,desktop,3.75,6
7152,1497,2023-12-23 01:40:32,desktop,7.03,5
7153,652,2023-07-07 07:44:12,tablet,0.2,9
7154,1222,2024-08-30 05:58:25,desktop,2.06,3
7155,1332,2024-12-22 06:54:47,desktop,7.38,5
7156,1210,2024-10-05 18:50:30,mobile,2.66,1
7157,1320,2024-03-21 18:51:37,tablet,7.8,7
7158,2106,2024-10-05 19:48:15,desktop,0.2,2
7159,1021,2023-02-23 10:06:12,mobile,4.53,7
7160,1796,2023-03-31 08:21:50,mobile,2.3,8
7161,2490,2023-09-26 09:50:42,desktop,11.53,4
7162,668,2023-05-28 07:37:14,tablet,15.25,13
7163,1317,2024-04-22 12:45:01,desktop,2.36,4
7164,2428,2024-07-16 17:46:15,tablet,2.66,5
7165,796,2024-10-03 13:46:16,tablet,7.22,5
7166,1323,2023-07-22 21:26:26,desktop,9.63,1
7167,815,2024-03-30 11:12:59,tablet,6.79,4
7168,79,2023-07-24 23:59:25,desktop,8.78,1
7169,1430,2023-10-26 16:19:50,tablet,10.91,3
7170,521,2024-06-07 05:03:15,tablet,6.09,6
7171,1018,2023-05-30 13:57:41,desktop,4.36,6
7172,838,2023-07-19 15:08:51,mobile,1.81,5
7173,1446,2024-08-21 04:08:32,tablet,1.69,3
7174,397,2024-01-05 11:13:15,mobile,4.5,1
7175,980,2023-08-27 22:34:44,tablet,0.86,4
7176,1851,2024-03-07 03:55:10,mobile,5.89,9
7177,250,2023-11-08 13:48:20,mobile,1.2,2
7178,926,2024-09-11 17:12:26,desktop,2.43,3
7179,2297,2024-10-04 02:44:32,desktop,1.22,7
7180,535,2024-12-29 21:23:56,desktop,7.04,5
7181,476,2024-01-08 08:26:50,tablet,9.62,6
7182,687,2023-04-15 13:55:25,mobile,9.24,7
7183,1043,2024-09-09 10:22:33,desktop,4.99,7
7184,2433,2024-10-31 18:15:35,tablet,11.17,8
7185,1527,2024-06-08 18:11:19,desktop,6.45,6
7186,1158,2023-06-29 16:02:42,tablet,5.98,1
7187,1770,2023-10-24 05:16:56,mobile,1.3,10
7188,2430,2023-11-13 14:52:20,desktop,3.24,4
7189,1688,2024-09-24 00:31:16,tablet,5.78,7
7190,2282,2023-06-12 22:18:34,desktop,2.51,4
7191,1128,2023-05-02 17:05:23,desktop,7.56,1
7192,1126,2024-12-17 04:49:07,desktop,9.56,3
7193,1878,2023-11-07 22:55:45,tablet,5.34,4
7194,738,2024-05-17 19:45:36,desktop,6.08,4
7195,222,2024-03-04 01:01:51,mobile,0.2,1
7196,809,2023-09-06 12:18:54,desktop,0.76,1
7197,2342,2024-02-22 10:08:10,tablet,14.94,7
7198,1226,2023-08-02 21:57:31,tablet,10.05,4
7199,493,2023-12-04 19:49:50,tablet,8.48,1
7200,1469,2024-01-10 06:57:19,mobile,1.6,6
7201,2377,2024-08-27 08:23:35,mobile,5.52,2
7202,1578,2023-04-08 21:20:05,tablet,8.92,1
7203,792,2024-09-25 05:31:30,desktop,11.53,4
7204,567,2024-04-22 18:41:03,mobile,11.65,3
7205,1626,2023-01-01 12:50:43,tablet,3.56,5
7206,1791,2023-11-12 15:17:52,desktop,1.35,6
7207,1617,2024-01-19 11:57:00,mobile,3.94,2
7208,1268,2024-07-03 08:24:53,tablet,13.27,3
7209,538,2024-11-12 06:03:11,tablet,4.69,4
7210,1074,2023-05-13 00:32:51,tablet,10.81,9
7211,1922,2024-11-04 00:14:32,desktop,8.82,7
7212,1506,2024-10-07 06:59:08,mobile,2.33,1
7213,1326,2024-05-29 00:05:32,tablet,3.09,5
7214,1436,2023-04-19 04:36:00,mobile,8.5,4
7215,995,2023-08-22 05:26:39,desktop,9.99,2
7216,562,2024-03-06 01:12:06,tablet,5.49,1
7217,1556,2024-06-06 07:05:27,mobile,6.69,4
7218,22,2023-03-19 22:42:04,tablet,10.44,5
7219,2254,2023-10-08 23:10:35,desktop,0.2,8
7220,1122,2024-12-16 07:04:09,mobile,6.32,8
7221,1226,2023-04-10 09:03:34,tablet,4.65,2
7222,2357,2024-11-18 22:37:44,desktop,9.87,8
7223,1686,2023-02-28 06:40:35,mobile,10.36,5
7224,1980,2023-04-10 06:46:31,tablet,6.27,5
7225,2111,2024-05-04 00:30:21,desktop,11.81,4
7226,1132,2023-02-16 08:32:30,tablet,9.19,2
7227,159,2024-10-20 19:31:18,desktop,0.61,6
7228,482,2024-06-20 10:41:48,mobile,6.63,6
7229,397,2024-06-18 15:51:30,tablet,5.04,2
7230,990,2024-04-27 03:05:33,mobile,6.54,1
7231,1511,2023-05-04 05:09:43,desktop,5.69,5
7232,826,2023-10-01 09:26:01,tablet,5.93,3
7233,2262,2024-12-31 15:46:56,desktop,5.19,5
7234,2073,2023-02-12 15:12:38,desktop,5.34,10
7235,1678,2023-03-05 07:56:01,mobile,8.86,3
7236,417,2023-12-25 09:40:22,desktop,4.36,5
7237,36,2024-06-05 10:16:20,tablet,5.83,8
7238,465,2023-04-07 02:16:59,mobile,3.49,3
7239,747,2024-05-10 17:09:22,mobile,8.88,1
7240,180,2024-07-18 22:30:42,tablet,0.2,10
7241,2422,2023-05-10 08:57:47,tablet,6.34,5
7242,1058,2024-03-02 06:48:24,tablet,9.39,10
7243,2156,2023-10-11 18:56:38,desktop,0.46,5
7244,1277,2024-04-12 11:59:10,mobile,7.67,10
7245,1797,2023-05-18 22:02:17,tablet,0.2,7
7246,252,2023-12-01 19:31:26,mobile,5.01,2
7247,834,2024-10-10 06:31:21,mobile,7.38,10
7248,1747,2024-12-20 12:03:42,tablet,2.79,2
7249,1301,2023-03-14 21:32:30,tablet,1.22,4
7250,1635,2023-03-19 18:46:05,mobile,8.94,5
7251,1460,2023-04-27 23:05:18,desktop,11.33,4
7252,2466,2023-03-12 04:04:22,tablet,3.8,1
7253,2270,2024-07-03 23:34:25,desktop,8.45,7
7254,2112,2024-10-28 21:53:09,mobile,6.14,3
7255,44,2023-02-15 09:39:04,mobile,2.63,8
7256,86,2023-04-04 17:32:05,mobile,10.31,5
7257,1363,2023-09-21 19:03:04,mobile,4.99,1
7258,856,2023-12-14 23:42:56,desktop,2.02,3
7259,2264,2024-11-05 04:50:57,mobile,1.74,6
7260,1695,2023-02-26 02:18:49,desktop,2.14,4
7261,672,2024-01-25 01:39:34,tablet,9.07,7
7262,1462,2024-04-26 00:51:00,mobile,8.04,1
7263,547,2023-02-13 15:54:55,desktop,4.23,2
7264,423,2024-03-25 16:57:47,mobile,10.4,4
7265,2122,2023-03-08 20:25:51,desktop,2.78,8
7266,1728,2024-05-10 00:48:32,tablet,8.0,6
7267,1517,2024-05-26 00:43:48,tablet,10.49,5
7268,37,2023-08-06 16:07:41,desktop,5.73,8
7269,1941,2024-02-27 03:21:37,desktop,9.13,8
7270,1609,2024-05-29 16:10:03,mobile,15.45,6
7271,1170,2023-08-04 06:18:32,desktop,6.78,3
7272,2420,2024-10-14 00:09:22,desktop,7.18,1
7273,2072,2024-06-17 23:09:30,mobile,3.77,7
7274,164,2024-01-12 10:19:13,tablet,5.27,3
7275,1560,2024-09-23 00:02:55,tablet,9.02,1
7276,273,2024-10-31 06:41:45,tablet,6.57,6
7277,2173,2023-10-21 10:39:04,tablet,7.45,3
7278,1187,2023-01-20 01:43:14,mobile,8.48,3
7279,1045,2024-08-14 20:32:55,tablet,0.2,5
7280,1294,2024-07-19 22:22:49,desktop,7.43,2
7281,1993,2024-01-15 03:56:26,mobile,2.19,3
7282,1857,2024-08-07 08:19:11,tablet,0.2,4
7283,2388,2023-06-16 07:36:37,mobile,7.31,2
7284,2037,2024-04-18 14:30:10,tablet,0.2,8
7285,223,2023-03-07 23:25:11,desktop,2.56,5
7286,227,2023-02-04 05:46:29,mobile,0.2,1
7287,885,2023-07-09 08:07:47,mobile,5.09,1
7288,1092,2023-08-12 18:28:48,mobile,4.94,10
7289,1191,2024-10-01 17:34:14,tablet,7.76,3
7290,1296,2023-10-30 17:03:53,mobile,0.7,3
7291,543,2024-12-17 22:45:47,tablet,5.15,4
7292,1243,2023-09-27 00:02:30,desktop,1.69,3
7293,1161,2023-08-15 06:28:47,desktop,0.2,7
7294,1454,2023-07-30 00:06:40,desktop,3.38,3
7295,306,2024-12-08 23:32:35,tablet,7.43,4
7296,939,2023-10-10 18:58:29,tablet,7.59,6
7297,1178,2024-07-26 16:26:30,tablet,9.88,12
7298,1848,2024-05-22 12:01:47,mobile,3.92,1
7299,830,2023-12-20 14:51:30,mobile,1.9,4
7300,2243,2024-05-25 05:51:14,mobile,9.55,4
7301,1287,2024-12-02 08:56:02,tablet,4.9,4
7302,1416,2024-06-17 13:17:49,mobile,8.74,6
7303,1875,2023-08-09 14:30:43,desktop,9.87,4
7304,1906,2023-07-09 01:51:21,tablet,0.2,5
7305,2428,2023-02-02 19:52:47,mobile,5.14,6
7306,450,2023-02-13 09:10:17,mobile,8.94,1
7307,1864,2023-12-07 16:52:01,mobile,8.72,5
7308,756,2024-06-05 14:32:57,desktop,1.0,6
7309,1990,2023-02-06 19:44:32,desktop,4.44,2
7310,948,2023-09-16 21:25:34,tablet,9.15,1
7311,1335,2023-02-18 10:15:56,desktop,0.2,8
7312,718,2023-02-02 08:11:12,desktop,5.48,4
7313,2011,2023-10-28 15:30:46,desktop,10.34,3
7314,2146,2024-08-05 02:15:42,desktop,3.92,1
7315,1713,2023-07-22 17:33:04,mobile,2.27,5
7316,1120,2024-08-10 08:21:55,mobile,12.4,8
7317,1816,2024-11-03 13:27:50,mobile,2.15,5
7318,791,2023-09-03 22:11:14,desktop,0.2,4
7319,741,2023-10-27 15:21:43,tablet,3.95,6
7320,867,2023-06-21 02:33:08,tablet,6.91,8
7321,835,2023-08-21 09:31:38,desktop,7.77,9
7322,784,2023-10-09 12:54:12,desktop,3.37,4
7323,891,2024-09-20 12:16:54,tablet,5.74,8
7324,202,2023-08-04 23:26:06,desktop,7.31,5
7325,2438,2024-07-31 05:25:22,tablet,11.92,4
7326,1716,2024-09-07 10:49:13,desktop,0.81,7
7327,335,2024-06-15 15:23:21,desktop,2.9,2
7328,2479,2024-08-01 21:29:45,mobile,11.13,1
7329,733,2024-02-24 20:33:29,tablet,0.2,5
7330,1557,2024-06-06 17:05:45,tablet,11.02,1
7331,762,2024-09-24 20:39:28,desktop,3.96,1
7332,879,2023-05-21 14:58:57,mobile,3.44,3
7333,1314,2023-04-30 14:49:55,tablet,5.53,3
7334,2313,2024-02-28 13:10:06,mobile,4.06,6
7335,1031,2023-07-20 19:07:54,tablet,4.74,7
7336,581,2023-12-28 13:46:30,tablet,1.23,7
7337,1534,2024-03-18 19:53:59,tablet,0.2,1
7338,325,2024-03-04 11:22:02,mobile,4.07,6
7339,2349,2024-04-20 18:57:58,mobile,0.2,5
7340,2337,2024-08-06 00:11:42,desktop,16.69,5
7341,2172,2023-02-22 07:24:10,mobile,4.77,6
7342,730,2024-07-03 12:00:53,desktop,0.85,8
7343,330,2024-04-13 11:14:06,desktop,4.06,5
7344,898,2024-03-30 15:07:29,tablet,2.08,3
7345,41,2023-11-15 12:47:20,desktop,6.89,3
7346,850,2023-06-03 00:58:27,desktop,2.88,9
7347,255,2023-05-13 21:44:28,tablet,0.2,6
7348,1301,2024-02-16 03:27:38,tablet,2.28,7
7349,1805,2023-12-23 18:56:16,tablet,0.92,2
7350,2470,2024-12-25 06:28:51,tablet,4.31,1
7351,392,2024-10-24 02:22:53,desktop,13.54,11
7352,276,2023-03-20 11:49:46,mobile,6.58,7
7353,969,2023-07-02 22:49:11,desktop,5.3,3
7354,86,2023-02-04 02:40:50,tablet,4.55,1
7355,496,2023-06-05 01:42:21,tablet,3.74,4
7356,2251,2024-01-02 11:05:47,mobile,9.08,6
7357,1636,2024-09-28 02:38:50,desktop,1.93,8
7358,1356,2023-12-19 14:01:06,mobile,9.41,12
7359,2041,2023-06-14 18:44:35,desktop,4.79,7
7360,521,2023-09-20 15:21:22,desktop,0.2,6
7361,291,2023-02-05 01:09:09,tablet,16.04,1
7362,2057,2023-01-08 05:05:01,mobile,4.65,9
7363,2483,2023-07-16 03:18:29,mobile,5.68,4
7364,1865,2024-03-22 14:44:17,desktop,5.16,3
7365,1766,2023-04-11 00:26:55,desktop,6.74,6
7366,532,2023-12-09 14:07:22,desktop,4.04,3
7367,255,2024-09-19 18:04:31,tablet,0.38,6
7368,910,2024-07-11 00:39:38,desktop,5.64,8
7369,1941,2023-07-22 08:23:30,mobile,0.2,6
7370,515,2024-11-03 23:35:53,mobile,0.2,3
7371,417,2024-09-15 10:13:34,tablet,5.14,5
7372,850,2024-10-07 06:51:58,tablet,10.51,2
7373,1608,2024-10-08 02:10:25,tablet,1.56,1
7374,1589,2024-04-07 13:57:07,mobile,1.9,2
7375,1861,2023-05-07 03:26:32,tablet,7.35,3
7376,1944,2023-01-01 00:55:05,mobile,2.62,2
7377,2467,2024-11-04 06:11:28,mobile,1.99,4
7378,662,2024-12-07 06:28:26,desktop,7.99,3
7379,133,2024-05-09 00:32:43,mobile,10.68,7
7380,1724,2023-12-24 12:55:35,tablet,10.71,4
7381,462,2023-09-04 02:25:37,desktop,0.2,3
7382,487,2024-04-03 21:37:28,tablet,4.15,4
7383,57,2024-02-16 01:39:59,tablet,5.32,9
7384,1349,2023-04-21 14:24:20,tablet,9.56,13
7385,558,2023-05-08 21:21:47,tablet,10.72,10
7386,1887,2023-03-16 11:12:58,tablet,5.46,5
7387,2107,2024-01-04 20:11:39,tablet,7.46,11
7388,2155,2023-01-15 02:16:20,tablet,0.97,3
7389,1556,2023-01-10 05:13:53,tablet,0.2,5
7390,269,2023-02-27 13:07:31,desktop,7.77,8
7391,1430,2023-12-07 05:39:09,mobile,0.2,2
7392,522,2024-01-23 09:58:52,mobile,10.01,1
7393,98,2024-10-09 18:07:13,desktop,10.94,3
7394,97,2024-12-21 18:56:07,desktop,6.57,1
7395,1911,2024-09-27 06:13:26,tablet,9.83,5
7396,2335,2023-02-08 01:29:23,desktop,5.96,5
7397,2349,2024-07-03 05:46:40,mobile,4.68,2
7398,662,2024-08-06 15:39:51,desktop,11.56,4
7399,896,2024-11-07 05:18:46,desktop,11.23,1
7400,2307,2024-11-11 10:21:43,mobile,0.2,1
7401,940,2023-02-19 10:20:27,tablet,0.2,4
7402,114,2023-12-10 19:22:37,desktop,6.7,4
7403,1391,2023-02-19 05:12:55,tablet,7.19,3
7404,814,2023-01-25 18:32:06,mobile,3.64,7
7405,416,2024-09-15 10:49:09,mobile,2.03,8
7406,1213,2024-01-07 07:46:18,tablet,0.87,8
7407,659,2023-08-12 19:09:00,tablet,3.91,3
7408,25,2024-11-13 02:09:01,tablet,11.93,9
7409,1,2024-01-11 22:55:31,tablet,5.23,2
7410,180,2024-11-26 17:13:52,desktop,13.12,4
7411,2405,2024-04-21 23:07:25,tablet,4.32,4
7412,1116,2024-06-28 04:46:07,desktop,6.88,7
7413,95,2024-09-13 13:40:14,desktop,1.23,12
7414,1735,2024-07-02 22:16:53,mobile,0.2,2
7415,2038,2023-07-01 09:53:50,tablet,0.2,8
7416,1354,2023-08-12 00:50:58,desktop,0.2,10
7417,2092,2024-01-24 15:40:32,desktop,14.22,6
7418,832,2024-01-10 12:30:28,desktop,4.58,4
7419,159,2023-01-22 22:10:26,desktop,0.2,9
7420,808,2023-01-29 11:24:25,desktop,8.54,9
7421,1621,2024-01-01 16:52:10,desktop,5.72,3
7422,1850,2024-06-20 02:56:33,mobile,0.2,2
7423,1988,2023-04-07 09:09:32,mobile,10.78,3
7424,779,2024-01-26 09:34:32,tablet,3.25,3
7425,966,2024-10-23 12:56:50,mobile,12.19,1
7426,1752,2024-10-03 05:21:49,mobile,7.29,4
7427,1285,2024-09-06 21:06:36,tablet,0.48,2
7428,2386,2024-02-04 15:23:26,mobile,0.2,1
7429,1352,2023-12-23 15:23:29,desktop,5.72,8
7430,1113,2023-04-22 05:49:51,tablet,11.51,11
7431,1166,2024-01-24 23:06:41,desktop,8.02,6
7432,1185,2023-09-30 13:44:29,tablet,7.42,5
7433,1477,2024-03-03 05:41:04,mobile,6.76,6
7434,2326,2023-07-19 14:54:30,tablet,1.68,1
7435,1012,2023-01-08 23:46:32,tablet,5.24,5
7436,1035,2024-12-28 09:58:55,desktop,4.24,3
7437,1075,2023-10-08 13:57:30,tablet,3.51,9
7438,1299,2024-07-07 09:42:38,mobile,3.14,5
7439,1411,2024-02-24 11:42:33,desktop,11.08,1
7440,906,2024-04-30 00:13:25,tablet,9.51,1
7441,952,2023-03-09 11:55:39,mobile,4.38,7
7442,402,2024-11-25 12:56:16,desktop,5.61,4
7443,1666,2024-01-15 09:49:13,tablet,5.78,4
7444,2151,2023-06-24 14:29:03,mobile,0.2,4
7445,232,2024-06-09 09:26:18,desktop,6.22,2
7446,2059,2023-12-17 07:46:46,mobile,2.42,7
7447,29,2023-05-29 15:40:01,mobile,1.42,1
7448,2429,2023-06-23 11:12:13,desktop,6.46,3
7449,1412,2024-10-30 06:52:49,desktop,7.07,2
7450,482,2023-01-26 03:38:14,desktop,6.97,6
7451,1153,2023-12-08 17:09:30,desktop,4.29,8
7452,1426,2023-02-01 22:40:37,mobile,6.98,1
7453,1011,2024-11-19 20:36:22,desktop,8.51,1
7454,1133,2023-09-17 13:05:19,mobile,2.88,8
7455,2198,2023-10-25 16:18:02,desktop,4.03,2
7456,837,2023-11-29 21:54:51,tablet,8.21,4
7457,1451,2023-12-30 02:22:06,mobile,6.0,7
7458,2468,2023-11-28 03:39:33,tablet,9.85,11
7459,1957,2024-05-13 10:45:18,mobile,5.34,3
7460,279,2024-03-30 10:31:06,desktop,5.18,3
7461,2263,2023-10-29 08:55:31,tablet,9.3,1
7462,2480,2024-07-03 11:08:03,desktop,1.47,4
7463,444,2023-03-29 22:12:58,mobile,9.33,6
7464,1413,2023-03-30 03:28:36,tablet,14.17,5
7465,1791,2024-01-03 06:42:39,desktop,3.47,2
7466,844,2024-10-26 10:42:22,desktop,6.79,6
7467,2076,2023-04-14 17:33:02,tablet,10.62,5
7468,1315,2023-11-27 10:49:31,mobile,8.42,5
7469,1755,2024-03-15 06:12:31,desktop,14.45,4
7470,1917,2024-06-22 03:28:39,desktop,8.66,2
7471,2282,2024-08-19 22:04:07,mobile,1.26,6
7472,75,2024-02-20 20:07:44,mobile,8.76,6
7473,1524,2024-05-01 04:01:28,mobile,13.62,7
7474,2170,2024-11-27 01:25:18,desktop,8.0,1
7475,1855,2023-12-25 01:49:17,tablet,0.2,4
7476,2112,2023-02-20 20:10:48,mobile,10.06,7
7477,141,2024-03-18 20:07:36,mobile,7.6,4
7478,2011,2023-12-16 22:53:42,desktop,4.33,5
7479,658,2024-12-12 11:59:36,mobile,9.42,7
7480,161,2024-09-29 08:26:41,mobile,7.22,7
7481,1006,2023-07-01 11:31:40,desktop,5.63,14
7482,31,2024-02-20 01:08:04,tablet,1.24,6
7483,1489,2023-05-12 20:01:17,mobile,8.33,2
7484,1325,2023-05-15 08:19:20,desktop,5.37,3
7485,1296,2024-10-14 14:53:18,desktop,6.5,2
7486,1409,2023-04-14 14:33:16,desktop,4.89,5
7487,126,2023-08-10 01:47:19,tablet,7.1,9
7488,743,2023-03-06 15:39:51,mobile,3.63,7
7489,1241,2023-08-22 11:47:07,desktop,3.49,6
7490,299,2023-06-21 15:02:08,mobile,11.87,6
7491,1078,2023-08-07 23:20:00,tablet,7.15,3
7492,186,2023-01-27 21:48:34,mobile,6.21,5
7493,1152,2023-07-13 08:38:53,mobile,5.17,2
7494,1150,2023-10-20 20:00:58,mobile,7.19,3
7495,698,2024-03-29 12:37:05,mobile,5.19,2
7496,1002,2024-08-05 09:59:23,mobile,5.67,7
7497,1381,2024-10-16 05:54:44,desktop,3.64,5
7498,1859,2024-04-29 02:40:18,mobile,4.52,10
7499,608,2024-10-13 20:53:47,desktop,0.2,4
7500,2451,2023-07-25 03:14:51,mobile,8.51,7
7501,783,2024-10-28 19:44:58,desktop,5.51,2
7502,1717,2023-01-09 14:36:35,mobile,0.28,9
7503,2111,2023-06-30 01:36:04,tablet,9.83,7
7504,2350,2024-03-23 03:25:01,desktop,0.84,2
7505,2468,2023-02-01 16:32:55,desktop,6.25,4
7506,1648,2024-01-17 04:37:23,tablet,0.2,7
7507,2491,2023-09-24 22:26:42,mobile,8.73,6
7508,447,2023-10-24 19:05:54,mobile,6.02,2
7509,1247,2023-07-12 23:17:32,mobile,4.7,5
7510,536,2023-04-26 09:36:15,desktop,10.11,3
7511,883,2023-02-24 23:53:55,desktop,4.59,5
7512,2350,2023-05-03 05:14:55,tablet,7.66,2
7513,1161,2023-02-23 18:13:30,mobile,0.95,7
7514,1897,2024-07-12 12:54:41,desktop,3.83,2
7515,986,2023-05-30 23:59:58,mobile,7.54,1
7516,1960,2023-07-11 13:02:48,mobile,8.54,7
7517,683,2024-08-03 19:57:37,mobile,12.84,2
7518,1379,2024-03-30 06:37:11,tablet,11.08,2
7519,2193,2024-07-21 15:12:31,desktop,4.15,6
7520,2066,2024-09-05 00:54:40,mobile,8.21,6
7521,161,2023-06-22 07:34:10,desktop,9.06,4
7522,486,2024-03-22 15:00:50,desktop,0.2,11
7523,1029,2023-08-23 15:22:24,desktop,6.28,4
7524,1467,2023-06-20 22:28:44,desktop,3.5,4
7525,573,2023-09-22 04:05:13,mobile,12.49,3
7526,2475,2023-10-12 15:49:40,mobile,7.12,5
7527,1038,2023-04-27 21:11:19,tablet,1.43,2
7528,1865,2023-02-01 17:54:17,tablet,1.94,3
7529,1092,2024-10-02 17:54:16,mobile,17.19,7
7530,1481,2023-11-08 09:07:04,mobile,9.18,8
7531,1632,2023-10-26 13:50:40,desktop,9.4,3
7532,1074,2024-09-17 06:48:56,mobile,12.64,8
7533,733,2024-12-04 20:29:51,tablet,1.12,5
7534,125,2024-02-21 20:58:47,desktop,4.57,4
7535,1459,2024-06-19 04:17:59,tablet,8.15,3
7536,1238,2023-10-16 13:20:06,mobile,0.23,1
7537,1545,2024-01-21 03:22:40,desktop,1.03,8
7538,1298,2023-04-05 23:31:30,tablet,10.86,7
7539,1461,2024-08-06 19:51:53,desktop,7.13,3
7540,1301,2024-05-22 12:08:48,tablet,8.2,5
7541,920,2024-11-08 07:46:53,desktop,4.16,4
7542,1365,2024-11-21 06:08:09,tablet,6.07,6
7543,1114,2024-10-19 15:16:30,mobile,2.57,3
7544,1225,2023-07-07 00:35:22,desktop,2.9,1
7545,920,2024-12-26 03:09:26,tablet,7.49,5
7546,2255,2023-01-27 12:50:07,mobile,0.66,5
7547,1239,2024-03-30 05:48:46,mobile,1.88,4
7548,2071,2023-09-19 04:41:48,tablet,2.11,1
7549,505,2024-02-14 22:36:12,tablet,1.1,4
7550,1920,2023-04-28 01:45:41,desktop,12.44,9
7551,2283,2023-04-17 05:05:14,tablet,3.82,2
7552,95,2024-07-15 01:18:03,mobile,14.21,4
7553,2249,2023-03-24 13:47:43,desktop,7.39,2
7554,33,2024-05-28 22:22:51,desktop,6.65,5
7555,751,2023-05-21 02:50:38,tablet,4.39,9
7556,1106,2024-03-27 15:13:40,mobile,5.79,5
7557,1542,2023-12-28 10:15:49,mobile,0.2,1
7558,2275,2023-05-07 08:14:34,mobile,8.46,3
7559,1109,2024-07-20 14:03:07,tablet,7.35,5
7560,1354,2023-05-19 00:33:00,mobile,6.75,8
7561,1945,2024-11-14 01:56:57,desktop,6.24,8
7562,1781,2023-01-08 17:14:24,mobile,4.75,6
7563,1797,2023-09-24 07:32:46,desktop,4.01,7
7564,2333,2024-12-02 15:18:18,desktop,3.45,6
7565,2169,2024-03-04 13:50:51,tablet,0.2,1
7566,1937,2024-10-29 17:04:05,mobile,1.96,2
7567,641,2024-08-08 09:58:56,desktop,4.3,4
7568,997,2023-11-19 21:08:43,tablet,6.16,6
7569,2112,2023-06-15 08:06:21,mobile,6.23,4
7570,529,2023-07-31 00:55:40,tablet,8.79,1
7571,1580,2023-06-21 07:13:25,tablet,8.12,1
7572,1594,2023-08-11 06:48:58,mobile,11.85,2
7573,1134,2024-12-19 17:13:06,mobile,8.12,1
7574,1786,2023-06-29 08:51:28,tablet,9.8,2
7575,2432,2024-09-22 01:42:22,desktop,3.17,1
7576,1417,2024-02-19 06:02:59,mobile,0.2,1
7577,897,2023-11-05 14:12:31,desktop,6.23,6
7578,1614,2023-06-07 05:58:23,tablet,11.85,1
7579,1526,2023-06-13 04:07:56,tablet,5.78,1
7580,2238,2024-01-07 06:27:37,mobile,5.76,3
7581,221,2023-09-09 07:40:03,tablet,5.77,10
7582,551,2023-08-23 23:49:55,mobile,0.2,3
7583,1138,2024-12-11 19:56:43,desktop,4.65,1
7584,1160,2023-06-08 01:09:27,desktop,4.93,4
7585,245,2023-12-21 07:00:19,desktop,13.65,1
7586,1200,2023-10-09 19:21:50,desktop,3.81,7
7587,1240,2024-08-28 02:59:44,tablet,6.68,5
7588,1212,2024-10-28 12:23:57,mobile,4.58,1
7589,1879,2024-05-01 01:27:25,mobile,8.02,5
7590,560,2024-03-05 12:15:10,tablet,14.8,5
7591,1776,2024-12-02 18:39:17,mobile,9.93,1
7592,2454,2024-04-30 02:55:15,mobile,8.53,4
7593,2324,2024-11-23 17:43:21,mobile,2.7,4
7594,643,2024-08-25 22:03:08,mobile,2.62,5
7595,628,2023-03-06 16:34:09,mobile,12.55,9
7596,392,2023-11-04 18:19:00,desktop,8.99,4
7597,1699,2024-04-01 16:37:09,desktop,8.37,7
7598,1431,2023-12-10 10:45:13,mobile,14.24,6
7599,2309,2024-02-22 01:56:35,desktop,4.86,6
7600,1812,2024-08-16 11:06:54,tablet,10.62,4
7601,1081,2024-04-21 02:48:08,tablet,0.2,3
7602,1877,2024-08-28 21:47:45,mobile,0.2,4
7603,560,2024-07-19 10:50:33,tablet,1.29,2
7604,982,2023-01-26 13:08:36,mobile,4.45,6
7605,2110,2023-01-05 09:33:13,tablet,7.53,6
7606,1448,2024-04-19 20:05:33,mobile,6.03,5
7607,2038,2023-07-13 08:24:29,desktop,7.84,4
7608,2459,2023-11-21 03:36:26,desktop,7.25,1
7609,736,2024-07-03 16:33:51,mobile,3.62,7
7610,1514,2023-09-19 03:47:06,desktop,10.83,5
7611,786,2024-07-18 14:08:14,mobile,7.39,4
7612,683,2023-02-23 17:34:28,desktop,3.14,4
7613,1265,2023-02-07 16:56:08,mobile,9.24,5
7614,2338,2023-07-24 13:45:30,desktop,0.2,4
7615,1542,2023-12-01 06:57:39,tablet,7.29,8
7616,192,2024-12-23 06:59:54,mobile,7.08,3
7617,1639,2024-11-02 14:38:10,desktop,4.08,6
7618,804,2023-07-11 04:10:56,tablet,0.27,11
7619,2256,2024-03-14 22:35:48,desktop,7.84,6
7620,2477,2024-03-29 12:43:18,mobile,4.53,6
7621,894,2024-09-25 10:38:02,desktop,6.3,6
7622,1593,2024-04-18 15:23:37,mobile,10.21,10
7623,723,2024-09-08 14:56:18,desktop,5.66,6
7624,2029,2024-04-26 07:39:50,tablet,9.64,6
7625,620,2024-11-24 15:27:43,desktop,8.18,5
7626,1076,2023-02-13 13:25:01,tablet,8.42,2
7627,2086,2023-10-15 07:39:40,tablet,10.58,7
7628,80,2024-04-10 16:11:38,tablet,3.65,2
7629,1916,2024-09-24 16:57:18,tablet,2.97,10
7630,1701,2024-11-06 00:23:43,tablet,4.57,4
7631,1123,2024-12-05 09:20:40,tablet,7.12,2
7632,1434,2024-09-24 20:32:21,desktop,1.94,2
7633,1355,2024-01-21 23:05:30,desktop,4.96,7
7634,1347,2023-09-12 05:58:37,mobile,8.5,1
7635,1695,2023-09-25 15:41:47,tablet,1.08,5
7636,570,2024-02-03 09:03:26,tablet,5.47,11
7637,850,2023-12-10 03:50:40,desktop,3.36,3
7638,1458,2024-05-22 03:11:25,tablet,3.94,1
7639,577,2024-04-18 17:56:25,mobile,8.65,1
7640,1881,2023-12-24 04:13:36,mobile,6.64,5
7641,698,2024-12-20 02:04:32,tablet,10.39,6
7642,202,2024-03-15 01:36:16,desktop,4.45,7
7643,1436,2024-09-03 23:27:24,mobile,8.35,3
7644,1065,2024-10-22 20:45:50,tablet,4.91,6
7645,246,2023-10-03 23:32:41,mobile,6.83,4
7646,1482,2024-03-28 18:02:46,desktop,6.46,6
7647,1102,2024-11-06 19:22:10,tablet,10.46,6
7648,2138,2024-04-06 12:44:04,mobile,9.15,3
7649,978,2024-07-19 19:23:33,mobile,13.55,7
7650,607,2024-11-27 09:29:00,tablet,2.99,3
7651,2234,2024-06-12 05:45:18,mobile,9.26,2
7652,581,2024-04-15 07:59:26,tablet,7.86,5
7653,1784,2024-07-20 06:52:01,desktop,0.83,2
7654,2384,2023-09-30 20:40:12,desktop,10.42,1
7655,2297,2024-05-02 07:15:24,mobile,1.85,2
7656,1764,2023-08-01 10:23:24,mobile,6.66,1
7657,1883,2023-06-26 16:50:02,tablet,5.08,1
7658,87,2024-12-11 19:28:08,mobile,3.01,2
7659,41,2024-09-19 13:04:19,desktop,10.28,2
7660,2005,2023-04-02 08:08:04,tablet,6.75,6
7661,1274,2024-09-15 23:00:07,tablet,3.83,5
7662,1930,2023-11-07 04:09:12,tablet,1.1,11
7663,2002,2023-03-26 19:48:06,mobile,7.82,11
7664,248,2023-10-06 04:58:30,desktop,8.52,5
7665,613,2023-03-17 05:51:47,tablet,4.19,4
7666,257,2023-05-03 04:21:36,mobile,12.98,9
7667,2204,2023-06-05 17:32:00,desktop,0.2,3
7668,2003,2023-12-12 15:41:08,tablet,4.11,8
7669,1886,2024-01-03 06:15:21,mobile,0.2,2
7670,337,2024-09-13 22:22:03,tablet,0.54,4
7671,2372,2024-08-03 15:59:21,tablet,7.15,5
7672,1052,2023-02-06 17:44:12,tablet,4.79,5
7673,1584,2024-06-19 18:09:35,desktop,7.62,4
7674,319,2023-02-07 19:22:01,mobile,8.4,2
7675,1900,2023-09-17 00:05:33,mobile,2.49,6
7676,1097,2023-09-15 01:36:47,mobile,7.41,5
7677,335,2023-12-23 08:53:47,desktop,3.23,3
7678,1913,2023-09-20 02:31:38,tablet,8.7,8
7679,2185,2023-12-11 15:03:49,desktop,6.94,5
7680,1455,2023-02-18 21:03:21,mobile,3.24,1
7681,285,2023-01-30 10:20:49,desktop,2.51,4
7682,2361,2024-11-18 23:49:26,tablet,5.68,3
7683,695,2023-12-18 16:58:16,mobile,8.06,11
7684,2393,2023-01-02 15:42:38,tablet,10.97,7
7685,2139,2023-11-04 09:40:00,mobile,11.57,4
7686,2119,2023-09-09 14:17:09,mobile,7.45,1
7687,967,2023-08-19 23:32:55,mobile,0.2,5
7688,1148,2024-05-29 22:34:25,tablet,5.02,5
7689,1541,2023-09-15 03:42:52,mobile,5.01,3
7690,1537,2023-08-09 14:28:06,desktop,10.05,7
7691,72,2023-12-14 16:43:55,desktop,5.06,1
7692,1461,2023-09-12 22:06:47,tablet,8.66,2
7693,1526,2024-04-24 04:18:14,mobile,4.02,11
7694,32,2024-03-14 07:31:11,desktop,3.04,5
7695,1245,2023-04-23 00:06:33,tablet,5.94,8
7696,894,2024-07-09 05:53:02,mobile,1.25,2
7697,2151,2024-06-18 14:18:13,mobile,7.87,1
7698,981,2023-11-21 05:55:00,desktop,9.22,10
7699,2317,2023-12-15 15:03:06,mobile,8.26,10
7700,1615,2023-02-28 22:21:37,mobile,7.78,1
7701,624,2023-08-30 09:01:37,tablet,7.82,7
7702,702,2023-03-20 12:36:16,tablet,9.72,3
7703,2435,2024-03-05 05:53:10,tablet,13.52,5
7704,309,2023-05-08 08:54:37,desktop,0.2,8
7705,67,2023-08-13 17:47:50,mobile,4.94,3
7706,2182,2024-03-23 20:00:40,tablet,12.19,4
7707,1828,2023-06-15 08:41:11,mobile,10.96,5
7708,1354,2023-10-07 07:34:37,mobile,3.23,9
7709,906,2023-05-02 00:17:48,desktop,1.06,5
7710,866,2024-09-17 12:53:05,desktop,11.63,5
7711,1849,2024-11-25 04:31:19,desktop,7.88,7
7712,2229,2024-11-12 13:52:13,mobile,10.78,2
7713,474,2023-06-14 14:01:15,desktop,6.98,5
7714,1888,2023-07-21 11:26:17,desktop,5.05,6
7715,346,2023-01-22 23:41:11,desktop,10.47,5
7716,1726,2024-09-21 15:08:51,tablet,6.25,11
7717,328,2023-06-19 04:40:17,tablet,3.08,4
7718,569,2024-04-04 13:37:09,mobile,6.95,1
7719,1010,2023-08-20 22:03:32,mobile,6.43,4
7720,623,2024-04-20 08:45:40,desktop,9.67,2
7721,552,2023-06-14 00:04:43,mobile,4.17,8
7722,249,2024-09-23 22:53:42,mobile,5.78,2
7723,2065,2024-06-15 20:56:17,desktop,4.61,4
7724,550,2024-06-16 03:44:09,desktop,13.01,8
7725,2029,2023-04-18 23:43:26,mobile,7.77,8
7726,730,2023-02-12 21:08:46,desktop,7.45,4
7727,1922,2023-11-29 18:10:12,tablet,9.47,1
7728,2144,2024-10-15 21:06:47,tablet,11.06,9
7729,389,2024-09-01 06:18:44,tablet,6.03,4
7730,1816,2023-03-09 17:57:00,mobile,6.15,6
7731,1402,2024-10-01 06:13:33,desktop,3.83,1
7732,1845,2024-10-15 15:48:56,desktop,0.2,8
7733,1402,2024-10-18 19:04:29,mobile,5.57,5
7734,1135,2024-01-30 22:05:11,desktop,4.93,1
7735,1341,2024-05-17 02:59:27,tablet,4.02,5
7736,1441,2024-04-30 17:20:56,mobile,6.08,2
7737,1514,2024-03-21 00:10:52,tablet,12.56,2
7738,2141,2024-10-23 20:32:20,tablet,7.44,4
7739,1881,2023-05-14 22:08:58,desktop,0.2,6
7740,2384,2024-08-14 09:47:47,mobile,5.5,1
7741,1239,2024-07-14 22:33:01,tablet,7.77,6
7742,2439,2023-09-18 15:21:58,mobile,12.03,4
7743,1312,2024-07-18 17:30:57,tablet,2.35,3
7744,1431,2024-11-29 18:12:11,desktop,12.67,8
7745,361,2024-11-07 22:15:58,desktop,13.76,7
7746,2034,2024-02-17 04:04:31,tablet,9.3,2
7747,1821,2023-08-19 02:22:58,mobile,9.94,6
7748,496,2024-05-10 07:57:58,mobile,5.56,6
7749,1251,2023-05-02 17:55:18,desktop,6.09,6
7750,375,2024-10-19 18:23:40,desktop,10.77,13
7751,1560,2023-01-03 16:12:47,mobile,16.98,8
7752,100,2024-08-23 20:16:54,tablet,8.5,4
7753,1924,2024-10-12 11:05:38,desktop,2.0,7
7754,1678,2023-02-14 19:04:09,desktop,9.02,3
7755,2082,2024-11-16 19:34:33,mobile,2.65,9
7756,2049,2023-06-23 19:23:12,desktop,13.56,1
7757,1857,2023-02-18 01:11:13,mobile,6.96,1
7758,229,2023-05-19 09:38:40,tablet,0.69,1
7759,542,2023-11-06 04:35:32,mobile,0.2,4
7760,1680,2024-07-09 04:02:11,mobile,8.84,10
7761,1396,2023-11-05 06:42:23,mobile,1.26,1
7762,1125,2024-02-10 17:19:06,mobile,7.49,3
7763,2066,2024-12-26 04:25:35,mobile,2.8,1
7764,633,2023-08-01 08:01:18,mobile,6.49,9
7765,2247,2023-07-04 19:21:27,desktop,7.71,5
7766,1920,2024-01-26 07:45:51,mobile,11.4,3
7767,2337,2024-03-25 09:32:29,mobile,4.83,6
7768,1759,2023-03-27 21:35:51,desktop,9.36,3
7769,966,2024-07-13 05:08:20,tablet,7.15,3
7770,856,2024-07-15 14:56:43,mobile,14.57,6
7771,521,2024-02-03 02:23:44,desktop,3.05,1
7772,2372,2024-10-18 00:36:49,desktop,10.4,7
7773,697,2023-05-30 08:24:33,mobile,0.2,1
7774,1382,2023-10-19 01:13:19,tablet,2.62,3
7775,2283,2024-11-19 15:49:24,desktop,4.73,4
7776,1431,2023-05-28 04:26:26,tablet,0.2,5
7777,1322,2024-11-11 09:11:56,tablet,3.68,5
7778,327,2024-10-14 12:44:39,tablet,5.7,9
7779,113,2024-07-19 17:45:25,tablet,5.25,3
7780,1423,2024-06-27 20:37:29,tablet,5.27,2
7781,1284,2023-06-08 17:36:35,tablet,4.49,5
7782,416,2024-08-18 06:47:51,desktop,10.92,3
7783,893,2024-10-06 08:48:35,desktop,3.49,8
7784,1473,2024-11-05 20:25:12,mobile,2.58,1
7785,2396,2023-07-11 21:15:11,desktop,2.42,1
7786,1921,2023-02-23 22:29:39,mobile,4.33,7
7787,1642,2024-01-13 20:19:46,desktop,5.53,6
7788,942,2023-06-11 05:42:57,tablet,5.31,8
7789,2234,2023-12-31 20:22:32,desktop,7.68,1
7790,2158,2023-11-13 20:12:19,tablet,2.0,3
7791,1048,2024-05-13 16:17:08,tablet,8.87,4
7792,81,2023-03-06 00:23:13,tablet,0.2,1
7793,1247,2024-01-12 16:48:31,desktop,0.2,8
7794,413,2023-07-25 03:19:28,desktop,9.74,1
7795,1008,2024-09-05 04:47:54,mobile,2.61,3
7796,1103,2023-03-12 13:51:02,tablet,7.18,2
7797,1160,2023-08-05 06:53:15,desktop,6.63,12
7798,2220,2023-09-14 18:30:17,tablet,1.29,6
7799,903,2024-02-27 21:09:32,tablet,1.76,10
7800,1421,2023-07-27 10:17:52,mobile,6.36,2
7801,354,2024-02-09 08:15:57,desktop,8.11,1
7802,488,2023-05-19 07:36:41,desktop,8.04,3
7803,707,2023-08-13 08:11:53,tablet,6.8,4
7804,51,2024-05-06 08:59:17,desktop,6.72,1
7805,2371,2023-02-14 22:07:16,tablet,12.68,2
7806,2435,2023-01-28 05:57:23,mobile,2.13,7
7807,1500,2024-05-17 06:01:18,mobile,9.04,6
7808,1104,2023-05-31 04:36:40,mobile,5.65,1
7809,1178,2023-01-13 15:31:00,tablet,3.76,8
7810,2006,2024-02-14 05:26:41,desktop,5.67,3
7811,2453,2023-06-30 06:04:13,desktop,0.2,12
7812,2005,2023-04-02 21:27:01,mobile,2.89,4
7813,482,2023-11-12 22:16:58,tablet,4.99,2
7814,544,2024-04-25 07:05:59,tablet,5.91,2
7815,553,2023-11-06 16:47:11,mobile,0.2,4
7816,2478,2023-09-23 22:48:06,desktop,1.74,4
7817,143,2024-07-16 20:19:24,desktop,10.08,7
7818,364,2023-08-15 06:54:32,desktop,1.46,2
7819,1152,2024-04-16 08:17:25,tablet,7.87,1
7820,2199,2023-03-13 11:57:40,mobile,9.68,5
7821,1743,2023-10-02 05:11:43,desktop,3.93,1
7822,1031,2023-04-27 05:07:50,desktop,2.07,4
7823,409,2024-09-15 08:41:43,tablet,4.99,8
7824,745,2024-09-23 05:13:24,desktop,0.2,7
7825,2428,2024-10-23 19:06:44,tablet,4.66,3
7826,1132,2023-05-28 07:42:59,mobile,6.93,7
7827,1465,2023-08-30 15:42:18,tablet,3.06,1
7828,662,2024-10-19 10:27:34,tablet,8.93,1
7829,242,2023-06-30 04:21:58,mobile,7.73,2
7830,2010,2023-08-27 13:18:57,tablet,9.59,9
7831,855,2023-02-01 14:12:28,desktop,8.47,6
7832,137,2023-11-17 19:25:24,desktop,5.32,5
7833,1932,2024-04-22 20:53:05,desktop,3.11,3
7834,1227,2023-04-11 11:15:57,mobile,5.99,7
7835,2254,2024-01-19 00:15:58,tablet,7.82,7
7836,1907,2023-07-28 01:01:59,mobile,0.2,2
7837,2388,2024-02-06 08:01:16,desktop,11.4,3
7838,564,2023-06-07 13:06:43,desktop,1.97,1
7839,907,2024-07-15 23:02:12,desktop,4.33,9
7840,1539,2023-06-06 21:19:27,mobile,4.7,2
7841,2039,2023-03-14 11:03:19,desktop,9.3,5
7842,2462,2024-11-13 22:48:56,tablet,4.62,4
7843,180,2024-03-17 23:28:40,mobile,7.43,3
7844,679,2023-05-21 23:39:11,desktop,1.98,5
7845,386,2024-02-01 00:22:59,tablet,4.8,5
7846,1736,2024-01-15 06:39:54,tablet,6.96,6
7847,1203,2023-09-18 15:18:37,desktop,0.2,1
7848,1165,2023-06-28 18:23:42,desktop,0.2,1
7849,240,2023-01-04 01:27:39,tablet,9.0,9
7850,264,2024-02-20 16:53:16,tablet,10.65,11
7851,2438,2023-11-10 01:51:29,tablet,9.18,5
7852,693,2023-01-09 08:52:37,desktop,1.4,5
7853,368,2024-01-30 03:32:56,desktop,10.54,4
7854,2331,2023-11-18 18:30:34,tablet,2.95,4
7855,875,2024-10-18 13:17:55,desktop,8.07,9
7856,511,2024-12-18 23:20:14,tablet,3.97,2
7857,1911,2023-08-02 10:34:56,tablet,12.92,12
7858,1038,2023-03-17 19:43:00,desktop,7.77,6
7859,1918,2024-01-03 03:36:10,mobile,5.34,4
7860,1665,2023-05-22 11:19:03,mobile,2.31,6
7861,356,2024-07-04 03:01:07,mobile,5.24,9
7862,1751,2023-07-26 08:31:57,tablet,2.73,6
7863,346,2023-09-10 23:26:13,desktop,4.6,4
7864,636,2023-04-26 10:26:09,tablet,2.99,4
7865,2391,2024-08-06 01:41:36,tablet,9.21,5
7866,595,2023-04-22 08:03:18,mobile,9.53,5
7867,2200,2023-02-27 10:57:28,mobile,4.36,5
7868,2203,2023-01-21 21:49:46,desktop,2.62,1
7869,1542,2024-02-13 07:39:35,mobile,0.2,4
7870,2202,2024-03-03 00:43:38,desktop,11.35,12
7871,2448,2023-12-31 07:57:54,tablet,0.2,4
7872,2278,2024-09-27 15:39:22,tablet,6.11,3
7873,986,2024-01-10 15:53:01,desktop,6.85,2
7874,814,2024-08-11 13:31:28,mobile,2.99,6
7875,1574,2023-10-23 00:03:52,desktop,14.35,5
7876,1296,2023-11-10 19:54:31,tablet,0.2,11
7877,541,2024-01-07 08:18:06,mobile,5.89,1
7878,215,2023-08-18 17:38:29,tablet,6.3,6
7879,364,2024-07-14 20:48:45,mobile,8.27,1
7880,170,2024-05-11 06:15:15,mobile,6.52,3
7881,2162,2023-02-02 03:07:46,mobile,11.95,4
7882,4,2023-09-07 05:42:06,tablet,7.55,8
7883,1218,2023-10-24 14:09:27,tablet,9.2,1
7884,67,2023-01-29 06:53:12,desktop,0.2,4
7885,2246,2023-05-07 14:15:28,tablet,1.8,2
7886,960,2023-02-22 06:15:12,tablet,6.23,3
7887,374,2024-11-16 21:05:25,mobile,5.04,5
7888,362,2024-06-01 12:53:32,tablet,9.4,5
7889,1348,2024-01-22 19:03:42,desktop,6.4,11
7890,1939,2023-12-10 19:38:44,desktop,0.2,4
7891,963,2024-04-26 01:23:09,desktop,8.56,2
7892,1999,2023-09-13 22:39:32,tablet,7.05,5
7893,2310,2024-03-15 10:13:44,mobile,3.62,4
7894,1744,2023-05-05 12:31:40,mobile,4.48,4
7895,911,2023-05-10 17:42:31,mobile,6.09,8
7896,1863,2024-08-14 05:57:28,mobile,2.23,6
7897,245,2024-01-14 22:03:14,mobile,12.49,3
7898,784,2023-11-04 17:55:54,mobile,9.2,1
7899,1517,2023-01-20 18:13:47,tablet,3.32,3
7900,2290,2023-01-27 06:30:05,mobile,4.86,3
7901,2286,2023-10-12 10:40:18,tablet,6.88,3
7902,862,2023-06-13 10:51:57,mobile,4.34,6
7903,886,2023-11-24 12:25:28,tablet,10.5,4
7904,1916,2024-06-17 10:20:06,mobile,5.98,4
7905,540,2023-05-23 11:52:00,tablet,1.0,4
7906,1786,2023-04-23 12:15:44,desktop,8.01,8
7907,1870,2023-01-23 04:13:12,mobile,8.0,1
7908,1872,2023-11-11 03:39:31,mobile,6.85,1
7909,554,2023-03-16 10:09:56,desktop,5.14,6
7910,1701,2023-01-23 23:23:42,desktop,11.47,2
7911,1483,2023-02-28 18:14:40,desktop,5.58,6
7912,299,2023-03-16 22:29:19,desktop,5.18,2
7913,2292,2024-05-06 00:25:22,mobile,4.25,4
7914,1624,2023-10-24 07:31:09,desktop,8.15,9
7915,1691,2023-07-15 18:33:31,mobile,4.06,3
7916,559,2023-11-08 03:39:11,desktop,7.04,1
7917,555,2024-12-20 04:13:34,tablet,2.43,7
7918,302,2024-03-01 11:50:46,mobile,5.45,1
7919,2393,2023-05-17 21:20:27,desktop,0.2,10
7920,1615,2024-01-05 03:23:24,mobile,9.93,10
7921,406,2024-07-08 15:18:39,tablet,0.2,9
7922,50,2024-03-30 21:08:11,desktop,3.85,8
7923,1190,2023-06-08 20:36:45,mobile,1.26,4
7924,1963,2024-01-30 02:44:25,desktop,2.81,1
7925,1716,2024-09-12 03:10:48,desktop,5.79,7
7926,2420,2023-01-04 21:45:58,desktop,6.78,9
7927,2292,2024-11-24 12:42:35,mobile,8.17,2
7928,1919,2023-11-23 06:30:01,tablet,8.66,3
7929,2331,2024-12-23 00:43:49,desktop,0.2,1
7930,190,2023-08-15 08:56:17,desktop,2.9,8
7931,2085,2024-12-25 15:14:31,mobile,9.64,6
7932,1295,2024-11-27 11:35:34,tablet,3.52,1
7933,2042,2024-09-04 18:59:39,desktop,5.57,4
7934,1359,2024-10-31 00:55:30,desktop,2.7,7
7935,1984,2023-03-24 01:27:02,desktop,0.73,3
7936,103,2023-08-14 19:53:19,tablet,9.84,3
7937,1722,2023-04-02 20:01:01,mobile,6.41,9
7938,496,2023-12-12 00:24:33,mobile,5.04,1
7939,1940,2024-07-24 04:08:16,mobile,8.02,7
7940,1554,2023-04-15 06:36:16,mobile,11.83,2
7941,2383,2024-03-12 22:18:28,tablet,0.2,3
7942,2224,2023-11-16 21:59:27,mobile,12.71,1
7943,1798,2023-03-11 18:53:42,tablet,6.6,3
7944,2457,2023-07-28 01:17:01,mobile,7.99,3
7945,2498,2024-02-17 03:51:30,tablet,6.3,1
7946,1516,2024-04-16 19:09:18,tablet,3.74,9
7947,967,2023-01-22 16:26:42,tablet,4.83,9
7948,2352,2023-12-04 14:56:40,tablet,11.04,6
7949,950,2024-09-01 06:03:46,mobile,5.39,1
7950,1794,2024-02-13 08:44:52,tablet,2.79,4
7951,1329,2024-10-09 23:51:48,tablet,5.82,5
7952,1768,2023-07-29 01:35:59,tablet,0.2,4
7953,922,2023-02-08 20:00:14,tablet,4.83,8
7954,930,2024-10-14 07:06:35,mobile,8.38,1
7955,1157,2023-03-11 02:19:52,desktop,1.18,3
7956,294,2024-11-04 17:46:26,tablet,4.44,3
7957,413,2024-03-06 18:01:06,desktop,11.4,12
7958,1556,2024-12-18 13:57:39,mobile,2.68,6
7959,740,2023-06-30 13:26:10,mobile,7.37,3
7960,2153,2023-04-22 02:25:47,desktop,0.56,2
7961,243,2024-03-20 15:29:00,desktop,9.01,4
7962,2116,2023-11-06 01:17:26,desktop,2.98,12
7963,1224,2023-11-10 07:21:05,mobile,4.39,9
7964,862,2024-02-20 23:44:04,mobile,9.31,2
7965,2469,2023-03-22 04:28:20,tablet,12.17,7
7966,2368,2024-09-02 16:55:23,tablet,4.18,7
7967,36,2023-01-23 03:08:38,desktop,1.65,5
7968,2332,2024-08-17 09:22:43,tablet,3.6,2
7969,1056,2023-04-26 06:09:48,tablet,5.19,5
7970,1717,2023-04-20 00:04:10,tablet,6.3,4
7971,236,2023-11-12 22:23:12,tablet,3.84,6
7972,305,2023-08-15 22:17:54,mobile,6.65,9
7973,1957,2024-01-17 05:53:07,mobile,5.13,1
7974,896,2024-12-16 22:11:10,mobile,12.92,1
7975,206,2023-01-13 09:25:31,mobile,5.69,4
7976,2338,2024-09-16 11:28:49,tablet,6.86,4
7977,1343,2024-02-10 15:23:37,tablet,1.67,10
7978,2237,2024-10-13 20:21:25,tablet,7.52,6
7979,425,2024-08-23 12:08:50,tablet,5.57,4
7980,1404,2023-08-29 10:45:57,mobile,14.08,6
7981,1119,2023-03-30 14:59:47,tablet,8.41,1
7982,1920,2024-01-27 09:04:28,tablet,1.03,1
7983,1869,2024-01-08 15:53:24,mobile,5.09,5
7984,1768,2024-04-18 13:32:48,tablet,10.58,8
7985,1716,2024-02-08 10:05:45,tablet,12.31,1
7986,1176,2023-08-05 09:15:22,mobile,2.44,5
7987,562,2024-08-18 02:48:52,desktop,3.56,5
7988,365,2024-12-22 08:18:02,tablet,4.13,1
7989,1831,2024-07-06 09:01:19,desktop,1.74,5
7990,2056,2024-06-11 20:07:03,tablet,2.25,2
7991,214,2023-11-03 11:49:01,mobile,11.95,7
7992,1160,2023-03-23 04:17:47,tablet,5.37,2
7993,1929,2024-10-11 15:20:37,mobile,0.2,5
7994,2045,2023-06-29 19:44:54,tablet,4.57,6
7995,2060,2023-06-14 20:10:36,mobile,10.5,3
7996,486,2023-11-05 20:37:13,tablet,3.79,1
7997,2277,2024-07-22 22:50:02,mobile,2.39,4
7998,761,2024-12-03 15:23:22,desktop,11.51,6
7999,474,2023-12-02 10:07:31,mobile,8.57,9
8000,541,2024-09-14 03:56:55,desktop,4.1,7
8001,450,2023-08-20 03:19:00,desktop,13.6,1
8002,510,2024-11-03 20:45:46,tablet,5.79,9
8003,1655,2024-09-09 04:23:28,mobile,8.04,2
8004,1576,2024-12-15 12:35:56,mobile,8.78,1
8005,251,2023-01-30 03:29:57,desktop,6.11,1
8006,373,2023-07-02 04:04:25,mobile,2.77,5
8007,1139,2024-04-23 06:21:25,tablet,7.73,9
8008,170,2023-03-27 14:48:45,tablet,9.68,6
8009,1111,2023-09-20 04:37:38,tablet,0.2,4
8010,89,2023-01-06 11:25:41,desktop,5.59,6
8011,1246,2023-02-08 05:46:22,tablet,9.67,5
8012,2061,2023-07-27 08:25:38,mobile,8.0,6
8013,231,2024-01-29 11:44:03,tablet,3.77,4
8014,2120,2023-05-24 13:27:07,mobile,0.2,6
8015,235,2024-06-11 07:07:30,mobile,7.86,3
8016,910,2024-05-08 14:11:16,tablet,9.26,4
8017,2053,2024-05-12 18:24:26,desktop,5.82,2
8018,1731,2024-01-04 11:53:05,desktop,3.36,4
8019,704,2024-06-03 12:59:24,tablet,1.5,6
8020,1897,2023-06-05 16:08:42,desktop,6.91,8
8021,475,2024-01-20 11:18:42,tablet,3.99,2
8022,1124,2024-10-10 00:08:50,tablet,2.95,1
8023,780,2024-10-21 05:43:10,desktop,5.94,3
8024,1026,2024-06-01 09:00:17,desktop,7.14,6
8025,193,2024-09-18 15:59:02,tablet,7.62,2
8026,583,2023-02-18 07:00:40,mobile,4.26,5
8027,861,2023-10-15 04:58:57,mobile,0.2,1
8028,666,2023-11-08 17:20:17,tablet,11.26,1
8029,998,2023-05-30 02:13:33,mobile,5.57,4
8030,2439,2023-03-22 07:33:43,desktop,6.0,2
8031,1174,2024-11-29 21:12:57,mobile,2.63,11
8032,274,2024-08-29 20:58:25,desktop,4.24,1
8033,791,2024-02-21 08:24:57,desktop,2.59,8
8034,1300,2024-08-19 09:01:25,tablet,5.83,4
8035,513,2023-01-23 15:46:40,tablet,10.47,5
8036,1372,2024-02-18 21:36:46,desktop,3.5,8
8037,2273,2024-02-21 15:45:05,tablet,6.51,3
8038,566,2023-05-30 02:56:17,desktop,3.23,7
8039,1420,2024-09-02 07:36:52,tablet,6.9,1
8040,904,2023-07-13 01:53:49,desktop,1.08,5
8041,955,2023-12-06 13:31:17,mobile,6.48,1
8042,1001,2023-02-23 21:06:53,desktop,8.72,1
8043,1647,2023-09-17 12:35:15,desktop,4.21,4
8044,152,2024-08-25 21:49:39,mobile,3.27,8
8045,1068,2023-09-03 23:32:05,tablet,3.83,7
8046,1316,2024-03-15 16:26:19,mobile,10.14,1
8047,1060,2023-09-19 08:42:23,desktop,6.28,4
8048,675,2024-12-23 01:29:47,desktop,2.5,5
8049,2005,2023-08-12 11:47:18,tablet,2.61,1
8050,825,2023-04-25 10:38:20,desktop,16.2,3
8051,1346,2023-05-23 20:18:40,desktop,0.2,5
8052,1408,2023-10-19 09:48:26,desktop,12.73,4
8053,325,2023-08-27 04:04:31,mobile,2.2,2
8054,928,2024-07-07 02:42:54,mobile,6.4,6
8055,898,2024-08-11 09:14:33,desktop,3.22,1
8056,2357,2024-05-10 04:22:37,mobile,3.18,9
8057,474,2023-05-26 07:22:58,mobile,3.02,5
8058,471,2023-09-28 04:24:40,tablet,7.09,5
8059,252,2024-02-07 09:11:12,mobile,3.73,7
8060,120,2024-09-11 23:00:06,mobile,7.54,7
8061,927,2023-12-24 18:52:28,tablet,3.45,1
8062,1246,2023-03-23 23:17:10,desktop,8.06,1
8063,1691,2024-03-22 10:41:32,mobile,3.59,1
8064,2421,2024-04-07 18:51:01,tablet,7.17,4
8065,2268,2024-08-24 03:18:30,mobile,6.5,9
8066,1227,2023-08-29 14:20:01,mobile,1.18,7
8067,1518,2024-09-17 19:05:37,mobile,5.78,5
8068,654,2024-04-22 21:54:31,mobile,8.97,2
8069,2147,2023-02-19 16:38:31,desktop,6.66,5
8070,517,2023-11-26 11:35:31,mobile,10.59,3
8071,2141,2023-09-04 23:23:22,desktop,9.86,2
8072,498,2024-08-19 07:30:00,mobile,2.61,1
8073,2094,2024-10-15 05:04:28,desktop,9.87,4
8074,980,2023-06-11 16:13:34,mobile,6.57,7
8075,256,2023-05-10 00:15:20,tablet,9.13,3
8076,1451,2023-05-22 21:59:38,tablet,5.41,3
8077,848,2024-01-04 01:42:19,desktop,10.83,2
8078,1402,2024-09-26 11:38:38,desktop,12.93,8
8079,98,2023-08-05 21:20:35,mobile,0.2,6
8080,1001,2023-10-05 11:46:23,desktop,5.8,2
8081,1713,2023-07-06 03:09:29,mobile,18.09,5
8082,1268,2024-10-29 14:30:47,desktop,0.2,1
8083,1569,2023-06-24 03:47:06,mobile,8.45,2
8084,1749,2024-09-23 15:39:25,desktop,3.77,1
8085,2429,2024-06-12 13:24:14,mobile,4.29,6
8086,264,2023-11-13 02:35:45,mobile,0.2,7
8087,2163,2024-08-02 15:55:01,mobile,10.62,6
8088,1251,2024-01-11 11:55:19,desktop,1.5,7
8089,1071,2023-05-20 21:23:08,desktop,9.77,5
8090,1981,2024-03-11 09:15:15,tablet,7.58,4
8091,2484,2024-10-27 21:25:21,mobile,5.3,9
8092,1838,2024-10-06 13:04:16,tablet,14.06,1
8093,1208,2024-12-08 16:32:02,desktop,9.71,13
8094,1332,2024-05-27 02:38:09,tablet,11.35,8
8095,1978,2023-01-09 02:53:57,tablet,11.09,2
8096,23,2024-04-20 02:55:04,tablet,0.65,10
8097,2252,2024-11-11 19:09:40,tablet,6.43,7
8098,1278,2023-05-28 08:01:57,desktop,1.23,5
8099,514,2023-04-20 09:41:53,desktop,2.43,1
8100,2425,2023-08-28 16:59:34,tablet,4.84,9
8101,1493,2024-12-19 13:03:42,tablet,3.49,3
8102,224,2023-05-08 11:51:18,mobile,1.7,8
8103,1945,2023-07-29 13:07:25,tablet,10.48,7
8104,1844,2023-08-05 20:01:08,mobile,5.74,4
8105,1493,2024-04-24 07:33:26,desktop,12.31,1
8106,1623,2024-02-02 01:39:08,mobile,11.22,3
8107,329,2023-03-22 00:55:18,desktop,4.24,3
8108,2112,2023-04-16 06:03:22,desktop,2.66,3
8109,374,2023-11-25 10:02:23,tablet,1.36,3
8110,2218,2024-03-20 22:27:18,desktop,7.19,6
8111,793,2023-04-08 07:15:17,tablet,11.21,3
8112,560,2024-02-28 19:32:20,tablet,9.25,3
8113,95,2023-09-27 07:34:30,mobile,2.8,5
8114,506,2024-04-20 06:03:33,desktop,6.8,3
8115,2041,2023-07-18 03:59:49,tablet,5.54,11
8116,1321,2023-09-21 02:58:18,mobile,8.11,5
8117,107,2023-05-19 02:02:29,tablet,11.36,7
8118,1926,2023-10-05 12:46:32,desktop,6.28,1
8119,461,2023-02-22 12:06:35,desktop,5.69,5
8120,686,2023-08-03 01:48:00,desktop,8.83,7
8121,2110,2023-03-24 03:22:49,mobile,5.18,5
8122,417,2023-12-11 19:07:33,desktop,4.06,3
8123,2269,2024-05-18 10:23:41,desktop,1.48,8
8124,617,2023-01-10 14:46:51,mobile,1.06,7
8125,1181,2023-08-03 00:10:26,desktop,19.52,1
8126,2393,2023-12-02 00:55:52,desktop,10.0,3
8127,663,2023-03-11 17:49:37,desktop,8.09,11
8128,1454,2023-04-25 23:06:33,tablet,4.68,9
8129,10,2024-12-11 02:24:04,tablet,18.44,6
8130,358,2024-12-17 20:33:48,tablet,0.2,5
8131,664,2023-03-06 09:56:19,tablet,1.92,9
8132,750,2023-01-13 02:24:55,desktop,12.2,3
8133,1386,2024-10-26 16:04:42,desktop,9.46,3
8134,753,2024-02-08 09:24:00,mobile,8.0,6
8135,722,2024-08-30 13:17:01,tablet,7.16,2
8136,273,2023-09-29 11:24:43,mobile,2.27,4
8137,458,2024-03-19 06:47:24,mobile,11.69,4
8138,1249,2023-04-28 06:17:25,tablet,11.75,5
8139,894,2024-06-19 00:14:01,desktop,5.4,3
8140,1717,2023-09-28 05:20:53,mobile,0.2,4
8141,274,2023-01-15 16:43:04,tablet,0.2,1
8142,806,2023-03-06 03:17:00,mobile,5.69,6
8143,943,2024-03-14 22:03:28,tablet,0.2,5
8144,548,2023-07-09 18:55:31,mobile,11.91,3
8145,2408,2024-03-03 01:43:20,mobile,3.73,6
8146,1636,2024-07-08 11:49:53,mobile,11.91,7
8147,530,2023-07-10 08:32:40,mobile,15.44,3
8148,444,2024-04-21 22:25:28,desktop,6.2,8
8149,458,2024-12-20 22:10:49,desktop,8.37,1
8150,2350,2024-06-04 03:53:11,mobile,4.16,2
8151,557,2024-01-12 01:52:22,tablet,6.65,4
8152,1031,2024-08-07 21:56:30,tablet,9.89,1
8153,1794,2023-10-26 17:31:06,mobile,4.12,4
8154,1118,2023-12-20 02:35:19,tablet,3.95,3
8155,259,2024-02-20 02:19:49,tablet,5.08,3
8156,2167,2023-12-09 22:29:12,desktop,3.06,2
8157,14,2023-02-19 13:05:38,mobile,3.37,4
8158,1066,2023-01-08 11:11:32,mobile,0.82,6
8159,971,2023-09-01 18:30:04,tablet,0.2,7
8160,1959,2023-03-09 20:48:42,desktop,6.24,5
8161,1385,2024-07-04 17:15:21,desktop,0.2,8
8162,433,2024-10-27 03:27:11,mobile,7.09,5
8163,1893,2023-10-21 23:34:19,desktop,5.07,4
8164,2177,2023-06-16 20:54:54,mobile,9.75,6
8165,2239,2023-02-23 14:01:11,desktop,0.2,2
8166,513,2023-10-27 23:28:22,desktop,7.55,5
8167,1779,2024-10-14 17:26:03,tablet,13.0,4
8168,2441,2024-12-11 03:28:54,mobile,7.01,3
8169,2371,2024-09-16 11:04:29,mobile,0.39,1
8170,875,2023-01-11 12:46:49,mobile,5.9,6
8171,2451,2024-03-07 04:38:19,tablet,4.46,2
8172,2398,2024-12-09 03:51:14,desktop,3.32,6
8173,1551,2023-09-15 05:13:55,mobile,5.06,6
8174,1850,2024-08-09 03:51:52,tablet,6.41,10
8175,562,2023-02-01 06:28:13,mobile,9.26,1
8176,624,2024-01-18 06:09:49,tablet,8.07,3
8177,141,2024-12-02 01:04:21,tablet,9.05,7
8178,1319,2023-03-01 22:34:02,desktop,7.89,6
8179,1222,2023-06-05 04:43:54,tablet,11.63,1
8180,298,2024-08-07 03:10:53,mobile,10.11,7
8181,1529,2023-06-27 15:33:50,desktop,8.51,5
8182,809,2023-11-29 00:22:14,desktop,7.58,8
8183,135,2024-12-13 04:22:40,mobile,4.41,6
8184,1459,2024-02-21 11:29:59,mobile,0.2,2
8185,451,2023-03-22 10:13:50,mobile,4.72,1
8186,93,2024-03-14 04:53:50,mobile,5.06,8
8187,1396,2024-11-20 23:04:21,tablet,4.47,4
8188,674,2024-07-07 05:30:47,tablet,0.96,3
8189,2456,2023-12-31 02:30:44,mobile,0.23,7
8190,1222,2023-01-04 22:33:26,tablet,10.24,4
8191,2380,2024-03-04 14:01:04,desktop,2.81,8
8192,2309,2023-08-03 17:58:41,mobile,8.29,10
8193,561,2023-07-23 10:42:05,tablet,0.35,7
8194,2029,2024-05-06 20:46:15,tablet,0.22,9
8195,1769,2024-02-20 04:04:16,desktop,17.27,10
8196,936,2024-11-03 05:45:12,mobile,10.29,4
8197,37,2023-11-14 18:15:19,desktop,0.2,2
8198,137,2023-10-16 19:21:02,desktop,0.2,7
8199,1692,2023-06-15 06:31:30,tablet,6.4,11
8200,2364,2024-12-14 21:53:35,mobile,1.2,2
8201,241,2024-11-15 07:41:40,mobile,3.81,1
8202,876,2023-06-06 22:45:18,mobile,4.43,3
8203,1743,2023-07-19 08:48:27,mobile,13.64,6
8204,982,2023-06-26 11:51:49,desktop,9.96,2
8205,1029,2024-02-06 04:47:22,tablet,3.81,1
8206,1960,2024-02-11 16:27:20,mobile,0.2,2
8207,847,2024-01-05 11:22:44,mobile,5.16,1
8208,1422,2024-11-19 12:12:13,tablet,7.73,5
8209,2055,2024-11-21 15:29:39,desktop,6.25,5
8210,1503,2024-12-31 02:43:54,desktop,6.95,7
8211,1572,2023-07-06 19:49:24,tablet,3.67,4
8212,1767,2024-05-29 19:38:54,desktop,7.64,2
8213,1015,2023-06-16 23:05:21,mobile,8.65,7
8214,2340,2024-05-12 07:53:00,mobile,4.71,1
8215,1578,2024-04-13 01:23:38,tablet,3.15,3
8216,1888,2024-06-08 10:52:43,desktop,16.96,1
8217,156,2023-12-05 21:16:13,mobile,4.42,1
8218,709,2024-07-06 07:17:12,tablet,6.51,6
8219,2044,2024-05-21 17:50:04,desktop,3.62,7
8220,2179,2024-03-22 04:54:57,mobile,2.49,4
8221,2067,2024-05-02 02:32:20,mobile,4.51,9
8222,1709,2024-07-05 20:57:17,tablet,9.48,2
8223,350,2023-05-23 17:53:36,tablet,1.42,1
8224,2017,2023-12-15 00:38:29,desktop,16.43,3
8225,1062,2024-05-29 22:37:13,desktop,10.17,5
8226,1602,2024-01-06 03:49:27,desktop,0.35,7
8227,2060,2024-09-07 22:47:41,mobile,9.04,7
8228,1675,2024-11-06 22:41:53,desktop,2.84,1
8229,2253,2023-02-05 04:24:02,tablet,0.2,6
8230,1950,2024-10-31 23:33:24,mobile,5.24,5
8231,650,2023-02-27 20:05:58,desktop,1.47,3
8232,2134,2023-01-06 11:16:12,desktop,3.66,7
8233,694,2024-02-08 10:56:10,tablet,7.76,5
8234,800,2024-03-04 14:28:50,mobile,12.42,7
8235,191,2023-10-19 23:54:48,desktop,2.51,7
8236,1590,2023-05-05 20:39:23,desktop,4.14,5
8237,612,2023-07-29 14:57:22,desktop,5.15,7
8238,1108,2023-06-07 02:38:06,mobile,6.23,3
8239,2365,2023-02-10 03:15:17,tablet,13.25,3
8240,2201,2023-06-26 02:01:10,mobile,0.2,10
8241,140,2024-04-27 09:31:05,mobile,8.65,5
8242,110,2024-02-16 03:15:40,tablet,5.12,4
8243,1052,2024-01-06 03:16:01,tablet,8.75,4
8244,2360,2024-04-03 03:18:47,desktop,7.99,4
8245,2120,2024-02-22 15:30:24,desktop,2.3,12
8246,2376,2024-07-21 15:01:12,mobile,7.56,9
8247,2275,2024-08-15 17:19:53,mobile,2.11,8
8248,785,2024-10-12 03:17:17,desktop,5.86,4
8249,1647,2024-11-03 22:31:07,tablet,3.68,10
8250,2020,2024-01-29 10:50:43,mobile,0.24,4
8251,1832,2023-11-17 02:50:02,desktop,2.73,2
8252,34,2023-01-03 11:40:48,tablet,7.61,5
8253,406,2023-09-26 13:38:34,tablet,8.49,2
8254,757,2023-07-10 21:28:01,desktop,5.97,5
8255,2024,2024-06-20 09:17:01,desktop,3.58,6
8256,2306,2023-06-01 04:55:49,tablet,3.05,4
8257,955,2024-06-05 22:05:19,mobile,10.2,3
8258,700,2023-01-06 09:58:52,desktop,4.05,4
8259,509,2023-02-15 11:42:30,tablet,8.71,4
8260,2216,2024-07-19 23:03:50,mobile,1.4,9
8261,150,2024-08-19 19:14:05,tablet,1.42,2
8262,2170,2023-05-02 01:55:48,mobile,7.14,5
8263,730,2023-01-10 18:36:50,tablet,4.43,1
8264,335,2024-12-18 06:22:22,mobile,9.45,6
8265,1012,2023-10-31 06:21:35,tablet,10.37,8
8266,1151,2024-09-12 06:12:32,mobile,9.18,8
8267,1425,2024-03-21 20:14:27,tablet,10.13,11
8268,1968,2024-04-18 12:28:16,desktop,2.88,2
8269,1102,2023-05-22 05:03:23,tablet,11.52,2
8270,1547,2024-06-04 02:34:08,desktop,6.89,1
8271,1824,2024-01-08 17:13:12,mobile,7.44,3
8272,353,2023-12-08 10:56:46,tablet,6.74,1
8273,471,2023-03-18 20:15:56,mobile,4.43,13
8274,1,2023-10-17 15:51:16,mobile,10.16,6
8275,886,2024-02-10 14:48:28,desktop,5.46,10
8276,1902,2024-01-04 21:57:14,tablet,3.04,2
8277,950,2024-02-21 06:27:08,mobile,8.87,2
8278,755,2023-03-05 16:14:17,mobile,11.88,4
8279,947,2023-05-07 22:08:00,tablet,15.96,2
8280,1313,2024-06-26 19:09:31,mobile,10.48,5
8281,479,2024-03-01 17:39:55,desktop,1.81,4
8282,2370,2024-05-24 05:14:18,mobile,6.87,1
8283,530,2024-11-02 07:40:49,mobile,6.49,1
8284,1482,2023-09-12 05:30:08,mobile,8.83,6
8285,841,2024-05-27 15:52:45,tablet,1.11,4
8286,2392,2024-09-28 12:13:13,desktop,4.19,11
8287,2302,2023-08-11 01:07:24,tablet,6.75,7
8288,391,2023-09-25 05:39:45,tablet,5.07,1
8289,1714,2024-07-02 11:55:33,tablet,3.55,4
8290,2480,2024-05-13 06:34:21,desktop,6.96,6
8291,963,2024-04-25 20:46:38,desktop,1.68,7
8292,649,2023-02-02 17:27:24,mobile,7.9,6
8293,1942,2024-12-03 09:25:50,mobile,4.15,8
8294,39,2024-09-06 14:10:03,mobile,3.28,4
8295,1202,2024-10-02 18:23:14,desktop,7.58,7
8296,2013,2024-10-12 22:24:11,mobile,5.65,1
8297,1645,2023-02-18 03:02:29,tablet,3.0,6
8298,1425,2024-09-09 15:51:12,mobile,9.35,1
8299,705,2023-09-23 05:21:15,mobile,13.5,5
8300,36,2023-07-07 00:10:41,mobile,4.89,6
8301,1137,2024-04-20 02:19:20,desktop,9.46,6
8302,302,2023-05-26 20:34:12,tablet,1.58,9
8303,758,2023-02-27 01:03:08,desktop,2.23,1
8304,699,2024-06-02 15:55:15,mobile,9.04,9
8305,239,2023-07-19 11:49:17,tablet,6.88,4
8306,2443,2023-10-21 11:26:54,tablet,2.63,6
8307,1205,2024-10-03 01:44:05,desktop,6.07,9
8308,2271,2023-02-10 19:20:53,tablet,11.08,5
8309,2383,2024-11-04 08:28:18,tablet,2.76,10
8310,717,2023-09-16 14:25:12,mobile,0.2,11
8311,1647,2024-03-13 22:01:06,desktop,5.96,2
8312,354,2023-06-25 08:50:26,tablet,1.29,4
8313,1381,2024-08-16 00:02:56,mobile,3.17,1
8314,604,2024-11-18 22:10:47,mobile,5.42,3
8315,1326,2024-10-27 19:53:51,tablet,10.56,1
8316,1267,2023-02-04 13:54:22,tablet,6.13,1
8317,1643,2023-10-07 18:21:16,desktop,10.54,1
8318,140,2024-07-29 03:04:27,tablet,10.17,6
8319,2079,2024-02-27 05:05:02,desktop,13.65,7
8320,1862,2023-08-25 09:02:17,desktop,2.35,7
8321,957,2023-02-06 22:34:36,tablet,12.2,4
8322,566,2023-02-23 03:46:08,desktop,10.12,7
8323,552,2024-05-17 07:26:48,tablet,5.85,10
8324,1070,2024-10-05 05:16:58,tablet,6.61,6
8325,2112,2024-02-04 08:11:30,tablet,3.47,4
8326,1045,2024-12-24 03:53:29,tablet,4.24,4
8327,2136,2024-08-12 05:16:37,tablet,3.28,6
8328,1117,2023-08-02 08:50:19,mobile,0.2,2
8329,1898,2023-06-18 11:37:36,tablet,3.54,1
8330,353,2024-03-27 02:07:30,mobile,11.79,5
8331,1967,2024-04-19 08:54:20,mobile,4.21,11
8332,1099,2023-02-09 17:00:11,desktop,5.59,6
8333,1928,2024-10-17 21:43:46,mobile,1.39,4
8334,2050,2023-11-18 13:04:05,mobile,4.26,3
8335,572,2024-09-20 06:23:11,desktop,10.39,2
8336,2348,2024-01-28 17:56:10,desktop,9.82,1
8337,737,2024-02-23 18:57:36,mobile,13.28,3
8338,1461,2023-08-25 12:06:01,desktop,16.25,4
8339,276,2023-09-07 04:01:19,tablet,6.26,6
8340,1768,2023-01-03 23:04:20,mobile,2.5,1
8341,949,2023-01-01 18:30:41,desktop,12.59,2
8342,859,2023-07-10 17:25:27,mobile,6.33,5
8343,1305,2024-09-10 03:08:21,desktop,8.17,10
8344,2288,2024-06-13 14:12:18,tablet,3.85,2
8345,1066,2023-07-02 17:24:14,desktop,0.2,7
8346,2084,2023-12-07 17:32:07,mobile,6.91,1
8347,1970,2023-12-27 10:54:07,desktop,5.26,6
8348,802,2024-04-05 01:54:48,mobile,1.07,2
8349,1310,2023-07-26 13:49:59,tablet,5.51,6
8350,1467,2023-06-26 15:50:06,desktop,6.8,4
8351,1545,2023-08-01 11:39:21,tablet,10.37,2
8352,2358,2023-04-12 14:05:13,desktop,6.47,3
8353,2482,2023-08-20 18:55:17,mobile,5.74,2
8354,1500,2024-11-26 11:18:47,mobile,2.26,2
8355,674,2023-05-12 19:05:38,tablet,6.87,5
8356,866,2023-01-02 19:17:43,mobile,8.37,2
8357,1486,2024-08-21 02:35:24,desktop,5.3,3
8358,2100,2023-04-01 12:08:36,tablet,4.29,6
8359,1684,2023-03-29 12:49:11,tablet,0.2,4
8360,1754,2023-10-09 16:18:12,tablet,6.9,9
8361,994,2023-10-24 21:04:26,desktop,12.51,2
8362,1269,2023-12-23 11:11:34,tablet,8.48,5
8363,1209,2024-05-02 16:30:57,mobile,10.81,5
8364,337,2024-02-26 10:45:25,tablet,5.41,3
8365,1682,2023-11-03 15:09:33,tablet,10.1,6
8366,876,2024-02-13 15:03:56,desktop,4.42,7
8367,1994,2024-09-30 12:34:09,desktop,6.58,2
8368,57,2023-08-25 23:12:08,tablet,6.94,8
8369,1785,2023-08-19 08:39:18,desktop,9.4,7
8370,9,2024-12-22 08:58:06,mobile,2.71,2
8371,1827,2024-02-02 17:20:21,desktop,8.56,2
8372,1448,2024-06-30 10:09:29,desktop,9.22,1
8373,300,2023-07-11 08:18:08,mobile,1.3,3
8374,1837,2024-10-07 18:09:43,mobile,6.12,1
8375,489,2024-09-30 23:41:01,mobile,0.7,7
8376,1175,2024-06-15 15:39:29,desktop,5.38,5
8377,1339,2024-12-04 20:14:01,desktop,5.35,8
8378,2335,2023-11-07 16:37:41,desktop,6.6,10
8379,1733,2023-05-02 12:32:05,tablet,0.2,4
8380,1033,2023-06-17 20:57:48,tablet,9.09,4
8381,1300,2024-12-21 02:50:14,mobile,10.83,7
8382,643,2024-12-26 06:00:04,desktop,13.28,5
8383,2130,2023-06-27 17:46:01,mobile,2.76,5
8384,1060,2024-12-03 00:35:36,desktop,8.57,7
8385,1441,2023-03-31 23:18:25,tablet,8.42,3
8386,1653,2024-09-23 05:43:30,desktop,8.06,1
8387,704,2024-01-18 19:31:20,desktop,3.9,3
8388,2118,2023-05-26 14:22:48,tablet,0.2,2
8389,1783,2024-10-22 09:36:32,tablet,6.59,4
8390,956,2023-01-05 05:14:30,desktop,5.77,5
8391,336,2023-06-19 23:35:10,mobile,8.19,3
8392,1878,2024-06-02 21:10:49,desktop,7.85,4
8393,1189,2023-08-07 18:22:59,desktop,2.23,7
8394,1461,2023-12-11 15:13:06,mobile,2.63,6
8395,2080,2023-09-11 10:11:43,tablet,2.73,2
8396,1819,2024-01-01 23:56:18,tablet,1.49,2
8397,2391,2023-12-17 01:14:45,desktop,9.96,5
8398,1700,2023-08-07 22:26:14,desktop,15.99,4
8399,87,2024-03-07 19:48:04,tablet,10.52,5
8400,2188,2024-05-30 02:27:07,mobile,4.17,6
8401,1817,2023-12-23 12:27:37,mobile,9.2,1
8402,1221,2024-10-21 18:49:21,desktop,8.96,9
8403,1561,2024-07-18 15:58:49,tablet,6.87,4
8404,2136,2024-08-06 13:59:28,mobile,5.07,9
8405,1788,2024-08-10 09:21:36,mobile,4.59,3
8406,657,2024-09-07 03:30:32,mobile,7.71,5
8407,1316,2024-04-20 00:38:00,desktop,8.38,7
8408,465,2023-10-02 17:04:55,mobile,3.37,5
8409,1910,2023-02-03 23:16:33,desktop,1.72,4
8410,77,2024-02-03 23:01:33,tablet,4.06,4
8411,2037,2023-06-27 22:14:54,mobile,7.0,5
8412,470,2024-03-08 14:28:55,desktop,9.02,1
8413,2254,2023-04-29 10:56:44,mobile,0.2,7
8414,982,2023-07-10 05:41:41,mobile,7.99,5
8415,1681,2023-04-10 23:26:57,desktop,5.52,9
8416,720,2024-05-03 03:57:58,desktop,12.9,2
8417,2220,2023-07-18 22:13:37,mobile,4.7,2
8418,2282,2024-09-10 04:34:17,desktop,3.71,10
8419,416,2024-05-30 15:10:41,desktop,6.21,5
8420,1497,2023-04-11 11:57:06,mobile,5.89,5
8421,1062,2024-12-10 15:50:29,desktop,5.9,1
8422,40,2023-07-19 17:15:33,mobile,8.1,3
8423,2267,2023-05-20 13:00:39,mobile,4.3,6
8424,2273,2024-03-12 08:20:12,tablet,4.52,7
8425,2081,2023-01-10 11:31:26,tablet,6.98,2
8426,1593,2023-12-24 01:08:34,tablet,3.68,7
8427,883,2024-01-31 23:38:55,tablet,5.78,3
8428,1549,2024-04-30 01:29:27,desktop,8.34,2
8429,986,2023-11-11 03:55:16,tablet,6.6,3
8430,753,2023-10-11 14:43:47,tablet,7.2,6
8431,323,2023-05-15 07:03:20,mobile,0.2,3
8432,1364,2024-08-29 19:44:06,desktop,3.27,7
8433,878,2024-08-02 02:42:41,desktop,2.23,4
8434,68,2023-12-17 14:55:43,mobile,6.59,4
8435,1761,2024-09-02 15:49:33,desktop,2.88,2
8436,1265,2024-07-03 16:49:26,desktop,2.47,4
8437,2179,2023-12-31 00:22:23,mobile,5.01,4
8438,11,2024-12-31 03:14:55,tablet,8.49,6
8439,833,2024-05-06 11:26:47,tablet,5.9,3
8440,2435,2024-09-10 14:38:51,mobile,4.48,3
8441,2489,2023-05-15 05:29:03,desktop,7.16,4
8442,1973,2023-12-22 03:55:55,desktop,0.44,4
8443,551,2023-10-20 05:25:34,desktop,3.88,10
8444,1276,2024-09-28 17:25:17,desktop,9.48,1
8445,1633,2024-12-23 14:23:05,desktop,11.46,7
8446,1217,2023-08-08 06:16:13,desktop,2.34,8
8447,638,2024-04-18 22:27:22,mobile,13.69,5
8448,1040,2024-05-18 14:29:10,desktop,2.65,2
8449,1665,2023-01-13 02:36:50,tablet,6.48,7
8450,2009,2024-01-01 04:09:07,desktop,7.36,3
8451,1654,2023-04-15 03:12:52,desktop,8.82,3
8452,1158,2023-08-03 02:16:16,tablet,6.14,4
8453,1647,2023-03-07 05:22:38,tablet,5.87,4
8454,1234,2024-10-17 13:40:07,mobile,8.31,8
8455,2246,2024-03-23 20:07:43,mobile,3.47,5
8456,1110,2024-09-10 03:03:26,mobile,0.2,6
8457,445,2023-05-31 21:06:37,mobile,5.22,2
8458,323,2023-12-30 08:17:59,tablet,4.82,2
8459,103,2024-10-01 13:52:09,tablet,7.81,3
8460,1598,2023-09-04 21:51:59,mobile,4.09,1
8461,880,2024-09-22 07:47:15,desktop,4.49,9
8462,826,2024-05-26 19:11:16,desktop,5.19,1
8463,2258,2024-03-28 12:14:57,desktop,7.03,10
8464,804,2023-07-26 23:22:48,desktop,5.77,11
8465,1739,2024-09-18 01:33:28,mobile,9.03,1
8466,703,2024-05-05 22:35:13,tablet,10.19,10
8467,1502,2023-11-16 09:04:06,desktop,10.18,7
8468,1847,2023-05-20 14:41:14,tablet,9.03,1
8469,2286,2023-03-07 09:42:52,tablet,1.95,4
8470,1369,2024-04-04 01:06:48,tablet,0.64,7
8471,2484,2024-05-13 15:52:17,tablet,2.81,5
8472,1424,2024-05-04 20:29:43,desktop,17.43,6
8473,1907,2023-05-05 01:02:30,desktop,9.94,2
8474,1747,2023-10-08 16:23:37,tablet,1.66,2
8475,984,2024-11-14 02:32:42,tablet,0.83,9
8476,10,2023-09-27 17:46:44,tablet,5.52,3
8477,2243,2024-04-19 03:27:59,mobile,2.08,2
8478,1952,2024-08-11 17:16:58,desktop,3.54,1
8479,299,2023-09-15 07:42:58,tablet,7.98,7
8480,31,2023-02-07 18:28:44,tablet,5.49,9
8481,977,2023-04-18 09:00:14,tablet,1.93,7
8482,1589,2023-03-02 13:38:24,desktop,4.74,9
8483,2443,2024-01-24 04:24:07,mobile,4.92,4
8484,2050,2023-09-23 09:18:34,tablet,6.07,7
8485,2009,2023-09-10 20:22:54,mobile,8.65,9
8486,2355,2023-03-11 17:36:37,desktop,0.2,1
8487,1507,2024-05-24 14:35:55,tablet,1.69,7
8488,2473,2023-05-29 00:11:50,tablet,6.86,5
8489,251,2024-10-28 08:36:19,tablet,2.31,5
8490,1961,2024-09-27 00:59:28,desktop,2.49,5
8491,1268,2024-01-24 16:39:10,mobile,8.52,10
8492,1,2024-08-07 22:02:32,desktop,5.71,3
8493,2069,2023-11-12 02:30:19,mobile,5.09,6
8494,1752,2024-10-23 08:56:39,mobile,3.19,9
8495,1305,2024-09-29 10:38:39,desktop,5.34,7
8496,2355,2023-11-03 15:58:38,desktop,1.58,5
8497,615,2024-11-22 04:50:08,tablet,4.95,6
8498,2014,2024-07-31 11:18:57,mobile,2.61,1
8499,1786,2023-10-16 22:45:00,tablet,11.61,2
8500,1802,2024-10-28 13:23:40,desktop,5.1,5
8501,2352,2023-02-12 00:34:07,mobile,8.09,2
8502,326,2024-03-13 15:59:01,desktop,11.51,3
8503,2034,2023-03-05 07:45:48,mobile,4.54,1
8504,752,2024-12-03 11:34:20,mobile,10.23,6
8505,232,2024-07-24 05:50:00,tablet,6.46,4
8506,2004,2024-03-30 18:25:54,mobile,2.79,2
8507,180,2023-05-13 14:58:30,desktop,0.2,6
8508,2404,2023-12-06 20:56:12,desktop,9.03,5
8509,1911,2024-04-03 11:19:29,tablet,6.6,1
8510,1422,2023-06-22 08:59:25,desktop,7.41,2
8511,2234,2024-10-05 21:55:05,desktop,13.43,1
8512,942,2024-11-27 04:42:16,tablet,3.75,11
8513,2478,2024-08-22 21:35:38,desktop,11.17,5
8514,185,2024-02-22 19:00:49,desktop,10.75,3
8515,740,2023-10-22 21:22:28,mobile,3.41,4
8516,1499,2024-12-17 08:43:08,tablet,8.46,1
8517,1255,2023-11-14 18:00:47,mobile,7.77,5
8518,2453,2024-02-12 21:01:41,tablet,10.57,1
8519,759,2023-03-30 10:06:19,mobile,0.46,6
8520,1893,2024-10-10 09:11:22,mobile,6.26,9
8521,238,2024-08-27 04:34:21,tablet,4.34,1
8522,623,2023-02-26 18:05:11,mobile,3.51,3
8523,151,2023-08-05 23:04:38,tablet,0.57,2
8524,370,2024-03-20 19:57:01,desktop,5.7,4
8525,281,2023-04-27 15:19:45,desktop,9.69,6
8526,248,2024-11-19 03:38:08,mobile,3.02,3
8527,281,2024-05-01 03:58:32,mobile,5.54,5
8528,2081,2023-10-19 18:07:20,desktop,8.82,8
8529,1241,2023-06-24 11:02:31,desktop,13.06,10
8530,95,2024-12-05 18:25:31,mobile,8.28,10
8531,190,2024-01-29 23:10:36,desktop,12.65,3
8532,724,2023-10-27 16:49:37,tablet,4.51,3
8533,1606,2024-01-25 22:31:56,desktop,4.19,5
8534,2090,2024-01-31 06:36:24,desktop,7.99,8
8535,1073,2024-11-27 09:08:11,desktop,3.42,7
8536,935,2024-08-07 03:37:21,tablet,1.15,3
8537,582,2024-10-30 11:50:25,mobile,12.12,7
8538,350,2024-05-31 04:30:24,desktop,11.68,1
8539,114,2023-11-12 17:46:42,mobile,0.91,1
8540,2025,2024-06-10 10:40:01,tablet,7.36,6
8541,404,2023-08-29 14:19:58,tablet,0.2,6
8542,885,2024-02-03 09:08:50,mobile,4.15,2
8543,551,2023-10-10 02:26:20,mobile,0.2,2
8544,1839,2024-01-16 20:38:09,desktop,2.67,4
8545,1595,2023-02-20 13:32:35,tablet,7.89,2
8546,129,2023-10-17 00:12:00,mobile,10.37,1
8547,28,2024-08-25 21:44:45,tablet,2.42,5
8548,1761,2023-04-04 12:22:17,mobile,1.98,4
8549,143,2023-08-03 17:17:32,tablet,2.48,7
8550,1217,2023-07-03 06:10:15,mobile,4.7,7
8551,2497,2023-03-13 16:30:59,tablet,3.21,3
8552,2156,2024-08-11 20:01:12,mobile,8.15,4
8553,133,2024-03-04 09:36:00,mobile,5.56,4
8554,155,2023-12-29 08:08:17,tablet,2.21,2
8555,1033,2024-07-31 02:14:59,desktop,2.12,11
8556,1668,2024-10-12 19:22:41,tablet,4.93,2
8557,680,2024-08-17 13:50:32,mobile,0.2,8
8558,124,2024-11-17 10:14:17,mobile,8.63,4
8559,1889,2024-02-08 06:27:01,desktop,8.48,6
8560,2482,2024-01-26 16:51:54,mobile,0.34,5
8561,1717,2024-04-17 23:27:23,tablet,11.74,7
8562,482,2023-10-22 16:16:55,tablet,7.94,8
8563,2021,2024-01-07 13:28:39,mobile,2.51,4
8564,313,2024-02-22 10:48:13,desktop,9.95,10
8565,1867,2023-10-31 14:25:04,mobile,6.93,5
8566,451,2023-04-11 04:05:03,mobile,0.94,1
8567,247,2024-10-19 05:29:57,tablet,5.49,7
8568,1957,2024-11-25 03:37:46,mobile,0.2,4
8569,314,2023-03-01 16:10:19,tablet,12.74,9
8570,1107,2023-11-16 18:48:54,tablet,9.03,3
8571,1366,2023-07-02 12:42:58,desktop,8.59,6
8572,810,2024-12-30 16:14:13,desktop,9.69,1
8573,275,2023-12-10 10:50:59,tablet,3.86,3
8574,617,2023-03-23 08:53:44,mobile,7.66,8
8575,97,2024-01-13 13:34:27,tablet,12.15,6
8576,922,2024-04-12 05:42:39,tablet,12.33,2
8577,821,2024-05-06 15:35:11,tablet,3.29,1
8578,2478,2024-11-17 22:10:08,mobile,5.44,4
8579,2026,2024-02-09 14:30:07,desktop,2.77,2
8580,2285,2023-11-09 22:31:56,mobile,4.99,2
8581,1669,2024-01-29 10:27:26,desktop,6.91,7
8582,1405,2024-03-16 06:14:15,tablet,5.07,7
8583,1531,2024-09-05 12:55:34,desktop,10.14,3
8584,2022,2024-04-11 22:23:08,mobile,0.2,5
8585,1109,2023-08-19 07:58:37,mobile,0.2,4
8586,101,2024-03-23 18:50:30,tablet,9.84,3
8587,1480,2023-02-27 08:56:04,desktop,6.65,3
8588,2329,2023-01-22 04:38:52,mobile,5.07,3
8589,1101,2023-01-27 22:45:33,desktop,5.72,7
8590,2425,2024-07-17 08:46:16,desktop,9.1,4
8591,1288,2024-05-01 02:03:58,tablet,4.35,1
8592,1430,2024-08-02 06:03:42,desktop,10.27,3
8593,1208,2023-03-08 23:07:23,tablet,0.8,1
8594,1173,2024-12-15 19:24:23,desktop,14.92,3
8595,1951,2023-05-19 08:48:44,mobile,6.7,2
8596,1955,2023-06-16 10:44:11,mobile,8.7,7
8597,1843,2023-06-02 14:39:58,desktop,15.86,4
8598,1097,2024-05-07 06:43:04,tablet,13.35,3
8599,792,2024-06-12 09:49:08,desktop,5.59,6
8600,556,2024-06-05 14:52:56,mobile,16.19,7
8601,2296,2024-04-03 14:04:04,desktop,9.23,8
8602,1909,2023-06-15 06:01:27,mobile,5.46,4
8603,1420,2023-08-23 02:10:23,desktop,4.87,2
8604,960,2024-11-13 17:54:17,desktop,0.2,4
8605,1350,2024-02-17 10:48:58,tablet,10.65,3
8606,2260,2024-06-23 19:43:03,desktop,5.75,7
8607,2377,2024-07-31 05:06:45,mobile,10.82,7
8608,1255,2023-09-30 15:17:49,mobile,8.42,2
8609,2435,2023-02-24 22:15:51,desktop,7.9,3
8610,1255,2024-04-20 15:26:25,desktop,4.06,5
8611,81,2024-07-05 05:27:55,tablet,7.16,8
8612,649,2024-08-15 12:05:55,tablet,9.04,3
8613,786,2023-07-07 18:48:12,mobile,3.9,11
8614,2331,2024-09-27 20:10:34,desktop,1.34,6
8615,714,2024-07-16 02:45:29,desktop,9.62,5
8616,1223,2024-04-21 08:36:17,mobile,4.12,5
8617,1589,2023-03-01 07:56:55,tablet,6.61,3
8618,2279,2024-04-05 03:58:24,tablet,12.75,1
8619,69,2024-09-13 21:18:09,mobile,2.72,3
8620,1408,2024-01-01 16:37:11,tablet,4.36,7
8621,2310,2023-03-11 02:35:36,tablet,8.18,11
8622,1193,2023-06-24 22:26:49,desktop,3.96,4
8623,1879,2024-03-14 00:19:10,tablet,3.82,3
8624,1421,2023-01-29 14:48:23,tablet,9.75,8
8625,1306,2023-07-04 13:31:19,tablet,5.12,1
8626,659,2023-12-24 02:21:06,tablet,8.61,11
8627,1098,2024-02-04 12:03:06,tablet,2.05,2
8628,2379,2023-12-21 23:25:30,tablet,10.02,7
8629,1812,2023-05-05 23:09:06,mobile,9.32,3
8630,18,2024-06-12 10:45:08,mobile,3.81,4
8631,2421,2023-07-31 03:25:55,tablet,15.38,1
8632,997,2024-10-27 03:48:05,desktop,7.44,3
8633,1167,2023-09-08 08:03:56,desktop,9.57,5
8634,611,2023-10-22 02:51:51,mobile,4.44,4
8635,1393,2023-03-19 20:45:03,mobile,3.81,11
8636,92,2023-08-23 04:52:39,desktop,9.29,2
8637,2487,2024-02-18 10:38:19,mobile,8.72,5
8638,1087,2024-05-15 23:20:00,desktop,4.85,2
8639,1457,2023-12-28 00:41:31,desktop,0.2,8
8640,1940,2023-11-21 05:18:44,tablet,4.17,5
8641,416,2024-08-29 13:48:25,desktop,4.64,1
8642,1638,2023-04-09 13:25:58,desktop,5.01,1
8643,705,2023-08-01 05:11:53,desktop,12.72,1
8644,2435,2024-10-04 22:26:04,mobile,1.59,12
8645,1832,2023-04-20 20:05:07,tablet,0.2,6
8646,1895,2023-07-02 14:32:15,tablet,5.09,4
8647,2062,2023-08-13 12:13:44,tablet,3.58,3
8648,1949,2023-01-09 02:30:43,desktop,6.02,3
8649,1199,2023-02-28 14:17:38,mobile,2.85,4
8650,703,2023-12-04 13:04:28,desktop,8.5,2
8651,721,2023-07-13 11:53:11,desktop,10.4,1
8652,1734,2023-11-07 15:11:02,tablet,0.92,6
8653,1712,2023-12-08 13:41:23,tablet,0.2,1
8654,1752,2023-09-15 12:12:56,mobile,9.09,4
8655,2322,2023-04-19 02:27:44,tablet,1.4,5
8656,1497,2023-03-24 09:42:18,mobile,5.1,5
8657,1491,2024-03-01 08:55:54,desktop,5.85,3
8658,2097,2024-05-04 05:16:27,tablet,8.36,4
8659,874,2023-08-14 11:38:29,mobile,3.28,8
8660,176,2023-12-17 23:23:28,mobile,0.2,3
8661,1664,2023-05-07 10:10:29,mobile,5.29,1
8662,1181,2023-10-23 09:42:31,desktop,0.88,4
8663,1547,2023-11-29 15:22:24,mobile,0.2,11
8664,900,2023-09-27 17:43:20,mobile,5.62,1
8665,1596,2023-02-15 06:12:08,desktop,3.71,4
8666,898,2023-01-09 17:42:07,desktop,12.41,3
8667,1414,2023-03-15 14:24:01,desktop,6.95,1
8668,1860,2023-03-26 10:02:08,desktop,14.22,4
8669,1909,2023-07-08 09:15:48,mobile,8.57,4
8670,2437,2024-05-02 12:06:53,desktop,10.54,6
8671,1317,2024-09-02 16:28:01,tablet,11.48,4
8672,510,2023-06-07 21:17:06,tablet,7.5,1
8673,526,2024-02-20 20:41:05,tablet,7.27,6
8674,272,2023-03-08 23:34:49,tablet,7.88,6
8675,1312,2024-07-07 18:25:01,tablet,3.89,1
8676,2325,2023-11-23 12:42:17,desktop,0.2,2
8677,1962,2023-08-29 02:35:54,desktop,6.47,6
8678,473,2024-02-02 22:06:22,mobile,4.23,5
8679,821,2024-09-07 02:36:04,tablet,2.1,3
8680,1847,2024-03-03 00:20:40,desktop,0.2,1
8681,1841,2023-04-16 10:39:12,desktop,1.83,1
8682,220,2023-03-13 19:52:32,mobile,3.18,2
8683,309,2023-04-12 10:43:19,tablet,5.03,2
8684,1167,2024-05-25 12:37:15,mobile,0.43,2
8685,924,2023-07-21 06:13:02,tablet,0.2,9
8686,2230,2024-09-13 11:22:18,mobile,1.58,8
8687,1834,2023-04-25 16:12:30,desktop,7.73,8
8688,643,2024-12-26 04:22:02,desktop,10.64,7
8689,1148,2024-02-23 17:15:14,tablet,8.29,6
8690,2220,2023-09-01 01:14:30,desktop,11.8,9
8691,2046,2024-06-21 19:35:02,mobile,5.19,7
8692,170,2024-01-30 14:46:56,mobile,1.23,7
8693,1741,2023-02-11 20:21:36,tablet,9.06,11
8694,7,2024-01-11 06:13:40,mobile,4.26,1
8695,230,2024-12-10 23:16:22,tablet,1.79,6
8696,1248,2024-09-15 10:16:16,desktop,5.03,1
8697,2062,2024-08-30 08:23:38,desktop,7.6,4
8698,525,2024-12-02 07:50:49,desktop,1.65,8
8699,2269,2023-04-07 01:23:39,desktop,1.29,4
8700,411,2024-06-30 15:46:21,tablet,11.05,7
8701,1503,2023-07-05 03:46:42,mobile,5.83,5
8702,1613,2024-08-27 06:29:45,tablet,9.41,1
8703,1807,2024-05-21 19:17:49,mobile,10.08,1
8704,1103,2023-02-05 07:08:22,desktop,8.5,3
8705,479,2023-01-11 13:15:43,mobile,8.23,4
8706,2497,2024-08-22 09:33:58,mobile,2.3,4
8707,1985,2023-04-29 05:41:55,tablet,9.96,12
8708,286,2024-05-31 03:43:37,mobile,0.2,5
8709,1377,2024-01-04 00:38:37,tablet,4.47,3
8710,1615,2024-01-09 01:33:21,tablet,7.74,5
8711,191,2023-05-22 06:20:06,mobile,0.2,4
8712,2292,2023-08-03 19:46:56,tablet,1.4,3
8713,1314,2023-05-20 22:56:43,mobile,5.3,6
8714,536,2023-09-16 04:02:49,tablet,2.81,8
8715,537,2024-07-01 14:00:07,desktop,21.38,8
8716,415,2024-03-09 16:32:22,tablet,2.45,11
8717,2016,2023-06-05 01:54:01,mobile,9.16,5
8718,1037,2023-11-16 01:26:52,tablet,9.91,1
8719,968,2023-09-29 18:47:05,mobile,0.2,4
8720,1131,2024-09-15 12:12:38,desktop,0.35,3
8721,1260,2024-12-07 15:22:46,desktop,7.79,2
8722,835,2024-03-02 21:32:45,mobile,2.85,4
8723,1254,2024-05-07 20:46:07,tablet,3.04,8
8724,347,2023-02-26 17:30:10,desktop,8.8,7
8725,1788,2023-05-18 19:48:44,mobile,10.09,4
8726,1944,2023-07-28 08:32:40,desktop,2.25,7
8727,2122,2024-10-24 07:00:24,mobile,15.09,2
8728,2124,2023-05-26 15:40:42,desktop,4.61,1
8729,1222,2023-09-24 02:17:58,tablet,8.96,1
8730,696,2024-09-23 16:37:34,desktop,4.19,4
8731,2454,2024-10-03 19:47:19,tablet,6.95,4
8732,1045,2024-10-14 22:04:37,mobile,7.55,7
8733,1443,2023-06-24 18:34:11,mobile,13.25,4
8734,2027,2024-06-03 06:34:53,tablet,4.96,5
8735,183,2023-08-20 12:45:53,mobile,0.65,3
8736,1997,2024-11-19 11:48:11,mobile,2.84,12
8737,2378,2024-06-06 07:33:14,tablet,7.74,2
8738,2291,2024-04-11 23:38:27,desktop,5.54,3
8739,2059,2023-08-25 20:48:10,desktop,1.96,8
8740,1051,2023-08-16 20:46:26,tablet,3.58,4
8741,1252,2024-12-11 13:14:08,desktop,3.93,6
8742,1673,2023-11-15 12:46:42,mobile,4.2,5
8743,1266,2023-09-03 23:18:55,mobile,5.84,4
8744,580,2024-10-05 15:23:13,tablet,1.74,5
8745,1644,2024-10-28 03:49:54,mobile,5.16,8
8746,1677,2023-01-17 03:43:19,tablet,13.82,6
8747,1009,2024-01-01 21:11:59,mobile,9.35,4
8748,842,2023-05-24 16:55:34,mobile,6.87,1
8749,2387,2024-07-24 16:11:28,tablet,0.2,7
8750,306,2024-01-29 04:09:55,desktop,11.56,5
8751,1709,2023-07-14 22:29:55,tablet,0.2,7
8752,1616,2024-05-22 02:26:28,desktop,0.74,1
8753,2378,2024-04-26 21:05:25,mobile,8.12,2
8754,1619,2023-05-11 09:16:48,mobile,5.35,2
8755,2463,2023-06-07 00:12:46,mobile,4.98,6
8756,1998,2023-03-15 06:56:27,tablet,6.18,2
8757,1400,2024-09-26 12:52:46,desktop,1.64,13
8758,761,2024-10-07 02:26:56,desktop,2.57,9
8759,2112,2023-02-16 22:40:46,mobile,7.81,9
8760,1529,2024-01-05 16:21:54,mobile,3.89,3
8761,903,2024-12-15 15:15:21,mobile,3.05,1
8762,410,2023-11-28 08:31:31,tablet,6.32,5
8763,2289,2024-09-19 06:03:13,desktop,8.37,3
8764,1519,2023-09-09 23:23:24,mobile,10.94,5
8765,2236,2023-05-25 14:40:17,tablet,6.21,3
8766,477,2024-10-09 15:53:02,tablet,7.99,9
8767,2367,2023-02-05 15:16:55,tablet,3.12,1
8768,1262,2024-04-01 23:59:37,mobile,2.27,4
8769,949,2023-05-24 09:08:50,tablet,0.39,4
8770,1351,2024-10-26 14:33:52,tablet,8.55,9
8771,1112,2023-10-24 00:30:48,tablet,4.72,2
8772,1114,2023-04-06 16:38:21,desktop,7.57,3
8773,1666,2024-09-15 19:00:51,mobile,12.63,5
8774,1365,2023-04-25 08:18:59,tablet,4.56,2
8775,1164,2023-03-18 02:09:31,tablet,1.46,5
8776,106,2024-06-17 05:20:39,desktop,9.29,7
8777,435,2023-12-25 02:32:00,tablet,7.36,1
8778,1695,2024-05-23 17:58:41,mobile,0.2,2
8779,2484,2023-12-28 19:05:25,tablet,2.99,11
8780,1722,2023-04-27 06:02:38,desktop,7.5,3
8781,697,2023-02-17 01:23:38,tablet,0.27,1
8782,1650,2024-04-13 06:53:25,tablet,12.88,4
8783,425,2023-06-08 06:11:46,desktop,10.2,6
8784,1405,2023-11-06 17:43:53,mobile,2.74,6
8785,2259,2023-09-03 03:23:28,desktop,4.23,8
8786,511,2023-07-20 15:37:48,desktop,8.74,7
8787,2046,2024-10-03 03:26:43,tablet,10.99,2
8788,569,2023-06-07 13:04:34,mobile,3.47,7
8789,1296,2023-12-09 22:51:42,desktop,8.42,3
8790,1346,2024-04-21 17:28:39,mobile,10.57,6
8791,714,2023-11-16 13:46:28,tablet,10.06,5
8792,1297,2024-01-02 02:43:13,tablet,2.61,6
8793,1384,2024-10-25 01:03:09,desktop,16.62,5
8794,1070,2024-07-23 21:29:31,mobile,4.84,9
8795,665,2023-11-15 09:08:23,tablet,1.34,1
8796,2168,2023-01-06 00:07:19,mobile,11.91,5
8797,1771,2023-05-30 11:20:06,desktop,11.26,6
8798,1583,2023-09-29 20:59:03,desktop,8.95,4
8799,1105,2023-03-04 04:02:46,desktop,0.79,3
8800,1935,2023-02-14 14:37:03,desktop,1.98,9
8801,687,2024-07-16 11:44:13,mobile,1.57,5
8802,897,2023-06-05 12:05:39,desktop,6.25,1
8803,1434,2023-07-26 02:45:15,desktop,9.13,5
8804,2227,2023-03-10 16:03:54,mobile,4.49,4
8805,531,2023-05-05 00:09:17,tablet,8.52,5
8806,1045,2024-12-26 22:08:29,desktop,9.47,8
8807,2288,2024-02-15 02:53:58,tablet,4.53,7
8808,2162,2023-11-14 14:39:25,desktop,12.91,7
8809,467,2024-11-08 00:07:40,desktop,7.88,7
8810,2160,2024-09-29 05:09:13,desktop,7.11,8
8811,1795,2023-02-09 09:27:59,desktop,4.16,1
8812,1599,2024-02-02 06:37:07,mobile,12.43,7
8813,1359,2024-11-10 22:43:57,mobile,2.23,5
8814,1356,2023-11-06 11:50:02,desktop,2.82,8
8815,1111,2024-07-07 23:23:11,tablet,10.82,8
8816,563,2023-09-30 05:57:19,mobile,2.01,6
8817,452,2023-05-30 15:47:46,mobile,9.87,3
8818,2453,2024-11-08 05:25:20,tablet,8.5,6
8819,390,2024-08-26 04:54:10,mobile,3.27,1
8820,1386,2023-08-19 19:51:19,mobile,11.84,6
8821,1261,2023-08-23 03:09:27,tablet,15.49,6
8822,2,2023-12-15 04:44:25,tablet,1.6,4
8823,166,2023-05-26 12:48:51,mobile,15.38,4
8824,1300,2023-09-14 15:23:07,mobile,4.84,6
8825,94,2023-05-26 10:57:23,tablet,6.63,6
8826,1944,2023-12-12 01:13:54,desktop,7.37,5
8827,2429,2024-03-07 13:42:16,mobile,5.49,1
8828,579,2023-09-03 16:48:51,mobile,5.71,7
8829,2188,2024-05-31 23:06:03,mobile,3.01,5
8830,1052,2023-02-12 01:19:35,tablet,4.39,7
8831,215,2023-05-31 06:45:45,desktop,9.77,3
8832,1997,2024-07-24 14:07:42,mobile,4.96,1
8833,2451,2024-10-10 02:42:00,mobile,2.94,6
8834,1655,2023-03-02 11:59:26,mobile,4.39,1
8835,868,2023-12-09 17:35:08,tablet,2.33,3
8836,279,2024-01-20 03:10:15,tablet,4.59,6
8837,668,2023-03-28 06:16:20,desktop,9.93,7
8838,844,2023-06-29 06:20:48,tablet,0.2,9
8839,2329,2024-07-12 09:36:43,mobile,9.76,4
8840,1132,2024-03-26 23:45:24,desktop,10.66,7
8841,2251,2024-09-17 14:04:09,mobile,10.06,6
8842,1971,2023-09-29 14:28:29,desktop,11.6,3
8843,1849,2023-04-12 11:59:44,tablet,0.86,8
8844,975,2023-09-04 14:44:42,tablet,7.73,3
8845,1368,2024-10-27 19:19:03,desktop,8.32,6
8846,152,2024-05-04 19:32:16,tablet,10.16,2
8847,150,2024-07-12 01:01:53,tablet,15.1,5
8848,1717,2023-04-06 20:07:26,tablet,6.4,7
8849,440,2024-03-05 23:16:59,tablet,10.74,5
8850,660,2023-11-01 04:42:35,tablet,2.79,3
8851,899,2024-04-06 15:47:20,tablet,6.83,1
8852,1665,2024-11-04 16:47:41,tablet,8.39,3
8853,2058,2023-11-10 02:52:31,tablet,5.05,6
8854,1887,2023-02-12 06:54:21,desktop,1.96,1
8855,1021,2023-12-24 02:49:02,desktop,8.63,12
8856,450,2024-06-04 03:57:24,tablet,7.47,4
8857,1509,2024-11-13 01:24:10,tablet,8.35,3
8858,2037,2023-09-25 20:50:38,desktop,2.56,5
8859,570,2024-05-26 10:49:10,mobile,12.2,8
8860,1667,2023-06-11 14:15:16,mobile,6.99,8
8861,1528,2024-12-19 10:57:29,tablet,15.24,10
8862,1554,2023-12-01 00:38:41,tablet,2.66,8
8863,721,2024-07-24 05:08:14,mobile,3.65,3
8864,1339,2023-10-20 19:12:00,tablet,4.63,4
8865,1233,2024-04-25 03:53:18,desktop,0.27,1
8866,1581,2023-04-29 04:39:35,tablet,8.2,7
8867,134,2023-04-30 20:16:26,mobile,10.9,1
8868,118,2024-07-31 09:43:51,desktop,6.91,1
8869,1896,2023-02-13 20:11:16,tablet,3.1,10
8870,1281,2023-12-06 16:57:13,desktop,9.46,5
8871,2489,2023-06-02 10:00:02,tablet,5.89,8
8872,1517,2023-10-16 14:07:55,desktop,1.72,1
8873,1901,2024-04-10 10:40:39,tablet,1.24,9
8874,1862,2023-12-01 09:15:13,mobile,4.72,11
8875,636,2024-12-03 04:14:49,mobile,10.38,5
8876,50,2024-02-06 20:46:03,desktop,9.85,6
8877,1391,2024-12-24 20:17:42,desktop,3.5,1
8878,1068,2023-12-31 04:25:37,desktop,9.61,6
8879,1343,2024-08-30 19:36:10,tablet,13.13,11
8880,860,2024-07-09 23:19:25,tablet,4.57,4
8881,237,2024-01-23 22:52:52,desktop,6.4,4
8882,25,2023-07-23 18:45:23,mobile,8.05,1
8883,228,2024-08-01 12:02:15,tablet,1.16,9
8884,1802,2024-10-13 00:10:57,tablet,6.13,7
8885,1678,2024-02-11 08:52:27,mobile,8.59,11
8886,1947,2024-03-31 23:06:05,tablet,0.85,1
8887,777,2023-10-15 20:19:16,desktop,0.2,7
8888,1635,2024-02-20 17:26:54,mobile,0.2,1
8889,532,2024-10-30 11:10:22,tablet,7.16,2
8890,2074,2024-05-14 17:57:05,tablet,4.24,5
8891,2235,2024-11-29 23:36:47,mobile,0.2,6
8892,369,2023-05-25 22:50:43,mobile,6.77,3
8893,633,2023-10-03 01:08:46,tablet,3.41,8
8894,2008,2023-12-26 10:57:41,mobile,4.62,3
8895,1219,2024-07-07 23:52:44,desktop,7.3,8
8896,1118,2023-08-15 16:48:04,desktop,10.04,6
8897,1231,2023-01-30 12:15:01,desktop,6.54,1
8898,2410,2023-04-21 19:15:03,desktop,11.0,2
8899,2334,2023-11-17 16:05:39,tablet,11.32,1
8900,2086,2024-11-12 05:26:26,tablet,4.54,2
8901,796,2024-07-04 15:11:17,desktop,5.91,1
8902,2374,2023-01-11 23:27:08,tablet,6.89,10
8903,1175,2023-06-14 08:14:13,mobile,10.69,2
8904,608,2023-07-28 00:06:03,desktop,0.2,8
8905,255,2024-07-08 09:11:12,mobile,2.59,3
8906,2284,2024-11-05 17:07:19,tablet,6.56,14
8907,664,2024-06-14 07:33:49,mobile,5.83,5
8908,441,2024-01-18 18:59:46,tablet,0.2,9
8909,100,2024-01-30 01:10:07,mobile,14.12,11
8910,1424,2023-09-13 23:59:05,tablet,2.0,3
8911,1708,2023-10-20 22:24:54,tablet,3.57,1
8912,2306,2023-07-13 02:18:42,desktop,12.32,5
8913,2185,2024-12-13 17:55:33,desktop,0.2,3
8914,2356,2023-06-16 04:00:02,mobile,11.3,4
8915,2171,2023-02-08 02:16:54,mobile,2.91,6
8916,241,2024-05-13 23:11:52,mobile,6.71,2
8917,1287,2023-02-01 13:17:50,desktop,7.69,11
8918,2340,2023-12-01 17:15:59,desktop,5.8,3
8919,672,2023-11-21 14:18:40,desktop,3.88,8
8920,1516,2024-06-09 15:30:57,mobile,3.73,6
8921,1598,2023-07-24 01:32:44,desktop,6.64,5
8922,2135,2024-11-14 17:55:48,tablet,5.89,2
8923,218,2024-08-02 19:49:34,desktop,6.31,6
8924,986,2024-01-10 11:03:02,mobile,7.63,3
8925,324,2024-07-04 15:39:21,tablet,0.2,8
8926,1899,2023-04-29 19:54:24,mobile,4.68,3
8927,2201,2024-07-24 12:02:50,mobile,8.7,8
8928,1972,2024-09-30 16:15:01,mobile,5.08,1
8929,2493,2023-03-08 00:13:00,desktop,5.26,3
8930,1664,2023-04-06 03:56:12,desktop,4.73,6
8931,343,2023-02-21 08:35:22,tablet,5.05,6
8932,372,2024-02-01 12:50:13,tablet,10.79,2
8933,300,2024-06-23 16:40:21,mobile,5.87,1
8934,920,2024-08-15 21:24:35,mobile,0.2,4
8935,1996,2023-04-20 01:21:39,tablet,4.12,11
8936,622,2024-03-08 17:36:26,desktop,5.33,8
8937,578,2024-07-01 20:15:24,desktop,0.2,2
8938,2347,2024-05-25 12:05:53,tablet,2.37,3
8939,1703,2024-11-25 03:13:09,mobile,6.29,6
8940,2076,2024-07-31 17:28:18,tablet,1.13,7
8941,2418,2024-09-07 16:59:20,mobile,6.83,6
8942,1256,2023-11-01 10:25:36,desktop,6.93,4
8943,1520,2024-01-05 06:47:12,mobile,11.04,2
8944,1016,2024-09-05 20:00:31,tablet,2.13,5
8945,1972,2024-03-04 04:59:46,desktop,3.92,1
8946,1208,2023-01-23 13:45:57,desktop,10.3,12
8947,967,2024-07-24 03:46:26,mobile,3.01,1
8948,164,2023-05-07 02:41:40,tablet,4.67,4
8949,1536,2023-06-13 18:48:54,desktop,5.86,1
8950,1930,2023-05-09 22:06:52,tablet,9.81,5
8951,2294,2024-01-14 07:14:28,desktop,7.39,3
8952,261,2024-07-10 11:11:16,desktop,8.39,6
8953,213,2024-01-03 06:44:42,desktop,4.33,7
8954,828,2024-10-30 21:02:01,tablet,6.44,4
8955,1267,2024-12-22 09:51:42,tablet,3.37,6
8956,1214,2024-06-06 09:19:50,tablet,11.47,1
8957,2284,2023-05-06 20:02:12,mobile,3.22,8
8958,1976,2023-09-17 06:16:12,desktop,1.42,3
8959,128,2024-08-22 11:50:09,tablet,12.17,7
8960,406,2024-04-06 17:22:32,tablet,10.77,8
8961,2078,2024-04-27 18:22:21,desktop,4.45,2
8962,1181,2023-10-26 02:02:58,desktop,13.52,4
8963,2448,2023-06-20 04:54:52,mobile,0.2,7
8964,1677,2023-02-04 04:08:17,desktop,1.87,1
8965,320,2023-11-08 18:26:21,tablet,10.26,5
8966,2066,2023-05-04 20:58:14,mobile,0.76,7
8967,983,2023-04-18 20:04:01,desktop,1.44,10
8968,760,2023-07-02 10:38:52,mobile,8.51,2
8969,907,2024-04-28 22:51:04,mobile,4.87,3
8970,1047,2024-07-22 17:54:52,desktop,2.06,5
8971,1773,2023-08-01 16:11:53,mobile,7.09,1
8972,1263,2024-11-26 15:52:26,desktop,10.43,6
8973,779,2024-10-20 07:20:48,mobile,5.51,4
8974,202,2024-03-17 16:53:48,desktop,7.62,4
8975,1216,2024-11-05 22:28:42,tablet,7.48,12
8976,820,2023-04-20 01:11:11,tablet,2.16,8
8977,2040,2023-09-02 11:33:45,tablet,7.99,1
8978,143,2023-09-12 17:28:42,desktop,7.82,4
8979,102,2024-06-29 19:22:09,desktop,4.26,4
8980,603,2023-02-11 11:34:12,desktop,6.94,4
8981,1858,2023-06-11 18:34:01,tablet,9.46,3
8982,281,2024-09-09 20:02:59,desktop,6.86,6
8983,1444,2024-01-21 21:19:46,mobile,0.2,10
8984,642,2024-08-27 05:34:34,tablet,10.71,9
8985,1200,2023-06-02 22:13:48,desktop,1.87,2
8986,416,2023-09-05 15:33:37,mobile,13.52,5
8987,1537,2023-02-11 19:03:44,tablet,2.34,1
8988,1762,2024-06-04 20:11:24,mobile,6.55,5
8989,686,2024-05-23 19:05:33,desktop,6.34,1
8990,818,2023-04-30 03:40:51,desktop,0.2,5
8991,1109,2023-02-07 00:19:38,tablet,9.25,9
8992,2063,2023-12-03 19:41:43,mobile,4.38,6
8993,1485,2023-12-04 07:05:33,desktop,10.66,5
8994,1830,2024-06-23 07:00:59,tablet,2.89,4
8995,1515,2023-04-11 18:22:51,mobile,4.88,5
8996,1004,2023-12-11 17:49:18,mobile,4.56,5
8997,2014,2023-03-29 09:31:14,tablet,11.57,8
8998,1887,2023-01-20 19:16:59,mobile,9.93,5
8999,1710,2024-02-05 21:40:41,mobile,0.2,4
9000,1569,2024-04-30 12:12:39,mobile,6.26,3
9001,1581,2024-01-29 13:42:54,desktop,4.71,3
9002,676,2023-02-16 11:21:58,desktop,7.18,7
9003,577,2023-06-13 07:52:32,desktop,8.99,5
9004,1861,2024-04-25 19:56:17,mobile,0.2,3
9005,1561,2023-09-14 00:59:28,desktop,4.92,2
9006,2399,2024-05-14 06:02:18,desktop,13.8,7
9007,18,2024-09-20 16:23:53,desktop,12.22,3
9008,1965,2023-06-23 15:00:46,tablet,5.54,5
9009,286,2023-11-01 09:15:30,desktop,8.09,1
9010,1164,2023-07-24 06:06:15,mobile,10.84,7
9011,2453,2024-08-26 18:46:56,desktop,11.63,3
9012,911,2023-05-19 19:12:19,tablet,7.65,2
9013,2377,2023-10-17 12:31:24,tablet,9.25,7
9014,460,2023-12-09 23:17:13,tablet,0.2,8
9015,450,2023-08-01 13:29:01,mobile,5.51,6
9016,859,2024-10-28 20:27:38,mobile,7.53,7
9017,2479,2024-12-04 00:28:29,mobile,8.48,5
9018,1189,2023-04-14 11:58:47,mobile,2.61,5
9019,1182,2023-10-08 05:15:14,tablet,14.09,4
9020,2010,2024-06-22 23:59:10,desktop,13.6,5
9021,1586,2024-01-15 06:34:22,tablet,0.79,9
9022,259,2024-07-21 19:24:27,mobile,4.65,1
9023,1073,2024-11-14 10:01:38,desktop,3.56,6
9024,2281,2023-01-17 15:30:10,mobile,7.02,7
9025,1019,2024-07-21 20:07:25,desktop,6.13,9
9026,1222,2024-10-20 23:32:45,tablet,11.15,6
9027,401,2024-05-12 21:51:52,tablet,6.07,8
9028,948,2023-08-13 17:08:49,tablet,8.06,2
9029,164,2024-09-21 14:55:08,tablet,6.01,3
9030,2225,2024-01-05 05:54:42,desktop,6.99,8
9031,1657,2024-03-25 14:16:20,desktop,4.27,1
9032,594,2024-05-06 20:56:55,tablet,3.23,5
9033,142,2023-07-05 03:04:38,desktop,13.9,4
9034,1166,2023-09-18 08:30:30,desktop,2.04,7
9035,1933,2023-08-02 22:34:01,mobile,0.2,6
9036,1084,2024-10-05 05:48:33,desktop,11.91,4
9037,491,2024-01-14 15:48:36,tablet,5.95,8
9038,1910,2024-08-23 06:08:01,tablet,2.28,7
9039,1232,2023-12-03 07:50:54,tablet,7.79,9
9040,1994,2023-12-05 03:57:06,mobile,3.82,4
9041,2035,2024-11-29 20:29:59,desktop,1.2,7
9042,2404,2024-05-19 06:21:58,tablet,5.25,5
9043,706,2024-01-12 09:17:43,desktop,0.85,5
9044,2388,2023-05-18 00:22:15,mobile,5.16,4
9045,470,2024-04-14 14:57:24,desktop,4.14,4
9046,2316,2024-11-10 21:51:17,desktop,9.9,4
9047,907,2024-12-23 13:14:25,desktop,1.95,3
9048,2078,2023-11-10 13:39:35,mobile,12.17,6
9049,1782,2024-01-14 10:35:06,mobile,1.08,5
9050,59,2024-05-06 05:28:33,tablet,11.38,5
9051,258,2023-01-28 21:44:18,mobile,5.82,4
9052,1897,2023-10-07 00:26:43,mobile,8.67,4
9053,1298,2023-03-06 11:19:59,mobile,3.73,1
9054,2092,2023-09-12 06:07:10,mobile,1.53,3
9055,1112,2024-08-27 05:03:40,mobile,6.08,6
9056,1356,2023-05-19 02:53:37,tablet,15.55,1
9057,2337,2024-06-02 20:45:28,mobile,4.9,4
9058,364,2024-03-28 07:21:36,desktop,7.34,6
9059,1130,2024-06-09 01:16:19,desktop,3.09,5
9060,879,2024-09-13 13:42:21,desktop,2.01,5
9061,1470,2023-07-11 22:39:37,tablet,6.55,8
9062,1776,2024-10-02 21:45:35,tablet,8.54,3
9063,1667,2023-03-02 13:32:34,mobile,3.46,7
9064,2221,2023-07-26 08:38:40,desktop,0.2,1
9065,1449,2024-06-29 17:14:21,mobile,7.96,4
9066,2123,2023-02-16 01:16:56,mobile,10.9,10
9067,1556,2023-10-29 13:18:35,mobile,4.0,10
9068,1783,2023-03-11 04:42:09,tablet,1.87,1
9069,730,2024-11-21 15:46:57,desktop,11.54,4
9070,1422,2024-05-15 17:58:55,tablet,10.61,3
9071,347,2024-08-20 23:19:05,desktop,3.73,7
9072,1364,2023-09-01 22:24:52,tablet,7.57,7
9073,2450,2023-11-24 18:18:00,tablet,9.98,6
9074,222,2023-05-19 06:00:21,desktop,8.48,3
9075,1000,2024-04-20 15:10:13,desktop,0.2,6
9076,974,2024-10-18 07:52:44,mobile,4.62,2
9077,676,2024-05-31 05:58:44,desktop,12.24,6
9078,510,2023-07-11 17:56:50,mobile,1.82,1
9079,283,2023-11-01 13:27:55,desktop,8.27,4
9080,1057,2024-07-16 21:31:04,mobile,11.32,11
9081,1329,2023-03-08 06:34:09,desktop,3.65,9
9082,2445,2023-08-29 19:49:19,mobile,10.31,2
9083,138,2024-02-29 07:46:44,tablet,6.21,6
9084,1353,2024-02-05 19:03:38,desktop,5.34,8
9085,1107,2024-04-04 21:39:22,mobile,2.59,4
9086,1817,2024-02-15 09:24:37,desktop,4.2,2
9087,25,2024-06-28 20:44:10,mobile,3.65,6
9088,1092,2023-05-17 19:26:49,desktop,4.96,5
9089,988,2024-04-13 21:24:21,desktop,6.57,8
9090,1728,2024-10-01 21:40:15,desktop,3.29,4
9091,1573,2024-05-31 18:30:48,tablet,8.43,3
9092,973,2023-02-08 14:54:21,mobile,8.11,7
9093,1198,2023-09-06 14:35:34,tablet,7.33,2
9094,2489,2023-12-27 16:18:13,desktop,8.41,9
9095,2357,2023-03-11 11:23:08,desktop,3.47,5
9096,2329,2024-05-12 02:14:15,desktop,0.2,5
9097,2436,2024-06-26 02:26:24,desktop,5.87,5
9098,1868,2024-09-13 16:06:11,mobile,7.98,1
9099,1382,2024-08-22 11:37:51,mobile,5.75,1
9100,461,2024-12-10 01:14:46,mobile,8.97,1
9101,1865,2023-05-11 15:36:47,tablet,4.24,8
9102,1162,2023-12-26 17:25:40,desktop,7.31,9
9103,353,2023-02-20 03:11:39,desktop,9.39,8
9104,2188,2023-11-23 14:36:44,mobile,3.49,1
9105,2470,2024-02-03 01:18:04,desktop,5.87,2
9106,569,2023-06-30 11:01:21,tablet,3.99,2
9107,315,2024-05-13 20:45:58,mobile,8.2,6
9108,508,2023-02-05 04:24:26,tablet,5.84,7
9109,921,2023-04-19 00:52:52,desktop,4.03,1
9110,1893,2024-06-26 00:14:27,mobile,4.43,2
9111,1993,2023-03-18 01:42:09,desktop,7.92,4
9112,2099,2023-10-19 07:37:47,tablet,5.96,4
9113,674,2024-02-29 14:31:51,desktop,0.2,2
9114,2009,2024-07-06 19:37:46,desktop,11.74,2
9115,2033,2023-11-12 21:00:12,desktop,7.21,9
9116,1562,2023-12-19 18:31:28,mobile,5.42,8
9117,1612,2024-01-02 21:32:44,desktop,6.33,2
9118,2147,2023-08-22 10:11:55,mobile,13.08,5
9119,2190,2023-08-10 08:43:04,desktop,4.24,1
9120,1245,2023-09-18 06:08:29,mobile,6.76,8
9121,973,2023-09-22 07:34:21,desktop,10.91,4
9122,381,2024-02-07 13:03:01,desktop,8.22,6
9123,1811,2023-09-08 00:47:01,desktop,5.9,3
9124,2424,2024-11-13 06:18:00,mobile,9.13,3
9125,105,2023-06-01 22:03:38,tablet,3.07,1
9126,305,2023-04-08 22:33:53,mobile,1.55,7
9127,655,2023-02-17 22:49:37,tablet,2.85,4
9128,1841,2024-11-07 12:37:09,mobile,14.7,5
9129,711,2024-07-02 09:44:23,desktop,3.54,3
9130,1064,2023-07-11 17:22:28,tablet,6.86,4
9131,1735,2023-10-12 22:23:50,tablet,5.4,5
9132,1218,2024-10-08 07:47:40,desktop,3.7,6
9133,1358,2024-10-12 06:57:50,mobile,1.92,6
9134,2223,2023-10-05 04:07:04,desktop,2.02,7
9135,67,2023-01-31 18:21:18,desktop,3.13,9
9136,2232,2023-10-30 21:33:36,mobile,3.56,4
9137,622,2023-01-11 00:53:05,desktop,7.87,1
9138,2075,2024-11-26 06:46:27,mobile,8.14,5
9139,591,2023-10-16 12:52:17,desktop,7.76,6
9140,2264,2024-07-03 17:48:21,desktop,9.02,6
9141,759,2024-08-20 05:26:43,desktop,5.27,4
9142,985,2023-01-04 01:19:12,mobile,7.84,5
9143,962,2023-09-19 08:28:02,tablet,9.38,4
9144,154,2023-07-15 13:25:46,mobile,4.91,5
9145,451,2024-03-30 14:44:05,desktop,7.68,2
9146,1404,2023-01-11 22:01:56,tablet,7.98,3
9147,1532,2024-07-19 20:18:57,desktop,9.72,8
9148,2030,2024-05-03 04:39:57,tablet,7.41,8
9149,2379,2023-03-14 18:39:22,mobile,10.92,1
9150,1885,2023-09-08 10:53:40,desktop,7.09,8
9151,198,2024-05-01 03:51:58,desktop,4.45,8
9152,1335,2024-03-11 18:03:32,tablet,2.28,11
9153,1338,2024-12-03 03:09:10,tablet,0.2,9
9154,2256,2023-08-13 20:10:11,desktop,4.28,4
9155,223,2023-03-22 03:42:41,tablet,4.69,3
9156,377,2024-09-20 05:47:45,mobile,12.44,8
9157,809,2024-06-28 21:13:47,mobile,4.84,6
9158,647,2023-05-02 00:16:52,tablet,4.01,3
9159,1035,2024-03-11 21:22:16,desktop,0.96,2
9160,2158,2024-12-09 04:50:36,mobile,5.18,7
9161,1810,2024-12-31 14:50:20,desktop,3.63,1
9162,505,2024-11-18 10:40:01,tablet,10.6,5
9163,2215,2024-01-08 19:44:50,desktop,3.05,3
9164,505,2024-05-25 00:59:49,mobile,8.49,3
9165,1196,2024-10-06 05:20:55,tablet,8.64,7
9166,437,2024-04-26 16:04:17,mobile,7.72,10
9167,384,2023-01-16 09:13:14,desktop,6.41,1
9168,2104,2024-11-28 18:00:12,desktop,7.39,5
9169,420,2024-06-16 15:37:18,desktop,8.17,4
9170,2124,2023-11-13 00:40:08,desktop,13.8,7
9171,2411,2023-03-28 21:33:44,tablet,3.67,5
9172,578,2023-03-03 02:05:45,mobile,1.54,7
9173,1069,2024-06-08 21:51:13,mobile,4.01,9
9174,1871,2024-08-27 13:46:36,mobile,4.02,6
9175,2289,2024-05-10 21:20:39,desktop,0.2,10
9176,762,2024-01-14 09:06:54,desktop,5.7,2
9177,1857,2023-01-22 23:30:57,desktop,9.35,8
9178,1590,2024-02-14 13:36:50,mobile,8.77,2
9179,1927,2023-06-27 08:48:55,mobile,3.4,9
9180,408,2024-03-30 10:43:20,mobile,10.03,1
9181,725,2023-06-11 04:19:07,tablet,0.2,5
9182,502,2024-07-09 23:36:30,tablet,0.2,3
9183,2074,2024-05-24 19:30:25,mobile,0.44,5
9184,1792,2024-07-22 19:31:09,mobile,5.69,4
9185,1991,2023-05-14 17:51:47,mobile,5.64,5
9186,1907,2023-04-27 06:54:15,mobile,3.92,13
9187,628,2023-04-05 18:51:27,mobile,6.46,1
9188,613,2023-09-14 08:34:29,desktop,7.39,5
9189,2057,2024-06-25 23:44:04,mobile,9.76,4
9190,2102,2024-10-09 21:51:40,mobile,6.91,1
9191,382,2024-10-26 16:30:46,desktop,6.78,1
9192,1274,2023-03-04 12:46:28,mobile,9.72,10
9193,1770,2023-01-27 12:27:46,desktop,13.32,6
9194,1223,2024-02-24 06:56:53,tablet,7.37,8
9195,1196,2023-12-20 21:39:39,tablet,3.7,3
9196,498,2024-03-29 04:09:34,desktop,9.89,5
9197,1328,2023-11-09 05:10:16,tablet,8.42,8
9198,358,2024-05-23 18:47:11,mobile,3.36,5
9199,1321,2024-05-31 14:52:48,tablet,5.44,1
9200,1227,2024-06-24 12:51:19,tablet,1.35,7
9201,1197,2023-10-18 08:21:27,tablet,3.56,6
9202,900,2024-11-08 06:18:16,desktop,5.73,3
9203,311,2024-11-05 17:46:48,mobile,13.78,5
9204,914,2024-08-07 22:06:04,desktop,9.12,2
9205,558,2023-06-18 10:06:39,mobile,12.54,7
9206,1244,2023-12-20 12:40:14,desktop,3.34,1
9207,622,2023-02-20 19:58:04,desktop,7.24,7
9208,1926,2023-02-15 10:21:41,tablet,3.84,10
9209,2412,2024-06-07 02:35:36,desktop,2.87,4
9210,2416,2024-09-29 02:53:25,tablet,15.6,6
9211,1875,2023-04-05 06:52:28,desktop,14.11,1
9212,2083,2024-10-26 03:11:26,mobile,15.32,1
9213,1474,2024-05-29 00:23:29,mobile,0.49,6
9214,1211,2023-11-03 20:24:03,mobile,15.18,5
9215,677,2023-09-12 22:30:00,mobile,8.11,10
9216,2025,2024-09-11 06:27:16,mobile,3.6,1
9217,1449,2023-03-31 15:12:12,mobile,3.66,1
9218,1047,2024-07-24 21:48:50,mobile,7.86,5
9219,785,2023-07-05 07:18:47,tablet,0.49,4
9220,925,2024-03-31 01:34:28,desktop,13.08,1
9221,723,2024-08-19 14:49:22,tablet,3.48,5
9222,2403,2023-02-20 16:27:09,tablet,2.91,8
9223,1307,2024-01-13 17:23:01,tablet,0.2,4
9224,1175,2023-10-26 17:20:24,tablet,0.2,1
9225,2352,2023-08-27 07:18:03,tablet,2.61,2
9226,2239,2024-08-08 18:00:28,desktop,7.99,4
9227,579,2024-11-24 19:36:15,mobile,1.51,4
9228,1256,2023-09-08 11:17:10,tablet,8.96,5
9229,2307,2024-06-28 02:41:18,mobile,4.01,9
9230,218,2023-12-19 08:24:26,desktop,2.81,4
9231,855,2023-12-22 01:04:15,tablet,11.41,2
9232,1817,2023-09-17 15:09:21,mobile,5.04,5
9233,916,2023-07-13 19:56:05,tablet,3.74,9
9234,1335,2023-10-06 09:48:37,desktop,0.2,7
9235,174,2023-08-19 03:06:45,desktop,4.21,4
9236,575,2024-07-04 14:52:10,mobile,8.04,4
9237,1842,2024-01-27 10:22:23,desktop,8.07,1
9238,119,2024-02-08 21:09:35,tablet,3.49,7
9239,1320,2024-02-23 23:54:29,desktop,6.45,4
9240,1750,2023-08-15 21:04:23,tablet,6.2,6
9241,2215,2023-12-31 23:57:27,tablet,5.72,1
9242,2002,2024-05-09 23:16:00,desktop,9.85,4
9243,1960,2024-12-03 14:16:38,tablet,5.36,4
9244,1865,2023-10-22 09:51:51,mobile,3.69,5
9245,1989,2024-09-10 17:21:26,desktop,6.19,6
9246,197,2023-01-06 10:10:57,mobile,4.98,6
9247,69,2023-11-17 08:51:52,mobile,13.18,7
9248,1364,2024-06-11 06:14:35,mobile,2.3,3
9249,459,2023-08-09 10:23:48,mobile,3.75,5
9250,1431,2023-07-11 15:15:05,mobile,4.76,6
9251,229,2023-02-01 13:34:11,desktop,2.75,7
9252,1705,2024-03-17 03:55:31,mobile,4.49,3
9253,1540,2024-03-05 16:28:10,desktop,1.75,1
9254,802,2024-03-24 08:20:02,desktop,8.74,1
9255,1600,2023-08-16 20:58:43,mobile,10.2,3
9256,2397,2023-12-25 17:17:00,tablet,0.7,4
9257,2388,2023-10-28 22:04:42,tablet,7.18,4
9258,1128,2024-12-22 06:32:10,desktop,8.02,6
9259,833,2023-08-07 19:54:53,tablet,8.93,3
9260,564,2023-05-31 20:20:54,desktop,5.58,3
9261,2454,2024-12-18 15:48:53,tablet,7.68,1
9262,229,2024-04-06 14:02:40,tablet,2.88,3
9263,2127,2023-02-02 10:11:24,tablet,0.2,5
9264,645,2023-09-11 05:44:48,tablet,1.15,3
9265,1047,2024-08-01 23:35:42,desktop,7.28,1
9266,1162,2023-11-01 13:54:24,tablet,5.79,6
9267,1677,2024-08-23 19:04:05,mobile,2.48,2
9268,2369,2023-10-03 19:56:44,desktop,13.04,8
9269,637,2023-12-24 10:54:38,desktop,8.62,4
9270,1336,2024-07-24 04:10:04,mobile,4.01,4
9271,163,2024-08-12 06:02:34,desktop,11.9,4
9272,1278,2023-05-29 10:10:19,mobile,5.37,8
9273,845,2024-05-20 08:11:19,mobile,6.44,5
9274,1512,2024-01-21 20:16:58,mobile,0.2,8
9275,306,2024-12-11 13:36:05,desktop,6.98,4
9276,1438,2023-07-28 19:37:20,desktop,10.6,6
9277,1761,2023-08-15 23:31:06,mobile,5.23,5
9278,74,2023-06-17 03:04:27,mobile,13.98,13
9279,1507,2024-03-09 17:46:03,tablet,4.99,1
9280,2280,2024-06-16 02:29:05,mobile,7.18,6
9281,646,2024-04-19 04:06:48,mobile,1.73,7
9282,2219,2023-03-31 01:52:13,tablet,9.17,4
9283,1641,2024-04-16 06:07:14,desktop,9.74,3
9284,1581,2024-05-03 17:53:23,desktop,0.95,2
9285,626,2023-05-17 19:11:34,mobile,9.46,5
9286,2362,2023-12-06 04:01:37,desktop,3.69,5
9287,268,2023-12-09 06:25:28,mobile,9.47,8
9288,1712,2023-07-02 07:51:31,tablet,3.62,1
9289,2028,2024-07-21 09:00:42,mobile,7.57,13
9290,2005,2023-03-29 12:38:58,desktop,0.2,4
9291,2145,2023-02-19 10:46:35,desktop,10.43,6
9292,1630,2024-06-22 04:21:58,desktop,14.53,4
9293,967,2023-08-21 09:10:38,mobile,4.13,7
9294,1211,2023-02-25 03:01:25,tablet,2.2,4
9295,117,2023-12-26 10:31:06,tablet,11.27,3
9296,1461,2023-04-15 18:21:56,mobile,0.2,5
9297,1782,2023-11-17 05:53:19,mobile,5.12,3
9298,1800,2023-08-06 03:37:36,tablet,1.5,3
9299,461,2023-09-05 18:13:18,tablet,6.76,8
9300,1982,2024-04-17 01:59:39,tablet,12.84,10
9301,2233,2023-11-10 10:36:46,mobile,3.97,3
9302,1126,2023-05-25 13:22:47,desktop,8.17,2
9303,952,2024-06-21 23:16:18,desktop,3.9,3
9304,1945,2024-06-13 23:26:56,desktop,4.31,6
9305,2375,2023-11-21 01:16:13,desktop,6.18,2
9306,2312,2023-12-27 17:49:58,desktop,1.43,3
9307,181,2024-04-22 18:05:09,mobile,6.73,1
9308,2029,2023-06-19 01:07:36,desktop,2.48,5
9309,282,2024-02-19 14:36:35,tablet,10.48,8
9310,1325,2024-02-26 08:53:50,desktop,8.9,4
9311,1211,2023-01-04 19:31:48,mobile,8.91,1
9312,2310,2024-07-08 20:56:45,desktop,0.2,11
9313,2260,2023-03-28 15:48:33,tablet,0.2,5
9314,293,2023-10-11 14:45:50,tablet,8.17,1
9315,1988,2023-06-18 02:21:49,mobile,4.96,5
9316,2225,2024-06-22 08:51:33,mobile,13.97,2
9317,494,2024-07-28 17:51:48,mobile,6.12,9
9318,2036,2024-05-12 18:22:39,tablet,9.86,5
9319,1006,2024-12-24 22:49:46,desktop,0.2,6
9320,153,2024-01-27 12:19:51,tablet,4.22,4
9321,1848,2024-04-13 15:16:03,mobile,5.79,3
9322,1167,2023-06-04 10:39:20,mobile,8.08,8
9323,280,2024-03-31 19:48:46,desktop,8.11,6
9324,1755,2024-01-27 05:19:42,desktop,4.56,7
9325,1292,2023-01-22 18:02:28,desktop,6.19,4
9326,1548,2024-01-21 10:29:53,tablet,6.38,10
9327,1310,2024-12-09 12:11:59,desktop,8.63,5
9328,2111,2023-01-27 21:32:52,tablet,8.02,6
9329,698,2024-06-01 12:00:40,tablet,3.86,2
9330,487,2024-08-05 17:19:40,tablet,0.2,4
9331,1167,2024-06-18 04:32:40,tablet,6.79,4
9332,1019,2023-03-27 20:46:38,desktop,11.31,2
9333,1574,2024-03-30 15:04:26,mobile,4.67,8
9334,949,2024-05-31 10:16:23,desktop,2.64,8
9335,418,2024-09-09 05:50:26,mobile,9.8,4
9336,1491,2024-12-04 23:34:41,desktop,7.46,9
9337,2175,2023-10-23 05:11:22,tablet,8.78,1
9338,1940,2024-02-20 11:44:56,desktop,4.79,5
9339,394,2023-08-06 22:24:38,mobile,3.72,3
9340,962,2024-01-09 00:26:48,tablet,4.62,3
9341,1107,2023-07-07 05:17:41,desktop,3.83,6
9342,2326,2023-10-16 05:34:21,desktop,8.35,7
9343,682,2023-01-20 20:42:44,tablet,9.61,3
9344,1117,2024-04-17 07:53:16,desktop,2.87,1
9345,24,2024-12-28 08:00:09,mobile,4.27,8
9346,2482,2024-01-20 09:20:34,desktop,12.77,7
9347,1863,2023-01-28 06:53:16,desktop,12.12,1
9348,2164,2023-08-08 19:17:47,tablet,5.73,5
9349,2217,2024-04-15 07:51:29,tablet,5.28,4
9350,1438,2024-11-09 13:47:04,mobile,6.81,4
9351,647,2024-01-11 05:18:22,tablet,3.13,2
9352,2302,2024-07-31 16:02:34,mobile,7.73,2
9353,876,2024-06-05 18:03:32,mobile,10.36,3
9354,2336,2024-04-05 06:01:17,desktop,9.73,2
9355,966,2024-01-25 09:22:12,mobile,2.64,8
9356,2072,2024-08-15 17:23:50,mobile,6.21,3
9357,1103,2024-01-02 23:25:36,desktop,7.57,8
9358,1262,2023-01-09 22:34:05,tablet,4.51,1
9359,2046,2023-09-28 11:46:19,mobile,5.62,6
9360,2287,2024-05-03 15:45:03,tablet,6.12,8
9361,1470,2023-11-02 18:42:11,desktop,6.07,4
9362,1763,2023-07-09 17:27:35,tablet,2.32,9
9363,1739,2024-01-27 08:29:03,tablet,0.2,1
9364,1616,2024-08-19 07:15:29,tablet,5.74,2
9365,1445,2024-08-12 05:02:58,desktop,7.92,1
9366,809,2024-10-18 00:54:39,desktop,3.78,8
9367,234,2023-04-22 14:09:25,desktop,2.82,5
9368,698,2024-05-02 13:16:03,tablet,7.59,7
9369,2238,2023-09-05 20:42:56,tablet,4.03,7
9370,193,2023-06-01 09:18:32,mobile,10.17,6
9371,905,2023-06-10 00:11:44,tablet,3.81,2
9372,719,2023-12-16 07:19:09,tablet,6.93,1
9373,2473,2023-04-07 11:44:48,tablet,8.42,6
9374,1221,2024-06-19 05:49:10,desktop,7.91,9
9375,862,2024-01-17 05:43:43,desktop,3.37,4
9376,2130,2024-12-04 05:35:47,mobile,2.25,4
9377,1769,2023-02-17 22:45:43,tablet,8.34,8
9378,227,2024-09-11 06:18:33,mobile,13.19,3
9379,212,2023-02-03 16:20:52,desktop,10.58,3
9380,695,2024-08-23 16:39:43,tablet,9.14,4
9381,1703,2023-07-12 13:22:47,desktop,4.88,7
9382,1996,2023-06-28 22:07:51,mobile,3.77,1
9383,345,2024-11-27 20:18:14,tablet,9.27,2
9384,1375,2023-01-03 20:48:28,mobile,3.37,4
9385,875,2024-05-13 16:12:22,desktop,5.59,1
9386,1717,2023-02-05 04:57:47,desktop,3.72,3
9387,524,2023-03-23 09:39:47,mobile,0.2,1
9388,475,2023-06-07 07:20:10,tablet,12.68,4
9389,2286,2023-06-04 23:38:17,tablet,9.62,5
9390,701,2024-10-15 04:06:33,mobile,8.13,4
9391,1150,2023-02-12 14:22:23,desktop,7.1,8
9392,1361,2024-09-29 22:14:16,tablet,0.84,7
9393,31,2024-09-12 18:32:43,tablet,7.95,5
9394,2293,2024-01-21 15:59:09,mobile,11.02,3
9395,1805,2023-03-31 09:16:59,desktop,5.88,3
9396,1320,2023-02-13 08:26:45,tablet,9.98,1
9397,2318,2024-10-28 17:27:35,desktop,16.17,7
9398,369,2024-11-07 10:11:34,tablet,2.5,11
9399,505,2024-08-17 10:12:06,mobile,5.25,3
9400,129,2023-12-11 22:56:03,tablet,1.34,4
9401,662,2024-03-18 13:08:17,desktop,5.64,1
9402,881,2023-11-30 08:52:46,desktop,4.64,2
9403,1562,2024-01-10 12:06:44,desktop,7.19,4
9404,130,2023-10-24 20:22:05,mobile,5.01,8
9405,1247,2023-02-24 00:21:20,tablet,9.16,3
9406,1990,2024-11-08 02:24:00,mobile,1.7,3
9407,1844,2023-02-02 21:26:17,tablet,13.16,3
9408,1243,2023-02-14 05:22:27,tablet,8.31,6
9409,1159,2024-07-20 18:49:51,mobile,4.37,3
9410,1177,2024-07-21 19:22:20,tablet,5.39,1
9411,940,2024-07-22 14:38:11,desktop,5.17,4
9412,1,2023-12-22 09:45:26,mobile,1.07,5
9413,2155,2023-05-19 07:40:58,mobile,1.88,7
9414,1645,2024-02-26 19:22:29,desktop,8.26,3
9415,1119,2023-05-09 20:00:34,mobile,9.05,5
9416,366,2023-11-11 09:51:25,tablet,6.05,12
9417,1794,2024-05-16 10:17:30,mobile,0.2,3
9418,485,2024-09-25 04:43:13,tablet,4.81,3
9419,1516,2024-08-26 04:00:32,tablet,7.62,3
9420,113,2024-07-01 03:18:54,tablet,7.01,4
9421,2249,2023-02-26 21:56:03,tablet,3.82,5
9422,869,2024-09-15 11:17:12,tablet,12.76,5
9423,1716,2023-09-20 14:16:08,tablet,6.88,7
9424,203,2024-06-15 05:35:33,desktop,5.1,6
9425,469,2024-09-13 12:22:52,desktop,7.26,3
9426,1716,2024-05-26 07:36:13,mobile,9.82,8
9427,986,2023-10-12 10:51:13,tablet,9.27,9
9428,1863,2023-08-19 11:58:52,mobile,5.61,5
9429,635,2024-04-07 09:52:24,tablet,7.48,4
9430,2111,2024-10-15 14:59:48,tablet,13.14,3
9431,2337,2023-02-20 22:09:17,mobile,3.54,5
9432,1639,2024-05-14 07:16:00,mobile,10.36,8
9433,2318,2024-01-06 12:07:54,mobile,5.94,1
9434,330,2024-01-30 06:33:55,desktop,4.34,7
9435,61,2024-03-09 00:22:12,tablet,2.32,1
9436,296,2023-12-24 09:30:07,mobile,1.64,3
9437,2430,2024-12-21 12:40:55,tablet,0.2,4
9438,54,2023-02-22 20:26:51,tablet,10.25,6
9439,1375,2023-12-08 11:15:52,tablet,1.47,4
9440,391,2024-05-07 01:21:55,mobile,7.98,3
9441,1972,2024-12-06 11:21:38,tablet,6.26,3
9442,126,2023-05-27 13:01:01,desktop,7.06,2
9443,1703,2024-05-11 23:04:33,mobile,11.6,7
9444,193,2024-08-30 11:27:53,mobile,8.91,12
9445,180,2023-04-18 02:17:01,desktop,5.12,9
9446,1747,2024-11-07 00:18:27,desktop,2.76,9
9447,497,2023-07-06 17:16:46,mobile,9.23,4
9448,1970,2023-06-06 13:44:39,desktop,4.07,8
9449,1702,2024-07-07 02:30:09,tablet,7.68,2
9450,188,2023-05-05 15:22:39,desktop,5.86,5
9451,2128,2023-08-29 23:09:31,mobile,6.42,4
9452,1578,2023-04-12 21:29:40,tablet,13.04,1
9453,1874,2024-11-02 19:24:46,tablet,1.32,9
9454,1682,2023-06-09 01:07:10,mobile,14.19,3
9455,2484,2023-12-11 08:33:44,tablet,2.77,2
9456,20,2023-12-10 17:37:54,tablet,3.24,3
9457,262,2023-01-27 14:56:16,tablet,9.78,3
9458,2497,2023-07-13 10:17:19,tablet,13.04,7
9459,1408,2024-05-21 22:56:02,mobile,10.46,2
9460,578,2023-11-28 12:15:08,desktop,10.09,6
9461,203,2024-02-14 18:54:18,mobile,3.47,5
9462,489,2024-07-05 12:23:43,desktop,2.05,5
9463,244,2024-11-28 19:08:31,tablet,10.53,2
9464,190,2023-09-10 10:02:25,tablet,2.83,8
9465,697,2023-11-10 18:49:13,tablet,8.24,4
9466,1426,2023-11-23 03:18:06,tablet,4.73,4
9467,2283,2023-03-26 08:14:19,tablet,9.16,7
9468,418,2024-10-23 18:49:38,mobile,6.59,4
9469,1425,2023-04-12 23:48:35,mobile,5.22,5
9470,727,2024-11-23 06:20:55,tablet,4.95,9
9471,393,2024-03-05 21:54:31,tablet,0.2,5
9472,39,2023-12-01 06:17:47,mobile,6.71,5
9473,783,2023-05-30 22:17:50,desktop,4.36,4
9474,2427,2024-05-19 23:54:06,mobile,5.91,1
9475,1963,2024-05-19 12:21:49,tablet,4.61,6
9476,1641,2024-09-05 21:12:14,tablet,5.64,3
9477,1726,2023-01-24 01:33:33,desktop,3.81,3
9478,480,2023-06-23 13:30:04,desktop,2.97,8
9479,2335,2023-04-26 08:05:22,desktop,13.35,4
9480,1638,2023-01-13 09:02:08,desktop,6.33,2
9481,304,2024-02-17 22:45:08,tablet,9.32,4
9482,1380,2024-03-23 13:47:24,mobile,9.96,2
9483,1706,2023-06-19 15:52:05,tablet,3.64,1
9484,1054,2024-04-01 17:17:28,desktop,0.2,1
9485,725,2023-02-14 09:05:02,tablet,2.86,7
9486,291,2023-06-28 00:59:50,mobile,2.1,5
9487,1427,2023-11-05 11:46:03,mobile,2.0,7
9488,1676,2023-07-16 03:51:12,mobile,11.53,12
9489,1004,2024-02-25 19:24:40,mobile,9.55,6
9490,2152,2023-03-24 16:21:39,desktop,7.58,4
9491,1446,2023-07-13 19:42:25,tablet,7.53,7
9492,1267,2024-04-27 15:13:05,mobile,5.36,5
9493,2376,2024-11-07 01:19:50,desktop,3.6,11
9494,680,2023-06-14 02:32:05,mobile,12.16,6
9495,689,2024-08-19 22:57:05,desktop,7.48,3
9496,1611,2024-04-25 23:34:52,mobile,1.24,7
9497,854,2024-09-06 08:28:27,mobile,2.4,1
9498,1484,2024-11-18 17:04:13,desktop,3.67,11
9499,2028,2023-06-29 09:37:50,mobile,0.2,7
9500,527,2024-03-17 13:52:38,mobile,5.36,1
9501,170,2024-12-20 06:18:25,tablet,9.62,6
9502,36,2023-08-03 23:17:43,desktop,6.02,4
9503,1204,2024-02-04 06:27:07,desktop,3.47,6
9504,2048,2024-04-09 23:56:05,tablet,2.15,1
9505,121,2023-04-24 19:02:16,tablet,6.37,8
9506,650,2023-11-02 05:15:13,desktop,6.62,8
9507,1609,2023-07-06 23:44:20,desktop,16.22,5
9508,393,2024-03-14 23:28:52,desktop,8.94,2
9509,2132,2024-04-15 20:40:54,desktop,6.37,11
9510,1208,2024-03-07 21:42:35,tablet,2.14,1
9511,2231,2024-01-02 00:12:24,tablet,5.44,2
9512,91,2024-11-12 20:55:05,desktop,4.92,7
9513,925,2023-10-20 06:54:54,mobile,11.56,5
9514,1178,2024-11-16 13:29:41,tablet,8.43,5
9515,1563,2023-04-13 20:00:09,mobile,4.27,11
9516,1731,2023-04-28 08:46:54,desktop,9.35,4
9517,2253,2024-12-10 20:23:47,mobile,4.17,7
9518,2269,2024-02-16 17:00:50,mobile,3.38,7
9519,758,2023-10-15 11:16:18,mobile,2.9,7
9520,11,2023-04-24 08:18:52,tablet,10.46,3
9521,2062,2023-02-14 08:55:12,desktop,11.87,4
9522,398,2024-08-02 01:18:15,tablet,8.89,1
9523,1706,2024-05-31 10:49:18,desktop,2.98,2
9524,2339,2023-01-18 19:40:14,tablet,6.15,5
9525,2100,2024-04-21 03:34:43,tablet,16.06,2
9526,3,2024-09-26 08:05:11,desktop,5.68,5
9527,2061,2023-09-11 13:19:33,desktop,7.33,7
9528,1301,2023-03-31 07:54:19,tablet,4.57,6
9529,1033,2023-05-27 07:09:14,mobile,12.81,6
9530,1827,2023-01-20 14:14:45,mobile,5.04,7
9531,1861,2023-01-14 01:22:55,desktop,5.87,4
9532,1031,2024-06-27 07:36:43,desktop,8.53,4
9533,1529,2024-07-12 09:11:25,desktop,12.87,4
9534,2498,2024-05-06 06:18:56,mobile,9.05,1
9535,325,2023-08-22 04:39:43,desktop,0.46,8
9536,661,2023-01-30 17:19:04,desktop,10.56,5
9537,368,2024-09-10 20:11:01,mobile,13.35,3
9538,510,2023-05-10 18:54:29,tablet,10.15,1
9539,1028,2024-10-14 02:58:46,mobile,3.42,4
9540,679,2023-10-31 22:40:47,tablet,6.42,1
9541,628,2024-05-02 12:50:13,mobile,10.69,7
9542,1011,2023-10-09 20:44:06,tablet,10.93,1
9543,1552,2024-04-13 09:37:35,mobile,5.13,2
9544,1914,2023-01-19 16:18:16,mobile,5.21,9
9545,1996,2024-05-07 18:01:40,tablet,7.83,7
9546,1780,2023-01-20 18:37:28,desktop,9.28,3
9547,894,2023-08-31 23:24:37,tablet,7.84,3
9548,1104,2024-11-28 21:58:15,tablet,15.5,6
9549,363,2024-10-02 09:58:12,tablet,4.96,2
9550,56,2024-06-30 10:38:33,desktop,15.76,4
9551,1763,2024-12-31 09:32:36,desktop,4.35,9
9552,926,2023-09-07 15:09:20,mobile,7.31,7
9553,61,2024-11-17 02:07:26,desktop,7.03,3
9554,1250,2023-08-02 10:43:20,tablet,13.0,6
9555,868,2023-06-14 07:48:47,tablet,3.98,2
9556,2128,2023-12-15 01:55:27,tablet,4.1,6
9557,2093,2023-01-24 00:29:35,mobile,8.32,5
9558,2239,2024-05-09 22:06:30,mobile,7.8,3
9559,84,2024-10-18 20:28:09,mobile,8.16,3
9560,1716,2024-01-17 04:24:25,tablet,7.75,1
9561,1520,2024-02-20 22:07:11,tablet,6.55,1
9562,58,2023-08-21 19:32:52,mobile,7.8,2
9563,1755,2023-09-30 17:18:34,tablet,10.02,3
9564,2017,2024-05-25 10:10:25,mobile,0.23,2
9565,1502,2023-11-28 03:04:15,desktop,6.53,4
9566,60,2024-02-03 08:53:02,desktop,5.86,2
9567,70,2023-03-26 16:28:03,mobile,0.2,10
9568,70,2024-10-21 04:54:16,mobile,1.76,7
9569,406,2024-03-08 00:20:35,mobile,0.2,7
9570,999,2023-10-15 08:04:57,desktop,7.44,3
9571,916,2024-01-25 10:26:22,desktop,11.37,3
9572,1493,2023-11-25 06:15:38,mobile,6.8,3
9573,1620,2024-12-18 07:53:39,desktop,5.18,1
9574,1153,2023-07-15 11:35:52,mobile,9.29,6
9575,2458,2024-05-30 13:26:58,desktop,3.38,3
9576,1276,2024-09-22 14:58:25,tablet,4.14,4
9577,2099,2024-04-25 13:41:54,tablet,5.5,7
9578,660,2023-08-06 00:32:22,tablet,6.77,11
9579,2409,2024-12-13 08:27:41,tablet,1.2,1
9580,2381,2024-03-21 19:40:41,desktop,1.2,5
9581,1276,2024-11-16 19:39:26,desktop,2.02,8
9582,1292,2023-12-22 09:49:44,tablet,5.52,5
9583,1604,2023-06-17 09:32:33,desktop,8.47,9
9584,1631,2023-05-03 05:29:28,desktop,2.04,3
9585,889,2024-02-23 09:36:28,desktop,8.36,1
9586,1403,2024-12-21 20:09:37,desktop,9.12,4
9587,1186,2023-09-20 08:45:12,tablet,9.54,6
9588,1297,2023-02-19 12:36:38,tablet,10.61,6
9589,2274,2024-06-03 21:04:46,tablet,6.79,9
9590,1686,2023-09-02 06:27:39,mobile,1.95,7
9591,721,2024-11-14 13:03:16,desktop,12.78,5
9592,2136,2024-11-28 22:34:28,mobile,5.43,5
9593,1825,2023-01-30 04:14:48,tablet,4.44,1
9594,782,2023-02-24 17:19:00,tablet,3.03,6
9595,2234,2023-03-10 11:24:51,mobile,1.81,5
9596,1456,2023-04-23 08:02:46,desktop,1.35,3
9597,2465,2024-01-17 06:12:18,tablet,8.17,3
9598,1131,2023-12-11 00:08:35,desktop,4.52,4
9599,1198,2023-11-20 10:58:48,tablet,16.72,4
9600,513,2024-06-29 16:49:51,desktop,7.7,4
9601,2023,2024-04-21 05:40:31,mobile,12.13,7
9602,1769,2024-06-04 02:46:24,desktop,10.68,5
9603,866,2023-05-14 19:25:10,desktop,2.03,2
9604,2001,2023-10-08 15:26:00,tablet,0.2,12
9605,1588,2023-12-23 12:31:53,mobile,13.99,2
9606,1176,2024-06-29 05:33:47,mobile,1.87,2
9607,2478,2023-06-13 20:53:05,desktop,6.23,3
9608,45,2024-05-19 01:43:54,mobile,5.81,5
9609,2433,2024-12-26 22:53:11,desktop,8.71,5
9610,1107,2023-07-04 04:54:11,mobile,3.52,1
9611,1527,2024-09-24 14:12:28,desktop,4.9,5
9612,479,2023-06-18 02:15:33,desktop,0.92,5
9613,1355,2023-10-04 15:23:45,mobile,10.22,5
9614,545,2024-07-17 10:22:33,tablet,3.34,6
9615,1379,2023-01-19 15:23:50,mobile,3.87,3
9616,891,2023-03-03 14:06:30,mobile,12.95,4
9617,1938,2023-09-28 09:02:23,tablet,4.27,6
9618,1261,2023-02-09 12:18:51,mobile,6.92,4
9619,867,2023-03-09 13:27:36,tablet,12.58,2
9620,1992,2024-08-23 19:34:39,tablet,2.49,6
9621,435,2024-10-18 18:06:25,mobile,4.66,8
9622,138,2023-12-17 02:12:59,mobile,4.24,1
9623,2463,2024-12-10 22:59:56,tablet,4.31,2
9624,1646,2024-07-30 13:18:26,desktop,5.29,3
9625,958,2023-10-01 19:47:20,mobile,7.53,8
9626,2221,2023-05-01 18:33:51,tablet,1.51,6
9627,2423,2023-10-30 02:20:17,mobile,2.07,6
9628,655,2023-09-13 16:25:18,desktop,0.2,8
9629,283,2024-02-10 08:12:28,mobile,10.67,7
9630,94,2023-08-30 02:00:42,mobile,9.34,9
9631,440,2024-10-08 22:14:43,desktop,2.46,3
9632,2151,2024-03-10 09:30:16,tablet,6.41,6
9633,1373,2024-06-04 09:45:23,mobile,4.93,4
9634,2131,2024-04-26 21:32:13,desktop,0.57,3
9635,732,2023-08-13 04:37:16,desktop,9.75,6
9636,1787,2024-04-28 11:47:12,desktop,8.41,1
9637,1159,2023-04-03 07:47:42,desktop,0.2,3
9638,752,2024-12-01 18:30:49,mobile,3.41,2
9639,380,2023-04-22 17:29:42,desktop,0.82,4
9640,700,2024-06-03 13:58:25,tablet,7.81,4
9641,2297,2024-05-26 18:27:38,desktop,9.71,8
9642,668,2024-06-10 19:48:53,tablet,6.35,6
9643,122,2024-11-11 04:32:13,desktop,0.2,7
9644,53,2023-03-24 21:17:52,desktop,7.85,6
9645,1602,2024-01-04 02:04:33,mobile,2.51,7
9646,1483,2024-04-01 15:29:24,mobile,7.13,6
9647,3,2023-04-30 21:49:05,tablet,2.9,8
9648,774,2024-10-06 11:17:51,desktop,3.65,3
9649,2294,2023-04-26 15:26:43,desktop,6.07,3
9650,687,2024-02-28 13:35:58,desktop,7.13,7
9651,726,2023-12-25 17:29:10,desktop,6.17,6
9652,1745,2023-11-22 23:26:16,desktop,11.68,1
9653,1555,2024-02-09 13:59:40,desktop,9.29,1
9654,1234,2023-12-19 05:48:48,mobile,6.04,2
9655,2257,2023-04-12 07:45:03,tablet,7.13,3
9656,1089,2023-02-27 11:47:19,tablet,3.84,1
9657,1841,2023-02-27 03:43:15,desktop,8.1,2
9658,1762,2024-07-18 23:28:47,tablet,8.05,8
9659,136,2024-06-30 22:35:58,tablet,2.28,10
9660,1604,2023-10-20 10:07:50,mobile,9.32,1
9661,2433,2023-07-25 16:53:40,tablet,10.97,6
9662,746,2023-01-09 03:28:26,tablet,14.66,6
9663,230,2024-02-17 05:09:05,mobile,7.25,1
9664,1298,2024-11-03 06:43:21,desktop,2.44,1
9665,421,2023-12-09 09:46:59,mobile,8.29,2
9666,2113,2024-06-10 18:40:43,mobile,10.98,7
9667,1534,2024-08-22 11:54:32,tablet,5.82,8
9668,788,2023-04-14 02:51:06,mobile,6.12,8
9669,607,2023-08-03 18:16:21,desktop,1.54,5
9670,327,2023-12-28 13:39:59,desktop,11.45,12
9671,1784,2024-06-16 05:51:25,tablet,5.24,5
9672,1652,2024-11-14 02:12:07,mobile,2.38,8
9673,709,2023-07-21 05:55:21,tablet,14.75,2
9674,1366,2024-01-26 20:37:41,desktop,3.69,6
9675,1329,2024-07-17 06:05:16,tablet,12.79,7
9676,1944,2023-11-10 13:01:10,mobile,8.18,10
9677,60,2023-08-09 20:52:26,mobile,2.25,5
9678,1079,2024-07-28 19:46:19,mobile,11.15,4
9679,2134,2024-05-17 22:51:06,tablet,2.4,1
9680,1059,2024-09-11 20:23:33,desktop,10.31,9
9681,81,2023-05-25 10:35:51,mobile,0.2,8
9682,2125,2023-02-14 23:43:46,mobile,1.1,6
9683,2210,2024-04-15 23:22:17,desktop,8.69,1
9684,1993,2023-11-13 04:41:16,tablet,0.2,4
9685,73,2023-09-05 04:58:33,mobile,4.85,7
9686,441,2024-08-13 15:55:05,desktop,3.06,5
9687,521,2023-10-30 22:30:32,desktop,10.15,4
9688,1354,2023-08-16 21:07:57,mobile,2.7,6
9689,1972,2023-11-22 00:55:47,desktop,5.65,3
9690,2063,2024-11-05 01:29:11,tablet,5.19,7
9691,357,2024-10-15 03:55:21,desktop,4.11,4
9692,929,2024-10-21 13:17:27,desktop,0.9,6
9693,1944,2024-07-03 17:50:37,mobile,8.43,6
9694,1420,2023-11-27 05:18:04,desktop,7.3,4
9695,349,2023-09-01 02:24:21,tablet,7.3,6
9696,799,2024-01-16 20:15:25,mobile,4.17,6
9697,23,2023-02-12 02:01:23,mobile,8.49,8
9698,431,2024-08-19 17:59:22,desktop,10.91,5
9699,2272,2024-10-18 20:27:03,mobile,8.79,2
9700,1531,2023-10-30 04:14:51,mobile,11.8,4
9701,1999,2023-08-13 22:12:55,desktop,4.96,10
9702,228,2023-10-31 19:43:27,mobile,4.09,1
9703,213,2024-08-27 11:20:24,desktop,7.46,4
9704,63,2023-02-14 12:09:04,mobile,2.37,5
9705,1277,2023-05-30 19:45:27,desktop,8.5,5
9706,2473,2024-07-13 01:24:08,desktop,0.2,6
9707,374,2023-11-18 06:57:24,tablet,0.2,3
9708,1348,2024-11-11 13:37:24,mobile,5.8,5
9709,1493,2024-06-15 19:49:14,desktop,7.66,4
9710,2176,2024-07-04 01:30:52,mobile,7.93,6
9711,352,2024-05-10 03:48:42,desktop,12.85,4
9712,1254,2024-06-15 08:45:08,tablet,10.93,7
9713,942,2023-07-18 14:20:39,desktop,4.08,2
9714,2046,2023-09-15 23:24:07,desktop,3.21,12
9715,1315,2023-10-03 22:40:43,desktop,5.68,4
9716,2494,2024-03-10 12:51:17,mobile,8.5,6
9717,1013,2024-09-12 02:45:48,mobile,11.36,3
9718,2454,2024-07-13 08:25:06,desktop,9.25,4
9719,152,2024-06-17 21:19:11,desktop,10.8,5
9720,2098,2024-10-16 06:03:33,desktop,8.11,5
9721,2270,2023-11-19 21:50:06,mobile,0.2,5
9722,651,2023-08-15 20:01:53,desktop,8.69,11
9723,1726,2023-09-04 17:49:48,tablet,5.24,3
9724,894,2024-02-18 11:12:08,mobile,9.87,8
9725,25,2023-11-13 11:43:16,desktop,11.31,8
9726,55,2023-05-24 20:19:25,mobile,10.75,1
9727,1343,2023-03-17 15:40:43,tablet,5.1,8
9728,1784,2023-01-20 04:52:43,desktop,2.42,10
9729,858,2024-12-25 22:45:31,mobile,5.54,2
9730,944,2023-12-15 07:29:10,tablet,1.68,8
9731,1185,2024-05-27 18:26:23,mobile,3.94,8
9732,764,2024-11-29 05:16:37,desktop,6.4,6
9733,863,2024-05-24 10:58:51,desktop,3.38,8
9734,1059,2023-12-01 01:02:37,mobile,9.42,4
9735,834,2024-08-11 08:46:12,tablet,5.44,1
9736,264,2023-10-27 00:36:30,tablet,4.79,6
9737,1755,2024-03-30 12:48:35,mobile,3.02,6
9738,646,2023-05-25 03:39:45,tablet,0.2,6
9739,986,2024-02-01 07:28:13,desktop,6.03,1
9740,845,2023-10-09 05:45:32,desktop,10.36,9
9741,2073,2024-09-22 21:11:13,desktop,4.4,5
9742,826,2024-09-02 06:59:01,desktop,0.2,8
9743,2012,2024-04-06 07:46:53,tablet,5.96,1
9744,1291,2023-05-27 20:13:44,mobile,9.62,1
9745,1025,2023-08-18 01:40:51,desktop,2.33,3
9746,477,2023-08-25 21:42:52,desktop,12.05,9
9747,2371,2024-06-28 21:05:12,desktop,6.92,10
9748,1936,2023-11-05 15:25:48,mobile,7.1,3
9749,41,2024-05-03 23:22:31,mobile,11.36,4
9750,2222,2023-09-21 16:27:25,desktop,4.82,4
9751,2398,2023-12-22 18:26:51,desktop,2.65,7
9752,571,2024-04-23 01:41:24,desktop,0.2,1
9753,1806,2024-07-08 13:15:06,tablet,0.83,1
9754,1568,2023-01-10 13:02:18,desktop,0.2,3
9755,742,2023-07-02 03:54:01,desktop,7.01,10
9756,954,2024-03-16 14:10:44,mobile,7.7,3
9757,1480,2023-01-22 22:48:06,mobile,9.85,1
9758,1276,2023-05-30 04:19:27,desktop,11.04,1
9759,272,2024-09-19 10:09:59,mobile,0.2,4
9760,465,2024-02-29 10:41:04,desktop,6.87,6
9761,61,2023-03-30 09:08:36,tablet,0.42,3
9762,222,2023-12-12 10:01:54,mobile,4.28,8
9763,715,2023-11-08 17:32:23,desktop,8.21,1
9764,1303,2023-02-16 06:34:24,desktop,0.2,4
9765,1886,2024-10-04 04:52:27,desktop,5.96,1
9766,694,2023-02-16 17:06:22,mobile,0.2,4
9767,10,2024-08-24 09:41:23,desktop,10.6,5
9768,2378,2024-11-19 20:55:37,desktop,0.2,5
9769,1687,2023-03-26 08:42:56,tablet,5.15,4
9770,640,2024-11-24 05:27:02,tablet,1.33,8
9771,557,2023-12-22 10:14:17,desktop,7.58,3
9772,864,2024-12-19 13:44:36,tablet,0.2,10
9773,466,2024-06-08 15:15:31,desktop,5.3,9
9774,1555,2023-01-28 07:02:59,mobile,7.92,9
9775,1035,2023-06-30 00:09:39,tablet,5.01,4
9776,1028,2023-09-16 12:46:03,mobile,8.84,4
9777,1221,2024-11-12 09:42:08,mobile,0.91,8
9778,1567,2023-06-17 09:11:36,desktop,0.2,5
9779,1230,2023-05-15 17:21:08,mobile,9.09,8
9780,1605,2024-12-16 22:31:57,desktop,6.09,6
9781,2150,2023-03-10 22:12:26,tablet,10.4,8
9782,522,2024-03-23 13:09:37,tablet,8.08,4
9783,1477,2023-09-19 10:36:49,tablet,1.69,1
9784,686,2023-05-04 21:05:43,desktop,13.24,5
9785,459,2024-01-20 22:19:04,desktop,7.29,6
9786,1147,2024-08-23 23:41:01,desktop,10.42,1
9787,549,2023-02-14 18:22:37,mobile,14.65,7
9788,779,2023-08-28 00:48:00,desktop,5.02,3
9789,1742,2023-08-15 03:22:55,mobile,0.2,1
9790,1256,2024-03-17 02:17:26,mobile,4.95,1
9791,166,2024-10-25 08:13:52,mobile,1.95,3
9792,1771,2024-08-20 23:24:10,mobile,3.77,7
9793,847,2023-12-15 20:46:47,mobile,5.75,6
9794,1880,2023-07-04 09:16:28,desktop,6.77,5
9795,1181,2024-04-11 03:46:49,mobile,7.19,1
9796,791,2024-04-07 19:08:33,desktop,8.14,4
9797,857,2023-07-16 14:35:05,mobile,3.15,5
9798,1034,2024-01-11 09:11:54,desktop,3.68,5
9799,1045,2024-02-06 02:37:30,tablet,5.06,4
9800,957,2023-01-06 23:17:40,desktop,5.2,5
9801,2075,2023-01-16 11:04:41,mobile,9.67,10
9802,566,2024-09-01 18:11:03,desktop,3.59,7
9803,1428,2024-11-10 06:47:39,tablet,5.67,5
9804,1308,2023-03-20 13:26:25,tablet,6.49,8
9805,927,2024-05-31 04:35:31,tablet,7.48,5
9806,2286,2023-04-12 17:14:47,desktop,7.84,9
9807,331,2024-01-07 12:53:02,mobile,17.24,6
9808,226,2023-01-18 03:45:23,tablet,2.66,6
9809,1660,2024-02-09 09:25:35,mobile,2.15,4
9810,254,2024-10-01 09:33:38,desktop,5.86,5
9811,489,2024-03-30 15:20:56,mobile,7.31,5
9812,132,2023-05-18 11:15:01,desktop,19.06,2
9813,1936,2023-07-18 10:44:23,desktop,3.54,8
9814,821,2024-03-15 21:45:06,desktop,0.2,5
9815,1749,2024-01-30 04:17:44,mobile,5.83,11
9816,1087,2023-03-08 01:05:05,desktop,6.02,11
9817,1659,2023-07-26 23:42:59,mobile,2.66,4
9818,1764,2023-05-08 09:49:55,mobile,6.9,3
9819,189,2024-04-17 18:54:37,tablet,9.73,3
9820,636,2023-07-04 01:18:43,mobile,3.25,4
9821,184,2024-03-04 04:37:36,tablet,6.0,2
9822,1524,2024-10-29 21:41:14,mobile,3.92,3
9823,1722,2023-06-06 09:43:16,tablet,7.07,1
9824,2464,2023-03-20 06:25:52,desktop,11.29,7
9825,1962,2024-05-16 02:30:16,tablet,8.38,4
9826,294,2023-03-28 11:01:24,desktop,9.7,4
9827,2136,2023-06-25 05:23:12,tablet,11.77,3
9828,248,2023-05-02 15:46:56,mobile,13.42,1
9829,1993,2024-03-25 08:24:30,tablet,3.1,4
9830,2121,2024-03-18 19:34:06,mobile,10.18,10
9831,210,2024-02-16 03:26:57,desktop,0.2,8
9832,1855,2023-05-27 05:32:59,tablet,0.2,7
9833,1753,2024-01-27 11:13:33,mobile,2.56,1
9834,380,2024-01-30 21:14:39,mobile,8.94,2
9835,206,2023-08-29 08:22:57,desktop,8.15,6
9836,2141,2023-07-26 19:20:30,desktop,10.32,12
9837,167,2024-01-25 12:34:40,tablet,11.3,10
9838,1302,2023-04-16 10:12:31,desktop,1.71,1
9839,290,2023-08-31 21:46:55,desktop,4.16,1
9840,50,2023-01-26 16:55:03,tablet,7.21,2
9841,2276,2023-10-29 22:01:25,desktop,3.47,9
9842,293,2023-07-21 23:41:03,tablet,10.09,4
9843,1175,2023-05-07 01:12:02,mobile,4.46,2
9844,785,2023-02-27 02:31:57,mobile,5.65,5
9845,463,2024-01-10 22:49:23,mobile,2.78,2
9846,1769,2024-02-17 04:54:25,tablet,8.85,7
9847,1298,2023-03-12 12:50:11,desktop,5.29,5
9848,2482,2024-05-09 01:04:35,tablet,1.46,1
9849,1236,2023-04-15 10:21:56,mobile,12.82,6
9850,396,2023-01-03 02:41:09,desktop,10.34,2
9851,105,2023-03-22 06:07:36,mobile,3.85,5
9852,1758,2024-08-28 14:17:47,tablet,0.2,5
9853,872,2023-03-31 10:13:23,tablet,10.63,1
9854,132,2024-07-01 11:06:57,tablet,3.79,3
9855,2197,2024-05-27 10:14:14,tablet,5.51,1
9856,962,2023-01-10 07:26:21,desktop,7.88,1
9857,1117,2024-10-05 00:55:34,mobile,7.79,5
9858,408,2023-11-16 15:48:43,desktop,3.4,5
9859,70,2024-08-27 13:00:08,mobile,8.32,5
9860,450,2024-01-05 12:23:02,mobile,0.2,8
9861,2027,2023-07-29 08:28:10,mobile,0.2,6
9862,1627,2023-08-27 08:43:03,desktop,6.37,5
9863,1640,2024-10-24 22:53:33,mobile,7.15,8
9864,376,2024-02-28 07:23:51,desktop,4.61,6
9865,2385,2024-05-05 00:07:40,tablet,8.59,7
9866,1523,2024-02-18 22:11:33,tablet,8.0,6
9867,631,2024-11-27 08:31:26,tablet,6.77,1
9868,1064,2024-01-22 23:31:03,tablet,0.2,1
9869,1431,2024-10-25 19:30:28,mobile,6.04,2
9870,739,2024-01-05 18:59:27,tablet,0.2,4
9871,190,2023-04-09 05:39:57,desktop,2.01,1
9872,1437,2024-06-30 18:21:41,desktop,0.69,6
9873,2028,2024-10-07 06:43:49,mobile,2.65,9
9874,2425,2024-08-14 11:44:41,desktop,12.24,6
9875,1999,2023-08-05 00:05:38,tablet,5.25,6
9876,1679,2024-03-28 05:44:01,mobile,9.65,8
9877,540,2023-11-15 12:36:09,desktop,1.67,1
9878,190,2023-09-15 00:45:47,mobile,3.13,4
9879,250,2023-04-26 03:54:35,tablet,4.84,5
9880,642,2024-02-09 05:00:23,tablet,2.77,10
9881,2267,2023-12-31 08:30:34,tablet,7.06,8
9882,2399,2023-04-13 17:05:18,tablet,12.2,4
9883,2348,2023-11-20 19:13:43,tablet,15.08,4
9884,825,2024-11-19 20:30:25,desktop,2.97,1
9885,605,2024-03-31 17:30:34,tablet,5.42,5
9886,1820,2024-05-07 05:25:14,mobile,2.76,3
9887,1216,2024-07-17 19:08:32,desktop,11.25,8
9888,1477,2023-03-22 20:58:02,tablet,5.04,1
9889,21,2023-07-02 00:48:59,mobile,5.98,6
9890,1984,2023-09-24 12:16:54,mobile,0.2,3
9891,1721,2024-06-03 09:38:21,tablet,3.4,1
9892,1615,2024-11-30 10:12:51,desktop,6.12,6
9893,1268,2023-10-23 21:13:13,desktop,9.08,6
9894,159,2023-08-10 06:55:07,tablet,8.96,5
9895,2247,2023-11-02 00:41:01,desktop,4.23,11
9896,1270,2023-04-18 07:36:00,tablet,5.88,1
9897,719,2023-03-15 09:40:14,tablet,6.27,5
9898,103,2024-12-08 16:50:27,tablet,10.86,3
9899,973,2023-11-08 10:21:20,mobile,6.35,2
9900,1631,2024-06-19 05:07:42,mobile,9.49,6
9901,2247,2023-09-01 15:09:02,tablet,8.82,5
9902,1346,2024-08-25 08:29:19,tablet,5.42,6
9903,1747,2023-03-15 12:52:48,tablet,0.2,1
9904,377,2023-04-26 05:59:03,tablet,2.84,2
9905,211,2023-01-29 03:09:23,desktop,2.45,1
9906,959,2023-01-21 09:29:38,mobile,4.25,4
9907,459,2024-02-02 18:29:06,desktop,9.26,3
9908,1301,2024-04-03 07:46:49,tablet,9.53,5
9909,1101,2023-10-19 02:26:44,mobile,0.2,8
9910,547,2023-12-21 02:00:59,mobile,7.27,8
9911,602,2024-05-14 20:13:46,mobile,4.56,5
9912,771,2024-06-26 21:57:14,tablet,6.86,1
9913,1779,2023-12-16 17:17:13,tablet,8.13,3
9914,2081,2023-07-14 06:44:20,tablet,6.04,4
9915,1835,2023-10-27 20:00:57,tablet,8.01,8
9916,645,2023-11-30 18:54:37,tablet,8.94,3
9917,1861,2023-10-15 18:44:26,mobile,4.43,12
9918,1799,2023-03-11 04:04:47,tablet,6.89,10
9919,2325,2023-09-01 22:21:20,mobile,3.39,4
9920,37,2024-11-24 15:15:10,tablet,2.07,3
9921,2155,2023-10-31 00:19:01,desktop,6.85,2
9922,984,2024-01-29 05:50:03,desktop,5.2,7
9923,1426,2024-01-23 01:56:12,mobile,3.76,2
9924,1359,2024-10-24 21:45:56,tablet,3.53,5
9925,2189,2024-03-19 08:07:56,desktop,11.51,6
9926,1880,2024-04-19 10:29:36,desktop,3.2,2
9927,982,2024-01-16 20:46:44,tablet,3.16,8
9928,921,2024-12-17 11:39:26,mobile,8.36,3
9929,503,2023-09-04 10:03:06,tablet,5.85,3
9930,972,2023-08-23 10:52:47,tablet,5.32,9
9931,558,2023-06-09 01:38:37,desktop,0.52,5
9932,1151,2024-07-26 04:34:23,mobile,5.99,2
9933,1212,2024-10-02 06:20:42,tablet,10.92,6
9934,971,2023-11-27 12:28:08,desktop,1.65,6
9935,1321,2023-08-10 02:01:11,mobile,8.06,8
9936,169,2024-08-25 14:34:28,tablet,6.43,3
9937,1541,2023-11-01 06:00:12,tablet,8.05,5
9938,1465,2024-06-17 21:01:17,mobile,1.46,6
9939,1684,2023-12-19 23:15:03,mobile,9.62,2
9940,1514,2023-02-09 09:03:25,tablet,8.87,4
9941,1045,2024-05-11 14:54:51,desktop,5.17,3
9942,1964,2024-10-18 02:15:48,mobile,7.29,1
9943,1543,2023-06-25 17:10:53,desktop,7.59,7
9944,797,2024-12-09 10:31:19,desktop,12.62,3
9945,283,2023-02-08 16:13:46,desktop,7.87,9
9946,1358,2024-09-30 10:15:51,mobile,1.85,1
9947,1971,2024-09-08 04:15:08,tablet,10.84,4
9948,1813,2024-10-25 06:50:01,desktop,9.71,4
9949,787,2024-10-21 10:27:54,mobile,3.37,1
9950,1579,2024-05-26 01:06:26,tablet,7.42,1
9951,1357,2023-01-22 15:33:47,tablet,3.87,3
9952,604,2024-03-05 18:11:30,desktop,11.86,1
9953,695,2024-11-17 02:34:13,mobile,4.04,6
9954,242,2023-06-17 23:43:23,tablet,0.2,2
9955,1688,2023-09-25 08:53:26,desktop,5.29,3
9956,449,2024-05-08 16:00:24,desktop,7.56,2
9957,2308,2023-06-13 22:44:44,mobile,8.21,1
9958,2167,2024-09-04 22:57:11,tablet,9.71,1
9959,94,2024-03-16 13:05:42,mobile,4.05,4
9960,1457,2023-01-12 19:26:10,tablet,5.99,2
9961,1378,2023-08-23 14:05:09,desktop,14.6,1
9962,2339,2023-08-01 21:39:53,mobile,0.2,9
9963,232,2024-06-05 15:18:58,mobile,8.26,8
9964,1786,2024-05-04 16:01:54,mobile,5.26,6
9965,155,2023-05-09 12:29:33,tablet,3.38,8
9966,729,2024-04-06 21:03:56,tablet,8.88,6
9967,833,2024-05-13 12:09:53,mobile,6.76,5
9968,1584,2024-11-15 12:09:56,desktop,2.12,6
9969,1547,2024-08-26 07:53:39,tablet,7.68,8
9970,2109,2023-08-29 04:12:15,tablet,2.41,8
9971,316,2024-02-10 14:29:23,desktop,2.24,4
9972,2169,2023-12-11 04:26:15,desktop,0.2,4
9973,561,2023-08-24 14:57:08,mobile,5.96,5
9974,1229,2024-04-24 12:43:09,mobile,1.2,4
9975,967,2024-03-07 13:32:49,desktop,5.51,2
9976,130,2024-06-12 02:59:33,mobile,5.32,1
9977,257,2023-08-20 23:21:32,tablet,8.31,11
9978,2377,2024-10-28 09:00:33,tablet,7.47,5
9979,1836,2023-07-08 04:36:22,desktop,9.66,1
9980,572,2024-03-15 00:33:32,mobile,15.34,5
9981,1097,2024-08-29 22:30:31,desktop,3.35,7
9982,2005,2023-03-10 04:55:01,mobile,14.51,7
9983,2296,2023-07-12 06:56:50,tablet,2.25,9
9984,1502,2024-09-19 18:44:23,desktop,6.12,4
9985,661,2023-02-07 21:12:21,mobile,8.93,6
9986,1239,2023-07-27 16:23:29,tablet,6.68,6
9987,372,2024-11-18 02:58:39,tablet,5.12,3
9988,2198,2023-07-23 07:19:53,desktop,4.75,5
9989,865,2023-12-23 02:12:49,desktop,1.27,4
9990,384,2024-05-28 01:02:02,mobile,10.75,6
9991,408,2023-04-29 20:11:27,mobile,5.37,1
9992,242,2023-12-13 01:58:41,desktop,5.78,7
9993,80,2023-12-14 01:35:03,tablet,9.7,4
9994,659,2024-07-30 23:54:12,mobile,6.27,3
9995,1800,2024-12-17 00:09:30,mobile,5.72,1
9996,1860,2023-04-08 23:26:46,desktop,4.46,9
9997,374,2023-03-28 07:24:06,desktop,8.9,1
9998,1471,2024-11-29 12:40:54,mobile,6.94,3
9999,975,2023-03-24 01:38:17,desktop,5.89,9
10000,1380,2023-09-27 01:40:13,desktop,0.2,11
10001,2291,2023-10-22 16:14:59,desktop,7.49,4
10002,1299,2023-04-24 18:52:01,mobile,9.07,8
10003,1203,2024-03-07 13:27:08,tablet,3.65,11
10004,2417,2023-04-22 19:17:19,mobile,3.39,11
10005,136,2023-08-04 02:20:18,tablet,11.58,8
10006,82,2024-07-22 10:52:24,desktop,0.2,1
10007,89,2024-05-09 22:29:00,mobile,4.66,1
10008,866,2023-03-02 13:07:02,mobile,8.37,3
10009,2217,2023-11-04 10:47:18,mobile,9.94,1
10010,1294,2023-09-16 15:05:27,desktop,2.05,5
10011,972,2023-05-10 13:27:21,tablet,5.87,8
10012,1165,2023-09-09 02:16:05,tablet,5.66,5
10013,737,2024-01-06 20:02:21,mobile,8.48,6
10014,1925,2024-03-09 16:01:26,mobile,6.46,4
10015,1268,2024-11-02 03:12:05,desktop,9.88,9
10016,29,2024-06-12 07:21:16,mobile,10.6,1
10017,815,2023-01-01 05:57:43,mobile,7.76,7
10018,1897,2023-05-25 21:25:29,tablet,7.54,4
10019,141,2023-01-14 07:00:30,desktop,5.35,1
10020,717,2023-07-29 07:11:32,mobile,6.88,2
10021,865,2024-10-08 01:35:44,tablet,5.59,1
10022,242,2024-09-21 22:51:33,tablet,4.52,7
10023,1297,2024-03-04 09:48:07,desktop,0.2,6
10024,1165,2023-07-17 14:16:00,tablet,1.69,5
10025,1522,2023-03-29 11:03:10,mobile,10.1,7
10026,1377,2023-06-24 01:27:58,desktop,3.77,6
10027,329,2023-09-25 07:53:51,desktop,6.1,7
10028,645,2023-01-23 20:04:59,tablet,14.62,3
10029,1868,2024-10-25 08:21:49,tablet,9.35,4
10030,1561,2024-07-18 06:06:43,tablet,10.52,3
10031,501,2024-12-31 16:43:47,desktop,3.62,4
10032,869,2023-06-13 06:52:21,tablet,7.98,6
10033,2464,2024-11-19 19:10:35,desktop,0.2,1
10034,2107,2023-06-08 16:48:15,tablet,0.2,6
10035,990,2023-05-11 04:38:18,desktop,4.58,8
10036,1732,2024-08-21 18:07:12,tablet,3.87,8
10037,514,2023-04-14 16:38:03,mobile,5.87,2
10038,1122,2024-09-18 08:39:01,tablet,6.82,4
10039,359,2024-07-20 13:50:55,mobile,7.5,6
10040,866,2024-02-05 08:49:16,desktop,3.35,1
10041,1084,2023-05-14 21:16:23,tablet,3.46,6
10042,593,2023-09-24 04:19:15,mobile,15.75,1
10043,1846,2024-02-07 14:08:16,tablet,10.7,7
10044,641,2024-05-17 00:53:07,mobile,6.97,8
10045,2305,2023-11-06 10:36:40,tablet,9.04,6
10046,2470,2024-04-13 17:25:43,tablet,12.18,8
10047,1117,2024-02-21 00:29:08,desktop,4.23,1
10048,1141,2023-05-20 20:30:26,desktop,5.82,1
10049,1713,2024-06-16 22:30:39,desktop,5.22,8
10050,2189,2023-01-05 05:49:43,desktop,3.01,3
10051,1051,2024-04-20 05:42:46,mobile,12.15,1
10052,953,2023-05-31 23:30:40,tablet,9.1,13
10053,1037,2024-01-11 22:22:24,desktop,8.07,5
10054,1210,2024-01-14 22:32:04,mobile,0.2,4
10055,522,2024-11-10 13:43:28,desktop,0.2,5
10056,1843,2024-11-26 03:08:20,mobile,9.4,5
10057,326,2024-08-26 12:01:40,tablet,4.6,5
10058,2454,2023-06-01 22:12:54,mobile,1.93,3
10059,27,2024-06-09 05:56:46,mobile,2.3,6
10060,1514,2024-03-17 07:51:08,desktop,3.73,7
10061,2266,2024-03-14 16:33:20,tablet,0.79,6
10062,1214,2024-06-20 13:14:31,tablet,8.28,4
10063,2168,2023-01-20 03:51:53,desktop,12.27,2
10064,1566,2023-10-04 01:28:16,mobile,6.45,3
10065,1805,2023-03-15 03:39:35,mobile,6.72,4
10066,895,2024-01-28 06:39:19,mobile,2.64,1
10067,611,2023-11-09 09:20:14,mobile,7.36,1
10068,1340,2023-06-07 14:14:39,desktop,9.49,1
10069,759,2024-03-15 00:50:18,desktop,0.5,8
10070,2314,2024-08-25 21:26:34,tablet,5.22,6
10071,397,2024-08-26 06:55:01,mobile,2.26,5
10072,883,2024-06-26 16:19:22,tablet,5.98,4
10073,880,2023-12-22 05:09:44,desktop,4.41,4
10074,2063,2023-01-08 13:47:28,mobile,3.89,3
10075,1426,2023-10-15 02:09:53,mobile,10.96,2
10076,339,2023-04-24 22:10:48,desktop,9.86,6
10077,1609,2024-11-14 13:56:59,desktop,10.57,5
10078,43,2024-08-19 03:38:56,tablet,4.41,3
10079,1604,2023-02-12 15:43:50,tablet,10.45,7
10080,168,2023-11-20 16:15:28,desktop,4.86,1
10081,2084,2024-01-29 03:12:52,tablet,3.1,4
10082,649,2023-02-22 19:37:21,desktop,5.22,5
10083,1938,2023-04-27 08:07:07,tablet,13.49,1
10084,1593,2023-07-01 06:25:39,mobile,0.2,5
10085,730,2023-04-10 01:28:27,mobile,7.98,1
10086,486,2023-04-09 15:32:40,tablet,9.89,5
10087,992,2024-10-18 08:18:27,tablet,7.76,6
10088,214,2024-05-19 15:17:07,mobile,5.87,6
10089,1596,2023-11-17 18:50:51,desktop,2.82,3
10090,1422,2024-07-09 18:07:17,desktop,2.77,1
10091,1185,2024-02-06 11:15:30,tablet,3.1,1
10092,2102,2023-05-12 19:36:53,desktop,8.98,5
10093,26,2023-09-28 02:38:42,mobile,3.22,12
10094,496,2024-03-11 04:19:37,desktop,4.19,4
10095,977,2023-02-22 18:59:49,tablet,3.3,6
10096,1772,2024-11-28 08:01:41,desktop,7.04,2
10097,1281,2023-02-15 09:32:06,mobile,9.64,6
10098,1915,2023-11-12 00:31:00,tablet,5.81,1
10099,1893,2023-05-15 14:27:27,tablet,7.77,10
10100,653,2024-03-11 05:07:25,tablet,1.78,3
10101,1226,2023-02-04 01:00:29,desktop,4.48,3
10102,1389,2023-10-04 09:10:02,tablet,2.25,7
10103,385,2023-11-11 16:57:26,tablet,11.13,5
10104,1574,2023-07-10 22:18:22,mobile,7.42,10
10105,1413,2024-09-12 20:33:50,mobile,2.49,1
10106,1874,2023-12-04 17:18:34,tablet,0.66,3
10107,2030,2023-03-11 19:55:47,tablet,9.93,6
10108,267,2023-02-05 03:33:25,desktop,15.49,1
10109,1448,2024-03-07 16:17:34,mobile,8.86,8
10110,2455,2024-02-03 06:32:07,mobile,6.21,1
10111,1991,2023-11-11 21:41:14,tablet,4.09,5
10112,1741,2023-10-06 00:31:13,desktop,9.82,1
10113,1801,2024-04-07 12:34:25,desktop,2.94,6
10114,989,2023-07-27 11:44:10,desktop,1.77,1
10115,700,2024-07-16 20:07:58,desktop,3.72,8
10116,984,2023-11-10 11:47:25,mobile,1.57,7
10117,339,2023-09-19 02:40:56,tablet,2.78,8
10118,2429,2024-09-08 13:02:10,desktop,7.01,6
10119,1854,2024-10-25 11:34:25,desktop,4.77,6
10120,727,2024-08-21 02:28:59,tablet,8.34,6
10121,94,2023-12-07 16:22:13,desktop,8.91,8
10122,660,2023-03-30 21:26:09,desktop,5.93,6
10123,1882,2023-10-30 17:44:54,desktop,6.7,4
10124,1185,2024-06-16 05:54:08,mobile,1.68,2
10125,2005,2024-05-21 13:40:07,desktop,8.05,1
10126,652,2024-09-25 07:59:27,tablet,5.39,1
10127,1323,2024-05-29 13:16:39,tablet,7.94,5
10128,962,2024-06-13 01:06:27,tablet,2.16,8
10129,1788,2024-06-26 05:29:33,desktop,0.97,7
10130,2395,2024-02-07 13:41:10,mobile,6.29,5
10131,2091,2024-10-10 07:40:31,mobile,6.28,3
10132,559,2024-02-05 04:55:09,tablet,2.18,12
10133,646,2023-01-19 19:20:21,desktop,10.1,5
10134,721,2023-08-19 12:43:25,mobile,5.7,2
10135,1092,2023-06-13 17:06:38,tablet,8.53,4
10136,2467,2023-05-17 12:04:04,mobile,14.39,4
10137,833,2023-07-12 01:55:52,tablet,11.97,8
10138,1147,2023-03-06 15:51:33,tablet,5.34,10
10139,1678,2024-12-26 12:53:59,desktop,5.09,5
10140,803,2024-12-07 17:51:59,desktop,1.77,9
10141,319,2024-06-11 06:33:44,desktop,3.16,3
10142,649,2023-01-23 11:46:45,mobile,4.07,3
10143,349,2023-06-08 03:39:04,mobile,9.83,1
10144,1851,2023-09-16 23:02:32,mobile,7.35,6
10145,1237,2023-03-24 09:32:32,desktop,7.47,2
10146,2454,2024-07-11 02:39:56,mobile,4.09,2
10147,1085,2023-08-13 21:15:06,mobile,0.2,1
10148,1561,2023-06-07 17:01:20,mobile,0.2,1
10149,321,2024-07-01 03:23:40,mobile,12.02,2
10150,1091,2023-11-15 14:52:11,mobile,4.01,8
10151,591,2024-07-14 17:17:44,mobile,5.32,3
10152,2115,2023-07-11 19:25:52,mobile,11.2,1
10153,1025,2023-02-26 07:52:51,tablet,7.86,7
10154,1284,2023-10-01 22:48:08,desktop,10.05,5
10155,997,2024-12-23 12:47:03,tablet,3.77,1
10156,2492,2024-06-09 13:01:57,mobile,0.2,1
10157,2416,2023-04-23 16:17:51,desktop,1.27,5
10158,748,2023-08-04 21:31:31,tablet,8.8,3
10159,2430,2023-06-23 07:31:40,tablet,7.15,6
10160,1898,2024-07-18 20:15:32,desktop,8.08,3
10161,1388,2023-12-23 03:01:32,mobile,7.67,7
10162,2434,2024-01-15 15:00:11,tablet,4.65,6
10163,780,2023-11-12 10:52:12,desktop,5.24,7
10164,2326,2023-11-07 05:10:29,tablet,5.17,13
10165,485,2024-08-08 15:19:08,mobile,6.4,6
10166,699,2024-05-12 11:38:28,mobile,4.2,8
10167,280,2023-04-19 20:41:28,desktop,10.08,5
10168,1143,2024-09-21 20:53:36,tablet,7.03,3
10169,2404,2023-04-05 00:07:32,tablet,8.19,1
10170,2169,2023-03-11 01:18:04,tablet,5.87,3
10171,1316,2023-09-16 12:33:00,desktop,6.65,1
10172,532,2024-05-06 12:31:55,mobile,6.09,4
10173,1282,2024-10-16 03:18:34,tablet,5.65,5
10174,1597,2024-03-27 02:06:27,tablet,7.13,1
10175,135,2024-10-20 23:46:53,mobile,14.64,4
10176,354,2024-09-13 16:13:20,desktop,15.19,3
10177,1757,2023-01-24 14:56:38,desktop,2.79,6
10178,1267,2023-09-25 16:09:07,desktop,4.38,2
10179,373,2023-12-26 20:01:40,tablet,3.53,9
10180,1822,2024-04-07 00:37:38,mobile,5.39,9
10181,1692,2024-05-29 11:54:22,tablet,11.89,7
10182,1156,2024-09-24 09:05:47,desktop,0.2,1
10183,207,2024-08-25 15:23:55,mobile,9.53,2
10184,1760,2024-07-16 07:28:24,desktop,5.23,2
10185,1693,2023-12-24 05:56:58,tablet,12.85,6
10186,736,2024-05-02 09:23:10,desktop,12.71,7
10187,1763,2023-01-06 16:25:12,mobile,8.25,1
10188,121,2024-06-30 02:47:10,desktop,10.13,5
10189,2327,2023-04-27 19:08:16,mobile,1.44,4
10190,1671,2023-12-04 01:53:32,desktop,6.2,6
10191,543,2024-06-01 01:27:53,desktop,5.09,6
10192,149,2024-12-15 11:02:52,desktop,4.43,2
10193,908,2024-01-19 01:24:37,tablet,5.87,4
10194,1005,2023-12-28 19:25:44,desktop,3.03,1
10195,1186,2024-04-09 17:38:43,desktop,4.07,5
10196,2367,2023-10-18 05:37:22,tablet,4.02,9
10197,2452,2024-05-21 23:37:20,desktop,5.41,3
10198,1457,2023-01-31 16:46:38,mobile,11.46,1
10199,787,2024-12-07 12:22:13,desktop,9.03,1
10200,1454,2024-02-08 00:34:04,desktop,6.75,4
10201,2104,2024-12-06 03:15:50,tablet,4.94,6
10202,1889,2024-04-22 09:44:45,tablet,4.73,2
10203,477,2023-03-25 08:40:30,mobile,7.12,3
10204,2129,2024-02-19 18:31:53,tablet,8.65,7
10205,1691,2023-12-11 09:02:08,desktop,1.48,1
10206,721,2024-06-29 22:43:12,mobile,7.68,6
10207,139,2023-04-08 09:14:37,tablet,10.33,5
10208,182,2024-02-24 15:57:59,mobile,9.28,5
10209,1568,2023-05-13 19:11:53,mobile,5.67,9
10210,1778,2023-10-30 04:59:28,mobile,5.47,10
10211,2399,2023-09-20 17:49:24,mobile,9.74,9
10212,2295,2024-09-14 12:15:47,tablet,11.68,3
10213,1710,2023-09-01 09:04:03,tablet,5.46,4
10214,810,2023-12-05 10:50:51,mobile,0.2,3
10215,1781,2024-12-28 15:08:52,tablet,11.95,5
10216,2321,2024-12-09 13:59:59,desktop,2.61,7
10217,2200,2023-11-13 01:07:45,mobile,1.12,2
10218,1735,2024-12-09 02:50:21,desktop,9.9,4
10219,1473,2024-11-15 20:35:49,mobile,4.53,3
10220,556,2024-08-03 14:17:02,desktop,6.97,5
10221,695,2023-08-16 15:02:24,mobile,0.2,1
10222,286,2023-10-02 22:13:18,tablet,4.77,6
10223,1099,2024-05-05 20:05:31,mobile,12.1,1
10224,1622,2023-06-08 17:46:46,desktop,0.24,4
10225,1230,2023-11-07 16:52:18,mobile,6.36,8
10226,1638,2024-08-05 06:47:25,desktop,3.98,3
10227,725,2024-01-13 19:23:03,tablet,11.69,7
10228,94,2023-12-21 22:15:06,desktop,0.2,6
10229,1233,2024-04-10 11:38:25,desktop,5.8,9
10230,157,2024-02-07 18:41:14,mobile,5.99,6
10231,48,2024-11-28 10:58:19,mobile,0.2,6
10232,2333,2024-03-16 09:20:42,tablet,3.37,7
10233,2326,2023-10-09 12:57:36,mobile,10.05,13
10234,1991,2023-08-26 23:23:58,mobile,1.21,7
10235,1261,2024-12-19 13:33:54,mobile,8.68,5
10236,1914,2024-09-07 00:28:11,mobile,10.41,6
10237,2132,2024-12-06 14:55:50,tablet,10.27,6
10238,1233,2023-07-10 18:49:11,mobile,8.75,9
10239,2078,2023-09-30 09:16:38,mobile,8.15,5
10240,654,2023-08-05 01:31:45,tablet,10.12,3
10241,1638,2024-01-16 13:17:08,desktop,2.34,1
10242,417,2024-07-09 02:18:49,tablet,7.04,1
10243,584,2024-04-09 20:26:11,tablet,4.15,9
10244,1398,2023-01-13 04:32:12,desktop,4.31,1
10245,1393,2023-05-17 05:11:38,tablet,11.02,10
10246,2366,2023-04-17 03:28:46,mobile,5.71,5
10247,1905,2023-06-26 23:08:52,mobile,6.59,9
10248,231,2024-12-11 23:18:14,mobile,6.59,3
10249,1491,2023-06-10 07:06:18,tablet,5.7,12
10250,2090,2023-02-04 03:24:20,tablet,10.11,13
10251,282,2023-09-12 08:01:18,tablet,3.38,4
10252,475,2023-04-08 13:49:49,mobile,8.53,3
10253,1719,2023-10-17 07:35:58,desktop,8.86,7
10254,391,2023-07-31 17:09:38,mobile,9.82,3
10255,812,2024-05-07 18:55:30,desktop,4.54,6
10256,807,2023-02-28 10:03:16,desktop,5.97,1
10257,672,2024-01-26 06:22:29,tablet,2.63,2
10258,8,2024-05-27 03:40:00,desktop,6.74,1
10259,183,2023-07-06 05:28:17,tablet,0.2,8
10260,742,2023-04-20 15:23:39,tablet,4.96,5
10261,1335,2023-09-04 22:42:26,tablet,3.83,6
10262,1635,2024-07-20 15:39:54,desktop,5.39,11
10263,1282,2024-06-28 22:32:17,desktop,2.85,8
10264,2079,2024-03-16 02:10:59,desktop,7.45,2
10265,1517,2024-01-28 19:15:34,desktop,4.01,1
10266,1485,2024-04-11 05:22:17,desktop,7.38,7
10267,2173,2024-11-14 12:38:39,tablet,5.28,6
10268,1101,2024-05-18 05:59:11,tablet,0.2,7
10269,574,2024-07-25 02:26:04,desktop,1.81,5
10270,218,2023-09-25 19:45:16,desktop,6.82,6
10271,1635,2024-12-07 18:43:41,desktop,0.2,9
10272,1000,2024-12-07 09:10:42,tablet,7.84,1
10273,2440,2023-07-07 22:08:49,tablet,1.23,7
10274,1235,2024-04-28 12:00:01,desktop,4.98,4
10275,800,2024-06-13 05:01:32,mobile,7.25,2
10276,1402,2024-07-16 09:45:02,mobile,4.07,3
10277,2289,2024-03-17 08:16:39,desktop,8.07,9
10278,1131,2024-01-24 01:31:08,tablet,11.17,3
10279,239,2023-11-18 18:49:33,desktop,10.4,6
10280,2371,2023-03-29 14:56:48,mobile,3.64,3
10281,2150,2024-11-08 10:31:39,desktop,3.03,8
10282,1507,2023-07-26 02:48:14,mobile,8.23,4
10283,794,2024-12-15 10:58:36,desktop,5.93,3
10284,1645,2024-06-08 03:05:55,desktop,7.95,8
10285,2146,2023-03-25 04:46:19,desktop,7.76,1
10286,2146,2024-04-05 05:18:00,mobile,3.2,2
10287,1,2023-09-28 05:43:13,tablet,6.08,6
10288,1900,2023-12-20 19:42:48,desktop,5.55,6
10289,2055,2023-06-14 14:07:29,mobile,0.82,3
10290,83,2023-07-01 22:04:00,tablet,6.46,5
10291,137,2023-08-19 23:12:52,tablet,8.79,4
10292,45,2024-04-01 12:51:35,desktop,6.88,1
10293,2184,2024-12-18 09:35:44,tablet,5.26,5
10294,1467,2024-04-15 23:08:25,mobile,7.9,6
10295,2058,2024-07-21 13:22:31,mobile,0.2,1
10296,1763,2023-05-05 15:09:43,mobile,6.46,1
10297,2497,2023-07-22 06:44:26,tablet,2.44,5
10298,1748,2023-03-10 08:12:01,tablet,11.31,4
10299,2150,2024-09-01 00:38:54,desktop,8.18,3
10300,812,2024-06-06 19:03:25,desktop,0.2,5
10301,418,2023-12-26 06:50:52,desktop,15.49,5
10302,612,2023-04-10 05:20:03,tablet,6.39,5
10303,190,2024-02-03 08:47:18,desktop,0.66,3
10304,1784,2023-10-07 08:56:07,tablet,4.94,5
10305,209,2023-03-15 21:25:17,tablet,6.49,4
10306,282,2024-01-13 12:58:47,mobile,9.78,4
10307,2012,2023-12-02 03:03:36,mobile,2.09,7
10308,564,2023-04-06 16:49:50,mobile,0.33,5
10309,1670,2024-08-28 03:59:46,mobile,2.44,1
10310,740,2023-07-11 17:04:33,desktop,6.69,3
10311,56,2024-04-29 05:27:03,tablet,6.44,6
10312,639,2023-08-20 00:50:42,tablet,2.18,2
10313,249,2023-10-25 10:05:38,mobile,1.75,2
10314,36,2023-02-28 08:57:49,tablet,9.0,8
10315,1687,2023-07-10 23:45:12,tablet,7.39,10
10316,1349,2023-11-04 11:26:54,tablet,12.42,9
10317,1260,2024-09-21 19:10:54,desktop,11.16,4
10318,855,2024-02-15 11:04:43,tablet,5.08,2
10319,60,2024-05-31 20:36:56,tablet,5.19,7
10320,1081,2023-06-26 18:41:30,desktop,6.24,3
10321,1319,2024-01-08 17:03:40,tablet,12.2,2
10322,1439,2023-10-22 23:21:59,mobile,4.29,2
10323,2047,2023-07-05 18:02:53,mobile,8.37,4
10324,2016,2024-05-10 13:37:52,mobile,5.31,1
10325,1406,2024-09-12 05:20:35,desktop,8.51,5
10326,751,2024-11-20 22:11:46,desktop,4.08,5
10327,2090,2024-03-22 05:20:31,mobile,2.24,2
10328,1442,2024-01-03 14:36:47,mobile,9.42,6
10329,168,2024-01-05 22:16:53,mobile,6.46,9
10330,328,2024-07-21 18:56:18,tablet,8.22,2
10331,876,2024-07-15 07:14:59,desktop,4.93,8
10332,1912,2023-01-29 21:38:34,mobile,5.58,6
10333,2379,2024-08-24 00:27:05,tablet,4.45,4
10334,2006,2023-07-30 20:46:46,tablet,6.61,6
10335,1833,2023-11-14 13:39:04,desktop,4.05,5
10336,221,2023-06-18 18:27:06,desktop,3.56,5
10337,2031,2023-10-10 11:54:54,desktop,10.0,3
10338,2045,2023-04-04 05:08:56,desktop,10.35,8
10339,886,2023-09-27 12:53:25,mobile,6.99,1
10340,1490,2024-01-01 05:21:21,tablet,4.76,2
10341,1285,2023-12-16 05:33:47,desktop,0.26,7
10342,1825,2023-10-23 03:26:16,tablet,7.27,7
10343,1340,2024-06-25 12:52:23,mobile,7.33,1
10344,449,2023-06-07 06:57:14,desktop,9.88,1
10345,235,2024-09-22 17:40:41,mobile,7.81,5
10346,1624,2023-10-28 01:09:09,mobile,6.05,8
10347,1672,2023-03-06 00:57:08,desktop,10.77,3
10348,20,2023-12-27 06:25:36,desktop,8.08,7
10349,541,2024-05-02 12:44:00,mobile,1.48,1
10350,809,2023-06-30 04:45:13,mobile,4.01,11
10351,517,2024-11-08 20:49:11,mobile,6.12,4
10352,270,2023-02-20 06:12:49,mobile,10.99,3
10353,2451,2024-08-29 19:58:03,mobile,9.04,7
10354,1936,2023-04-18 19:13:45,tablet,8.38,2
10355,2153,2024-05-18 08:33:07,desktop,0.2,2
10356,1127,2024-01-24 12:47:11,desktop,7.63,2
10357,1764,2023-07-03 21:59:12,desktop,6.89,5
10358,814,2023-11-12 10:42:24,tablet,7.86,6
10359,451,2023-07-31 01:44:58,tablet,5.59,5
10360,2268,2024-02-12 23:16:35,mobile,7.86,1
10361,857,2023-10-19 08:07:27,desktop,3.44,7
10362,266,2023-01-05 04:51:43,desktop,13.09,8
10363,1133,2024-07-22 18:19:42,mobile,9.72,5
10364,1534,2023-03-31 12:24:44,tablet,3.88,3
10365,1989,2024-07-28 14:09:58,mobile,6.55,1
10366,1254,2024-11-14 18:17:13,tablet,2.31,5
10367,2147,2023-07-12 09:37:40,desktop,9.55,2
10368,553,2024-06-07 14:09:49,tablet,7.83,1
10369,1586,2024-01-21 15:17:32,desktop,5.61,4
10370,141,2024-11-05 23:41:22,desktop,6.94,10
10371,2487,2024-08-10 01:13:34,desktop,8.87,1
10372,2496,2023-06-09 20:47:28,tablet,9.25,9
10373,357,2024-12-31 13:07:30,desktop,8.09,10
10374,2057,2024-06-12 02:32:57,desktop,6.62,1
10375,274,2024-10-10 20:35:34,tablet,3.7,10
10376,789,2024-01-31 12:08:14,desktop,4.12,11
10377,1968,2024-08-14 17:57:30,desktop,10.27,6
10378,786,2024-02-21 17:29:37,tablet,8.61,1
10379,1061,2024-02-29 00:47:11,mobile,7.75,6
10380,1748,2024-07-23 18:50:28,desktop,7.6,6
10381,180,2023-10-14 05:05:13,desktop,4.55,3
10382,314,2024-05-12 20:33:12,mobile,0.34,6
10383,2447,2023-08-22 14:06:41,desktop,0.2,1
10384,2002,2023-03-30 23:17:51,mobile,7.11,5
10385,2248,2024-06-06 15:31:24,tablet,0.8,6
10386,577,2024-11-11 08:21:53,tablet,9.97,3
10387,1802,2023-06-13 07:12:00,tablet,2.88,2
10388,706,2023-06-29 12:59:41,mobile,12.78,8
10389,1716,2024-09-06 06:47:56,mobile,3.77,6
10390,1780,2023-05-01 21:46:16,tablet,6.02,3
10391,1021,2024-05-08 01:28:54,desktop,4.07,7
10392,1751,2024-08-16 00:35:47,mobile,7.11,4
10393,2478,2024-02-28 09:43:44,mobile,5.01,1
10394,1820,2024-03-19 21:38:54,tablet,11.45,1
10395,1065,2024-07-18 20:00:07,desktop,5.09,5
10396,1179,2024-06-14 20:15:19,tablet,3.29,2
10397,1199,2024-01-03 03:29:45,mobile,0.2,10
10398,461,2024-02-24 18:55:37,desktop,7.24,1
10399,772,2023-12-06 15:26:51,mobile,14.03,8
10400,109,2023-08-31 08:05:49,desktop,2.3,4
10401,1165,2024-06-03 23:12:49,tablet,4.15,5
10402,2,2023-01-20 19:37:24,tablet,4.33,14
10403,893,2024-02-29 04:11:23,mobile,10.39,4
10404,2272,2023-12-11 08:28:46,desktop,4.83,6
10405,1914,2024-06-02 01:37:32,tablet,8.77,6
10406,1012,2024-01-09 20:27:26,desktop,9.04,7
10407,2479,2024-09-26 09:32:15,mobile,3.2,4
10408,2087,2023-04-26 07:19:27,tablet,10.02,1
10409,944,2024-02-29 10:25:24,tablet,3.66,8
10410,1636,2023-06-05 19:40:18,tablet,1.65,6
10411,1464,2024-05-05 23:58:15,tablet,6.27,3
10412,2443,2024-09-04 23:28:28,mobile,4.02,10
10413,367,2024-07-11 20:02:04,tablet,3.2,4
10414,1732,2023-08-21 19:21:57,desktop,15.88,8
10415,1760,2024-11-22 02:59:05,desktop,2.8,6
10416,1625,2023-09-08 23:36:26,mobile,5.02,5
10417,2113,2024-02-26 15:32:59,desktop,16.3,10
10418,1289,2023-02-06 17:19:19,tablet,5.59,6
10419,2142,2024-04-14 08:20:05,mobile,7.37,3
10420,276,2023-07-19 21:13:28,desktop,1.06,3
10421,2164,2023-06-05 12:41:27,desktop,9.6,8
10422,2494,2024-12-30 06:01:30,tablet,9.08,2
10423,820,2024-02-10 15:27:34,desktop,7.84,4
10424,1884,2024-01-28 07:26:08,tablet,4.37,8
10425,1899,2024-02-17 15:17:03,desktop,12.68,6
10426,1529,2023-02-04 22:40:20,mobile,4.85,6
10427,98,2023-11-10 13:54:36,mobile,16.18,10
10428,2168,2023-01-18 05:00:31,tablet,9.32,3
10429,621,2023-08-20 01:39:57,tablet,3.87,3
10430,2152,2023-11-14 12:59:45,tablet,13.6,4
10431,71,2023-11-17 07:47:11,mobile,0.2,1
10432,693,2024-01-02 12:32:08,mobile,2.19,8
10433,2189,2023-10-16 11:10:18,tablet,8.64,6
10434,366,2023-06-14 02:54:01,tablet,8.12,1
10435,1196,2024-12-07 06:48:34,tablet,5.88,5
10436,191,2023-06-08 13:52:41,mobile,5.47,4
10437,901,2024-05-06 10:53:23,mobile,4.0,7
10438,704,2024-03-09 15:28:38,tablet,1.88,4
10439,305,2023-02-20 07:20:26,desktop,4.98,4
10440,2375,2023-07-16 14:41:04,tablet,5.11,5
10441,2245,2023-02-14 23:18:27,desktop,4.74,9
10442,1557,2023-03-08 15:31:53,tablet,4.45,1
10443,761,2024-02-10 15:31:41,desktop,2.85,3
10444,1974,2023-06-22 03:25:40,desktop,5.83,1
10445,1118,2023-01-13 15:44:51,tablet,3.22,2
10446,2124,2023-10-14 17:31:42,tablet,7.36,4
10447,171,2023-07-20 03:55:58,mobile,7.0,3
10448,2206,2024-03-11 13:56:01,desktop,1.95,2
10449,1108,2024-02-02 19:04:16,desktop,2.24,7
10450,664,2023-11-21 07:26:20,tablet,9.38,8
10451,1731,2023-05-06 04:56:45,mobile,6.06,4
10452,476,2023-04-08 23:51:31,mobile,8.97,4
10453,801,2023-05-05 21:16:34,desktop,14.49,5
10454,63,2023-03-30 14:06:06,mobile,1.39,6
10455,1206,2024-01-01 17:46:04,desktop,13.33,2
10456,1508,2024-03-24 01:10:17,tablet,7.27,6
10457,1376,2024-02-07 09:42:52,desktop,7.72,4
10458,1873,2024-08-20 04:18:08,tablet,12.44,4
10459,120,2023-11-13 03:54:02,desktop,0.2,7
10460,162,2024-10-21 01:31:22,mobile,0.2,2
10461,2087,2024-11-02 03:04:15,desktop,9.73,5
10462,751,2023-09-28 20:15:44,desktop,2.3,7
10463,1665,2024-12-03 09:12:40,desktop,5.17,1
10464,1006,2024-03-07 20:30:56,desktop,2.44,5
10465,120,2024-12-30 01:37:11,mobile,0.24,4
10466,2399,2024-06-21 13:28:05,desktop,5.78,2
10467,880,2023-11-30 03:20:01,tablet,4.52,5
10468,850,2024-02-21 11:59:57,tablet,3.75,4
10469,1073,2024-12-23 14:39:44,tablet,4.83,5
10470,1410,2023-10-20 19:23:09,mobile,7.18,5
10471,1106,2023-05-16 04:14:29,mobile,6.08,4
10472,1542,2023-11-25 22:07:15,tablet,0.2,7
10473,271,2024-11-23 16:00:14,mobile,4.42,11
10474,2148,2023-10-27 10:13:59,desktop,4.67,2
10475,1056,2024-09-13 04:58:08,mobile,1.22,1
10476,365,2024-01-20 06:27:18,mobile,4.09,3
10477,1635,2023-11-27 06:47:09,mobile,4.99,3
10478,1458,2023-07-25 19:38:07,tablet,3.09,2
10479,2045,2024-12-31 14:35:33,tablet,1.82,11
10480,1352,2024-01-07 22:11:01,tablet,6.49,5
10481,236,2024-06-30 22:48:31,tablet,7.9,5
10482,1321,2024-04-25 19:25:29,tablet,7.4,3
10483,2476,2024-02-26 02:38:15,tablet,9.3,1
10484,1016,2023-08-25 10:11:16,desktop,10.48,3
10485,282,2024-09-28 15:00:27,tablet,6.15,3
10486,2055,2024-12-20 17:01:41,mobile,6.16,1
10487,1446,2024-03-08 17:39:30,mobile,9.47,8
10488,1530,2024-08-19 18:50:23,desktop,6.06,13
10489,493,2023-12-24 13:02:55,tablet,3.69,3
10490,489,2024-04-15 19:39:45,tablet,5.14,4
10491,650,2023-06-19 01:20:13,mobile,5.22,4
10492,189,2024-04-13 02:27:01,desktop,7.8,7
10493,1805,2024-05-25 17:52:35,mobile,7.15,7
10494,2333,2024-10-22 20:19:21,tablet,13.74,7
10495,1730,2024-03-11 03:35:24,tablet,1.36,3
10496,646,2023-04-10 04:39:25,tablet,2.03,6
10497,283,2023-07-15 02:16:31,tablet,0.2,5
10498,2488,2023-12-04 07:34:18,desktop,10.47,3
10499,1877,2023-11-29 15:52:42,mobile,10.59,1
10500,2473,2023-09-27 09:25:58,tablet,5.94,2
10501,795,2023-12-10 14:36:57,mobile,7.69,2
10502,1794,2024-09-16 20:14:41,tablet,5.75,5
10503,1972,2023-06-23 22:28:27,desktop,0.2,1
10504,2132,2024-11-07 16:46:02,desktop,13.14,5
10505,246,2024-04-27 18:12:05,mobile,1.18,6
10506,2016,2024-05-27 02:53:11,desktop,4.97,1
10507,997,2024-12-26 04:16:08,mobile,17.31,9
10508,729,2023-08-28 00:28:27,desktop,6.76,5
10509,2007,2024-01-10 00:46:25,tablet,5.84,5
10510,1888,2024-08-19 20:28:35,mobile,8.73,2
10511,1195,2023-09-02 14:56:09,tablet,3.58,1
10512,1568,2023-04-17 21:37:43,tablet,18.86,6
10513,834,2023-06-23 19:50:28,mobile,2.53,8
10514,1648,2023-01-07 05:07:50,desktop,5.17,6
10515,1576,2024-12-01 00:38:00,mobile,7.42,3
10516,2245,2023-05-08 15:23:32,tablet,4.61,3
10517,1450,2024-08-02 18:50:37,tablet,4.7,3
10518,928,2023-09-01 01:32:35,tablet,7.9,6
10519,1766,2023-10-22 05:25:56,tablet,6.83,4
10520,2321,2024-01-01 00:26:09,mobile,2.35,4
10521,961,2024-09-26 00:06:30,mobile,5.56,11
10522,2028,2024-12-15 23:20:47,tablet,0.34,1
10523,885,2023-06-09 16:47:17,mobile,12.89,5
10524,2391,2024-08-23 03:07:08,mobile,6.63,4
10525,648,2024-11-20 08:13:48,desktop,3.9,2
10526,1577,2024-09-25 02:30:31,desktop,6.37,6
10527,2340,2024-04-23 04:17:17,tablet,2.81,4
10528,766,2023-01-05 21:07:51,desktop,13.73,1
10529,1998,2024-07-20 03:40:35,tablet,2.24,9
10530,1704,2024-03-11 00:38:55,desktop,1.65,7
10531,360,2023-12-09 20:43:25,mobile,8.71,2
10532,65,2024-11-08 00:29:53,mobile,1.85,1
10533,1074,2023-06-22 17:40:14,desktop,0.2,4
10534,990,2024-04-08 03:20:25,mobile,8.08,2
10535,346,2023-09-18 10:23:52,tablet,6.79,2
10536,1342,2024-07-25 02:26:44,mobile,7.7,4
10537,22,2023-02-17 10:06:35,tablet,5.52,10
10538,977,2024-11-11 18:01:56,desktop,0.35,6
10539,757,2023-09-13 19:14:42,mobile,5.8,11
10540,2492,2024-05-31 01:28:03,tablet,5.72,3
10541,1575,2024-09-25 15:31:42,desktop,8.24,1
10542,1656,2023-05-20 10:21:56,desktop,7.78,5
10543,2245,2023-03-22 02:27:45,desktop,1.03,3
10544,786,2023-02-21 23:39:15,mobile,5.37,5
10545,2343,2024-01-24 02:38:19,tablet,6.69,9
10546,474,2023-05-21 06:20:51,desktop,12.94,5
10547,1471,2023-03-22 11:52:19,tablet,1.65,3
10548,550,2023-02-17 13:36:28,desktop,5.05,7
10549,545,2023-02-28 11:40:33,tablet,8.11,5
10550,1111,2023-02-07 09:43:41,desktop,8.35,5
10551,80,2024-07-17 01:51:37,tablet,2.66,2
10552,634,2024-12-31 00:02:10,tablet,9.68,3
10553,912,2023-03-30 02:36:27,desktop,11.84,8
10554,1455,2024-03-05 22:07:51,tablet,5.45,3
10555,2447,2023-09-17 10:50:55,tablet,14.04,1
10556,1738,2023-04-13 08:08:56,tablet,9.42,4
10557,2408,2024-07-29 04:38:37,tablet,2.21,5
10558,1400,2023-09-09 12:01:54,desktop,8.86,2
10559,481,2023-04-30 05:35:21,mobile,15.25,2
10560,621,2024-10-23 12:32:57,tablet,8.84,5
10561,1247,2023-10-11 07:58:43,mobile,1.89,7
10562,1472,2024-12-09 12:21:33,mobile,7.43,4
10563,527,2024-12-29 20:11:36,tablet,2.48,8
10564,1711,2023-12-28 04:54:03,tablet,8.26,7
10565,1996,2024-09-30 02:13:32,tablet,6.11,4
10566,940,2023-01-28 00:48:26,tablet,7.26,5
10567,1794,2024-02-24 02:19:48,mobile,12.25,2
10568,309,2024-12-28 21:43:14,mobile,7.05,8
10569,320,2023-02-10 12:35:21,mobile,8.67,2
10570,1294,2023-11-06 00:49:17,mobile,3.17,4
10571,1062,2024-12-05 20:49:59,mobile,0.2,2
10572,1516,2023-05-12 00:57:35,tablet,1.2,4
10573,2304,2024-10-13 03:57:27,desktop,11.5,2
10574,191,2024-06-10 21:44:35,tablet,4.52,1
10575,768,2023-06-24 22:03:39,tablet,5.05,7
10576,184,2024-12-22 09:40:02,desktop,0.84,6
10577,2078,2024-07-15 23:49:53,tablet,0.89,8
10578,2289,2024-09-13 08:17:40,mobile,3.84,8
10579,1105,2023-01-25 21:48:51,mobile,6.46,3
10580,581,2024-02-23 03:25:23,mobile,5.64,6
10581,1476,2023-03-03 00:51:26,tablet,12.66,9
10582,2038,2023-09-11 21:51:28,mobile,9.43,4
10583,1192,2023-02-21 08:04:07,desktop,6.62,6
10584,2314,2024-05-18 11:12:42,mobile,5.19,5
10585,2151,2024-04-27 09:44:03,tablet,1.8,1
10586,554,2024-11-01 01:00:06,tablet,5.8,5
10587,679,2023-12-01 07:44:55,desktop,11.02,1
10588,1411,2023-02-22 05:35:33,tablet,7.14,1
10589,1749,2024-08-25 17:51:39,mobile,8.21,5
10590,1344,2023-02-22 21:24:41,desktop,6.81,7
10591,1499,2024-05-16 03:23:01,tablet,6.2,3
10592,956,2023-07-22 04:22:59,tablet,4.41,2
10593,1509,2024-08-06 03:57:06,tablet,5.95,4
10594,2401,2023-10-09 01:22:36,mobile,1.96,7
10595,555,2024-11-18 07:05:23,tablet,12.6,6
10596,1586,2023-04-10 04:10:51,mobile,4.2,4
10597,2049,2024-10-15 07:21:03,tablet,6.24,2
10598,927,2023-01-28 21:16:29,mobile,4.43,4
10599,1064,2024-03-18 11:58:39,mobile,9.3,4
10600,1574,2023-03-03 07:41:20,desktop,5.17,2
10601,700,2024-05-17 22:32:04,tablet,9.82,4
10602,2310,2024-01-23 21:38:20,tablet,3.7,1
10603,2126,2024-12-29 10:31:13,mobile,17.57,6
10604,2116,2023-10-22 05:21:03,desktop,9.97,3
10605,1859,2024-04-07 06:42:20,mobile,8.89,7
10606,2194,2023-11-13 22:16:10,desktop,8.36,7
10607,2434,2024-12-11 16:51:22,desktop,7.59,5
10608,2069,2024-06-04 13:15:40,mobile,2.62,7
10609,1994,2023-03-18 12:11:14,desktop,1.01,5
10610,713,2024-10-12 17:48:03,desktop,9.39,3
10611,174,2023-09-18 18:35:22,mobile,10.62,6
10612,833,2023-02-26 14:33:10,tablet,6.86,5
10613,2292,2024-10-01 01:42:58,mobile,5.63,2
10614,1322,2024-11-06 13:39:44,desktop,0.2,7
10615,899,2023-11-28 10:09:51,tablet,0.2,1
10616,1626,2023-08-23 02:47:09,tablet,0.2,7
10617,1859,2024-01-14 10:18:31,mobile,6.56,9
10618,2236,2023-04-04 14:41:12,desktop,9.92,3
10619,1598,2024-07-18 09:37:14,mobile,2.85,1
10620,1372,2023-05-22 19:37:12,desktop,5.21,2
10621,1316,2023-11-25 01:08:34,desktop,3.56,3
10622,577,2024-11-20 20:04:57,mobile,7.67,6
10623,52,2023-10-29 07:52:10,desktop,11.39,2
10624,1707,2024-07-22 18:33:47,tablet,2.3,1
10625,259,2023-09-15 20:05:31,desktop,4.15,3
10626,155,2023-01-09 21:54:43,desktop,2.49,7
10627,1457,2024-02-29 22:45:28,mobile,8.25,4
10628,464,2024-08-21 19:25:19,mobile,11.56,3
10629,40,2024-06-02 01:20:06,tablet,12.98,2
10630,1330,2024-02-28 08:56:54,mobile,8.94,11
10631,1803,2023-12-25 16:08:33,tablet,9.72,3
10632,2496,2024-05-05 22:44:10,tablet,7.06,9
10633,2163,2024-11-07 15:19:04,mobile,4.39,7
10634,1362,2023-10-06 20:11:40,mobile,5.0,6
10635,84,2023-07-11 11:44:38,mobile,7.17,8
10636,1856,2024-11-26 22:27:46,tablet,10.18,1
10637,1416,2024-09-02 20:00:47,desktop,0.2,5
10638,576,2023-03-03 06:31:50,mobile,9.91,2
10639,1338,2024-06-09 02:15:58,desktop,4.33,4
10640,154,2024-09-08 13:45:21,desktop,5.74,4
10641,1252,2023-08-13 17:36:19,desktop,6.18,2
10642,1233,2024-03-13 11:11:07,desktop,4.2,5
10643,738,2023-06-08 12:53:27,tablet,1.65,1
10644,2105,2024-08-01 07:26:05,mobile,10.04,2
10645,472,2024-02-14 00:47:26,desktop,7.66,7
10646,1506,2023-01-10 03:35:47,mobile,1.77,2
10647,1123,2024-03-01 20:57:55,mobile,14.34,4
10648,1347,2024-01-07 23:58:19,desktop,7.37,1
10649,691,2024-03-07 22:24:49,desktop,0.2,1
10650,194,2023-06-21 23:23:18,desktop,10.12,2
10651,781,2023-05-08 01:23:57,mobile,10.5,4
10652,29,2023-08-29 15:19:17,desktop,2.57,8
10653,88,2024-04-04 12:13:51,tablet,2.38,1
10654,341,2023-11-12 00:01:26,desktop,5.65,3
10655,1759,2024-05-19 06:40:26,desktop,11.19,1
10656,1561,2023-10-30 14:55:24,desktop,6.96,3
10657,1379,2024-07-13 19:41:12,desktop,5.33,5
10658,2131,2024-11-12 21:12:11,desktop,12.14,6
10659,1545,2023-10-16 15:07:17,mobile,10.51,2
10660,1980,2023-06-22 02:44:35,mobile,1.47,6
10661,1853,2024-02-28 05:52:57,mobile,4.5,5
10662,2219,2024-03-26 17:29:54,mobile,0.2,1
10663,2305,2024-02-22 12:51:58,desktop,13.14,1
10664,426,2023-01-25 19:33:38,desktop,8.5,3
10665,1437,2023-10-16 07:37:15,tablet,3.77,12
10666,1267,2024-12-13 03:54:08,tablet,6.87,5
10667,1991,2023-09-23 20:53:42,tablet,9.19,3
10668,1,2023-11-02 09:44:07,tablet,3.05,7
10669,172,2023-12-25 09:39:11,tablet,11.51,7
10670,421,2024-10-06 13:38:11,tablet,1.47,5
10671,290,2024-02-27 01:17:17,mobile,0.2,7
10672,831,2023-09-29 04:54:53,desktop,10.82,1
10673,581,2023-06-14 12:31:57,mobile,0.2,1
10674,1570,2024-04-19 21:41:02,mobile,14.62,11
10675,1519,2023-02-13 16:43:16,tablet,5.64,2
10676,1971,2024-04-23 01:12:17,desktop,9.76,6
10677,1688,2024-01-17 10:25:06,tablet,2.48,1
10678,266,2023-04-27 09:33:52,tablet,3.37,3
10679,260,2024-09-20 18:35:25,mobile,4.41,1
10680,1702,2023-08-10 23:13:51,desktop,7.99,6
10681,2076,2024-05-18 00:50:01,desktop,12.67,7
10682,35,2023-08-01 15:02:51,desktop,2.66,1
10683,1450,2023-03-20 16:43:18,desktop,9.54,5
10684,1833,2024-12-18 10:44:09,mobile,4.92,5
10685,342,2024-01-07 21:14:14,desktop,7.58,5
10686,2021,2023-08-05 11:43:56,mobile,12.71,7
10687,1839,2023-07-16 20:16:07,mobile,9.86,1
10688,7,2023-12-31 17:18:50,mobile,6.54,5
10689,1595,2024-07-03 13:41:24,desktop,7.39,4
10690,1119,2024-05-27 15:06:52,desktop,13.02,6
10691,221,2023-10-10 09:30:56,tablet,13.04,5
10692,289,2024-04-14 16:49:48,desktop,1.37,6
10693,422,2024-10-11 10:08:37,mobile,0.2,5
10694,267,2023-08-31 22:02:03,tablet,1.34,8
10695,189,2024-08-10 02:37:34,mobile,1.08,7
10696,1195,2024-12-26 05:10:21,desktop,13.71,5
10697,1195,2023-04-16 04:04:40,tablet,2.86,6
10698,1296,2023-02-15 08:43:37,tablet,2.95,3
10699,2462,2023-12-02 22:01:44,mobile,6.27,3
10700,645,2024-09-18 13:34:40,mobile,11.57,7
10701,1060,2023-08-11 00:57:50,mobile,5.57,6
10702,368,2023-12-14 22:11:36,desktop,8.12,3
10703,2414,2023-03-24 09:56:17,mobile,12.48,3
10704,2400,2023-07-20 20:52:19,tablet,0.2,3
10705,691,2023-06-11 16:21:40,tablet,1.58,1
10706,2108,2024-03-14 05:41:42,desktop,11.91,6
10707,447,2023-07-23 21:49:53,desktop,4.83,4
10708,1176,2024-05-13 11:44:05,mobile,6.14,4
10709,586,2024-11-16 05:58:45,desktop,5.11,4
10710,1110,2024-06-25 17:36:47,tablet,8.62,6
10711,1499,2024-04-11 13:33:01,tablet,5.47,1
10712,400,2024-04-01 15:46:49,mobile,9.78,1
10713,1867,2024-07-19 08:35:31,mobile,1.26,5
10714,1626,2024-01-26 09:56:08,tablet,5.05,6
10715,15,2024-05-17 08:07:19,tablet,2.84,3
10716,466,2024-01-05 09:11:29,tablet,7.6,1
10717,1638,2023-01-04 22:32:22,tablet,6.13,5
10718,1319,2024-02-09 03:18:19,desktop,7.26,2
10719,1068,2024-12-17 18:03:29,mobile,8.98,8
10720,1626,2024-05-10 08:33:59,mobile,0.2,6
10721,2160,2024-05-26 07:39:24,tablet,0.2,3
10722,572,2024-03-14 19:44:45,mobile,0.2,5
10723,2073,2023-03-06 19:33:07,desktop,8.9,4
10724,1168,2024-06-27 18:26:43,desktop,0.54,4
10725,133,2024-11-06 14:55:00,tablet,4.8,2
10726,1317,2023-07-08 09:03:34,tablet,11.93,6
10727,1535,2024-08-15 04:52:51,tablet,8.67,7
10728,854,2024-09-01 16:19:28,desktop,5.9,3
10729,1394,2023-05-15 12:18:48,mobile,5.75,3
10730,443,2023-05-04 18:28:02,desktop,0.63,7
10731,2330,2024-04-18 17:40:25,tablet,8.86,10
10732,1476,2024-08-04 17:13:32,desktop,9.08,8
10733,2427,2024-01-08 01:51:27,tablet,8.32,1
10734,869,2024-09-30 13:01:46,desktop,7.47,5
10735,1798,2023-03-24 22:41:49,mobile,5.74,2
10736,2146,2024-12-20 17:26:16,tablet,1.98,1
10737,1274,2023-12-20 18:34:35,tablet,1.95,5
10738,1505,2024-05-18 16:48:20,desktop,7.06,7
10739,485,2024-04-20 10:05:56,tablet,4.76,1
10740,1761,2024-01-23 02:44:57,mobile,5.37,9
10741,440,2024-07-15 17:05:18,desktop,2.37,1
10742,1973,2024-07-15 09:02:45,desktop,4.78,6
10743,2232,2023-04-05 15:44:30,desktop,0.2,4
10744,772,2023-08-02 17:23:52,desktop,8.99,5
10745,2172,2023-05-07 21:46:56,tablet,9.02,6
10746,2249,2023-08-07 05:57:15,mobile,3.29,4
10747,1326,2024-07-26 13:40:04,tablet,8.07,5
10748,1346,2023-05-23 08:09:26,tablet,7.25,6
10749,1147,2024-09-01 20:28:14,tablet,7.43,4
10750,195,2024-10-31 16:00:57,tablet,5.76,2
10751,1393,2024-09-24 04:36:48,mobile,3.49,5
10752,1797,2024-10-03 12:24:17,desktop,5.42,2
10753,692,2023-11-04 00:03:48,mobile,5.43,2
10754,175,2023-05-25 16:31:37,mobile,10.19,9
10755,2273,2024-02-08 15:51:14,mobile,9.4,5
10756,1509,2023-11-04 09:40:18,mobile,15.05,4
10757,916,2024-03-14 10:23:59,desktop,4.34,6
10758,1293,2023-01-27 06:21:33,desktop,7.0,1
10759,850,2024-12-13 07:22:50,tablet,0.2,9
10760,1105,2024-08-29 16:52:26,tablet,5.89,1
10761,1829,2024-02-03 16:49:41,tablet,5.42,3
10762,2066,2024-02-06 20:52:31,mobile,6.83,4
10763,1,2023-10-21 11:29:30,mobile,7.76,4
10764,1373,2023-02-21 03:27:19,desktop,5.86,1
10765,811,2023-04-25 00:07:30,desktop,4.65,6
10766,1192,2023-05-11 00:30:06,desktop,6.08,2
10767,913,2023-01-11 18:57:47,mobile,0.2,3
10768,1776,2024-05-14 14:07:57,tablet,11.87,9
10769,2472,2023-12-08 13:59:26,mobile,7.94,13
10770,897,2024-12-10 23:09:30,mobile,9.46,1
10771,561,2023-06-10 07:17:40,mobile,0.2,5
10772,2048,2023-04-08 12:36:40,mobile,8.8,1
10773,659,2024-06-12 21:01:08,tablet,6.37,6
10774,907,2024-06-28 18:29:03,tablet,3.57,7
10775,291,2024-11-22 15:04:05,tablet,6.07,3
10776,2214,2023-05-06 12:28:23,tablet,5.98,1
10777,171,2024-01-20 09:08:18,tablet,0.2,8
10778,1355,2023-03-14 21:25:50,tablet,8.63,6
10779,2231,2024-11-24 08:57:42,tablet,4.69,5
10780,969,2023-11-25 13:42:15,mobile,11.07,4
10781,733,2024-08-31 10:13:31,tablet,3.3,5
10782,456,2023-11-19 06:23:11,desktop,8.77,5
10783,841,2024-08-30 08:38:55,tablet,2.01,3
10784,1175,2024-07-21 01:46:10,mobile,6.69,6
10785,227,2024-06-23 18:50:42,tablet,9.31,8
10786,1586,2023-03-09 17:56:41,tablet,5.49,7
10787,203,2023-03-02 11:28:41,desktop,7.99,6
10788,2172,2023-09-23 19:20:53,mobile,7.82,2
10789,1969,2024-11-30 13:12:17,desktop,9.56,3
10790,1267,2024-09-16 18:35:57,mobile,5.12,11
10791,2400,2023-10-20 17:39:29,desktop,0.2,8
10792,1553,2024-03-17 06:52:47,desktop,5.55,3
10793,1031,2024-04-14 13:43:35,mobile,4.38,1
10794,1849,2023-08-17 06:18:50,desktop,4.81,1
10795,1489,2023-01-18 02:59:51,mobile,7.61,5
10796,545,2023-08-20 21:35:17,tablet,18.02,6
10797,2410,2023-09-05 07:29:21,tablet,3.61,3
10798,358,2024-01-03 03:36:57,tablet,8.31,9
10799,2358,2024-10-18 21:46:06,mobile,6.92,7
10800,470,2023-11-11 03:19:25,tablet,8.26,1
10801,654,2024-03-14 02:50:23,mobile,0.2,6
10802,1733,2023-03-09 14:25:38,tablet,6.67,8
10803,607,2024-05-23 09:51:50,mobile,3.66,10
10804,2447,2024-11-22 15:17:15,mobile,1.68,2
10805,1460,2023-08-23 05:58:00,tablet,6.84,6
10806,721,2023-02-16 04:02:26,mobile,0.2,3
10807,1191,2023-09-27 08:02:00,tablet,8.83,3
10808,1852,2024-03-26 04:53:03,mobile,1.57,10
10809,436,2023-01-23 18:39:46,tablet,10.03,10
10810,1143,2023-07-03 19:49:41,mobile,10.98,9
10811,637,2023-12-07 16:06:17,tablet,5.17,8
10812,135,2023-10-12 10:36:53,mobile,3.17,1
10813,895,2024-12-19 05:00:30,desktop,17.81,1
10814,123,2024-07-15 00:02:24,mobile,0.2,2
10815,1264,2024-08-23 11:11:34,tablet,2.02,1
10816,240,2024-05-03 23:17:03,tablet,12.44,2
10817,20,2023-01-30 09:24:07,mobile,6.01,3
10818,1306,2024-08-11 22:34:32,tablet,1.95,6
10819,1348,2023-07-18 23:17:59,mobile,3.45,4
10820,640,2024-10-22 19:20:55,desktop,7.38,9
10821,982,2023-12-07 18:38:18,tablet,12.69,5
10822,850,2024-10-27 01:28:41,mobile,11.99,1
10823,26,2024-05-04 04:05:49,mobile,0.78,5
10824,261,2024-11-06 08:31:19,tablet,1.73,1
10825,403,2023-12-31 15:47:33,desktop,7.29,5
10826,1680,2023-10-13 16:16:43,desktop,4.96,6
10827,737,2024-06-06 07:30:35,tablet,1.55,1
10828,2232,2024-11-18 20:17:34,desktop,4.21,5
10829,1427,2023-05-25 03:47:00,mobile,0.2,3
10830,899,2023-05-15 16:40:52,mobile,0.2,1
10831,1671,2023-10-14 13:49:16,tablet,13.77,5
10832,390,2023-05-14 14:59:48,tablet,0.2,6
10833,84,2024-07-12 10:39:14,mobile,3.32,5
10834,2026,2023-04-07 20:10:14,mobile,2.96,7
10835,1976,2024-08-18 20:50:43,mobile,11.08,3
10836,615,2023-07-17 18:05:34,desktop,4.98,10
10837,615,2023-04-06 11:22:59,tablet,1.83,7
10838,516,2023-11-20 04:51:18,desktop,9.14,6
10839,2026,2023-05-03 12:43:22,tablet,5.11,3
10840,90,2024-06-09 13:54:06,tablet,10.65,3
10841,969,2024-10-30 07:21:49,mobile,3.08,7
10842,196,2024-08-27 06:29:01,desktop,0.2,5
10843,2248,2024-11-02 02:49:39,desktop,4.53,3
10844,1277,2023-09-04 19:35:32,desktop,8.78,5
10845,1726,2023-07-10 00:41:24,desktop,12.17,1
10846,1173,2024-04-26 16:48:53,tablet,6.11,5
10847,2219,2023-11-17 23:42:06,desktop,5.83,7
10848,1841,2023-01-02 22:32:17,mobile,9.78,4
10849,115,2023-08-13 16:18:12,mobile,11.87,5
10850,1906,2024-02-26 06:21:03,desktop,4.4,6
10851,1210,2024-07-19 02:08:41,mobile,1.53,8
10852,1264,2024-05-21 15:12:17,desktop,4.05,10
10853,1784,2024-05-20 19:26:59,mobile,0.2,11
10854,196,2024-11-02 23:00:29,tablet,4.91,1
10855,2279,2024-12-10 23:41:08,tablet,2.86,1
10856,723,2023-11-03 16:19:33,desktop,3.94,5
10857,656,2023-01-04 04:51:05,desktop,9.61,9
10858,2316,2023-03-10 17:02:43,desktop,0.2,8
10859,1189,2023-01-04 04:55:08,mobile,8.6,6
10860,503,2023-10-25 04:38:41,mobile,11.11,2
10861,2040,2024-02-05 03:32:06,mobile,2.84,3
10862,1255,2023-02-11 18:29:55,mobile,8.95,2
10863,572,2024-12-01 19:28:40,tablet,4.11,6
10864,820,2024-05-12 00:07:31,desktop,4.76,2
10865,940,2024-01-11 04:08:55,mobile,3.99,3
10866,446,2023-07-06 11:57:56,tablet,10.78,8
10867,107,2024-05-03 01:12:02,mobile,11.93,9
10868,230,2024-02-21 06:08:27,tablet,11.7,3
10869,2465,2023-09-17 15:10:40,desktop,7.41,8
10870,564,2024-01-23 06:12:04,tablet,1.56,5
10871,1212,2024-12-19 04:34:18,desktop,0.61,9
10872,1963,2023-01-10 11:03:37,mobile,16.06,8
10873,1869,2023-07-27 21:34:51,tablet,0.39,8
10874,2214,2024-09-10 04:27:08,desktop,0.2,4
10875,2327,2023-02-09 08:26:21,mobile,10.94,3
10876,2031,2024-05-23 19:32:08,mobile,2.81,2
10877,1508,2023-03-14 07:30:44,desktop,0.2,1
10878,1968,2024-01-15 04:45:37,tablet,7.9,1
10879,2372,2023-05-18 00:36:51,desktop,3.77,1
10880,2117,2024-06-22 08:55:31,mobile,8.0,4
10881,1295,2024-01-29 20:10:41,mobile,6.08,1
10882,403,2023-06-21 21:33:47,desktop,11.42,10
10883,903,2023-12-22 11:25:24,desktop,2.2,5
10884,203,2024-04-23 18:22:05,desktop,0.2,3
10885,2159,2024-01-15 00:45:43,tablet,4.95,6
10886,2345,2024-01-14 17:06:18,mobile,4.77,5
10887,245,2023-09-13 02:06:00,tablet,11.27,1
10888,1250,2023-09-01 19:53:38,tablet,1.98,3
10889,1907,2024-04-17 18:26:35,tablet,6.72,5
10890,1457,2023-01-10 07:08:08,tablet,9.19,5
10891,614,2024-08-11 08:34:14,tablet,9.5,3
10892,547,2024-11-16 09:18:11,tablet,1.32,1
10893,400,2024-09-11 14:22:53,mobile,7.71,2
10894,2220,2024-09-16 05:25:50,desktop,2.06,4
10895,1816,2024-11-28 12:10:29,desktop,3.49,10
10896,1243,2024-06-17 03:19:29,desktop,4.89,2
10897,1905,2024-01-22 00:26:40,mobile,4.6,6
10898,301,2023-08-26 11:04:37,mobile,11.53,7
10899,1490,2024-12-11 23:58:54,mobile,5.54,1
10900,2414,2023-11-11 06:26:06,desktop,2.91,7
10901,1024,2023-08-06 21:40:11,mobile,8.14,6
10902,185,2024-09-10 04:37:40,tablet,4.58,4
10903,1051,2024-10-17 02:29:18,desktop,7.32,2
10904,1069,2024-09-15 07:56:58,desktop,7.93,7
10905,146,2023-07-07 08:15:17,mobile,0.3,4
10906,709,2024-04-27 00:00:06,mobile,0.2,6
10907,2295,2024-03-15 16:40:10,mobile,4.39,5
10908,1417,2023-03-14 22:23:06,tablet,2.18,5
10909,605,2024-10-29 12:47:38,mobile,13.88,6
10910,649,2023-04-07 07:56:11,mobile,6.46,5
10911,2418,2024-06-13 05:44:43,mobile,4.81,11
10912,516,2024-05-26 12:38:43,tablet,7.71,6
10913,1545,2024-05-23 14:11:48,mobile,9.28,6
10914,823,2023-05-24 22:12:42,desktop,6.38,4
10915,1802,2024-01-26 19:15:23,mobile,4.86,7
10916,2162,2023-01-05 17:06:19,desktop,0.2,6
10917,1377,2023-06-03 07:14:50,tablet,5.61,8
10918,618,2023-02-23 06:58:14,tablet,9.11,11
10919,1833,2024-10-08 02:21:39,desktop,7.32,7
10920,1433,2024-02-06 03:45:32,mobile,4.56,3
10921,1090,2023-10-24 04:12:41,tablet,3.72,1
10922,2051,2023-05-23 05:47:51,tablet,11.49,8
10923,26,2024-12-28 00:36:27,tablet,10.76,2
10924,660,2023-08-16 06:29:51,mobile,3.52,3
10925,921,2023-01-14 16:18:38,desktop,1.15,2
10926,223,2024-08-08 21:24:36,desktop,2.55,8
10927,2336,2023-08-15 22:53:24,desktop,3.14,3
10928,384,2024-01-26 18:16:16,desktop,2.66,4
10929,1310,2024-08-10 06:46:21,mobile,4.06,2
10930,478,2023-08-18 12:25:58,mobile,7.07,4
10931,1749,2023-06-27 14:32:32,desktop,7.93,1
10932,330,2024-11-16 03:42:32,tablet,5.51,6
10933,417,2024-04-06 18:54:16,tablet,3.03,1
10934,1692,2023-09-09 01:40:52,tablet,11.84,4
10935,1242,2024-02-08 10:49:32,tablet,6.05,7
10936,109,2023-06-13 18:38:10,mobile,1.36,1
10937,1586,2024-11-04 09:52:27,tablet,5.66,3
10938,1402,2024-09-01 23:25:25,mobile,5.73,4
10939,2284,2023-05-08 19:02:51,desktop,3.14,3
10940,1959,2024-02-09 00:21:13,mobile,8.03,2
10941,741,2023-04-25 00:37:25,tablet,2.8,2
10942,2486,2023-07-14 21:36:12,mobile,0.2,7
10943,1399,2023-03-25 04:41:54,tablet,3.07,1
10944,2032,2024-10-25 20:55:36,mobile,4.31,5
10945,2133,2023-01-10 08:39:59,tablet,9.39,4
10946,741,2024-10-17 13:03:22,desktop,9.59,6
10947,1769,2023-03-13 01:37:04,mobile,3.02,1
10948,607,2023-07-22 17:25:32,tablet,5.73,2
10949,1063,2023-06-11 21:16:27,desktop,5.16,7
10950,1266,2023-04-17 20:11:42,mobile,6.73,6
10951,1595,2023-09-05 10:48:59,tablet,11.45,2
10952,994,2024-12-03 20:12:53,desktop,5.49,1
10953,595,2024-03-22 14:53:13,tablet,10.89,5
10954,1481,2024-01-27 20:02:36,desktop,0.2,7
10955,758,2024-06-15 01:34:49,desktop,6.56,3
10956,2206,2024-04-04 12:49:54,mobile,7.43,8
10957,1621,2024-06-04 02:16:11,mobile,6.41,3
10958,528,2023-03-19 14:08:42,tablet,10.15,4
10959,608,2023-11-27 11:44:22,mobile,7.26,1
10960,395,2024-10-07 14:39:29,tablet,9.05,5
10961,852,2023-11-18 19:43:34,tablet,11.37,3
10962,758,2023-09-03 16:42:22,desktop,2.48,7
10963,393,2023-07-11 21:59:22,desktop,10.1,1
10964,1222,2024-11-11 12:13:46,desktop,5.58,1
10965,91,2023-01-09 15:43:01,tablet,6.22,1
10966,2127,2024-08-16 23:58:46,desktop,6.69,8
10967,1541,2023-10-04 07:47:58,mobile,8.7,9
10968,2321,2023-03-10 10:37:16,tablet,0.83,4
10969,1926,2023-01-03 15:31:45,tablet,1.69,6
10970,1634,2023-11-06 21:02:39,tablet,12.36,4
10971,1947,2023-12-19 15:45:30,tablet,8.05,9
10972,1495,2023-04-22 20:05:57,mobile,6.72,3
10973,1966,2024-04-08 22:08:25,mobile,5.46,7
10974,464,2024-10-23 09:34:32,mobile,6.61,1
10975,1077,2023-09-26 02:04:02,mobile,12.84,5
10976,316,2023-08-31 21:09:02,desktop,3.73,6
10977,95,2023-12-31 09:48:06,mobile,4.97,1
10978,2028,2023-04-02 12:21:01,mobile,12.85,6
10979,1586,2023-10-15 22:55:16,desktop,7.95,6
10980,815,2024-03-01 11:33:04,mobile,2.46,1
10981,2497,2024-01-11 22:36:42,tablet,0.2,4
10982,2490,2023-10-15 14:25:20,tablet,5.12,7
10983,113,2024-06-01 07:24:52,tablet,3.28,3
10984,1742,2024-12-16 16:25:59,desktop,4.69,2
10985,2244,2023-08-19 10:58:07,mobile,7.39,7
10986,484,2024-12-11 18:52:49,mobile,6.14,5
10987,301,2024-09-18 12:35:22,desktop,5.83,5
10988,381,2023-05-17 12:25:10,tablet,8.6,9
10989,800,2024-05-04 16:29:57,mobile,7.15,7
10990,93,2024-02-17 10:21:48,desktop,3.68,9
10991,2159,2024-07-28 00:53:45,tablet,8.05,4
10992,596,2023-04-14 06:13:12,tablet,7.44,10
10993,1125,2024-02-12 17:24:57,mobile,9.01,8
10994,2238,2023-07-25 06:32:24,tablet,11.88,5
10995,75,2024-12-14 13:52:49,tablet,5.59,7
10996,1614,2024-04-13 11:20:42,tablet,6.34,1
10997,1225,2023-04-16 22:53:49,mobile,7.35,5
10998,2231,2023-04-05 21:58:37,desktop,9.22,4
10999,1093,2023-03-02 15:21:56,tablet,7.39,5
11000,1106,2024-07-19 18:36:35,tablet,3.64,5
11001,470,2023-11-04 02:40:45,desktop,8.79,2
11002,683,2023-11-23 02:16:22,mobile,12.79,9
11003,1948,2024-01-05 05:29:02,desktop,0.66,6
11004,1997,2024-05-23 10:26:23,desktop,12.84,5
11005,729,2024-05-20 17:56:08,mobile,14.72,9
11006,313,2024-07-04 03:42:51,mobile,8.37,7
11007,15,2024-05-26 09:27:24,desktop,8.09,4
11008,1325,2023-12-02 02:04:58,desktop,9.07,2
11009,1842,2023-02-10 02:47:48,tablet,9.5,4
11010,660,2023-04-05 01:07:55,tablet,4.45,2
11011,1877,2023-10-23 05:08:22,tablet,0.2,8
11012,1279,2024-12-25 17:46:17,mobile,4.69,4
11013,294,2024-12-24 18:51:21,mobile,0.2,1
11014,2361,2024-12-17 20:09:24,desktop,6.3,9
11015,1524,2024-09-05 23:11:26,tablet,11.06,5
11016,36,2024-09-16 22:46:08,mobile,2.53,6
11017,1016,2023-12-31 09:38:49,desktop,8.81,7
11018,1351,2023-05-11 03:59:18,tablet,5.91,10
11019,2488,2023-01-24 04:36:11,mobile,1.17,9
11020,1742,2024-10-25 23:45:28,tablet,14.43,3
11021,945,2023-06-23 21:54:08,tablet,13.13,5
11022,1504,2023-01-22 21:45:29,desktop,11.1,3
11023,153,2023-04-15 06:16:07,tablet,6.79,9
11024,553,2023-12-11 21:04:27,tablet,6.03,5
11025,1266,2024-02-28 02:04:51,desktop,10.85,8
11026,234,2023-04-14 15:26:17,mobile,4.91,3
11027,1599,2024-06-22 23:56:45,mobile,9.36,3
11028,728,2024-05-28 01:42:04,tablet,10.67,7
11029,1582,2023-10-30 05:06:19,mobile,8.48,10
11030,1590,2023-02-19 21:07:30,tablet,1.84,2
11031,1361,2023-07-25 12:53:05,desktop,11.62,9
11032,735,2024-06-29 07:48:13,mobile,5.04,2
11033,1216,2024-10-03 13:58:55,mobile,3.5,2
11034,2461,2023-09-13 13:48:28,tablet,5.37,9
11035,454,2024-02-12 16:56:17,desktop,8.09,1
11036,1570,2023-06-14 20:17:22,mobile,5.3,3
11037,955,2023-07-04 18:22:44,tablet,8.07,7
11038,2319,2024-05-19 20:00:22,mobile,11.78,1
11039,206,2024-01-02 08:38:30,desktop,3.53,4
11040,403,2024-05-13 02:42:22,tablet,2.17,1
11041,1366,2024-07-03 03:40:45,tablet,0.2,11
11042,2494,2024-11-12 12:37:08,tablet,14.26,6
11043,232,2023-04-01 20:15:53,mobile,8.08,1
11044,1856,2024-03-15 06:29:37,desktop,4.61,10
11045,421,2023-02-08 23:40:05,desktop,5.29,5
11046,531,2024-02-19 14:43:32,mobile,9.47,4
11047,629,2023-06-04 07:32:48,desktop,3.01,3
11048,2242,2023-07-28 06:48:17,desktop,10.85,4
11049,1531,2024-08-03 10:59:19,desktop,3.34,7
11050,90,2023-02-04 04:54:39,mobile,3.86,10
11051,1479,2024-08-01 03:15:41,tablet,6.58,6
11052,2121,2024-04-01 12:59:32,mobile,10.44,5
11053,896,2024-07-01 12:23:09,tablet,10.08,9
11054,1235,2024-02-25 15:22:09,mobile,0.42,5
11055,1359,2023-12-30 22:50:59,mobile,7.73,6
11056,1748,2023-02-15 17:58:45,tablet,6.08,9
11057,1346,2023-01-07 05:34:30,tablet,3.1,3
11058,399,2023-07-12 21:16:26,mobile,0.2,6
11059,1956,2024-01-12 21:16:39,tablet,5.99,4
11060,1137,2024-07-08 14:49:51,mobile,2.46,4
11061,2476,2024-08-15 19:44:11,mobile,5.09,2
11062,2299,2023-11-08 19:15:19,tablet,10.84,4
11063,1953,2024-06-24 18:41:54,tablet,8.76,2
11064,1435,2023-07-23 08:56:17,mobile,0.79,4
11065,162,2024-09-10 06:33:37,tablet,9.66,2
11066,1644,2024-06-11 06:48:05,mobile,3.59,3
11067,926,2023-01-25 00:32:47,desktop,8.18,5
11068,654,2023-09-29 21:06:05,mobile,5.26,6
11069,465,2024-04-14 01:16:49,mobile,0.85,8
11070,70,2024-01-31 06:04:06,desktop,8.93,9
11071,1062,2023-12-29 08:08:47,mobile,10.82,8
11072,2491,2024-03-02 16:13:13,mobile,2.73,6
11073,1606,2024-04-26 20:37:41,desktop,10.01,6
11074,1268,2023-04-29 13:48:22,desktop,11.4,7
11075,641,2024-11-09 10:23:28,tablet,5.56,6
11076,479,2024-12-30 01:42:18,desktop,9.84,3
11077,1589,2024-10-14 19:08:59,desktop,9.26,5
11078,1187,2024-02-10 03:45:51,desktop,10.05,3
11079,1032,2024-11-10 17:48:27,mobile,5.34,5
11080,1446,2024-09-28 13:46:47,desktop,6.63,9
11081,355,2023-01-03 00:08:01,desktop,7.07,1
11082,274,2023-01-25 04:55:52,tablet,11.52,4
11083,2380,2024-02-16 20:03:36,desktop,9.33,1
11084,2423,2024-10-24 19:07:21,desktop,7.16,5
11085,1018,2024-03-23 22:35:53,mobile,3.72,1
11086,1626,2024-06-20 23:04:41,mobile,5.12,3
11087,85,2023-04-14 16:18:11,tablet,4.98,5
11088,72,2023-12-23 13:40:15,tablet,11.29,5
11089,293,2024-09-10 05:40:25,mobile,0.2,6
11090,1720,2024-10-22 23:30:29,tablet,15.12,3
11091,487,2023-02-24 06:38:47,desktop,8.11,3
11092,2124,2024-03-08 10:42:35,desktop,9.43,2
11093,1581,2023-06-26 19:28:09,desktop,9.83,2
11094,1854,2023-09-11 18:43:26,desktop,9.55,7
11095,888,2023-03-27 04:09:45,tablet,18.51,2
11096,1442,2024-09-28 05:33:44,desktop,2.38,1
11097,354,2023-10-25 15:20:38,desktop,6.51,10
11098,225,2024-07-03 07:32:22,tablet,11.67,4
11099,1764,2023-08-22 14:34:05,desktop,5.53,3
11100,534,2024-11-24 15:20:36,desktop,8.3,5
11101,2273,2024-11-29 12:05:49,mobile,6.83,7
11102,1815,2023-10-26 07:33:01,desktop,7.52,2
11103,1674,2023-10-12 21:04:11,desktop,0.79,5
11104,427,2023-05-25 04:24:04,tablet,4.75,4
11105,1653,2023-01-26 19:14:02,desktop,4.12,2
11106,1306,2023-05-20 13:18:11,desktop,6.06,7
11107,277,2024-12-16 08:32:41,tablet,4.14,5
11108,705,2023-11-16 03:27:44,desktop,10.0,6
11109,805,2024-03-14 08:22:40,desktop,6.58,6
11110,1698,2023-07-11 08:54:51,mobile,3.0,3
11111,123,2023-05-30 14:13:24,desktop,9.56,9
11112,1571,2023-07-08 19:37:57,mobile,3.25,4
11113,2389,2024-01-15 22:10:55,mobile,6.4,9
11114,665,2024-03-18 13:53:45,mobile,6.23,7
11115,2245,2024-03-30 13:35:44,desktop,5.53,5
11116,180,2024-05-11 18:09:46,desktop,4.11,1
11117,1426,2024-02-06 01:49:31,tablet,10.04,4
11118,915,2024-06-15 04:13:02,mobile,9.05,7
11119,267,2024-05-20 16:00:29,desktop,6.84,11
11120,2134,2023-05-24 03:31:27,desktop,5.84,5
11121,1592,2023-03-14 03:32:38,desktop,2.12,2
11122,1114,2024-09-01 01:27:29,desktop,0.54,9
11123,194,2023-02-09 06:13:19,tablet,8.3,1
11124,992,2024-06-06 12:34:40,mobile,7.3,1
11125,2080,2023-06-16 20:04:07,mobile,6.99,9
11126,1493,2023-07-29 14:00:18,tablet,8.74,6
11127,2473,2023-09-30 23:38:51,desktop,8.22,3
11128,2420,2024-05-26 05:58:48,desktop,5.66,3
11129,1597,2024-09-21 15:16:33,desktop,6.76,2
11130,519,2023-07-07 07:30:25,tablet,6.82,4
11131,1121,2023-08-07 04:49:31,mobile,5.43,10
11132,1859,2024-04-27 11:46:17,tablet,0.2,1
11133,838,2023-12-21 14:52:10,desktop,1.82,1
11134,268,2023-03-27 14:46:18,tablet,11.7,1
11135,273,2024-02-04 00:07:35,desktop,3.75,4
11136,2027,2023-06-20 19:09:11,desktop,9.65,5
11137,712,2024-05-17 04:53:52,desktop,0.2,8
11138,456,2024-08-20 13:02:50,tablet,9.41,5
11139,1467,2024-08-30 10:21:01,desktop,5.27,6
11140,1171,2024-01-15 16:32:46,mobile,4.79,9
11141,623,2024-08-17 02:22:39,mobile,10.43,9
11142,278,2024-12-20 06:32:12,tablet,3.77,6
11143,2011,2024-11-18 06:33:11,mobile,5.69,7
11144,1065,2023-06-22 18:07:52,desktop,8.9,4
11145,234,2024-12-08 16:16:08,mobile,0.7,2
11146,467,2023-05-25 17:53:26,tablet,4.52,8
11147,1758,2023-08-08 03:23:47,mobile,9.25,7
11148,932,2024-01-28 06:32:21,tablet,8.07,3
11149,113,2024-05-06 00:46:48,mobile,11.49,1
11150,190,2024-08-16 11:26:02,desktop,5.46,6
11151,920,2024-05-02 12:21:53,tablet,1.95,1
11152,2251,2024-10-12 23:09:47,mobile,15.17,7
11153,300,2024-07-03 16:06:30,mobile,9.25,4
11154,702,2023-10-23 21:20:33,tablet,9.81,1
11155,1296,2023-02-21 22:45:09,desktop,1.62,1
11156,1460,2023-11-27 05:46:49,tablet,2.72,1
11157,1925,2024-03-09 23:58:26,desktop,4.52,5
11158,1199,2024-02-04 14:30:51,mobile,3.27,2
11159,204,2024-06-03 19:00:40,desktop,4.28,8
11160,2359,2023-06-25 02:29:20,tablet,2.23,6
11161,1816,2024-04-24 12:56:14,mobile,11.53,2
11162,366,2024-12-26 06:00:00,desktop,7.94,4
11163,162,2024-12-05 22:13:56,desktop,7.16,1
11164,581,2023-06-19 09:05:59,tablet,5.81,1
11165,951,2024-02-09 11:29:20,mobile,3.95,7
11166,5,2023-09-30 05:59:38,tablet,1.05,5
11167,405,2023-09-17 02:48:01,desktop,2.86,1
11168,507,2023-07-03 01:11:51,mobile,10.43,8
11169,1696,2024-03-03 20:51:28,desktop,9.96,2
11170,2462,2023-03-14 17:59:07,mobile,7.0,1
11171,291,2023-12-24 02:26:20,desktop,6.33,4
11172,147,2024-12-12 20:47:12,tablet,2.11,6
11173,1610,2024-02-02 02:55:33,tablet,5.96,6
11174,2182,2024-07-27 15:25:42,desktop,3.08,9
11175,753,2024-01-28 06:26:03,mobile,3.42,2
11176,2386,2024-05-20 08:39:40,tablet,7.3,3
11177,1135,2023-11-01 04:48:05,mobile,2.37,3
11178,1611,2023-03-29 01:03:30,tablet,14.12,4
11179,638,2023-06-07 12:35:01,tablet,5.25,1
11180,1172,2023-11-13 08:22:06,mobile,0.49,2
11181,1502,2023-12-11 07:06:33,mobile,7.06,5
11182,1477,2024-03-28 05:33:33,tablet,5.07,3
11183,446,2023-09-25 06:09:28,tablet,6.93,5
11184,2034,2023-02-09 13:18:16,mobile,6.0,6
11185,172,2024-05-22 10:03:15,mobile,12.24,8
11186,2355,2024-05-21 05:33:39,mobile,1.32,1
11187,811,2024-10-16 01:09:28,desktop,7.13,6
11188,2124,2024-07-02 17:10:57,desktop,0.61,4
11189,253,2023-03-19 02:06:57,mobile,0.2,1
11190,940,2023-07-25 03:55:18,tablet,0.2,3
11191,682,2023-02-26 06:07:40,desktop,1.79,1
11192,2116,2024-01-31 10:15:49,mobile,5.05,4
11193,1297,2023-05-05 08:55:56,mobile,9.79,3
11194,1709,2023-01-23 10:47:17,mobile,2.32,4
11195,1776,2023-01-07 20:14:24,mobile,4.13,7
11196,422,2024-06-28 21:04:36,tablet,3.85,7
11197,614,2023-10-09 07:03:42,mobile,6.33,3
11198,1048,2023-12-29 02:40:30,tablet,7.36,3
11199,625,2024-02-21 04:55:08,tablet,0.2,9
11200,1504,2023-07-17 20:00:58,tablet,5.9,6
11201,263,2024-04-21 22:38:40,desktop,15.44,2
11202,2405,2023-09-02 13:04:56,mobile,0.47,2
11203,2144,2023-05-21 01:53:15,mobile,6.66,6
11204,685,2023-05-18 18:32:21,desktop,3.66,2
11205,1328,2023-01-01 20:13:06,mobile,3.77,12
11206,1384,2024-03-22 05:35:08,mobile,7.2,4
11207,158,2024-08-24 17:32:24,tablet,6.18,1
11208,359,2024-05-12 10:18:52,desktop,3.0,5
11209,346,2024-03-31 09:50:35,mobile,1.5,5
11210,1412,2023-06-04 16:37:01,tablet,7.36,4
11211,503,2023-12-20 16:46:20,mobile,4.85,6
11212,2129,2024-03-30 05:00:11,mobile,16.69,7
11213,2346,2023-10-25 12:14:04,desktop,2.47,7
11214,1493,2024-05-29 06:31:43,mobile,5.14,2
11215,1294,2023-01-01 12:01:37,desktop,9.49,5
11216,752,2023-06-16 13:10:15,desktop,5.54,6
11217,515,2024-06-28 21:25:27,desktop,4.73,11
11218,702,2023-03-11 23:30:59,mobile,15.81,9
11219,77,2024-09-17 11:32:03,desktop,8.1,5
11220,2428,2023-04-18 04:17:14,tablet,11.25,5
11221,1538,2023-05-15 04:55:09,desktop,6.69,3
11222,395,2023-04-19 06:20:30,tablet,0.2,2
11223,512,2023-09-09 01:06:42,tablet,7.09,8
11224,1025,2024-03-08 10:55:27,mobile,4.08,2
11225,1263,2023-09-18 08:38:54,desktop,0.2,11
11226,1163,2024-01-15 22:04:24,mobile,7.44,6
11227,926,2023-12-11 23:38:48,desktop,10.92,3
11228,2020,2024-09-08 04:35:30,mobile,8.05,5
11229,739,2023-10-05 20:42:41,tablet,4.14,4
11230,2013,2023-12-15 21:27:12,tablet,0.97,7
11231,831,2023-04-24 06:05:16,tablet,9.27,2
11232,2174,2023-01-07 05:16:52,mobile,0.2,9
11233,1580,2023-02-12 11:34:39,tablet,3.52,2
11234,295,2024-06-29 13:34:22,tablet,7.02,6
11235,1652,2023-05-05 08:39:24,tablet,11.85,1
11236,1155,2023-09-06 20:33:37,desktop,10.47,6
11237,2496,2024-03-03 03:10:42,tablet,15.16,4
11238,494,2023-01-30 03:19:09,tablet,0.2,6
11239,1453,2024-12-31 05:13:33,desktop,2.14,3
11240,868,2023-09-11 21:04:25,tablet,8.69,4
11241,2262,2023-04-12 01:01:22,tablet,0.2,2
11242,1175,2023-01-04 06:17:08,mobile,7.9,4
11243,673,2024-10-09 15:45:16,desktop,1.18,4
11244,1568,2024-10-21 21:29:55,mobile,1.47,7
11245,42,2024-09-05 04:50:07,desktop,0.2,3
11246,1573,2024-05-08 04:31:02,mobile,3.97,4
11247,1678,2024-10-07 09:57:01,tablet,6.61,3
11248,2169,2024-12-24 01:04:04,mobile,0.2,12
11249,2395,2024-04-23 08:58:57,desktop,4.97,7
11250,2329,2023-07-13 09:16:45,tablet,7.34,4
11251,761,2023-01-20 07:19:12,desktop,8.53,3
11252,2001,2023-09-03 20:27:59,desktop,2.92,5
11253,2145,2023-07-11 06:07:21,tablet,5.1,4
11254,797,2024-04-21 20:13:19,mobile,0.2,3
11255,872,2024-04-14 08:10:49,tablet,11.87,8
11256,333,2023-09-21 23:53:54,tablet,7.53,10
11257,1507,2023-10-05 08:32:18,mobile,4.32,3
11258,529,2024-04-18 12:17:22,tablet,8.69,2
11259,537,2023-09-18 06:11:35,desktop,3.06,8
11260,765,2024-03-01 13:17:12,mobile,4.17,6
11261,727,2024-10-14 06:55:02,desktop,11.15,7
11262,964,2023-11-04 04:23:04,desktop,0.2,3
11263,1875,2023-09-09 16:42:42,desktop,5.19,5
11264,230,2024-02-26 16:46:26,desktop,2.07,9
11265,45,2024-03-23 10:15:41,mobile,0.2,4
11266,427,2023-07-15 01:17:24,mobile,3.67,8
11267,1372,2024-11-16 06:20:13,tablet,9.32,8
11268,678,2024-09-16 23:51:33,tablet,9.58,3
11269,315,2023-12-19 06:19:47,mobile,5.14,8
11270,2198,2024-05-22 00:11:48,desktop,6.11,2
11271,1685,2024-04-10 19:26:14,desktop,5.39,1
11272,2010,2024-11-25 16:55:06,mobile,4.3,7
11273,2358,2024-06-03 00:21:14,desktop,8.1,6
11274,1024,2023-10-27 19:54:37,mobile,2.55,7
11275,1438,2023-06-29 01:42:01,desktop,6.26,7
11276,1011,2024-10-08 05:41:27,tablet,9.42,1
11277,211,2023-03-02 08:57:52,mobile,8.35,8
11278,2016,2024-07-16 15:27:32,mobile,0.2,3
11279,1258,2024-11-15 11:37:22,tablet,0.2,4
11280,388,2024-04-13 06:12:27,mobile,8.88,12
11281,893,2024-09-16 20:40:17,tablet,2.57,5
11282,1376,2023-09-02 00:34:11,tablet,11.65,9
11283,205,2023-02-13 03:03:19,desktop,10.29,6
11284,2019,2023-09-30 12:35:33,tablet,13.82,1
11285,2472,2024-09-22 23:58:53,tablet,10.29,6
11286,278,2023-07-24 04:27:14,desktop,8.24,2
11287,2152,2023-09-13 11:46:26,tablet,4.21,4
11288,967,2024-07-03 00:03:27,mobile,4.11,5
11289,591,2023-10-13 02:31:52,desktop,5.56,3
11290,1744,2024-12-15 17:45:13,mobile,5.88,6
11291,2460,2023-06-27 18:26:42,mobile,10.58,5
11292,170,2024-06-18 09:36:58,desktop,8.94,4
11293,664,2023-10-26 00:38:31,mobile,3.03,7
11294,330,2023-04-03 19:33:54,tablet,0.2,2
11295,2491,2023-08-30 07:28:17,mobile,5.05,2
11296,2104,2023-03-04 04:36:37,mobile,9.07,1
11297,1633,2024-11-25 16:05:10,tablet,2.53,1
11298,70,2023-09-08 17:45:57,tablet,5.92,6
11299,1698,2024-06-02 08:55:47,mobile,11.07,3
11300,1646,2024-04-22 13:01:58,mobile,7.81,4
11301,109,2023-05-06 16:36:56,mobile,8.37,4
11302,1467,2023-12-21 20:04:39,mobile,4.06,1
11303,1639,2024-07-15 21:01:19,mobile,5.66,6
11304,564,2024-10-10 20:13:00,tablet,2.05,2
11305,1676,2024-12-10 04:16:59,desktop,10.18,3
11306,2308,2024-09-24 18:01:04,mobile,3.89,4
11307,1591,2024-02-28 16:15:02,desktop,3.06,12
11308,1982,2024-06-30 13:19:47,tablet,6.89,9
11309,236,2023-03-15 04:42:07,tablet,10.27,1
11310,1166,2024-02-01 02:35:04,mobile,0.2,3
11311,313,2024-07-07 17:42:15,tablet,0.36,8
11312,2337,2023-01-04 02:02:47,tablet,5.9,5
11313,637,2024-05-30 16:40:11,tablet,3.97,10
11314,1803,2023-01-06 21:37:08,mobile,10.87,2
11315,2441,2023-10-28 14:35:41,mobile,1.11,3
11316,113,2024-08-22 14:34:09,tablet,5.68,2
11317,1628,2024-07-10 13:58:57,mobile,5.82,3
11318,855,2024-08-17 18:06:24,tablet,11.67,3
11319,1923,2023-01-01 15:40:00,tablet,12.17,5
11320,1248,2023-06-30 11:56:51,mobile,10.23,5
11321,270,2023-12-25 14:07:14,mobile,8.21,4
11322,1796,2023-08-20 03:18:41,desktop,1.09,1
11323,1705,2023-02-06 08:28:45,desktop,3.65,10
11324,1810,2024-03-19 05:49:07,mobile,9.74,11
11325,842,2023-03-20 19:33:57,mobile,8.38,1
11326,2296,2024-11-01 08:19:13,mobile,12.27,9
11327,2240,2024-09-02 03:25:39,mobile,8.87,11
11328,466,2024-07-17 21:46:14,desktop,0.2,9
11329,1802,2023-07-16 14:42:29,tablet,5.33,7
11330,2025,2023-11-25 18:39:57,mobile,11.34,6
11331,705,2024-09-26 12:22:46,tablet,2.22,7
11332,883,2024-12-14 02:55:09,desktop,6.6,4
11333,1488,2023-06-11 19:45:04,tablet,5.69,6
11334,1741,2023-04-08 09:21:39,tablet,4.7,10
11335,1980,2023-10-11 22:56:44,tablet,6.44,4
11336,661,2024-04-20 15:32:35,mobile,1.44,9
11337,59,2024-09-03 09:21:00,tablet,8.33,8
11338,37,2024-09-19 19:04:08,tablet,9.54,6
11339,2289,2024-04-03 04:11:59,desktop,0.84,7
11340,298,2024-05-01 02:19:14,mobile,5.5,3
11341,926,2023-04-22 12:31:43,tablet,0.2,1
11342,777,2023-02-20 06:20:40,tablet,13.62,5
11343,58,2023-05-17 09:32:18,mobile,9.78,5
11344,1977,2023-03-11 17:21:43,desktop,9.99,5
11345,520,2024-11-05 10:40:50,desktop,6.56,2
11346,1918,2023-06-29 12:45:32,desktop,6.02,8
11347,478,2024-09-11 13:50:49,mobile,12.09,4
11348,2348,2024-06-03 16:07:18,mobile,8.69,4
11349,1038,2023-02-28 04:15:44,mobile,5.3,6
11350,610,2024-04-29 03:49:33,mobile,11.0,1
11351,1979,2024-05-08 12:00:00,desktop,9.51,2
11352,36,2023-03-04 11:14:33,tablet,6.07,4
11353,2481,2024-09-17 03:45:11,mobile,2.1,3
11354,494,2023-03-09 15:42:03,tablet,8.89,1
11355,914,2024-02-16 07:00:52,tablet,12.27,13
11356,2006,2024-05-26 18:39:17,tablet,9.63,4
11357,1902,2024-12-30 05:32:19,mobile,6.65,9
11358,107,2024-10-31 03:58:04,desktop,14.8,6
11359,697,2023-05-09 18:56:41,tablet,9.18,6
11360,2005,2024-01-12 20:01:45,desktop,5.68,6
11361,2208,2023-03-22 05:28:26,desktop,0.2,3
11362,2227,2024-08-02 12:30:22,desktop,12.13,4
11363,1141,2024-04-25 17:47:39,mobile,7.29,7
11364,870,2023-08-22 02:50:36,mobile,5.27,6
11365,954,2023-04-03 15:13:45,desktop,7.39,1
11366,1241,2023-07-07 13:02:17,tablet,4.7,1
11367,1657,2024-12-03 23:34:53,desktop,5.2,4
11368,1181,2023-03-28 22:48:26,tablet,4.88,8
11369,2406,2023-09-26 04:35:44,desktop,15.1,1
11370,2302,2024-07-15 04:20:03,desktop,5.9,1
11371,1589,2023-09-22 07:55:58,mobile,2.88,4
11372,715,2023-02-11 04:02:07,tablet,7.31,10
11373,1392,2023-03-06 11:57:44,desktop,7.6,5
11374,841,2023-03-06 22:54:05,desktop,8.99,1
11375,407,2024-10-31 15:53:33,mobile,13.61,7
11376,655,2023-12-17 14:03:24,mobile,3.78,4
11377,1017,2024-12-30 15:54:39,tablet,4.49,4
11378,1472,2023-01-20 06:55:15,tablet,2.98,7
11379,188,2023-11-08 14:03:39,mobile,10.13,8
11380,2164,2024-11-24 09:47:23,desktop,10.68,9
11381,1172,2023-04-05 05:42:18,tablet,7.42,6
11382,595,2024-10-14 17:44:22,desktop,4.31,8
11383,1939,2023-07-07 16:07:02,desktop,8.12,3
11384,971,2024-02-04 11:30:08,mobile,11.24,1
11385,2236,2024-10-05 17:19:20,desktop,8.41,8
11386,776,2024-01-16 01:13:29,desktop,4.55,5
11387,348,2023-01-14 17:32:06,mobile,11.4,4
11388,1121,2024-12-14 04:04:16,mobile,3.53,5
11389,2463,2023-02-24 18:32:08,desktop,0.2,1
11390,374,2023-12-31 04:29:11,tablet,4.39,2
11391,869,2024-10-04 07:51:06,tablet,0.2,2
11392,13,2023-06-05 03:28:23,tablet,9.53,8
11393,1936,2024-06-25 02:11:10,tablet,6.49,5
11394,286,2023-09-14 10:07:09,mobile,8.49,2
11395,2164,2023-09-25 20:36:44,mobile,3.81,3
11396,1888,2024-03-31 10:12:18,tablet,6.23,10
11397,894,2023-09-19 07:17:16,desktop,3.27,1
11398,1056,2023-05-13 23:18:34,tablet,13.82,5
11399,1310,2024-06-04 22:35:04,tablet,9.03,6
11400,1646,2023-02-27 02:53:06,mobile,0.76,6
11401,1058,2024-03-26 22:54:43,desktop,5.21,5
11402,2131,2023-01-29 17:27:14,tablet,2.33,5
11403,1490,2024-10-21 01:31:37,mobile,13.92,8
11404,1452,2023-12-15 23:02:03,desktop,9.27,5
11405,119,2024-03-24 16:09:31,tablet,7.55,1
11406,1535,2024-04-16 00:06:08,tablet,10.04,7
11407,1019,2024-04-26 06:05:09,mobile,8.44,8
11408,1243,2024-08-16 11:56:25,desktop,6.42,12
11409,908,2023-02-12 10:53:33,desktop,9.21,4
11410,1300,2024-03-29 09:08:03,desktop,9.16,5
11411,1348,2023-03-09 21:51:48,mobile,0.2,6
11412,2058,2024-09-27 22:30:51,mobile,2.66,1
11413,2109,2023-03-14 15:30:27,desktop,0.2,4
11414,1640,2024-02-02 09:08:11,desktop,6.11,1
11415,971,2024-06-10 12:18:15,tablet,12.33,9
11416,29,2024-05-19 02:28:17,tablet,1.53,2
11417,1062,2024-10-07 20:08:58,desktop,5.91,3
11418,417,2024-04-03 17:37:26,tablet,3.89,2
11419,1983,2024-01-18 15:18:34,mobile,7.29,11
11420,138,2023-01-16 03:25:13,desktop,3.74,2
11421,1391,2024-02-23 10:50:39,desktop,4.94,1
11422,165,2024-05-27 03:54:21,desktop,5.78,1
11423,2087,2024-01-16 13:06:33,desktop,5.36,6
11424,2115,2023-08-29 13:27:58,tablet,8.88,1
11425,1915,2023-02-05 14:37:37,desktop,9.16,7
11426,1518,2024-11-12 05:39:06,tablet,7.14,8
11427,1701,2023-11-26 11:27:11,tablet,7.6,3
11428,1551,2024-09-29 04:02:46,desktop,1.92,7
11429,934,2024-04-09 05:20:48,desktop,7.66,3
11430,375,2024-02-28 09:51:20,tablet,9.2,7
11431,52,2023-06-27 05:55:38,tablet,4.43,4
11432,2148,2024-03-02 21:59:22,mobile,11.02,4
11433,2155,2023-09-21 17:29:52,desktop,9.36,8
11434,105,2024-12-19 16:41:30,mobile,6.24,5
11435,1500,2023-07-18 23:31:35,tablet,4.86,1
11436,2043,2023-11-02 10:09:26,tablet,4.51,1
11437,2100,2023-04-09 08:08:10,tablet,12.66,2
11438,1223,2023-01-05 03:32:33,tablet,4.91,1
11439,1443,2024-12-28 04:30:42,tablet,9.31,6
11440,2268,2023-04-19 17:15:10,mobile,7.96,2
11441,2258,2023-07-04 09:26:50,desktop,5.5,3
11442,1697,2023-09-27 13:18:43,desktop,3.24,2
11443,1215,2023-09-02 15:09:49,tablet,10.56,1
11444,1306,2024-04-20 09:34:42,tablet,0.74,3
11445,10,2024-05-12 21:46:49,tablet,2.68,11
11446,2485,2023-05-21 02:31:42,desktop,3.27,2
11447,2134,2023-05-16 00:52:12,desktop,7.19,8
11448,2382,2024-05-11 14:17:21,desktop,2.18,4
11449,1050,2023-01-21 15:25:46,desktop,0.2,2
11450,2010,2024-06-22 12:39:59,mobile,5.19,3
11451,1712,2023-10-14 00:12:27,mobile,15.66,4
11452,1199,2024-03-28 19:00:27,tablet,4.46,3
11453,1448,2023-02-09 02:29:07,desktop,5.12,7
11454,640,2024-11-05 14:32:12,desktop,13.0,1
11455,1388,2023-03-08 00:45:59,mobile,6.13,12
11456,871,2023-01-27 14:50:28,mobile,5.29,2
11457,246,2024-01-25 20:44:34,desktop,3.71,1
11458,720,2023-09-26 13:17:05,tablet,4.58,8
11459,1368,2023-07-13 08:26:52,mobile,4.19,2
11460,63,2023-09-05 18:25:53,mobile,0.2,7
11461,938,2023-12-05 20:10:07,mobile,3.27,9
11462,929,2024-06-22 00:11:05,tablet,0.2,4
11463,1010,2024-03-16 16:13:08,mobile,11.35,1
11464,925,2024-07-17 09:39:38,tablet,7.57,2
11465,1259,2023-11-05 03:51:59,tablet,4.07,1
11466,1560,2024-08-22 13:41:00,desktop,5.53,7
11467,2448,2024-12-21 04:00:36,tablet,8.23,8
11468,244,2023-07-18 11:02:37,tablet,5.88,7
11469,1025,2024-12-14 13:46:17,mobile,11.14,6
11470,164,2023-12-13 09:17:48,mobile,6.01,5
11471,1644,2024-03-13 02:02:36,tablet,5.48,4
11472,1241,2023-03-15 15:43:45,mobile,10.99,1
11473,2025,2024-02-09 14:03:48,desktop,7.56,11
11474,1976,2024-04-09 14:53:08,desktop,6.27,6
11475,2323,2023-06-23 20:26:40,desktop,0.2,2
11476,2158,2024-11-01 05:08:09,desktop,6.57,1
11477,1982,2024-04-07 06:40:00,tablet,0.45,1
11478,1209,2024-01-27 19:25:17,tablet,5.81,5
11479,25,2024-11-25 12:35:41,desktop,5.83,8
11480,1937,2023-08-21 07:12:26,tablet,6.93,6
11481,111,2023-12-16 14:57:06,desktop,11.54,3
11482,2162,2023-02-05 00:06:47,mobile,3.1,1
11483,1607,2023-10-12 06:52:24,mobile,10.45,1
11484,732,2024-10-07 11:21:52,mobile,8.27,2
11485,762,2024-07-19 15:20:57,tablet,3.58,1
11486,1899,2024-12-17 01:17:23,mobile,3.72,4
11487,584,2024-04-18 20:53:24,tablet,1.35,8
11488,418,2023-05-29 03:46:44,desktop,1.87,6
11489,742,2023-02-08 00:36:18,mobile,2.4,4
11490,1674,2023-11-05 23:39:20,desktop,8.79,5
11491,953,2023-03-27 20:45:59,mobile,5.76,1
11492,672,2024-04-22 04:00:04,tablet,1.48,4
11493,487,2024-04-19 21:12:38,mobile,15.38,6
11494,1839,2023-12-13 13:40:54,tablet,6.09,7
11495,861,2023-12-03 11:29:38,desktop,3.04,3
11496,534,2024-09-07 04:39:04,desktop,6.52,5
11497,1028,2024-09-19 09:57:36,mobile,3.74,1
11498,1995,2024-01-09 10:15:43,desktop,9.32,7
11499,129,2024-03-30 04:59:30,mobile,1.36,7
11500,2267,2024-12-18 16:53:49,tablet,4.88,4
11501,953,2023-08-28 20:03:22,tablet,1.65,6
11502,1995,2024-11-21 06:07:39,desktop,8.5,7
11503,30,2024-01-15 06:46:24,tablet,4.32,8
11504,448,2023-10-20 16:57:34,desktop,1.71,6
11505,2123,2023-06-06 23:48:56,tablet,9.36,1
11506,2070,2023-11-24 15:27:38,desktop,7.03,1
11507,327,2023-04-23 14:14:13,tablet,12.76,5
11508,498,2024-10-14 09:06:49,tablet,6.35,6
11509,884,2023-01-16 05:06:02,desktop,16.14,9
11510,1033,2023-12-15 10:18:14,desktop,10.34,6
11511,861,2024-03-25 09:11:07,tablet,2.19,2
11512,771,2023-09-13 17:30:50,mobile,4.32,3
11513,524,2024-03-07 10:14:03,tablet,2.28,10
11514,1289,2023-07-26 07:03:58,desktop,16.88,5
11515,2372,2024-05-11 15:49:13,desktop,1.84,7
11516,2089,2023-10-29 13:05:14,mobile,0.2,8
11517,1495,2024-08-13 07:41:51,desktop,11.53,1
11518,1911,2024-10-19 23:58:00,tablet,0.2,2
11519,681,2023-10-07 23:26:42,tablet,8.47,4
11520,2491,2024-06-06 18:51:43,mobile,0.72,3
11521,958,2024-10-19 15:17:45,desktop,9.73,7
11522,2402,2023-11-23 16:10:50,desktop,9.46,4
11523,619,2024-02-24 12:26:45,tablet,9.82,8
11524,1748,2024-10-06 10:23:48,tablet,8.9,5
11525,683,2024-03-10 02:34:57,tablet,6.33,2
11526,97,2023-02-17 19:04:57,mobile,9.55,5
11527,2349,2023-08-24 20:26:35,desktop,6.03,3
11528,1602,2024-09-04 15:17:31,mobile,9.89,5
11529,1660,2024-07-18 23:25:48,tablet,5.0,1
11530,372,2023-12-07 05:02:37,mobile,8.49,3
11531,1417,2024-12-18 07:44:15,mobile,0.2,6
11532,706,2023-02-08 07:54:23,mobile,5.68,3
11533,260,2023-11-21 15:13:56,mobile,10.66,4
11534,1782,2023-06-21 10:40:39,mobile,7.4,7
11535,1234,2023-07-17 21:16:37,desktop,4.04,6
11536,673,2024-03-04 18:08:26,mobile,13.28,1
11537,1365,2024-12-09 20:32:29,mobile,4.75,9
11538,334,2024-06-13 16:15:11,tablet,7.41,6
11539,978,2024-09-22 15:17:49,desktop,5.73,4
11540,2171,2023-05-05 18:42:52,tablet,1.92,7
11541,2284,2023-03-05 07:08:48,desktop,0.2,8
11542,2211,2023-11-11 02:20:25,tablet,9.62,3
11543,40,2024-05-21 19:17:03,tablet,6.51,7
11544,1249,2023-12-17 03:30:27,tablet,10.63,4
11545,1831,2023-03-25 11:04:06,desktop,5.67,3
11546,2281,2024-02-11 21:30:43,tablet,6.15,4
11547,1404,2024-08-14 02:49:58,mobile,6.06,11
11548,1217,2023-12-16 10:54:54,mobile,0.2,7
11549,288,2024-06-15 05:32:35,tablet,9.13,3
11550,601,2024-11-07 22:37:14,tablet,2.65,8
11551,1038,2024-11-26 13:29:53,desktop,6.91,1
11552,684,2024-04-01 09:31:41,mobile,6.64,9
11553,2030,2024-08-19 06:27:54,mobile,0.2,8
11554,2456,2023-09-22 03:47:22,tablet,6.46,5
11555,1177,2023-02-04 18:32:54,tablet,5.09,6
11556,1529,2024-05-24 05:08:40,tablet,7.04,3
11557,1757,2023-12-13 12:20:19,tablet,5.86,8
11558,145,2023-10-11 23:10:03,tablet,6.53,3
11559,1035,2024-02-22 17:08:50,desktop,5.14,7
11560,2129,2023-05-30 23:50:29,tablet,11.44,5
11561,1363,2023-03-11 08:29:34,mobile,9.7,5
11562,2199,2023-02-15 09:30:25,mobile,0.2,3
11563,1021,2024-12-02 04:35:06,mobile,2.55,9
11564,719,2024-05-16 02:38:40,tablet,11.57,5
11565,1488,2024-03-30 11:39:13,tablet,9.3,3
11566,885,2023-09-13 01:50:16,desktop,5.9,4
11567,2255,2023-03-26 15:32:22,desktop,4.85,5
11568,805,2023-05-29 17:27:47,desktop,6.71,7
11569,1665,2023-04-12 21:32:15,tablet,3.89,4
11570,31,2023-02-19 23:48:04,tablet,9.21,8
11571,1442,2023-06-20 04:56:52,tablet,3.45,10
11572,554,2023-11-05 16:47:00,tablet,10.48,6
11573,1141,2023-03-08 05:40:03,tablet,0.2,1
11574,2154,2024-04-22 11:55:24,tablet,1.03,2
11575,1618,2023-02-27 22:28:58,tablet,2.05,5
11576,2346,2023-07-15 00:29:10,tablet,0.91,2
11577,1187,2023-03-04 12:04:01,tablet,7.54,5
11578,2089,2023-05-26 11:02:13,tablet,2.74,3
11579,1215,2023-10-21 07:09:18,mobile,2.71,5
11580,27,2023-10-17 20:21:25,desktop,6.96,9
11581,1100,2023-10-05 14:13:37,desktop,7.77,8
11582,172,2024-11-21 21:23:15,mobile,3.88,1
11583,1381,2024-01-28 08:10:21,tablet,5.36,1
11584,716,2023-05-19 12:51:51,tablet,3.13,3
11585,883,2023-02-11 07:37:09,mobile,12.05,5
11586,189,2023-01-02 11:40:52,desktop,1.25,5
11587,1878,2024-06-24 13:42:32,tablet,5.19,2
11588,2145,2023-08-04 23:20:25,desktop,7.55,2
11589,1058,2024-05-03 01:14:44,desktop,9.18,7
11590,1368,2024-02-19 03:08:56,desktop,9.67,6
11591,567,2023-02-18 23:21:20,tablet,0.2,5
11592,478,2023-09-10 09:47:14,desktop,7.97,3
11593,495,2023-07-28 21:38:43,tablet,2.18,2
11594,2133,2023-02-05 00:45:36,desktop,4.45,2
11595,387,2023-03-04 22:16:33,tablet,9.26,6
11596,264,2023-11-24 20:12:36,mobile,7.32,5
11597,1063,2023-07-03 16:36:39,tablet,10.56,9
11598,395,2023-12-06 14:33:37,mobile,2.57,7
11599,1263,2024-07-14 04:17:11,mobile,1.17,3
11600,2497,2024-05-23 12:25:47,desktop,7.61,6
11601,909,2024-08-02 02:26:00,tablet,10.91,7
11602,2194,2024-02-20 08:17:59,desktop,7.44,1
11603,35,2023-11-24 03:15:31,mobile,6.64,6
11604,665,2023-10-19 14:47:39,desktop,5.72,1
11605,1148,2023-12-08 09:13:31,desktop,4.14,8
11606,941,2024-08-15 09:07:07,tablet,9.66,2
11607,905,2024-01-26 05:20:40,mobile,6.57,3
11608,4,2023-01-12 04:00:34,mobile,1.64,6
11609,234,2023-09-21 17:22:26,mobile,5.66,1
11610,2263,2024-05-14 07:47:21,tablet,2.05,5
11611,87,2024-10-21 18:47:19,tablet,9.16,7
11612,1967,2023-12-23 14:38:44,desktop,3.12,6
11613,1576,2023-10-14 15:21:39,tablet,12.05,5
11614,773,2023-08-12 19:53:28,tablet,7.66,5
11615,1241,2024-03-19 13:46:10,desktop,7.69,6
11616,1116,2024-05-24 20:18:06,mobile,7.33,7
11617,756,2023-08-19 16:11:43,tablet,2.66,6
11618,2300,2024-05-17 09:30:40,mobile,2.05,1
11619,2445,2024-09-29 03:29:49,desktop,13.54,2
11620,116,2024-03-25 06:53:31,desktop,8.25,2
11621,1464,2024-10-28 17:05:49,desktop,0.25,3
11622,1646,2024-07-19 11:11:18,tablet,5.85,1
11623,1807,2024-12-13 17:47:20,desktop,3.81,9
11624,2053,2024-06-11 21:34:21,mobile,6.13,10
11625,784,2024-06-16 12:53:39,desktop,2.9,4
11626,1590,2024-10-18 10:06:26,mobile,9.99,2
11627,169,2023-04-29 10:07:40,mobile,9.27,10
11628,842,2024-05-22 03:54:19,mobile,11.5,2
11629,1924,2023-04-17 09:31:11,tablet,8.91,7
11630,959,2023-02-16 17:52:16,tablet,3.16,2
11631,2108,2024-09-14 15:37:49,mobile,2.65,1
11632,474,2024-02-22 10:58:30,desktop,4.44,1
11633,2251,2023-12-12 12:29:46,mobile,2.58,6
11634,2289,2023-08-24 23:00:06,mobile,8.26,6
11635,943,2023-04-04 13:17:53,desktop,7.2,10
11636,1849,2024-12-04 13:33:19,desktop,5.82,7
11637,80,2024-01-09 09:40:25,mobile,7.74,4
11638,263,2023-06-02 18:03:34,mobile,4.46,4
11639,141,2024-01-21 23:29:23,desktop,9.01,1
11640,463,2023-10-26 23:12:14,mobile,12.22,6
11641,1343,2023-12-09 15:52:04,desktop,0.2,8
11642,941,2023-06-24 10:23:52,mobile,5.57,7
11643,713,2024-10-12 03:22:54,tablet,4.98,1
11644,928,2023-02-20 14:05:11,desktop,2.76,8
11645,1037,2024-10-08 14:14:02,mobile,3.38,1
11646,1553,2024-05-12 02:01:12,tablet,10.24,1
11647,1214,2023-05-14 08:06:37,mobile,0.64,8
11648,529,2023-04-24 00:02:55,mobile,1.82,1
11649,1684,2024-10-09 15:50:23,desktop,7.68,4
11650,530,2024-05-05 02:40:07,tablet,1.09,5
11651,2447,2024-01-10 08:31:47,mobile,7.86,6
11652,375,2023-08-26 08:14:28,tablet,10.47,6
11653,1579,2023-08-06 04:06:17,desktop,11.14,1
11654,832,2023-12-07 15:32:49,desktop,8.64,4
11655,1631,2023-03-29 07:35:04,tablet,0.37,3
11656,1566,2023-04-11 16:57:24,tablet,6.09,5
11657,1835,2024-07-31 06:54:56,mobile,9.24,1
11658,1155,2024-06-17 09:44:29,desktop,7.83,4
11659,2057,2023-04-16 12:42:01,mobile,6.13,7
11660,897,2023-04-10 09:54:23,desktop,10.49,7
11661,2245,2023-02-11 15:07:08,desktop,2.34,2
11662,105,2023-04-23 04:07:12,desktop,11.98,9
11663,1183,2023-12-28 20:00:00,mobile,0.2,6
11664,404,2024-08-22 08:23:46,tablet,6.51,5
11665,1539,2024-12-21 00:34:28,tablet,5.88,9
11666,2256,2024-11-18 06:20:11,tablet,2.25,1
11667,1729,2024-02-16 03:23:43,tablet,8.78,1
11668,700,2023-12-01 13:24:20,desktop,4.35,2
11669,2489,2023-07-27 00:55:11,mobile,6.58,5
11670,1038,2024-12-20 03:03:03,mobile,0.2,8
11671,951,2024-11-20 12:30:17,tablet,8.66,9
11672,1184,2023-07-12 06:28:00,tablet,8.85,2
11673,1821,2023-05-04 08:39:53,desktop,7.76,8
11674,2199,2023-09-23 04:14:36,mobile,1.52,1
11675,2473,2024-01-09 01:30:28,tablet,10.74,2
11676,2493,2024-05-23 16:05:45,tablet,8.56,3
11677,676,2023-10-12 12:51:39,tablet,5.21,2
11678,2215,2023-05-19 05:08:18,desktop,2.85,4
11679,507,2024-04-22 06:22:30,tablet,6.66,6
11680,2404,2023-07-09 02:59:30,tablet,8.78,12
11681,678,2024-01-29 18:55:25,tablet,0.2,7
11682,586,2023-12-14 11:55:26,tablet,9.26,7
11683,1932,2023-02-09 20:29:05,desktop,4.0,1
11684,984,2024-02-24 10:47:43,tablet,10.12,2
11685,811,2024-11-02 20:12:34,tablet,7.88,10
11686,1962,2024-03-27 16:33:42,mobile,4.47,7
11687,1869,2023-12-27 20:39:06,tablet,8.23,6
11688,2125,2023-07-28 13:19:18,mobile,3.85,5
11689,2495,2023-07-04 05:47:30,desktop,8.54,6
11690,1575,2024-06-30 07:14:46,tablet,7.99,2
11691,1965,2023-10-04 00:17:58,mobile,6.91,11
11692,2267,2024-04-29 05:01:52,mobile,3.18,8
11693,848,2024-01-23 11:55:46,tablet,5.94,13
11694,1179,2023-04-01 08:18:22,desktop,8.52,4
11695,141,2024-10-22 04:01:29,mobile,9.01,5
11696,2408,2023-01-27 03:45:05,desktop,8.17,4
11697,527,2024-08-13 05:09:35,tablet,2.78,1
11698,2232,2023-11-14 01:14:30,tablet,5.5,7
11699,2165,2024-01-12 18:49:38,mobile,4.07,14
11700,1696,2023-12-01 00:31:54,desktop,6.28,1
11701,1606,2024-06-11 11:22:02,mobile,2.03,4
11702,559,2024-11-18 03:07:51,tablet,6.86,5
11703,2246,2023-03-22 05:11:38,desktop,0.2,5
11704,973,2023-12-17 16:03:40,tablet,11.06,3
11705,835,2024-08-28 02:47:53,mobile,11.75,3
11706,641,2024-08-06 00:53:24,mobile,9.88,8
11707,1894,2024-10-20 15:15:26,desktop,5.64,1
11708,2356,2023-01-06 19:40:20,mobile,0.2,1
11709,1177,2023-06-06 12:07:54,desktop,10.45,3
11710,1496,2023-05-18 18:11:33,mobile,14.27,1
11711,62,2023-02-17 07:05:13,mobile,6.05,10
11712,1715,2024-06-11 00:22:43,mobile,4.52,5
11713,1520,2024-01-24 14:17:25,desktop,8.54,2
11714,374,2024-02-29 18:10:18,tablet,5.33,3
11715,1067,2023-12-25 15:39:31,desktop,7.77,8
11716,764,2023-08-15 23:12:37,desktop,6.29,3
11717,1072,2024-10-04 06:32:35,mobile,0.67,3
11718,430,2024-09-08 06:18:26,desktop,7.97,9
11719,2031,2024-10-12 04:34:54,mobile,7.54,3
11720,1119,2024-07-13 17:38:44,mobile,3.34,5
11721,560,2024-12-24 10:12:44,mobile,9.63,8
11722,1225,2024-08-29 15:48:43,mobile,7.38,1
11723,571,2024-10-29 08:38:37,tablet,7.87,7
11724,1854,2024-05-03 02:12:27,mobile,7.51,2
11725,2157,2024-03-05 03:36:41,tablet,4.89,5
11726,2163,2023-10-13 13:40:10,mobile,6.07,3
11727,562,2023-06-13 03:55:04,desktop,6.37,7
11728,1112,2024-03-24 09:19:20,mobile,4.3,5
11729,2365,2023-07-22 01:01:21,mobile,9.56,3
11730,2465,2023-05-20 18:25:21,mobile,7.32,6
11731,415,2023-12-17 20:02:44,tablet,3.7,9
11732,1576,2024-05-13 03:56:51,tablet,7.31,7
11733,2367,2024-08-22 10:03:13,desktop,7.77,5
11734,1034,2024-03-11 05:47:14,mobile,11.97,5
11735,691,2024-10-20 11:31:04,mobile,6.11,7
11736,1851,2023-04-15 21:01:30,desktop,4.99,1
11737,261,2024-03-27 13:42:06,mobile,4.7,3
11738,1191,2023-08-30 11:19:29,tablet,5.85,1
11739,1994,2024-09-25 15:27:55,desktop,10.73,3
11740,2115,2023-01-19 21:24:26,desktop,7.94,6
11741,1743,2023-01-10 07:42:40,tablet,5.84,4
11742,1894,2024-03-22 11:44:02,mobile,3.87,5
11743,306,2024-04-28 04:06:44,tablet,0.67,12
11744,1405,2023-05-27 15:16:42,mobile,4.54,8
11745,2372,2024-04-15 09:05:12,tablet,2.47,12
11746,1744,2023-06-11 10:31:00,tablet,8.35,4
11747,611,2024-11-29 11:36:50,desktop,2.51,3
11748,2456,2023-12-28 12:54:27,tablet,3.13,4
11749,4,2023-12-03 21:00:03,desktop,6.16,1
11750,2126,2023-12-19 20:08:19,tablet,5.19,9
11751,713,2023-01-20 23:46:45,mobile,3.79,8
11752,1203,2024-03-07 20:43:13,tablet,1.98,11
11753,852,2023-01-16 07:18:34,desktop,15.02,5
11754,2205,2023-02-14 18:14:41,desktop,9.42,10
11755,974,2024-08-17 07:34:12,tablet,0.54,3
11756,2254,2023-03-18 07:07:33,mobile,11.77,1
11757,61,2023-11-23 12:35:24,desktop,9.72,4
11758,1162,2024-01-25 14:58:59,tablet,0.2,7
11759,2438,2024-11-24 06:43:17,tablet,9.92,2
11760,211,2024-09-25 16:59:59,tablet,0.2,5
11761,933,2023-12-11 03:00:36,desktop,0.2,6
11762,1942,2023-07-28 03:51:18,desktop,3.0,7
11763,1803,2023-01-11 22:58:18,desktop,4.97,8
11764,36,2023-06-10 07:48:35,mobile,1.98,2
11765,125,2023-01-04 10:06:33,desktop,7.05,4
11766,1095,2023-01-05 09:15:37,mobile,0.2,3
11767,1604,2023-02-06 18:56:00,tablet,5.91,1
11768,745,2023-07-10 20:29:32,tablet,5.35,4
11769,1419,2023-08-17 22:55:58,mobile,8.51,7
11770,856,2023-09-30 00:41:44,mobile,0.74,8
11771,460,2023-06-28 22:32:37,mobile,0.2,5
11772,1100,2023-06-18 10:39:12,desktop,11.8,7
11773,195,2024-10-28 06:22:28,desktop,3.39,9
11774,664,2024-02-17 10:08:02,desktop,6.72,6
11775,122,2024-03-01 12:19:26,desktop,10.54,6
11776,1339,2024-09-20 15:28:01,mobile,3.78,4
11777,1975,2024-07-08 13:56:44,desktop,5.67,7
11778,2024,2023-11-28 22:27:27,mobile,12.06,3
11779,1004,2023-05-22 14:00:59,tablet,3.51,3
11780,2467,2023-10-14 13:04:10,desktop,3.51,1
11781,337,2023-02-09 05:19:27,mobile,3.21,6
11782,1536,2024-01-26 00:50:59,tablet,5.1,5
11783,1038,2024-02-21 10:45:41,desktop,10.76,4
11784,1247,2024-12-16 23:51:52,tablet,5.99,1
11785,898,2023-11-09 22:55:27,desktop,6.04,5
11786,219,2024-12-06 15:40:26,tablet,15.03,5
11787,885,2024-06-10 04:30:42,desktop,5.63,1
11788,1385,2024-05-05 00:11:23,tablet,6.58,4
11789,234,2024-01-26 09:09:28,desktop,4.81,3
11790,2250,2023-08-15 08:56:57,tablet,0.2,3
11791,2087,2023-05-02 20:07:46,desktop,2.65,1
11792,620,2023-11-20 18:05:05,desktop,9.52,6
11793,2155,2023-01-06 07:41:07,tablet,4.41,4
11794,901,2024-08-10 04:43:53,tablet,7.56,7
11795,846,2024-09-01 10:46:33,mobile,5.05,5
11796,1856,2023-02-16 13:07:30,mobile,6.43,3
11797,1870,2024-03-23 21:21:30,tablet,7.95,1
11798,1277,2024-01-15 06:16:58,mobile,0.2,4
11799,1428,2024-12-21 10:56:50,desktop,3.43,5
11800,1740,2024-01-19 16:46:53,tablet,1.49,1
11801,2304,2024-10-10 20:18:31,desktop,5.9,5
11802,952,2023-05-09 02:32:00,tablet,0.2,6
11803,866,2023-11-21 11:51:43,tablet,1.57,5
11804,2432,2024-12-01 00:35:44,mobile,13.55,8
11805,2122,2024-04-17 03:15:39,tablet,11.35,5
11806,2165,2024-06-13 08:08:22,desktop,0.2,2
11807,606,2024-03-21 15:42:53,desktop,9.45,8
11808,424,2024-02-04 19:49:43,desktop,2.4,6
11809,723,2023-09-07 21:29:49,tablet,11.22,3
11810,670,2023-09-14 07:17:09,mobile,7.58,5
11811,92,2023-11-06 03:51:34,mobile,7.34,5
11812,112,2023-12-17 12:51:49,desktop,2.53,6
11813,1584,2024-01-03 01:35:49,mobile,4.13,1
11814,296,2024-10-01 18:33:11,tablet,3.68,10
11815,1229,2023-07-15 03:01:54,desktop,6.47,5
11816,1523,2024-07-17 06:52:26,tablet,5.97,4
11817,251,2023-10-23 05:08:08,tablet,6.07,11
11818,1665,2024-08-13 21:40:15,mobile,3.9,2
11819,1637,2023-12-10 16:50:53,desktop,14.33,9
11820,1210,2024-09-14 11:41:38,mobile,3.91,5
11821,943,2024-01-16 02:21:43,desktop,0.68,11
11822,1223,2024-03-06 20:06:12,mobile,1.22,10
11823,1663,2024-12-30 13:50:32,mobile,8.65,3
11824,300,2024-10-04 02:08:29,tablet,1.46,1
11825,1101,2024-02-12 07:17:09,mobile,0.2,5
11826,230,2024-10-01 14:31:00,mobile,4.58,8
11827,2210,2023-03-21 20:00:45,mobile,0.2,7
11828,887,2024-03-12 12:47:08,mobile,5.2,8
11829,1900,2024-09-17 21:08:24,desktop,2.92,4
11830,2178,2024-10-04 03:31:32,desktop,1.85,3
11831,2316,2023-08-30 07:19:32,desktop,7.08,4
11832,995,2023-12-05 06:34:42,desktop,7.86,1
11833,217,2023-01-13 02:25:16,desktop,4.51,5
11834,262,2023-12-08 05:00:15,tablet,4.89,6
11835,1833,2023-11-16 10:21:06,tablet,4.67,8
11836,841,2023-11-06 11:07:43,desktop,3.79,3
11837,437,2024-10-02 19:16:56,mobile,4.63,6
11838,1481,2023-11-08 15:56:54,mobile,8.02,5
11839,1047,2024-07-06 22:50:41,mobile,2.6,1
11840,159,2024-05-15 06:21:28,tablet,10.29,5
11841,1018,2024-01-23 12:55:15,tablet,5.52,4
11842,642,2024-09-17 19:27:16,mobile,3.15,8
11843,1120,2024-02-17 17:37:42,desktop,8.49,4
11844,2368,2023-01-22 16:56:18,mobile,5.53,3
11845,323,2024-02-12 16:23:57,desktop,8.01,1
11846,825,2023-09-23 15:52:39,mobile,5.15,4
11847,2214,2023-04-03 20:32:32,desktop,2.96,2
11848,705,2024-01-08 08:32:28,mobile,4.82,5
11849,1758,2023-08-18 13:24:31,mobile,0.25,2
11850,2366,2023-07-16 22:51:37,tablet,11.05,1
11851,1376,2023-11-16 19:45:45,desktop,9.13,1
11852,113,2023-01-26 11:12:31,tablet,4.65,3
11853,1848,2023-01-16 10:47:44,desktop,4.53,9
11854,2395,2023-12-08 10:03:48,desktop,4.27,7
11855,850,2023-01-07 05:14:13,tablet,7.26,3
11856,2276,2024-09-30 09:20:10,desktop,5.35,1
11857,2474,2024-01-01 21:05:55,tablet,5.73,13
11858,1633,2024-12-31 23:15:05,mobile,11.04,8
11859,1253,2023-09-10 11:49:18,tablet,12.18,5
11860,949,2023-06-15 23:32:10,tablet,7.65,1
11861,2358,2024-11-09 19:08:34,desktop,5.86,5
11862,1078,2023-06-07 14:21:50,tablet,2.73,1
11863,1178,2023-05-22 08:48:32,tablet,8.71,2
11864,1571,2024-07-11 22:53:50,desktop,2.85,3
11865,2337,2023-01-09 21:07:16,tablet,5.52,6
11866,1574,2023-09-07 08:21:49,tablet,5.27,10
11867,1153,2023-03-12 07:57:25,desktop,0.21,3
11868,2214,2023-11-20 07:27:59,desktop,2.14,3
11869,396,2023-05-24 08:43:48,tablet,10.28,7
11870,669,2024-02-18 14:38:32,mobile,4.29,10
11871,2128,2024-10-29 17:00:48,mobile,0.94,10
11872,2354,2024-12-16 07:54:25,mobile,7.34,5
11873,376,2023-11-18 17:40:44,desktop,5.84,1
11874,1304,2024-01-14 07:25:59,mobile,10.48,2
11875,2234,2023-03-31 00:55:16,mobile,2.21,4
11876,230,2023-09-01 17:07:52,tablet,0.55,1
11877,1981,2023-12-07 22:34:36,tablet,6.47,5
11878,60,2024-03-12 11:07:15,desktop,4.67,5
11879,2344,2024-09-23 22:17:38,mobile,0.2,1
11880,2030,2024-11-20 16:25:36,mobile,2.27,1
11881,1726,2024-07-15 17:50:42,desktop,8.01,1
11882,2300,2023-03-15 04:52:05,desktop,2.11,2
11883,129,2024-11-16 08:25:28,desktop,3.65,2
11884,2241,2023-05-26 22:44:04,mobile,8.36,4
11885,1481,2024-07-03 15:53:43,tablet,3.08,5
11886,890,2024-09-06 09:44:17,mobile,3.98,3
11887,813,2024-03-23 05:23:33,tablet,15.68,9
11888,103,2024-11-06 21:14:01,tablet,11.61,7
11889,1590,2023-10-30 21:39:55,mobile,4.78,8
11890,1831,2023-09-10 05:42:12,desktop,5.47,5
11891,750,2024-03-18 20:00:02,tablet,5.31,4
11892,1643,2023-09-24 11:34:03,tablet,12.18,6
11893,1654,2023-06-27 22:50:56,mobile,0.2,1
11894,659,2024-05-17 03:43:21,mobile,10.23,4
11895,2199,2024-05-31 14:56:13,tablet,7.72,6
11896,2411,2024-12-30 15:43:02,mobile,0.2,5
11897,1820,2024-06-18 12:43:33,mobile,4.94,3
11898,109,2023-08-24 20:22:52,tablet,8.69,6
11899,655,2024-03-24 22:46:44,tablet,9.0,1
11900,1772,2023-04-28 03:24:15,mobile,11.03,1
11901,1673,2023-09-22 07:49:12,desktop,7.9,4
11902,1217,2024-12-09 13:35:12,mobile,4.79,1
11903,174,2024-07-18 23:23:46,tablet,11.62,15
11904,1835,2024-05-20 23:47:46,desktop,10.64,3
11905,1410,2023-11-08 03:23:15,desktop,6.59,6
11906,1616,2024-05-25 09:30:23,desktop,4.22,6
11907,2089,2024-01-18 00:01:36,tablet,0.2,8
11908,563,2024-06-05 10:05:34,desktop,5.57,8
11909,2272,2023-07-14 18:49:49,tablet,5.69,10
11910,1779,2024-06-24 21:49:02,mobile,6.87,6
11911,626,2023-05-03 09:51:43,desktop,4.5,9
11912,1717,2023-01-08 14:44:33,desktop,3.6,1
11913,1047,2024-03-24 13:37:20,desktop,5.26,11
11914,2310,2024-08-10 11:38:07,tablet,5.34,1
11915,1447,2023-09-29 15:02:48,desktop,8.59,2
11916,1152,2024-04-05 17:36:15,mobile,6.71,8
11917,2406,2023-10-14 15:36:26,desktop,4.26,6
11918,1994,2023-04-22 09:18:24,desktop,12.54,9
11919,997,2024-03-28 09:08:46,desktop,2.77,6
11920,1730,2024-07-17 06:55:22,tablet,2.94,6
11921,122,2023-10-04 20:54:15,mobile,2.71,10
11922,60,2024-06-09 10:31:26,tablet,0.2,5
11923,1170,2023-11-19 09:48:55,tablet,7.02,11
11924,1075,2023-10-12 01:50:26,mobile,12.94,4
11925,987,2023-12-02 03:21:08,tablet,8.41,6
11926,1642,2024-11-23 11:26:40,mobile,6.23,5
11927,1754,2024-04-24 01:30:33,tablet,0.2,7
11928,1388,2023-12-28 02:24:54,tablet,7.91,9
11929,776,2023-02-09 09:34:42,tablet,3.05,1
11930,836,2024-06-28 02:16:38,mobile,4.88,2
11931,2180,2024-03-17 11:17:40,mobile,8.51,6
11932,1246,2023-01-26 22:44:04,tablet,6.84,7
11933,1829,2023-04-10 13:38:54,tablet,3.64,5
11934,2172,2023-02-19 15:31:37,desktop,0.96,5
11935,1530,2023-08-23 03:58:25,mobile,5.92,7
11936,1001,2024-04-27 23:04:03,tablet,9.38,7
11937,1193,2023-12-26 10:44:15,tablet,5.85,2
11938,1349,2024-03-26 14:53:02,tablet,9.71,8
11939,2021,2023-05-11 16:22:35,mobile,3.19,5
11940,2234,2024-04-21 04:38:42,tablet,3.28,2
11941,2491,2024-03-10 23:14:10,mobile,9.03,4
11942,2463,2023-03-10 08:26:30,tablet,8.24,4
11943,383,2023-05-01 22:49:16,desktop,1.67,6
11944,2407,2024-03-11 04:51:14,mobile,0.2,4
11945,1413,2024-12-13 16:20:06,tablet,7.8,9
11946,1299,2023-04-03 21:54:46,tablet,0.2,8
11947,943,2023-07-25 04:07:10,mobile,1.95,10
11948,2206,2023-09-13 15:59:22,mobile,3.63,6
11949,291,2024-02-15 08:08:19,tablet,5.3,2
11950,1483,2024-02-13 17:06:33,tablet,3.32,7
11951,701,2023-12-26 05:39:45,mobile,6.23,4
11952,848,2024-01-29 03:02:51,tablet,11.08,2
11953,1365,2023-01-17 05:29:11,desktop,7.21,8
11954,482,2023-05-10 16:03:23,mobile,1.97,5
11955,1663,2024-04-25 01:27:46,mobile,7.48,1
11956,104,2024-12-24 22:27:17,desktop,12.23,7
11957,1496,2024-11-28 10:07:01,desktop,2.2,3
11958,137,2023-09-08 11:19:52,mobile,6.82,4
11959,1256,2023-04-05 04:55:42,mobile,11.42,3
11960,1648,2024-03-03 18:40:54,desktop,10.04,9
11961,2198,2023-01-20 00:16:50,tablet,0.2,5
11962,1672,2024-01-10 08:47:04,tablet,12.11,8
11963,1940,2024-06-06 17:07:13,desktop,6.94,1
11964,129,2023-12-17 02:12:11,desktop,6.21,6
11965,2271,2024-01-16 13:30:13,desktop,3.84,3
11966,851,2023-12-07 02:13:41,tablet,7.45,4
11967,196,2023-07-07 12:09:47,desktop,4.19,7
11968,644,2023-10-02 10:15:02,mobile,0.2,1
11969,11,2023-08-31 18:07:32,tablet,0.2,1
11970,140,2023-09-21 09:32:20,mobile,7.09,5
11971,141,2024-05-18 01:52:37,mobile,8.88,4
11972,1393,2024-10-21 05:06:41,mobile,2.95,2
11973,1622,2024-11-15 06:40:38,desktop,13.23,11
11974,1149,2023-08-04 13:47:35,tablet,13.37,4
11975,2191,2024-10-11 00:00:31,tablet,0.2,1
11976,1543,2024-11-23 08:03:32,tablet,4.07,1
11977,875,2023-06-26 02:31:55,mobile,0.2,7
11978,1992,2023-03-18 20:02:20,mobile,7.91,10
11979,253,2023-12-05 18:24:21,tablet,9.53,7
11980,861,2023-03-15 20:12:24,mobile,6.24,1
11981,1869,2024-10-05 02:04:45,tablet,4.4,4
11982,2381,2023-04-05 07:52:24,tablet,9.96,1
11983,51,2023-02-16 18:24:37,tablet,3.47,4
11984,1837,2024-01-14 05:43:25,mobile,5.07,1
11985,1824,2023-01-21 01:06:52,tablet,0.2,11
11986,1290,2023-07-15 08:30:03,tablet,12.16,4
11987,930,2023-10-14 18:14:42,mobile,8.82,10
11988,1472,2024-11-04 11:19:28,mobile,11.79,2
11989,2444,2024-12-19 05:54:13,tablet,3.78,8
11990,1459,2024-03-02 11:45:55,tablet,9.93,4
11991,1881,2023-05-09 04:16:54,desktop,1.31,1
11992,536,2023-05-30 13:36:08,tablet,4.49,7
11993,1170,2024-04-04 23:04:35,tablet,5.23,2
11994,2332,2024-04-09 04:19:28,mobile,3.23,3
11995,1337,2023-10-13 15:37:17,mobile,8.53,9
11996,552,2024-07-12 21:06:39,tablet,4.93,2
11997,1226,2023-05-13 03:29:17,mobile,7.17,9
11998,1244,2024-08-02 15:34:32,tablet,6.04,5
11999,1595,2023-10-12 08:05:37,tablet,3.52,7
12000,253,2024-02-21 05:57:51,desktop,7.42,1
