customer_id,last_order_date,frequency,monetary,recency,R,F,M,rfm_score,rfm_segment
1,2023-12-25 12:20:29,2,1731.762,373,2,2,3,7,Hibernating
2,2024-10-13 01:01:30,2,2567.687,80,4,2,3,9,Potential
3,2024-03-27 23:25:51,6,12657.7395,280,3,5,5,13,Potential
5,2024-10-20 20:46:44,1,2723.514,73,4,1,4,9,Potential
7,2024-07-31 14:10:23,1,1670.3825000000002,154,4,1,3,8,Potential
8,2024-03-27 19:06:56,2,1667.8355000000001,280,3,2,3,8,Potential
9,2024-10-04 22:02:13,1,858.971,89,4,1,1,6,Potential
10,2024-10-13 18:36:41,1,1099.7295,80,4,1,2,7,Potential
11,2024-08-22 16:15:21,2,659.466,132,4,2,1,7,Potential
12,2023-12-13 09:47:21,3,3413.9665,385,2,4,4,10,At Risk
13,2024-08-04 02:41:49,2,2800.4345,150,4,2,4,10,Potential
14,2023-05-26 14:21:33,1,2730.2599999999998,586,1,1,4,6,Hibernating
15,2024-10-24 14:59:42,4,4439.5185,69,5,5,5,15,Champions
16,2023-12-13 08:01:13,1,406.85249999999996,385,2,1,1,4,Hibernating
17,2023-03-11 19:02:54,2,4663.4304999999995,662,1,2,5,8,Hibernating
18,2024-09-01 17:11:50,5,7106.353,122,4,5,5,14,Champions
19,2023-11-26 16:43:52,2,424.56399999999996,402,2,2,1,5,Hibernating
20,2024-12-30 19:18:13,2,2447.23,2,5,2,3,10,Potential
23,2024-07-12 06:28:09,2,922.8889999999999,173,3,2,2,7,Potential
24,2024-12-26 15:06:31,1,182.25,6,5,1,1,7,Potential
25,2024-11-28 04:27:29,2,3351.4269999999997,34,5,2,4,11,Potential
26,2023-11-27 12:33:25,2,2098.002,401,2,2,3,7,Hibernating
29,2023-11-11 05:54:07,3,36670.4725,417,2,4,5,11,At Risk
30,2024-11-09 12:04:59,2,4031.8635,53,5,2,4,11,Potential
31,2023-04-26 09:23:58,2,1405.864,616,1,2,2,5,Hibernating
33,2024-11-02 14:20:17,3,2435.81,60,5,4,3,12,Loyal
34,2024-02-20 06:00:15,2,1270.7759999999998,316,2,2,2,6,Hibernating
35,2024-12-05 00:15:45,3,1961.15,27,5,4,3,12,Loyal
36,2024-08-16 18:38:50,3,3060.8345,138,4,4,4,12,Champions
37,2024-10-06 10:22:43,2,2112.579,87,4,2,3,9,Potential
38,2024-06-08 07:38:17,2,945.4365,207,3,2,2,7,Potential
39,2024-03-27 20:53:03,1,753.5305000000001,280,3,1,1,5,Potential
40,2024-08-31 23:47:28,1,1338.7055,123,4,1,2,7,Potential
41,2023-11-26 16:55:28,1,976.57,402,2,1,2,5,Hibernating
42,2024-01-22 05:20:47,2,3107.957,345,2,2,4,8,Hibernating
43,2023-04-29 17:56:13,3,1929.671,613,1,4,3,8,At Risk
44,2024-08-25 15:05:15,1,507.032,129,4,1,1,6,Potential
45,2024-10-11 07:01:54,1,505.5225,82,4,1,1,6,Potential
47,2022-07-06 16:54:56,1,165.16000000000003,910,1,1,1,3,Hibernating
48,2023-11-12 18:15:32,3,4677.3465,416,2,4,5,11,At Risk
49,2024-01-10 07:11:11,1,859.22,357,2,1,1,4,Hibernating
50,2024-08-16 17:37:47,1,458.05,138,4,1,1,6,Potential
51,2023-07-05 09:31:33,1,3160.7070000000003,546,1,1,4,6,Hibernating
52,2024-09-04 11:20:26,3,1591.599,119,4,4,2,10,Loyal
53,2024-12-23 18:39:01,3,2520.053,9,5,4,3,12,Loyal
54,2024-10-20 02:47:54,4,2441.4539999999997,73,4,5,3,12,Loyal
55,2022-01-16 22:36:57,1,41.76,1081,1,1,1,3,Hibernating
56,2024-09-20 04:11:04,3,2906.377,103,4,4,4,12,Champions
57,2024-09-07 01:24:02,3,2271.3505,116,4,4,3,11,Loyal
58,2024-09-25 18:36:50,2,3574.341,98,4,2,4,10,Potential
59,2024-12-03 00:39:34,1,545.259,29,5,1,1,7,Potential
60,2024-08-22 01:16:39,1,3627.5,132,4,1,4,9,Potential
61,2024-06-19 23:11:35,2,1171.911,196,3,2,2,7,Potential
63,2024-04-16 01:48:39,1,1357.6885000000002,260,3,1,2,6,Potential
64,2024-10-27 02:52:09,3,2726.352,66,5,4,4,13,Champions
65,2024-12-14 14:13:51,1,1018.5190000000001,18,5,1,2,8,Potential
66,2024-05-02 18:05:39,3,25757.0915,244,3,4,5,12,Potential
67,2023-04-04 17:19:19,2,2397.36,638,1,2,3,6,Hibernating
68,2022-05-07 23:44:11,1,1559.33,970,1,1,2,4,Hibernating
69,2024-09-24 13:27:06,2,2576.4905,99,4,2,3,9,Potential
70,2024-11-30 23:47:03,4,2082.4055,32,5,5,3,13,Loyal
71,2023-11-08 19:56:25,2,2386.23,420,2,2,3,7,Hibernating
73,2024-11-16 13:10:47,5,14251.1165,46,5,5,5,15,Champions
76,2024-01-15 02:56:25,1,335.52000000000004,352,2,1,1,4,Hibernating
77,2024-11-06 02:21:27,1,438.44,56,5,1,1,7,Potential
78,2023-11-16 03:52:05,2,2374.5074999999997,412,2,2,3,7,Hibernating
79,2024-11-01 07:56:27,2,534.891,61,5,2,1,8,Potential
80,2022-06-09 16:45:08,1,1749.061,937,1,1,3,5,Hibernating
81,2024-04-28 23:51:05,2,1348.896,248,3,2,2,7,Potential
82,2024-10-11 03:29:32,3,2565.237,82,4,4,3,11,Loyal
83,2024-02-29 07:23:37,2,779.5600000000001,307,2,2,1,5,Hibernating
84,2024-12-22 03:10:30,2,3900.069,10,5,2,4,11,Potential
86,2023-12-25 02:59:25,2,1786.0475000000001,373,2,2,3,7,Hibernating
88,2022-07-23 00:03:12,1,338.4,893,1,1,1,3,Hibernating
89,2024-11-09 15:46:28,6,4099.0865,53,5,5,5,15,Champions
90,2024-12-19 17:43:14,3,1950.4715,13,5,4,3,12,Loyal
91,2024-10-10 14:15:03,2,4644.121499999999,83,4,2,5,11,Potential
92,2024-08-11 12:30:09,1,835.5799999999999,143,4,1,1,6,Potential
93,2024-04-23 18:33:08,3,1893.1634999999999,253,3,4,3,10,Potential
94,2024-10-06 01:14:41,5,7635.8625,87,4,5,5,14,Champions
95,2024-06-19 16:00:22,3,4848.6630000000005,196,3,4,5,12,Potential
96,2024-03-31 14:37:48,5,4741.057,276,3,5,5,13,Potential
97,2023-01-03 10:16:41,3,4950.239,729,1,4,5,10,At Risk
99,2022-11-23 23:02:47,1,726.578,770,1,1,1,3,Hibernating
100,2024-04-15 08:06:21,3,3880.641,261,3,4,4,11,Potential
101,2024-08-08 12:39:07,3,3562.1320000000005,146,4,4,4,12,Champions
102,2024-09-10 09:02:20,2,493.7015,113,4,2,1,7,Potential
103,2024-11-29 06:38:00,1,216.829,33,5,1,1,7,Potential
104,2024-08-21 23:06:34,2,1935.3899999999999,133,4,2,3,9,Potential
105,2024-05-21 04:23:09,4,3462.121,225,3,5,4,12,Potential
107,2024-04-21 18:07:38,1,-550.053,255,3,1,1,5,Potential
108,2024-06-29 11:50:20,4,1820.9885,186,3,5,3,11,Potential
109,2024-08-28 10:57:48,2,2538.0265,126,4,2,3,9,Potential
110,2024-01-06 02:39:47,2,2357.0085,361,2,2,3,7,Hibernating
111,2024-08-23 06:38:18,1,3685.0645,131,4,1,4,9,Potential
112,2023-07-31 15:34:03,3,5012.860500000001,520,2,4,5,11,At Risk
113,2023-09-22 07:47:39,2,985.188,467,2,2,2,6,Hibernating
114,2024-09-27 02:49:04,1,1131.15,96,4,1,2,7,Potential
115,2024-05-22 22:47:03,1,1906.3029999999999,224,3,1,3,7,Potential
116,2023-05-02 06:49:40,1,1366.46,610,1,1,2,4,Hibernating
117,2024-12-01 07:21:42,1,583.297,31,5,1,1,7,Potential
118,2023-05-07 17:58:21,3,2336.61,605,1,4,3,8,At Risk
119,2024-07-23 06:43:33,2,1280.6275,162,3,2,2,7,Potential
120,2023-07-17 06:04:31,2,2329.725,534,1,2,3,6,Hibernating
121,2024-11-22 07:50:25,4,5428.728,40,5,5,5,15,Champions
122,2023-10-06 07:04:19,2,3466.4700000000003,453,2,2,4,8,Hibernating
123,2024-04-05 17:30:49,4,38698.7715,271,3,5,5,13,Potential
124,2024-05-26 15:55:53,2,2838.4335,220,3,2,4,9,Potential
125,2024-07-20 08:12:21,2,1275.08,165,3,2,2,7,Potential
126,2023-09-05 05:30:49,4,6454.5165,484,2,5,5,12,At Risk
127,2024-08-28 02:33:55,2,893.86,126,4,2,2,8,Potential
128,2024-03-13 07:59:39,1,782.811,294,3,1,1,5,Potential
129,2023-06-15 16:50:36,2,-48.2569999999999,566,1,2,1,4,Hibernating
130,2022-08-20 14:08:24,1,1959.6640000000002,865,1,1,3,5,Hibernating
131,2024-11-20 09:24:21,3,8847.9995,42,5,4,5,14,Champions
132,2024-07-20 17:52:06,4,5952.331,165,3,5,5,13,Potential
133,2023-08-03 08:51:51,4,4511.196,517,2,5,5,12,At Risk
134,2022-02-26 13:54:48,1,1716.28,1040,1,1,3,5,Hibernating
135,2024-03-06 07:13:57,2,1280.395,301,3,2,2,7,Potential
136,2022-07-12 02:43:49,1,598.378,904,1,1,1,3,Hibernating
137,2024-07-12 16:43:03,3,5579.486,173,3,4,5,12,Potential
138,2023-10-07 12:05:06,1,932.57,452,2,1,2,5,Hibernating
139,2024-02-27 09:20:53,1,1204.9289999999999,309,2,1,2,5,Hibernating
140,2023-11-20 11:54:03,2,2053.084,408,2,2,3,7,Hibernating
141,2023-08-21 15:40:36,3,6753.825,499,2,4,5,11,At Risk
142,2024-11-24 21:35:23,4,5365.8685,38,5,5,5,15,Champions
144,2024-09-03 18:44:42,1,493.26750000000004,120,4,1,1,6,Potential
145,2024-11-13 04:00:43,3,4338.0675,49,5,4,5,14,Champions
146,2022-04-21 20:46:38,1,311.746,986,1,1,1,3,Hibernating
147,2024-10-13 18:02:04,2,1770.6934999999999,80,4,2,3,9,Potential
148,2024-11-14 05:43:01,2,618.732,48,5,2,1,8,Potential
149,2024-08-28 15:47:57,2,1480.228,126,4,2,2,8,Potential
150,2023-07-24 22:25:51,2,2342.2725,527,2,2,3,7,Hibernating
151,2024-01-30 04:55:21,1,902.9939999999999,337,2,1,2,5,Hibernating
152,2024-11-25 21:48:00,5,3548.9069999999997,37,5,5,4,14,Champions
154,2024-12-13 11:30:52,3,880.997,19,5,4,1,10,Loyal
155,2022-12-13 13:53:32,1,1348.01,750,1,1,2,4,Hibernating
156,2024-12-29 05:40:20,3,1893.981,3,5,4,3,12,Loyal
157,2024-05-16 18:16:32,2,1829.83,230,3,2,3,8,Potential
159,2024-04-17 03:47:45,2,877.253,259,3,2,1,6,Potential
160,2024-10-07 03:19:12,3,1323.741,86,4,4,2,10,Loyal
162,2024-12-17 16:54:05,3,6641.137,15,5,4,5,14,Champions
163,2023-10-20 23:21:08,3,13986.105,439,2,4,5,11,At Risk
164,2023-07-30 14:44:22,2,3811.8030000000003,521,2,2,4,8,Hibernating
165,2024-07-01 15:31:13,2,680.835,184,3,2,1,6,Potential
166,2024-06-29 22:06:35,2,2188.8065,186,3,2,3,8,Potential
167,2024-09-12 22:06:43,2,3412.0975000000003,111,4,2,4,10,Potential
168,2024-07-03 14:57:50,1,534.208,182,3,1,1,5,Potential
169,2023-05-28 07:23:49,2,2420.9595,584,1,2,3,6,Hibernating
171,2023-10-20 01:01:21,1,68.362,439,2,1,1,4,Hibernating
173,2023-12-12 08:27:23,1,393.754,386,2,1,1,4,Hibernating
175,2024-03-29 11:08:58,4,4290.55,278,3,5,5,13,Potential
176,2023-09-22 09:39:38,3,1673.224,467,2,4,3,9,At Risk
178,2024-09-20 20:41:48,3,3078.8845,103,4,4,4,12,Champions
179,2024-06-29 10:49:56,6,5675.3855,186,3,5,5,13,Potential
180,2023-07-28 14:35:59,1,967.038,523,2,1,2,5,Hibernating
181,2023-06-17 17:42:57,1,355.8,564,1,1,1,3,Hibernating
182,2024-07-09 09:28:16,1,1086.858,176,3,1,2,6,Potential
183,2022-04-28 03:53:36,1,919.593,979,1,1,2,4,Hibernating
184,2024-05-06 18:01:59,1,2966.3199999999997,240,3,1,4,8,Potential
185,2023-10-30 09:16:42,2,1694.114,429,2,2,3,7,Hibernating
186,2024-12-05 03:42:40,3,2378.4045,27,5,4,3,12,Loyal
187,2023-11-02 02:04:37,2,3849.7915,426,2,2,4,8,Hibernating
188,2023-05-28 08:07:33,2,1121.868,584,1,2,2,5,Hibernating
189,2024-05-27 11:08:08,2,357.69849999999997,219,3,2,1,6,Potential
190,2024-10-15 03:29:40,3,1878.6215000000002,78,4,4,3,11,Loyal
191,2023-10-28 00:46:29,1,1522.322,431,2,1,2,5,Hibernating
192,2023-09-30 21:18:49,1,2589.3439999999996,459,2,1,3,6,Hibernating
193,2024-08-14 18:39:26,2,2027.339,140,4,2,3,9,Potential
194,2022-05-17 08:33:14,1,289.23699999999997,960,1,1,1,3,Hibernating
195,2024-10-07 18:56:58,4,2360.17,86,4,5,3,12,Loyal
197,2023-02-06 10:24:47,2,1287.83,695,1,2,2,5,Hibernating
198,2023-10-02 02:15:33,2,1940.019,457,2,2,3,7,Hibernating
200,2024-12-28 22:09:06,2,2318.17,4,5,2,3,10,Potential
201,2022-04-26 01:27:49,1,445.65,981,1,1,1,3,Hibernating
202,2024-11-26 23:25:22,2,3854.7320000000004,36,5,2,4,11,Potential
203,2024-08-23 16:04:43,1,1256.716,131,4,1,2,7,Potential
204,2024-12-31 09:21:57,1,1194.246,1,5,1,2,8,Potential
205,2023-03-30 06:55:51,1,705.4635,643,1,1,1,3,Hibernating
206,2024-08-04 06:03:57,1,638.37,150,4,1,1,6,Potential
207,2024-05-24 01:54:03,2,26716.8865,222,3,2,5,10,Potential
208,2024-08-06 01:47:50,2,714.5894999999999,148,4,2,1,7,Potential
209,2024-12-22 16:50:07,3,4274.2275,10,5,4,5,14,Champions
210,2022-11-11 07:52:00,2,2091.129,782,1,2,3,6,Hibernating
211,2023-10-24 05:32:53,1,2379.7545,435,2,1,3,6,Hibernating
212,2024-01-28 19:30:33,4,11136.477499999999,339,2,5,5,12,At Risk
213,2024-07-04 15:45:41,2,349.06,181,3,2,1,6,Potential
214,2024-06-27 10:24:35,1,1552.0,188,3,1,2,6,Potential
215,2023-10-12 23:23:07,3,4789.381,447,2,4,5,11,At Risk
216,2024-11-23 15:42:38,2,1991.7800000000002,39,5,2,3,10,Potential
217,2024-03-10 08:26:54,1,514.85,297,3,1,1,5,Potential
218,2023-05-01 07:47:37,1,751.6735,611,1,1,1,3,Hibernating
219,2024-04-19 08:26:56,3,2360.916,257,3,4,3,10,Potential
220,2023-08-04 02:32:30,5,7929.914,516,2,5,5,12,At Risk
221,2022-03-16 19:35:24,1,740.18,1022,1,1,1,3,Hibernating
222,2024-10-31 23:57:45,4,2634.1675,62,5,5,4,14,Champions
223,2023-01-21 06:18:30,1,206.01000000000002,711,1,1,1,3,Hibernating
225,2024-08-15 18:41:04,1,205.4565,139,4,1,1,6,Potential
226,2024-08-12 05:03:59,2,2050.5775,142,4,2,3,9,Potential
228,2024-06-03 13:58:35,4,3886.7495,212,3,5,4,12,Potential
229,2024-11-07 06:31:12,7,15743.820999999998,55,5,5,5,15,Champions
230,2024-05-28 10:48:51,3,-33318.041,218,3,4,1,8,Potential
231,2023-11-01 10:44:44,2,554.49,427,2,2,1,5,Hibernating
232,2024-03-20 18:11:41,1,1927.0265,287,3,1,3,7,Potential
234,2022-12-17 17:45:19,1,440.12999999999994,746,1,1,1,3,Hibernating
235,2024-02-19 14:53:41,2,3350.727,317,2,2,4,8,Hibernating
236,2023-08-20 08:41:42,3,1235.7725,500,2,4,2,8,Potential
237,2024-07-19 04:39:48,4,14359.09,166,3,5,5,13,Potential
238,2022-04-07 04:27:46,1,970.345,1000,1,1,2,4,Hibernating
239,2023-06-03 08:13:53,2,3762.0805,578,1,2,4,7,Hibernating
240,2024-12-03 11:03:35,4,23088.072,29,5,5,5,15,Champions
241,2023-05-24 12:04:42,1,275.21,588,1,1,1,3,Hibernating
242,2024-07-01 18:16:10,1,2112.5765,184,3,1,3,7,Potential
243,2024-06-28 22:34:41,4,6376.746,187,3,5,5,13,Potential
244,2024-11-17 02:01:14,2,3898.679,45,5,2,4,11,Potential
245,2024-12-23 02:49:10,2,1155.1725000000001,9,5,2,2,9,Potential
246,2024-10-27 11:44:45,3,3300.967,66,5,4,4,13,Champions
247,2023-01-04 16:51:14,2,838.128,728,1,2,1,4,Hibernating
248,2024-07-11 15:56:18,3,3327.2419999999997,174,3,4,4,11,Potential
249,2023-03-02 14:07:06,1,78.3655,671,1,1,1,3,Hibernating
250,2023-09-20 13:06:04,2,2946.6655,469,2,2,4,8,Hibernating
251,2024-12-05 18:09:35,4,4919.436,27,5,5,5,15,Champions
252,2023-03-21 18:11:48,1,621.4639999999999,652,1,1,1,3,Hibernating
253,2024-11-25 13:50:02,4,2869.17,37,5,5,4,14,Champions
254,2023-01-31 06:03:03,2,1357.21,701,1,2,2,5,Hibernating
255,2022-12-14 00:39:02,2,2624.3385,749,1,2,4,7,Hibernating
256,2023-12-27 20:28:20,1,1785.06,371,2,1,3,6,Hibernating
257,2024-04-23 04:16:29,3,5615.227,253,3,4,5,12,Potential
258,2023-07-29 10:33:51,2,863.6359999999999,522,2,2,1,5,Hibernating
259,2024-02-14 13:58:51,3,1431.4395,322,2,4,2,8,Potential
260,2024-11-20 11:26:48,4,5301.951,42,5,5,5,15,Champions
261,2023-01-15 22:56:40,2,1893.001,717,1,2,3,6,Hibernating
263,2024-11-02 21:50:00,4,3901.3199999999997,60,5,5,4,14,Champions
264,2024-12-12 01:01:29,3,5413.5395,20,5,4,5,14,Champions
265,2024-12-13 12:16:35,3,3810.4890000000005,19,5,4,4,13,Champions
266,2024-06-27 07:05:00,3,3203.93,188,3,4,4,11,Potential
267,2024-06-30 11:57:09,2,1099.3815,185,3,2,2,7,Potential
268,2022-08-15 15:00:51,1,329.441,870,1,1,1,3,Hibernating
269,2024-07-19 05:48:04,4,2875.611,166,3,5,4,12,Potential
270,2022-02-25 17:34:22,2,3663.5550000000003,1041,1,2,4,7,Hibernating
271,2023-10-19 10:19:27,1,737.877,440,2,1,1,4,Hibernating
272,2023-06-26 21:23:59,2,2826.14,555,1,2,4,7,Hibernating
273,2024-01-13 09:58:09,2,1350.3075000000001,354,2,2,2,6,Hibernating
274,2024-07-04 07:27:09,3,1770.4009999999998,181,3,4,3,10,Potential
275,2024-05-17 21:50:56,2,3959.268,229,3,2,4,9,Potential
276,2024-12-18 17:06:56,4,11516.446,14,5,5,5,15,Champions
277,2024-06-07 23:19:58,4,7247.340000000001,208,3,5,5,13,Potential
278,2024-02-01 22:04:43,3,2073.8005,335,2,4,3,9,At Risk
279,2024-06-30 01:02:22,1,328.75,185,3,1,1,5,Potential
281,2024-12-11 03:24:43,2,4900.442,21,5,2,5,12,Potential
282,2024-08-17 10:48:18,3,7174.619,137,4,4,5,13,Champions
283,2024-09-22 21:44:18,2,1026.328,101,4,2,2,8,Potential
284,2024-12-28 23:29:37,4,6570.412,4,5,5,5,15,Champions
285,2024-03-12 05:13:47,4,5059.821,295,3,5,5,13,Potential
286,2022-09-08 09:13:43,2,3643.4415,846,1,2,4,7,Hibernating
287,2023-12-28 09:12:16,2,2060.035,370,2,2,3,7,Hibernating
288,2024-11-13 21:03:01,3,2843.438,49,5,4,4,13,Champions
290,2024-11-16 03:17:48,2,10354.628,46,5,2,5,12,Potential
291,2024-12-30 13:20:07,2,3327.126,2,5,2,4,11,Potential
292,2024-02-13 09:21:46,2,1494.65,323,2,2,2,6,Hibernating
293,2024-11-22 10:08:50,4,3034.6670000000004,40,5,5,4,14,Champions
294,2024-07-12 10:30:46,1,2957.3799999999997,173,3,1,4,8,Potential
295,2022-12-22 11:39:49,4,6600.992,741,1,5,5,11,At Risk
296,2022-09-29 16:21:23,3,5238.7695,825,1,4,5,10,At Risk
297,2022-11-26 08:43:39,1,-773.71,767,1,1,1,3,Hibernating
298,2024-01-29 06:11:05,2,38003.024,338,2,2,5,9,Hibernating
299,2024-06-21 19:53:35,1,2516.143,194,3,1,3,7,Potential
300,2024-11-20 23:02:01,3,1982.87,42,5,4,3,12,Loyal
302,2024-05-23 23:52:11,3,1782.9450000000002,223,3,4,3,10,Potential
303,2022-05-03 07:51:25,1,346.78,974,1,1,1,3,Hibernating
304,2024-07-23 10:26:14,2,1596.9099999999999,162,3,2,2,7,Potential
305,2024-08-09 00:01:07,2,1485.86,145,4,2,2,8,Potential
306,2023-01-14 11:17:52,2,5119.621,718,1,2,5,8,Hibernating
307,2024-07-02 08:23:16,5,2074.7145,183,3,5,3,11,Potential
309,2023-11-10 01:34:40,4,5497.467000000001,418,2,5,5,12,At Risk
310,2024-11-27 09:34:08,3,2600.427,35,5,4,3,12,Loyal
311,2024-07-22 11:21:09,2,3996.165,163,3,2,4,9,Potential
313,2024-11-05 09:05:58,2,1101.31,57,5,2,2,9,Potential
314,2024-05-29 16:05:24,2,2811.95,217,3,2,4,9,Potential
315,2022-04-13 01:55:27,1,9349.488,994,1,1,5,7,Hibernating
316,2024-11-17 03:25:26,3,4222.8,45,5,4,5,14,Champions
317,2024-01-26 11:10:07,1,574.46,341,2,1,1,4,Hibernating
319,2024-02-09 07:17:26,2,3043.89,327,2,2,4,8,Hibernating
320,2022-12-26 06:17:30,1,400.8335,737,1,1,1,3,Hibernating
323,2022-03-24 11:53:10,1,1317.7855,1014,1,1,2,4,Hibernating
324,2024-09-03 22:11:26,3,1594.814,120,4,4,2,10,Loyal
325,2024-12-28 06:05:42,6,5667.659,4,5,5,5,15,Champions
326,2024-05-15 03:13:58,2,2328.942,231,3,2,3,8,Potential
327,2022-12-01 07:19:18,2,1621.276,762,1,2,2,5,Hibernating
328,2024-08-25 08:36:16,3,4299.982,129,4,4,5,13,Champions
329,2023-09-25 09:40:54,3,4908.095,464,2,4,5,11,At Risk
330,2024-04-26 22:25:04,1,2602.951,250,3,1,3,7,Potential
332,2024-04-02 10:25:16,2,1574.05,274,3,2,2,7,Potential
333,2024-12-30 06:18:19,3,1710.6100000000001,2,5,4,3,12,Loyal
334,2024-11-29 17:04:42,3,2823.44,33,5,4,4,13,Champions
335,2022-06-24 07:23:16,2,973.3,922,1,2,2,5,Hibernating
336,2024-06-24 08:32:08,2,1243.67,191,3,2,2,7,Potential
337,2024-12-02 17:31:13,1,1878.6599999999999,30,5,1,3,9,Potential
339,2024-04-17 16:45:17,2,1821.771,259,3,2,3,8,Potential
341,2024-12-20 19:01:31,4,5143.099999999999,12,5,5,5,15,Champions
342,2022-06-15 14:33:37,2,839.0799999999999,931,1,2,1,4,Hibernating
343,2023-02-20 08:15:33,1,1719.498,681,1,1,3,5,Hibernating
344,2024-12-05 07:50:41,3,1661.4699999999998,27,5,4,2,11,Loyal
345,2024-03-31 07:46:27,4,4397.994500000001,276,3,5,5,13,Potential
346,2023-12-23 00:58:55,2,1015.0,375,2,2,2,6,Hibernating
347,2024-02-18 09:35:59,3,2889.6555,318,2,4,4,10,At Risk
348,2022-06-02 02:25:46,1,650.2219999999999,944,1,1,1,3,Hibernating
349,2024-04-27 19:34:19,2,3127.172,249,3,2,4,9,Potential
350,2024-05-07 14:55:06,3,13888.11,239,3,4,5,12,Potential
351,2023-12-09 07:06:31,1,546.74,389,2,1,1,4,Hibernating
352,2024-11-09 10:57:03,2,3112.122,53,5,2,4,11,Potential
353,2024-03-19 06:47:00,3,2800.9655000000002,288,3,4,4,11,Potential
354,2024-10-11 04:13:25,7,6321.094,82,4,5,5,14,Champions
355,2024-05-07 15:05:30,2,5968.605,239,3,2,5,10,Potential
356,2024-02-02 00:46:51,2,852.4159999999999,334,2,2,1,5,Hibernating
357,2024-07-14 07:02:38,2,2269.652,171,3,2,3,8,Potential
358,2024-10-30 20:37:34,2,2488.7400000000002,63,5,2,3,10,Potential
360,2024-09-17 11:10:30,4,5877.701,106,4,5,5,14,Champions
362,2024-03-10 06:27:41,5,8100.025,297,3,5,5,13,Potential
363,2023-12-26 11:40:01,2,2948.7219999999998,372,2,2,4,8,Hibernating
364,2023-04-04 18:46:58,1,222.76,638,1,1,1,3,Hibernating
365,2024-11-29 23:38:49,3,1473.2195,33,5,4,2,11,Loyal
366,2024-01-27 06:24:17,2,1858.1909999999998,340,2,2,3,7,Hibernating
368,2023-10-30 02:41:42,3,1907.3365000000001,429,2,4,3,9,At Risk
370,2024-06-18 16:30:50,3,2279.3215,197,3,4,3,10,Potential
371,2023-12-11 09:48:31,1,7041.4,387,2,1,5,8,Hibernating
373,2024-10-22 19:26:07,3,2657.773,71,5,4,4,13,Champions
374,2023-05-27 09:55:28,1,57.85,585,1,1,1,3,Hibernating
375,2024-02-09 21:34:10,3,841.034,327,2,4,1,7,Potential
376,2022-04-24 00:56:14,1,1512.03,983,1,1,2,4,Hibernating
380,2023-08-01 08:05:44,1,599.32,519,2,1,1,4,Hibernating
381,2023-01-20 08:40:41,2,2004.087,712,1,2,3,6,Hibernating
382,2023-03-01 09:20:33,2,1523.763,672,1,2,2,5,Hibernating
383,2024-12-13 11:52:56,3,1460.934,19,5,4,2,11,Loyal
384,2024-12-09 17:53:31,2,1276.52,23,5,2,2,9,Potential
385,2024-10-17 13:33:04,2,1331.6019999999999,76,4,2,2,8,Potential
386,2022-05-30 04:18:02,1,510.705,947,1,1,1,3,Hibernating
387,2024-11-04 11:26:32,4,3434.5125,58,5,5,4,14,Champions
388,2022-09-10 18:33:47,2,896.4075,844,1,2,2,5,Hibernating
389,2024-10-24 13:07:35,2,1122.1709999999998,69,5,2,2,9,Potential
390,2023-09-13 10:17:17,2,1111.691,476,2,2,2,6,Hibernating
391,2024-11-07 15:41:23,3,2557.2960000000003,55,5,4,3,12,Loyal
392,2022-11-03 08:42:29,2,4296.8615,790,1,2,5,8,Hibernating
393,2023-09-06 22:52:39,3,1389.9235,483,2,4,2,8,Potential
394,2023-12-15 07:13:04,1,1948.78,383,2,1,3,6,Hibernating
396,2024-04-08 07:51:15,4,2196.757,268,3,5,3,11,Potential
397,2024-09-10 15:12:31,1,1598.1899999999998,113,4,1,2,7,Potential
398,2024-08-23 02:16:33,2,1943.6184999999998,131,4,2,3,9,Potential
400,2024-05-15 05:31:49,5,5474.891,231,3,5,5,13,Potential
401,2023-10-06 14:04:08,1,1277.44,453,2,1,2,5,Hibernating
402,2024-07-23 04:33:35,1,108.7,162,3,1,1,5,Potential
403,2023-07-05 02:08:42,1,695.388,546,1,1,1,3,Hibernating
404,2024-09-08 20:39:58,1,613.83,115,4,1,1,6,Potential
405,2024-10-04 03:26:57,5,4798.8585,89,4,5,5,14,Champions
406,2024-02-10 19:43:00,3,2750.9339999999997,326,2,4,4,10,At Risk
407,2024-10-11 04:19:55,3,2896.67,82,4,4,4,12,Champions
408,2024-05-05 03:43:32,2,2787.1285,241,3,2,4,9,Potential
409,2024-07-02 23:52:48,2,1578.52,183,3,2,2,7,Potential
410,2024-12-31 19:23:32,2,37608.97,1,5,2,5,12,Potential
411,2024-03-28 10:15:27,1,1187.21,279,3,1,2,6,Potential
412,2024-07-18 01:46:14,2,1306.952,167,3,2,2,7,Potential
413,2024-07-31 10:20:44,2,2417.3955,154,4,2,3,9,Potential
414,2023-10-27 15:28:23,2,9087.475,432,2,2,5,9,Hibernating
416,2023-11-19 22:40:24,3,3308.7015,409,2,4,4,10,At Risk
417,2024-10-18 08:10:45,3,3067.3720000000003,75,4,4,4,12,Champions
419,2024-09-15 12:33:15,1,1426.6060000000002,108,4,1,2,7,Potential
420,2024-11-23 18:55:53,3,4106.954000000001,39,5,4,5,14,Champions
421,2022-09-18 12:39:45,1,717.338,836,1,1,1,3,Hibernating
422,2024-01-01 17:39:28,2,1667.239,366,2,2,3,7,Hibernating
423,2022-11-08 04:00:40,1,9599.57,785,1,1,5,7,Hibernating
424,2022-12-18 21:39:50,1,464.10299999999995,745,1,1,1,3,Hibernating
425,2024-04-11 10:35:14,2,2409.046,265,3,2,3,8,Potential
426,2024-10-19 18:37:39,4,5731.747,74,4,5,5,14,Champions
427,2022-12-14 18:06:04,1,-576.973,749,1,1,1,3,Hibernating
429,2023-09-28 01:36:47,2,2547.54,461,2,2,3,7,Hibernating
430,2024-03-15 19:38:29,3,3568.853,292,3,4,4,11,Potential
431,2024-05-13 11:51:19,1,2056.27,233,3,1,3,7,Potential
432,2024-12-10 16:59:00,7,4464.466,22,5,5,5,15,Champions
434,2024-07-31 13:43:36,1,919.5085,154,4,1,2,7,Potential
436,2024-07-04 08:26:43,2,4645.973,181,3,2,5,10,Potential
437,2024-07-29 23:23:30,3,3348.264,156,4,4,4,12,Champions
438,2024-10-09 16:29:41,2,691.4465000000001,84,4,2,1,7,Potential
439,2023-12-03 11:37:49,2,4575.6515,395,2,2,5,9,Hibernating
440,2023-07-18 18:50:03,1,1544.466,533,1,1,2,4,Hibernating
441,2023-10-18 12:46:35,4,2896.3650000000002,441,2,5,4,11,At Risk
442,2023-11-19 22:40:35,2,2035.756,409,2,2,3,7,Hibernating
443,2024-07-25 09:56:27,1,1787.492,160,4,1,3,8,Potential
444,2024-11-19 03:13:40,2,771.6075,43,5,2,1,8,Potential
445,2023-07-12 21:28:32,1,-559.7550000000001,539,1,1,1,3,Hibernating
446,2024-05-11 17:56:39,1,550.884,235,3,1,1,5,Potential
447,2023-01-29 17:58:22,1,846.403,703,1,1,1,3,Hibernating
448,2024-09-26 04:39:10,5,6907.6835,97,4,5,5,14,Champions
449,2024-10-08 03:42:52,4,5304.5755,85,4,5,5,14,Champions
450,2024-09-19 08:47:46,1,2462.924,104,4,1,3,8,Potential
451,2024-02-22 22:18:06,1,1641.658,314,2,1,2,5,Hibernating
452,2022-10-09 17:11:38,2,1369.1775,815,1,2,2,5,Hibernating
453,2024-03-11 17:45:07,2,3068.4165,296,3,2,4,9,Potential
454,2024-08-02 19:54:14,2,1079.776,152,4,2,2,8,Potential
456,2024-06-28 01:55:38,1,148.68,187,3,1,1,5,Potential
457,2024-04-05 01:10:39,1,669.1800000000001,271,3,1,1,5,Potential
458,2022-11-03 10:59:41,1,22.600499999999997,790,1,1,1,3,Hibernating
459,2024-04-30 03:51:05,2,2320.642,246,3,2,3,8,Potential
460,2022-06-20 04:19:41,1,2872.957,926,1,1,4,6,Hibernating
461,2024-04-25 19:29:48,3,4199.034,251,3,4,5,12,Potential
462,2022-01-22 02:51:44,1,2137.1859999999997,1075,1,1,3,5,Hibernating
463,2024-06-07 21:42:16,3,828.1339999999999,208,3,4,1,8,Potential
464,2024-03-19 19:51:21,1,723.46,288,3,1,1,5,Potential
465,2024-09-30 13:59:26,2,1993.0865,93,4,2,3,9,Potential
466,2024-11-11 09:09:21,5,1977.465,51,5,5,3,13,Loyal
468,2024-11-05 06:12:22,2,2083.3685,57,5,2,3,10,Potential
469,2024-12-14 09:14:39,5,37892.18,18,5,5,5,15,Champions
470,2024-12-14 13:00:56,1,62.7,18,5,1,1,7,Potential
471,2024-10-28 11:13:48,4,3657.336,65,5,5,4,14,Champions
472,2024-09-17 21:11:29,3,1275.1685,106,4,4,2,10,Loyal
473,2024-09-05 12:40:15,3,3016.772,118,4,4,4,12,Champions
474,2022-08-20 07:40:47,1,10062.555,865,1,1,5,7,Hibernating
475,2024-11-17 15:55:07,3,2031.6565,45,5,4,3,12,Loyal
477,2024-12-01 00:21:25,4,1443.9894999999997,31,5,5,2,12,Loyal
478,2022-07-01 13:58:55,2,1593.1164999999999,915,1,2,2,5,Hibernating
479,2024-09-22 15:19:36,1,992.3275,101,4,1,2,7,Potential
480,2024-11-04 02:19:09,2,1744.3964999999998,58,5,2,3,10,Potential
481,2022-08-03 23:16:01,1,475.44,882,1,1,1,3,Hibernating
482,2024-10-22 00:01:16,6,7532.6025,71,5,5,5,15,Champions
483,2024-10-21 07:37:58,3,2820.9719999999998,72,4,4,4,12,Champions
484,2024-03-13 03:23:36,2,3661.402,294,3,2,4,9,Potential
485,2022-09-02 09:41:00,1,1158.6509999999998,852,1,1,2,4,Hibernating
486,2023-06-23 19:07:21,4,1971.5280000000002,558,1,5,3,9,At Risk
487,2024-12-28 16:07:58,3,2870.568,4,5,4,4,13,Champions
488,2024-03-20 08:44:14,3,1581.211,287,3,4,2,9,Potential
489,2024-10-15 11:51:19,2,1095.7160000000001,78,4,2,2,8,Potential
490,2024-03-14 04:25:24,2,864.9845,293,3,2,1,6,Potential
491,2024-12-04 18:46:52,2,1241.553,28,5,2,2,9,Potential
492,2023-12-25 05:10:02,1,1316.68,373,2,1,2,5,Hibernating
493,2024-08-12 18:59:14,2,496.304,142,4,2,1,7,Potential
494,2024-12-22 23:07:24,4,2872.3635,10,5,5,4,14,Champions
495,2023-04-25 16:07:43,3,3625.924,617,1,4,4,9,At Risk
496,2024-02-14 01:05:03,1,467.8245,322,2,1,1,4,Hibernating
497,2023-01-30 21:19:40,2,700.06,702,1,2,1,4,Hibernating
498,2024-11-16 08:39:21,3,13064.44,46,5,4,5,14,Champions
500,2024-12-08 05:26:01,3,3423.1035,24,5,4,4,13,Champions
501,2023-08-03 18:22:19,2,2647.87,517,2,2,4,8,Hibernating
502,2023-02-01 09:40:47,1,82.62,700,1,1,1,3,Hibernating
503,2022-11-17 08:41:13,1,-247.06,776,1,1,1,3,Hibernating
504,2023-12-31 13:21:05,4,4802.834,367,2,5,5,12,At Risk
505,2024-09-11 16:19:07,2,1215.884,112,4,2,2,8,Potential
506,2024-06-24 10:41:51,2,866.4565,191,3,2,1,6,Potential
507,2023-12-07 19:22:41,1,286.08,391,2,1,1,4,Hibernating
508,2024-11-08 04:58:10,1,226.692,54,5,1,1,7,Potential
509,2022-04-03 18:05:48,1,25.36200000000005,1004,1,1,1,3,Hibernating
510,2024-03-14 01:00:43,2,959.5719999999999,293,3,2,2,7,Potential
512,2024-05-28 04:48:51,2,2948.531,218,3,2,4,9,Potential
513,2023-12-20 02:33:10,2,2878.0,378,2,2,4,8,Hibernating
514,2023-07-20 04:41:16,3,935.1395,531,1,4,2,7,Potential
515,2024-10-11 14:59:16,1,137.7065,82,4,1,1,6,Potential
516,2024-03-26 20:05:33,3,1467.28,281,3,4,2,9,Potential
517,2023-05-08 15:41:27,1,1155.3390000000002,604,1,1,2,4,Hibernating
518,2024-11-07 18:56:34,2,3450.6215,55,5,2,4,11,Potential
519,2023-07-01 10:48:11,3,27341.950999999997,550,1,4,5,10,At Risk
520,2024-09-13 02:12:16,2,862.766,110,4,2,1,7,Potential
521,2024-07-03 10:46:37,2,2250.0379999999996,182,3,2,3,8,Potential
522,2023-05-21 23:30:46,2,11111.931,591,1,2,5,8,Hibernating
523,2023-12-07 23:13:44,3,2095.174,391,2,4,3,9,At Risk
524,2023-11-11 00:25:31,2,1369.8894999999998,417,2,2,2,6,Hibernating
525,2024-06-15 08:41:24,2,-321.75800000000004,200,3,2,1,6,Potential
526,2024-01-17 21:13:21,2,2342.2485,350,2,2,3,7,Hibernating
527,2023-08-18 10:23:32,3,875.1479999999999,502,2,4,1,7,Potential
528,2024-11-21 05:33:36,6,72405.361,41,5,5,5,15,Champions
529,2023-03-09 09:55:27,1,892.1800000000001,664,1,1,2,4,Hibernating
530,2024-12-06 10:07:17,2,1901.392,26,5,2,3,10,Potential
531,2023-01-22 18:13:41,2,3387.017,710,1,2,4,7,Hibernating
532,2024-12-01 09:41:46,8,6761.540999999999,31,5,5,5,15,Champions
533,2023-09-14 16:41:18,1,372.8,475,2,1,1,4,Hibernating
534,2023-02-15 20:48:21,2,1275.953,686,1,2,2,5,Hibernating
535,2024-07-09 23:08:37,2,484.47200000000004,176,3,2,1,6,Potential
537,2024-02-04 02:37:15,1,1065.24,332,2,1,2,5,Hibernating
538,2024-08-25 20:32:17,2,1756.3984999999998,129,4,2,3,9,Potential
539,2023-03-24 06:43:10,1,1244.239,649,1,1,2,4,Hibernating
540,2023-07-06 04:55:03,3,3366.091,545,1,4,4,9,At Risk
541,2024-11-27 11:05:25,3,3390.24,35,5,4,4,13,Champions
542,2022-05-26 14:22:41,1,1161.4245,951,1,1,2,4,Hibernating
543,2024-10-29 20:03:48,2,1409.83,64,5,2,2,9,Potential
544,2024-04-28 02:45:13,2,1264.6205,248,3,2,2,7,Potential
545,2024-10-27 02:28:27,2,2225.1144999999997,66,5,2,3,10,Potential
546,2022-01-22 02:45:35,1,595.6629999999999,1075,1,1,1,3,Hibernating
548,2024-11-03 19:28:45,3,2924.859,59,5,4,4,13,Champions
549,2024-10-02 06:32:00,2,1834.77,91,4,2,3,9,Potential
550,2024-11-18 00:38:46,2,1243.65,44,5,2,2,9,Potential
551,2024-03-09 01:27:18,3,3337.1485000000002,298,3,4,4,11,Potential
552,2022-11-25 19:22:49,3,1897.776,768,1,4,3,8,At Risk
553,2024-05-29 01:30:26,2,3146.401,217,3,2,4,9,Potential
555,2024-10-09 07:47:28,2,3248.671,84,4,2,4,10,Potential
556,2024-04-08 10:14:59,4,7703.6179999999995,268,3,5,5,13,Potential
557,2024-08-10 01:21:07,3,1690.128,144,4,4,3,11,Loyal
558,2024-04-13 02:54:36,2,6016.5125,263,3,2,5,10,Potential
559,2024-06-23 21:08:09,1,-187.8,192,3,1,1,5,Potential
560,2024-03-24 16:58:26,2,119.238,283,3,2,1,6,Potential
561,2024-10-01 10:09:50,2,11278.150000000001,92,4,2,5,11,Potential
562,2024-08-01 08:12:56,2,1976.7585,153,4,2,3,9,Potential
563,2024-03-28 03:36:34,1,289.25600000000003,279,3,1,1,5,Potential
564,2023-09-14 07:46:24,3,1813.01,475,2,4,3,9,At Risk
565,2024-04-01 10:55:42,1,3158.2045,275,3,1,4,8,Potential
566,2022-12-09 14:04:05,1,1910.3235,754,1,1,3,5,Hibernating
567,2023-04-27 22:33:35,2,1108.554,615,1,2,2,5,Hibernating
568,2024-09-05 16:01:26,2,323.6625,118,4,2,1,7,Potential
569,2024-07-24 06:40:31,2,1970.835,161,3,2,3,8,Potential
570,2023-07-23 23:18:33,2,4913.347,528,1,2,5,8,Hibernating
571,2024-04-14 07:05:20,4,4070.532,262,3,5,5,13,Potential
572,2024-05-03 19:25:30,4,4767.945,243,3,5,5,13,Potential
573,2024-11-12 09:13:47,3,6003.973,50,5,4,5,14,Champions
574,2023-05-12 05:17:52,5,8110.5644999999995,600,1,5,5,11,At Risk
575,2024-06-01 12:57:58,3,3065.284,214,3,4,4,11,Potential
576,2024-12-22 22:47:49,2,4867.586,10,5,2,5,12,Potential
577,2024-08-20 06:27:57,6,7275.1785,134,4,5,5,14,Champions
578,2024-11-25 11:14:15,2,3481.1125,37,5,2,4,11,Potential
579,2024-10-22 03:28:37,3,4510.504,71,5,4,5,14,Champions
580,2024-10-15 06:53:22,3,4181.4605,78,4,4,5,13,Champions
581,2024-05-15 06:03:23,4,4684.5455,231,3,5,5,13,Potential
582,2023-07-19 06:56:42,2,903.47,532,1,2,2,5,Hibernating
583,2024-08-09 12:01:25,4,2107.3559999999998,145,4,5,3,12,Loyal
584,2023-12-09 08:38:47,2,2047.897,389,2,2,3,7,Hibernating
585,2023-07-28 07:55:33,1,89.43,523,2,1,1,4,Hibernating
586,2024-12-31 16:03:17,2,1962.093,1,5,2,3,10,Potential
587,2022-01-15 22:49:30,2,669.5459999999999,1082,1,2,1,4,Hibernating
588,2023-08-15 05:10:47,2,2885.8590000000004,505,2,2,4,8,Hibernating
589,2024-07-16 09:50:26,2,2019.165,169,3,2,3,8,Potential
590,2023-01-25 09:21:30,1,146.96,707,1,1,1,3,Hibernating
591,2024-05-05 10:59:57,2,1873.38,241,3,2,3,8,Potential
593,2023-04-07 10:58:42,1,171.2,635,1,1,1,3,Hibernating
594,2023-05-03 15:19:31,1,5.448,609,1,1,1,3,Hibernating
595,2023-07-28 00:51:42,1,966.7239999999999,523,2,1,2,5,Hibernating
597,2024-05-12 09:20:10,4,3451.3925,234,3,5,4,12,Potential
598,2023-01-30 10:26:23,1,2579.9075,702,1,1,3,5,Hibernating
599,2022-03-09 13:40:17,1,110.42,1029,1,1,1,3,Hibernating
601,2024-11-23 19:16:41,2,14662.404,39,5,2,5,12,Potential
602,2023-11-08 20:35:00,2,1404.8775,420,2,2,2,6,Hibernating
603,2024-09-14 00:57:43,2,1359.76,109,4,2,2,8,Potential
604,2024-10-25 03:36:58,3,4133.367,68,5,4,5,14,Champions
605,2024-10-17 22:04:53,3,2868.76,76,4,4,4,12,Champions
606,2024-10-27 22:35:19,2,1982.0294999999999,66,5,2,3,10,Potential
607,2024-11-25 17:00:33,2,1606.9405,37,5,2,2,9,Potential
608,2024-07-25 17:51:54,2,3190.6730000000002,160,4,2,4,10,Potential
610,2024-08-10 23:23:49,1,902.079,144,4,1,2,7,Potential
611,2024-12-26 18:36:47,3,145169.054,6,5,4,5,14,Champions
612,2024-07-15 05:45:51,2,2889.317,170,3,2,4,9,Potential
613,2024-08-25 03:18:52,2,24310.643,129,4,2,5,11,Potential
614,2024-10-14 23:27:16,1,2172.885,79,4,1,3,8,Potential
615,2022-12-27 22:01:08,1,3432.795,736,1,1,4,6,Hibernating
617,2024-04-17 01:43:17,3,2433.8064999999997,259,3,4,3,10,Potential
618,2024-12-04 07:05:13,1,1069.18,28,5,1,2,8,Potential
619,2023-11-21 21:31:04,3,6444.031500000001,407,2,4,5,11,At Risk
620,2024-06-13 17:40:35,1,977.6890000000001,202,3,1,2,6,Potential
621,2024-11-20 22:52:53,2,1429.4470000000001,42,5,2,2,9,Potential
622,2022-06-06 04:16:00,1,996.6700000000001,940,1,1,2,4,Hibernating
624,2024-10-25 02:09:44,7,3679.9004999999997,68,5,5,4,14,Champions
625,2024-06-18 19:33:06,2,1597.6545,197,3,2,2,7,Potential
626,2024-10-15 03:44:45,3,2521.3134999999997,78,4,4,3,11,Loyal
627,2023-10-20 06:38:15,1,146.98,439,2,1,1,4,Hibernating
628,2023-01-10 13:55:19,3,1876.028,722,1,4,3,8,At Risk
629,2024-07-30 00:44:46,3,2369.2889999999998,155,4,4,3,11,Loyal
630,2024-09-30 11:05:58,1,470.98,93,4,1,1,6,Potential
631,2024-12-16 14:13:36,1,704.26,16,5,1,1,7,Potential
632,2024-12-26 19:22:01,4,3806.1335,6,5,5,4,14,Champions
633,2023-10-27 18:40:54,1,3126.1645,432,2,1,4,7,Hibernating
634,2024-08-26 11:43:29,6,41632.49249999999,128,4,5,5,14,Champions
635,2023-10-19 20:57:08,4,1812.969,440,2,5,3,10,At Risk
636,2023-07-18 22:06:13,1,396.98,533,1,1,1,3,Hibernating
637,2024-05-07 11:13:12,1,652.5074999999999,239,3,1,1,5,Potential
640,2024-04-08 05:07:40,1,712.74,268,3,1,1,5,Potential
641,2024-09-29 11:32:54,4,3929.2985,94,4,5,4,13,Champions
643,2024-02-18 21:48:53,1,623.162,318,2,1,1,4,Hibernating
644,2024-03-17 18:33:32,3,2125.18,290,3,4,3,10,Potential
645,2024-05-25 18:41:12,5,3429.9705,221,3,5,4,12,Potential
646,2024-05-17 20:24:06,3,1887.526,229,3,4,3,10,Potential
647,2022-06-04 13:49:18,1,-18.107999999999947,942,1,1,1,3,Hibernating
648,2024-07-01 18:50:28,4,1331.877,184,3,5,2,10,Potential
649,2023-04-15 00:50:32,4,2861.0344999999998,627,1,5,4,10,At Risk
650,2024-10-15 06:25:44,3,3961.019,78,4,4,4,12,Champions
652,2022-09-12 22:56:00,1,514.73,842,1,1,1,3,Hibernating
653,2024-07-07 03:01:49,2,1398.9765000000002,178,3,2,2,7,Potential
654,2024-12-24 20:41:56,2,3119.0350000000003,8,5,2,4,11,Potential
655,2023-03-08 00:09:21,2,1376.195,665,1,2,2,5,Hibernating
656,2024-11-09 13:40:37,4,4041.4,53,5,5,4,14,Champions
657,2024-07-23 03:01:03,3,5389.3085,162,3,4,5,12,Potential
658,2024-09-20 22:14:37,3,2964.629,103,4,4,4,12,Champions
660,2024-01-30 11:19:23,2,2607.772,337,2,2,4,8,Hibernating
661,2024-02-27 06:49:19,2,4793.643,309,2,2,5,9,Hibernating
662,2022-11-19 05:01:34,1,1583.9,774,1,1,2,4,Hibernating
663,2024-11-17 10:10:42,2,1685.203,45,5,2,3,10,Potential
665,2024-11-14 12:09:55,4,4884.4555,48,5,5,5,15,Champions
667,2024-08-26 16:43:04,1,797.13,128,4,1,1,6,Potential
668,2023-05-03 10:35:24,1,2406.9449999999997,609,1,1,3,5,Hibernating
671,2024-02-19 09:12:56,3,3734.38,317,2,4,4,10,At Risk
672,2023-09-12 10:35:30,1,902.592,477,2,1,2,5,Hibernating
673,2024-02-06 02:19:07,4,2209.9545,330,2,5,3,10,At Risk
674,2024-09-04 10:47:47,2,2760.7855000000004,119,4,2,4,10,Potential
675,2024-06-04 22:24:03,2,2676.9385,211,3,2,4,9,Potential
677,2023-12-29 10:27:34,2,1915.82,369,2,2,3,7,Hibernating
680,2024-10-12 18:23:14,3,1263.6440000000002,81,4,4,2,10,Loyal
681,2023-08-18 11:01:36,1,705.328,502,2,1,1,4,Hibernating
682,2023-07-13 21:08:10,2,1546.6715,538,1,2,2,5,Hibernating
683,2023-06-10 19:08:26,2,1750.136,571,1,2,3,6,Hibernating
684,2024-06-30 19:19:12,3,2772.753,185,3,4,4,11,Potential
685,2024-04-28 23:33:31,2,3693.6085,248,3,2,4,9,Potential
686,2024-12-18 03:25:46,3,4289.072,14,5,4,5,14,Champions
687,2024-09-10 01:07:50,4,2701.266,113,4,5,4,13,Champions
688,2024-05-28 14:32:02,3,1526.8115,218,3,4,2,9,Potential
689,2023-09-09 18:03:02,2,107213.91399999999,480,2,2,5,9,Hibernating
691,2024-09-12 21:04:25,6,9426.813,111,4,5,5,14,Champions
692,2024-04-05 16:26:05,1,1408.27,271,3,1,2,6,Potential
693,2024-10-25 03:38:30,3,2189.638,68,5,4,3,12,Loyal
694,2024-10-01 13:23:32,1,1232.71,92,4,1,2,7,Potential
696,2023-08-03 18:31:14,2,3062.1795,517,2,2,4,8,Hibernating
697,2024-08-20 03:25:53,1,2134.4145,134,4,1,3,8,Potential
698,2022-08-19 13:40:16,1,624.1865,866,1,1,1,3,Hibernating
699,2024-05-22 01:39:36,3,2698.0339999999997,224,3,4,4,11,Potential
700,2024-10-24 23:51:29,1,646.649,69,5,1,1,7,Potential
701,2024-10-17 06:46:42,2,-198.05450000000008,76,4,2,1,7,Potential
702,2024-09-20 12:46:01,2,570.364,103,4,2,1,7,Potential
703,2024-08-26 05:15:24,5,3550.5985,128,4,5,4,13,Champions
704,2024-11-18 03:14:00,3,2533.783,44,5,4,3,12,Loyal
705,2022-12-14 00:53:16,3,3741.678,749,1,4,4,9,At Risk
706,2024-06-30 10:09:52,2,1605.022,185,3,2,2,7,Potential
708,2024-12-29 07:38:36,3,3090.838,3,5,4,4,13,Champions
709,2022-05-19 18:11:20,1,1906.3860000000004,958,1,1,3,5,Hibernating
710,2024-12-09 22:44:58,2,2043.7350000000001,23,5,2,3,10,Potential
711,2022-12-22 23:30:34,1,478.17299999999994,741,1,1,1,3,Hibernating
712,2023-04-20 02:10:32,1,1218.833,622,1,1,2,4,Hibernating
713,2022-02-01 07:12:10,1,1670.8400000000001,1065,1,1,3,5,Hibernating
714,2023-09-18 04:34:08,2,992.792,471,2,2,2,6,Hibernating
715,2024-10-30 02:44:11,2,1283.651,63,5,2,2,9,Potential
716,2024-01-14 12:13:08,2,2571.84,353,2,2,3,7,Hibernating
717,2024-08-24 01:15:19,2,1239.9305,130,4,2,2,8,Potential
718,2024-09-14 08:15:31,1,10025.7335,109,4,1,5,10,Potential
719,2024-02-15 06:31:12,1,760.46,321,2,1,1,4,Hibernating
720,2024-02-10 06:31:34,3,3072.34,326,2,4,4,10,At Risk
721,2024-01-01 14:55:19,1,2025.4099999999999,366,2,1,3,6,Hibernating
722,2024-06-24 06:54:08,4,2189.094,191,3,5,3,11,Potential
723,2024-11-19 18:56:19,2,2171.5665,43,5,2,3,10,Potential
724,2024-02-20 10:15:10,3,1632.192,316,2,4,2,8,Potential
725,2024-04-21 18:33:46,2,4516.3475,255,3,2,5,10,Potential
726,2024-12-08 05:05:31,6,10041.0495,24,5,5,5,15,Champions
727,2024-10-23 05:41:00,3,5469.433,70,5,4,5,14,Champions
728,2024-05-27 08:13:59,2,1118.789,219,3,2,2,7,Potential
729,2024-07-07 06:15:00,4,4233.1965,178,3,5,5,13,Potential
730,2024-12-15 04:18:13,1,546.606,17,5,1,1,7,Potential
731,2024-05-09 06:34:04,2,2625.333,237,3,2,4,9,Potential
732,2024-12-05 21:10:47,2,2221.2999999999997,27,5,2,3,10,Potential
733,2024-12-11 22:10:50,5,6076.735500000001,21,5,5,5,15,Champions
734,2024-10-01 05:55:43,1,1744.5900000000001,92,4,1,3,8,Potential
736,2024-12-19 16:23:58,4,4741.894,13,5,5,5,15,Champions
737,2024-01-09 13:33:22,1,1318.2705,358,2,1,2,5,Hibernating
738,2023-12-02 13:40:14,1,292.173,396,2,1,1,4,Hibernating
739,2023-05-10 01:52:36,1,1335.13,602,1,1,2,4,Hibernating
740,2024-10-13 17:10:44,4,2658.9404999999997,80,4,5,4,13,Champions
741,2024-07-13 13:57:50,2,1618.6735,172,3,2,2,7,Potential
742,2023-05-18 12:47:39,2,1199.36,594,1,2,2,5,Hibernating
743,2024-06-30 04:42:42,3,1444.2665,185,3,4,2,9,Potential
745,2024-10-30 18:18:04,1,1432.75,63,5,1,2,8,Potential
746,2024-06-13 04:44:15,1,61.15,202,3,1,1,5,Potential
747,2023-04-10 10:17:17,1,2186.2455,632,1,1,3,5,Hibernating
749,2024-11-03 00:14:28,3,2567.6335,59,5,4,3,12,Loyal
750,2023-12-08 23:45:19,2,2705.95,390,2,2,4,8,Hibernating
752,2024-12-03 17:51:35,4,2409.7955,29,5,5,3,13,Loyal
753,2023-12-01 15:39:58,2,716.2375000000001,397,2,2,1,5,Hibernating
756,2024-12-13 10:41:07,3,3509.63,19,5,4,4,13,Champions
757,2024-01-01 16:39:24,1,43.128,366,2,1,1,4,Hibernating
760,2024-10-02 09:51:49,4,8006.5305,91,4,5,5,14,Champions
761,2024-08-07 13:42:11,5,5498.7705,147,4,5,5,14,Champions
762,2024-09-12 00:46:58,6,6025.67,111,4,5,5,14,Champions
763,2024-08-31 05:23:06,2,1582.3039999999999,123,4,2,2,8,Potential
764,2024-03-06 11:41:24,3,2180.728,301,3,4,3,10,Potential
765,2023-07-24 15:02:25,3,828.55,527,2,4,1,7,Potential
767,2023-04-20 09:29:37,2,2468.1305,622,1,2,3,6,Hibernating
768,2022-02-14 05:57:44,1,16.813,1052,1,1,1,3,Hibernating
770,2024-06-25 19:50:11,2,1062.92,190,3,2,2,7,Potential
771,2024-03-05 11:33:57,1,1156.4534999999998,302,3,1,2,6,Potential
772,2024-08-29 21:20:02,2,2923.1040000000003,125,4,2,4,10,Potential
773,2024-03-09 21:17:48,5,5241.078,298,3,5,5,13,Potential
774,2024-04-23 16:14:15,1,1403.469,253,3,1,2,6,Potential
775,2024-12-28 00:29:41,4,4050.726,4,5,5,4,14,Champions
777,2023-11-26 19:08:01,1,1678.68,402,2,1,3,6,Hibernating
778,2024-05-22 17:05:22,2,1415.1580000000001,224,3,2,2,7,Potential
781,2024-12-07 19:12:43,1,972.6129999999999,25,5,1,2,8,Potential
782,2023-10-02 14:00:35,1,1626.828,457,2,1,2,5,Hibernating
783,2024-09-08 10:19:48,4,4023.3644999999997,115,4,5,4,13,Champions
785,2023-01-12 02:20:18,1,22053.24,720,1,1,5,7,Hibernating
786,2024-08-30 16:41:37,3,3938.43,124,4,4,4,12,Champions
787,2024-12-28 23:08:55,2,4405.01,4,5,2,5,12,Potential
788,2024-10-24 04:03:11,2,1931.416,69,5,2,3,10,Potential
789,2024-02-15 04:39:07,2,5544.53,321,2,2,5,9,Hibernating
790,2024-07-24 09:18:48,3,3650.9525,161,3,4,4,11,Potential
791,2023-06-09 03:45:43,1,2786.205,572,1,1,4,6,Hibernating
792,2024-01-24 10:30:01,2,1129.118,343,2,2,2,6,Hibernating
793,2024-04-20 06:06:13,5,3936.1545,256,3,5,4,12,Potential
794,2024-11-30 10:09:12,2,2952.64,32,5,2,4,11,Potential
795,2024-07-01 01:25:56,2,2693.2635,184,3,2,4,9,Potential
796,2024-08-01 21:32:03,2,1379.228,153,4,2,2,8,Potential
797,2024-11-11 01:07:52,5,3719.023,51,5,5,4,14,Champions
798,2024-04-20 17:11:08,1,2330.098,256,3,1,3,7,Potential
799,2023-12-13 20:12:45,2,893.8275,385,2,2,2,6,Hibernating
800,2024-07-23 19:35:27,2,3026.251,162,3,2,4,9,Potential
801,2024-02-25 19:26:53,1,2112.1655,311,2,1,3,6,Hibernating
802,2024-09-29 05:04:38,2,659.5985,94,4,2,1,7,Potential
803,2022-08-04 00:23:13,1,422.024,881,1,1,1,3,Hibernating
804,2022-04-20 21:28:22,1,211.242,987,1,1,1,3,Hibernating
805,2024-12-10 13:32:30,3,4506.3605,22,5,4,5,14,Champions
806,2023-04-11 15:25:07,2,1979.9415,631,1,2,3,6,Hibernating
807,2024-09-15 01:21:18,3,6659.954,108,4,4,5,13,Champions
808,2023-07-07 09:56:48,1,1029.46,544,1,1,2,4,Hibernating
809,2024-09-09 04:38:37,3,2572.972,114,4,4,3,11,Loyal
810,2024-10-30 15:53:49,4,2151.857,63,5,5,3,13,Loyal
811,2024-07-22 10:32:26,3,4211.845,163,3,4,5,12,Potential
812,2023-05-08 17:53:43,1,2441.478,604,1,1,3,5,Hibernating
813,2024-05-18 20:47:56,2,4541.664,228,3,2,5,10,Potential
814,2024-04-08 02:33:15,1,445.65,268,3,1,1,5,Potential
816,2023-10-17 20:34:02,5,2558.656,442,2,5,3,10,At Risk
817,2024-12-04 06:13:50,5,1986.73,28,5,5,3,13,Loyal
819,2024-12-28 01:38:29,3,2578.6270000000004,4,5,4,3,12,Loyal
820,2023-06-02 06:20:00,2,3591.3145000000004,579,1,2,4,7,Hibernating
821,2024-11-17 09:02:21,3,4056.09,45,5,4,4,13,Champions
822,2023-10-24 04:39:00,2,3105.688,435,2,2,4,8,Hibernating
823,2024-04-28 06:57:53,1,218.79,248,3,1,1,5,Potential
824,2023-02-14 14:27:04,3,-5953.752499999999,687,1,4,1,6,Potential
825,2023-09-24 22:59:52,1,533.398,465,2,1,1,4,Hibernating
826,2023-05-12 01:53:11,2,4398.129,600,1,2,5,8,Hibernating
828,2023-12-25 03:45:29,2,1092.41,373,2,2,2,6,Hibernating
829,2024-12-26 17:54:08,4,2110.08,6,5,5,3,13,Loyal
830,2024-12-23 08:51:26,4,3564.258,9,5,5,4,14,Champions
831,2022-10-30 12:47:02,1,797.3765000000001,794,1,1,1,3,Hibernating
832,2024-11-07 09:05:26,3,954.4269999999999,55,5,4,2,11,Loyal
833,2023-07-25 04:09:36,1,90.93,526,2,1,1,4,Hibernating
834,2024-01-25 07:03:19,1,925.2719999999999,342,2,1,2,5,Hibernating
835,2024-10-26 03:02:35,5,37055.8875,67,5,5,5,15,Champions
837,2024-07-28 12:09:41,2,1337.535,157,4,2,2,8,Potential
838,2023-08-07 18:23:10,3,3923.4205,513,2,4,4,10,At Risk
839,2024-03-29 19:19:30,3,4032.6185,278,3,4,4,11,Potential
840,2024-05-22 19:08:11,1,1477.682,224,3,1,2,6,Potential
841,2023-09-28 07:16:52,2,693.111,461,2,2,1,5,Hibernating
844,2024-01-19 06:46:45,3,2631.88,348,2,4,4,10,At Risk
845,2024-01-10 09:34:46,1,2127.632,357,2,1,3,6,Hibernating
846,2023-01-20 01:22:23,1,276.2695,712,1,1,1,3,Hibernating
847,2023-05-28 20:51:36,1,1864.4310000000003,584,1,1,3,5,Hibernating
848,2023-02-11 22:57:15,1,2038.674,690,1,1,3,5,Hibernating
849,2024-01-13 22:13:45,1,362.18,354,2,1,1,4,Hibernating
851,2024-09-06 02:35:31,2,804.467,117,4,2,1,7,Potential
852,2024-08-02 02:34:54,5,2396.7000000000003,152,4,5,3,12,Loyal
853,2023-09-12 10:04:19,2,5053.165,477,2,2,5,9,Hibernating
854,2023-04-19 12:19:01,1,456.96,623,1,1,1,3,Hibernating
855,2023-09-25 03:15:04,2,5106.675,464,2,2,5,9,Hibernating
856,2023-03-18 13:43:18,3,6604.2595,655,1,4,5,10,At Risk
858,2024-03-05 14:49:01,2,554.696,302,3,2,1,6,Potential
859,2022-05-19 21:13:20,1,1380.643,958,1,1,2,4,Hibernating
861,2024-12-15 19:35:12,3,4903.175,17,5,4,5,14,Champions
862,2024-06-07 19:36:25,3,3530.678,208,3,4,4,11,Potential
863,2023-06-09 19:02:15,3,1561.6985,572,1,4,2,7,Potential
864,2024-09-19 04:46:19,2,2615.7195,104,4,2,4,10,Potential
865,2024-09-14 22:44:15,2,1492.6499999999999,109,4,2,2,8,Potential
866,2023-08-16 02:18:28,3,3341.195,504,2,4,4,10,At Risk
868,2024-01-31 16:59:39,3,4961.731,336,2,4,5,11,At Risk
869,2024-10-03 00:18:36,4,4071.1725000000006,90,4,5,5,14,Champions
870,2024-02-21 13:24:22,1,676.0959999999999,315,2,1,1,4,Hibernating
871,2023-04-13 21:34:11,2,2038.879,629,1,2,3,6,Hibernating
872,2024-02-25 19:59:24,4,5731.3205,311,2,5,5,12,At Risk
873,2023-10-17 13:43:36,3,2138.412,442,2,4,3,9,At Risk
874,2024-07-09 00:44:15,1,1055.694,176,3,1,2,6,Potential
875,2022-01-25 11:35:52,1,1513.2900000000002,1072,1,1,2,4,Hibernating
876,2024-09-15 01:56:16,2,15800.231999999998,108,4,2,5,11,Potential
877,2024-04-23 06:13:58,2,2287.562,253,3,2,3,8,Potential
880,2024-07-20 07:33:35,5,4259.839,165,3,5,5,13,Potential
881,2024-03-04 09:09:28,3,1940.851,303,3,4,3,10,Potential
882,2024-10-25 20:34:11,3,2473.3835,68,5,4,3,12,Loyal
883,2024-09-22 10:13:02,4,15453.748,101,4,5,5,14,Champions
884,2024-10-30 15:22:52,1,548.49,63,5,1,1,7,Potential
885,2022-12-01 18:53:30,2,17765.2775,762,1,2,5,8,Hibernating
886,2023-04-09 05:17:02,1,10.242,633,1,1,1,3,Hibernating
887,2022-05-31 16:40:03,1,1230.17,946,1,1,2,4,Hibernating
888,2024-12-30 10:19:05,4,4269.385499999999,2,5,5,5,15,Champions
889,2024-12-22 22:55:52,5,4398.862,10,5,5,5,15,Champions
890,2024-09-04 11:17:50,4,11380.1595,119,4,5,5,14,Champions
891,2023-01-15 16:09:27,3,4184.7035,717,1,4,5,10,At Risk
892,2024-06-07 07:20:26,2,1244.56,208,3,2,2,7,Potential
894,2023-12-15 05:45:35,1,754.14,383,2,1,1,4,Hibernating
895,2024-09-11 22:52:55,2,2048.0015,112,4,2,3,9,Potential
896,2024-12-23 11:15:40,1,1957.9159999999997,9,5,1,3,9,Potential
897,2024-06-13 02:24:17,4,7766.322,202,3,5,5,13,Potential
898,2024-06-17 08:48:40,5,4563.1305,198,3,5,5,13,Potential
900,2024-10-06 00:20:46,1,1190.444,87,4,1,2,7,Potential
901,2023-09-18 12:45:54,2,1995.024,471,2,2,3,7,Hibernating
903,2024-08-24 16:12:59,3,-19.272999999999982,130,4,4,1,9,Loyal
904,2022-10-17 20:07:55,1,337.433,807,1,1,1,3,Hibernating
905,2023-02-13 04:15:31,1,1218.33,688,1,1,2,4,Hibernating
906,2023-10-11 17:27:28,3,2616.152,448,2,4,4,10,At Risk
907,2024-07-15 12:41:10,2,826.5619999999999,170,3,2,1,6,Potential
908,2023-03-31 21:08:40,3,4703.4685,642,1,4,5,10,At Risk
909,2024-12-17 21:40:24,2,2660.3199999999997,15,5,2,4,11,Potential
910,2023-07-30 13:14:36,1,842.51,521,2,1,1,4,Hibernating
912,2024-11-11 01:15:31,3,4509.0275,51,5,4,5,14,Champions
913,2024-09-27 06:10:27,4,4082.2355,96,4,5,5,14,Champions
914,2024-04-20 08:54:49,1,1037.413,256,3,1,2,6,Potential
915,2024-02-15 04:52:52,3,2837.6335,321,2,4,4,10,At Risk
916,2024-10-29 11:02:39,5,15819.357,64,5,5,5,15,Champions
917,2023-08-19 23:19:46,1,1769.23,501,2,1,3,6,Hibernating
918,2023-10-21 06:38:21,3,4962.088,438,2,4,5,11,At Risk
919,2024-05-08 01:49:51,3,2306.319,238,3,4,3,10,Potential
920,2024-11-30 18:46:51,3,5510.366,32,5,4,5,14,Champions
921,2024-12-15 09:38:19,7,6270.3495,17,5,5,5,15,Champions
922,2024-04-12 13:14:17,3,2923.5209999999997,264,3,4,4,11,Potential
923,2024-08-15 06:41:01,2,3418.035,139,4,2,4,10,Potential
924,2023-03-25 12:10:39,1,692.2205,648,1,1,1,3,Hibernating
925,2024-11-21 05:32:49,2,1823.629,41,5,2,3,10,Potential
926,2024-03-17 19:12:44,1,-34379.53,290,3,1,1,5,Potential
927,2023-01-24 21:47:32,1,417.1545,708,1,1,1,3,Hibernating
928,2024-10-10 16:22:00,1,39.56,83,4,1,1,6,Potential
929,2024-01-09 14:36:58,1,194.565,358,2,1,1,4,Hibernating
930,2024-01-12 04:51:59,2,2468.36,355,2,2,3,7,Hibernating
932,2024-11-16 23:43:58,2,2390.014,46,5,2,3,10,Potential
933,2024-06-26 14:27:09,2,5093.443,189,3,2,5,10,Potential
934,2023-12-21 10:34:24,3,1302.767,377,2,4,2,8,Potential
935,2024-03-10 12:15:55,2,2030.9025,297,3,2,3,8,Potential
936,2024-11-27 12:46:13,2,526.292,35,5,2,1,8,Potential
937,2024-03-23 22:22:31,2,2202.4700000000003,284,3,2,3,8,Potential
938,2024-09-07 12:27:26,3,3826.033,116,4,4,4,12,Champions
941,2024-09-21 02:13:58,3,1545.522,102,4,4,2,10,Loyal
943,2024-07-26 11:54:51,6,7328.818,159,4,5,5,14,Champions
945,2024-10-11 04:05:11,2,1986.6999999999998,82,4,2,3,9,Potential
946,2023-08-04 12:01:22,3,1984.8155000000002,516,2,4,3,9,At Risk
948,2024-05-11 00:40:17,1,2908.099,235,3,1,4,8,Potential
949,2024-10-20 16:27:34,3,5785.284,73,4,4,5,13,Champions
950,2024-05-16 15:33:23,3,1814.1205000000002,230,3,4,3,10,Potential
951,2023-09-18 06:12:58,1,1084.25,471,2,1,2,5,Hibernating
952,2024-01-21 06:52:07,5,5721.5155,346,2,5,5,12,At Risk
953,2024-08-24 15:34:45,1,446.063,130,4,1,1,6,Potential
956,2024-09-20 00:35:33,2,2259.3925,103,4,2,3,9,Potential
957,2024-12-30 18:58:43,3,3923.5660000000003,2,5,4,4,13,Champions
958,2024-08-24 05:46:39,2,1475.86,130,4,2,2,8,Potential
959,2023-10-18 02:19:37,3,4117.3769999999995,441,2,4,5,11,At Risk
960,2023-06-20 21:44:05,3,3780.011,561,1,4,4,9,At Risk
961,2024-11-05 03:54:58,2,732.511,57,5,2,1,8,Potential
962,2024-08-04 02:47:47,1,620.483,150,4,1,1,6,Potential
963,2023-10-03 04:36:55,1,147.626,456,2,1,1,4,Hibernating
964,2022-04-05 09:39:23,2,3319.714,1002,1,2,4,7,Hibernating
965,2023-11-02 04:51:24,2,686.4145000000001,426,2,2,1,5,Hibernating
966,2023-11-05 19:36:46,1,217.73,423,2,1,1,4,Hibernating
967,2024-01-12 16:38:06,2,1303.5665000000001,355,2,2,2,6,Hibernating
968,2022-05-30 02:29:14,2,1664.6399999999999,947,1,2,3,6,Hibernating
969,2023-07-31 11:43:28,3,3460.668,520,2,4,4,10,At Risk
970,2024-12-13 03:49:19,1,1010.3364999999999,19,5,1,2,8,Potential
971,2024-06-22 12:43:16,6,28818.998999999996,193,3,5,5,13,Potential
972,2024-10-08 15:45:13,3,3680.682,85,4,4,4,12,Champions
973,2024-04-14 04:49:03,2,1578.264,262,3,2,2,7,Potential
974,2022-10-24 19:31:47,3,2230.967,800,1,4,3,8,At Risk
975,2024-06-02 22:16:22,1,1574.8000000000002,213,3,1,2,6,Potential
976,2023-08-16 07:35:53,2,30173.74,504,2,2,5,9,Hibernating
977,2024-08-24 16:20:32,4,4370.198,130,4,5,5,14,Champions
978,2023-06-21 07:04:34,1,2012.481,560,1,1,3,5,Hibernating
979,2024-10-09 00:30:09,1,757.4225,84,4,1,1,6,Potential
980,2024-08-12 00:39:27,2,1617.393,142,4,2,2,8,Potential
981,2023-01-31 13:50:45,3,5829.0605,701,1,4,5,10,At Risk
982,2024-01-24 21:25:36,2,2349.607,343,2,2,3,7,Hibernating
983,2024-02-11 13:45:05,2,841.0224999999999,325,2,2,1,5,Hibernating
985,2024-12-21 00:26:32,2,1996.9,11,5,2,3,10,Potential
986,2024-08-04 14:35:32,2,3833.9880000000003,150,4,2,4,10,Potential
987,2024-12-05 22:22:24,2,2094.748,27,5,2,3,10,Potential
988,2024-06-17 03:53:33,4,37380.682499999995,198,3,5,5,13,Potential
989,2024-11-15 19:11:10,1,13393.632,47,5,1,5,11,Potential
991,2024-08-25 09:17:58,2,3360.9895,129,4,2,4,10,Potential
992,2024-07-19 15:01:40,5,3773.557,166,3,5,4,12,Potential
993,2023-07-08 07:26:12,2,634.29,543,1,2,1,4,Hibernating
994,2024-08-14 14:36:18,2,2870.3610000000003,140,4,2,4,10,Potential
995,2023-10-19 07:21:03,4,4387.098,440,2,5,5,12,At Risk
996,2024-09-19 13:18:48,2,2660.007,104,4,2,4,10,Potential
997,2024-10-02 14:58:30,2,1280.3680000000002,91,4,2,2,8,Potential
998,2024-12-16 14:17:38,3,2745.0170000000003,16,5,4,4,13,Champions
999,2024-08-12 04:37:36,1,3118.401,142,4,1,4,9,Potential
1000,2024-10-07 07:02:09,3,2017.1165,86,4,4,3,11,Loyal
1001,2024-03-30 20:35:29,3,4157.2435000000005,277,3,4,5,12,Potential
1002,2024-08-06 06:23:01,5,5973.5815,148,4,5,5,14,Champions
1003,2023-07-03 02:26:52,2,-206.4025,548,1,2,1,4,Hibernating
1004,2024-04-25 13:12:33,2,974.54,251,3,2,2,7,Potential
1005,2024-12-18 03:14:06,1,1502.7060000000001,14,5,1,2,8,Potential
1006,2023-12-30 06:17:06,3,4162.975,368,2,4,5,11,At Risk
1007,2024-09-08 04:30:40,2,2872.0885,115,4,2,4,10,Potential
1008,2024-03-30 03:05:27,4,2001.3759999999997,277,3,5,3,11,Potential
1009,2024-07-23 16:05:54,3,3908.5295,162,3,4,4,11,Potential
1011,2024-05-14 22:04:49,1,2840.5879999999997,232,3,1,4,8,Potential
1012,2023-12-08 17:45:15,3,8314.710000000001,390,2,4,5,11,At Risk
1013,2024-12-15 15:37:13,1,512.6600000000001,17,5,1,1,7,Potential
1014,2024-09-02 09:06:31,2,5388.291499999999,121,4,2,5,11,Potential
1015,2024-01-08 07:49:18,2,5038.5725,359,2,2,5,9,Hibernating
1016,2024-07-06 23:04:11,1,1157.49,179,3,1,2,6,Potential
1019,2023-02-08 11:08:26,1,1062.1505,693,1,1,2,4,Hibernating
1021,2024-03-02 05:18:36,1,1415.3224999999998,305,3,1,2,6,Potential
1022,2024-11-09 12:00:04,2,3087.7780000000002,53,5,2,4,11,Potential
1023,2024-03-06 01:50:24,4,2755.7554999999998,301,3,5,4,12,Potential
1024,2023-10-09 06:13:02,1,-588.6769999999999,450,2,1,1,4,Hibernating
1025,2024-07-31 22:02:57,1,2378.811,154,4,1,3,8,Potential
1026,2024-07-20 12:58:54,3,733.743,165,3,4,1,8,Potential
1027,2024-10-16 09:14:50,1,456.96,77,4,1,1,6,Potential
1028,2022-03-29 17:34:13,1,261.44949999999994,1009,1,1,1,3,Hibernating
1030,2024-09-09 03:52:29,6,3852.097,114,4,5,4,13,Champions
1031,2024-09-21 15:50:41,3,2250.4465,102,4,4,3,11,Loyal
1032,2022-07-30 09:13:25,2,1537.8315,886,1,2,2,5,Hibernating
1034,2023-06-20 17:01:30,1,2916.6800000000003,561,1,1,4,6,Hibernating
1035,2024-08-22 05:35:33,4,2342.5860000000002,132,4,5,3,12,Loyal
1036,2024-10-01 02:56:07,3,2410.408,92,4,4,3,11,Loyal
1037,2024-11-18 01:56:50,1,1023.641,44,5,1,2,8,Potential
1038,2024-07-03 13:52:20,3,2124.214,182,3,4,3,10,Potential
1039,2024-11-04 15:50:48,2,3549.482,58,5,2,4,11,Potential
1040,2024-12-06 22:40:32,2,2632.5315,26,5,2,4,11,Potential
1041,2024-09-28 11:05:21,2,3068.0449999999996,95,4,2,4,10,Potential
1042,2024-11-28 05:30:28,1,1174.56,34,5,1,2,8,Potential
1043,2024-08-19 16:24:22,3,1661.6419999999998,135,4,4,2,10,Loyal
1044,2024-10-07 13:31:55,6,4835.751,86,4,5,5,14,Champions
1046,2023-10-08 09:27:08,1,274.11,451,2,1,1,4,Hibernating
1048,2024-10-10 15:26:32,3,3217.5969999999998,83,4,4,4,12,Champions
1049,2022-11-28 20:22:37,3,3080.129,765,1,4,4,9,At Risk
1050,2024-01-11 12:54:13,3,2712.34,356,2,4,4,10,At Risk
1051,2022-02-12 17:08:03,1,1313.806,1054,1,1,2,4,Hibernating
1052,2024-01-11 17:28:51,4,4319.6215,356,2,5,5,12,At Risk
1053,2023-06-24 08:00:18,1,43.35,557,1,1,1,3,Hibernating
1054,2023-02-25 02:14:34,1,103.53,676,1,1,1,3,Hibernating
1056,2023-05-06 22:50:46,1,4561.52,606,1,1,5,7,Hibernating
1057,2024-09-02 11:58:59,3,2475.1905,121,4,4,3,11,Loyal
1058,2023-09-10 18:56:28,4,5774.74,479,2,5,5,12,At Risk
1059,2023-12-30 09:40:14,1,590.8525,368,2,1,1,4,Hibernating
1060,2023-07-26 21:05:14,2,1370.5115,525,2,2,2,6,Hibernating
1062,2024-10-02 20:34:02,1,701.109,91,4,1,1,6,Potential
1063,2024-11-19 08:05:16,1,1556.8694999999998,43,5,1,2,8,Potential
1064,2024-08-17 00:44:37,4,5678.1975,137,4,5,5,14,Champions
1066,2024-10-14 03:18:51,4,6429.68,79,4,5,5,14,Champions
1067,2023-11-03 13:38:05,1,13474.644,425,2,1,5,8,Hibernating
1068,2024-10-29 14:26:19,3,1869.729,64,5,4,3,12,Loyal
1069,2023-11-11 05:38:23,1,-162.75,417,2,1,1,4,Hibernating
1070,2024-12-09 05:57:52,5,3458.9595,23,5,5,4,14,Champions
1072,2022-08-13 12:44:11,1,315.40599999999995,872,1,1,1,3,Hibernating
1073,2024-11-02 16:27:51,3,3515.902,60,5,4,4,13,Champions
1074,2024-08-06 07:22:19,2,2088.1994999999997,148,4,2,3,9,Potential
1075,2024-10-18 06:33:10,3,14332.331999999999,75,4,4,5,13,Champions
1076,2023-05-30 16:02:55,3,1345.408,582,1,4,2,7,Potential
1077,2024-07-19 08:14:24,2,3212.733,166,3,2,4,9,Potential
1078,2024-09-30 11:00:17,1,1974.0265,93,4,1,3,8,Potential
1079,2024-10-10 19:06:36,2,1418.924,83,4,2,2,8,Potential
1081,2024-01-21 13:08:54,3,5414.064,346,2,4,5,11,At Risk
1082,2024-08-10 07:29:50,2,1718.979,144,4,2,3,9,Potential
1084,2023-02-25 07:16:30,1,1649.208,676,1,1,2,4,Hibernating
1085,2024-12-09 10:08:04,6,9323.287,23,5,5,5,15,Champions
1086,2023-06-22 03:48:54,1,1418.1689999999999,559,1,1,2,4,Hibernating
1088,2023-07-24 13:45:28,1,862.37,527,2,1,1,4,Hibernating
1090,2022-11-22 04:16:51,1,274.11,771,1,1,1,3,Hibernating
1091,2022-05-10 23:46:08,1,1275.95,967,1,1,2,4,Hibernating
1092,2024-08-22 22:50:56,6,2925.014,132,4,5,4,13,Champions
1093,2024-10-06 07:33:27,3,2099.577,87,4,4,3,11,Loyal
1094,2024-07-13 07:02:51,3,2944.2595,172,3,4,4,11,Potential
1095,2022-12-13 18:03:59,1,855.684,750,1,1,1,3,Hibernating
1096,2024-08-06 21:38:01,1,372.49300000000005,148,4,1,1,6,Potential
1097,2024-04-06 20:41:51,5,7200.048,270,3,5,5,13,Potential
1098,2023-11-28 20:26:22,1,12287.756,400,2,1,5,8,Hibernating
1099,2024-10-04 23:08:46,4,4617.6415,89,4,5,5,14,Champions
1100,2024-12-29 07:27:54,6,6412.872,3,5,5,5,15,Champions
1101,2024-11-23 03:05:44,2,2021.0359999999998,39,5,2,3,10,Potential
1102,2024-01-20 06:12:02,1,1054.1009999999999,347,2,1,2,5,Hibernating
1103,2024-11-07 08:37:40,3,4657.1025,55,5,4,5,14,Champions
1104,2024-12-22 18:17:46,3,11668.371,10,5,4,5,14,Champions
1105,2024-05-06 00:06:36,2,2211.27,240,3,2,3,8,Potential
1106,2024-11-24 19:05:38,3,1331.377,38,5,4,2,11,Loyal
1107,2024-05-10 18:57:43,2,1782.6855,236,3,2,3,8,Potential
1108,2024-12-13 21:10:52,4,4290.892,19,5,5,5,15,Champions
1109,2024-10-15 03:34:25,4,1824.079,78,4,5,3,12,Loyal
1111,2024-10-10 20:07:08,3,4687.663500000001,83,4,4,5,13,Champions
1112,2023-12-26 21:49:28,1,364.99,372,2,1,1,4,Hibernating
1113,2023-05-02 23:33:07,1,765.54,610,1,1,1,3,Hibernating
1114,2024-08-09 02:13:14,3,2231.707,145,4,4,3,11,Loyal
1115,2024-12-18 00:12:35,4,3824.864,14,5,5,4,14,Champions
1116,2024-12-20 07:31:35,2,1121.2,12,5,2,2,9,Potential
1117,2023-08-11 23:40:05,2,1842.718,509,2,2,3,7,Hibernating
1118,2024-02-15 11:15:50,2,4181.458,321,2,2,5,9,Hibernating
1119,2024-09-08 04:46:27,1,583.528,115,4,1,1,6,Potential
1120,2023-03-14 19:39:31,3,4100.5895,659,1,4,5,10,At Risk
1121,2024-04-26 14:13:06,1,631.35,250,3,1,1,5,Potential
1122,2023-10-28 18:25:22,1,829.9360000000001,431,2,1,1,4,Hibernating
1123,2024-12-02 05:43:10,2,2134.2215,30,5,2,3,10,Potential
1124,2024-10-13 19:23:16,3,4398.7845,80,4,4,5,13,Champions
1125,2023-05-10 13:13:10,2,2642.497,602,1,2,4,7,Hibernating
1126,2024-11-03 13:44:48,3,10401.836,59,5,4,5,14,Champions
1127,2023-06-30 13:41:44,5,31570.420000000002,551,1,5,5,11,At Risk
1128,2024-10-22 19:54:18,2,3099.2380000000003,71,5,2,4,11,Potential
1129,2024-07-27 01:52:58,3,1643.4140000000002,158,4,4,2,10,Loyal
1131,2024-08-02 15:14:09,4,3827.4480000000003,152,4,5,4,13,Champions
1132,2024-10-20 12:01:54,1,1470.3579999999997,73,4,1,2,7,Potential
1133,2023-12-07 21:52:37,3,3205.7755,391,2,4,4,10,At Risk
1134,2024-03-12 09:53:00,3,2490.4165000000003,295,3,4,3,10,Potential
1135,2024-12-07 09:19:52,2,1870.5404999999998,25,5,2,3,10,Potential
1136,2024-12-31 07:01:17,2,2463.551,1,5,2,3,10,Potential
1137,2023-06-03 19:06:07,2,1241.142,578,1,2,2,5,Hibernating
1138,2023-03-08 11:50:57,3,6116.8765,665,1,4,5,10,At Risk
1141,2024-02-26 18:53:42,1,2473.6679999999997,310,2,1,3,6,Hibernating
1142,2024-12-30 16:47:47,3,3950.09,2,5,4,4,13,Champions
1143,2023-10-15 22:41:12,1,274.7155,444,2,1,1,4,Hibernating
1144,2023-12-29 01:41:35,2,2201.2075,369,2,2,3,7,Hibernating
1145,2024-10-14 02:55:21,3,3513.327,79,4,4,4,12,Champions
1146,2024-06-06 23:01:00,2,2009.093,209,3,2,3,8,Potential
1147,2023-03-14 02:06:42,1,653.8229999999999,659,1,1,1,3,Hibernating
1148,2024-07-04 11:06:23,3,2742.3395,181,3,4,4,11,Potential
1149,2024-09-07 01:39:44,3,2829.3954999999996,116,4,4,4,12,Champions
1150,2024-11-29 01:41:20,2,3028.194,33,5,2,4,11,Potential
1151,2024-12-05 22:48:28,4,3826.3075,27,5,5,4,14,Champions
1153,2022-10-13 21:38:57,2,-67.60750000000002,811,1,2,1,4,Hibernating
1154,2024-12-31 23:58:14,5,2547.351,1,5,5,3,13,Loyal
1155,2024-02-20 06:34:32,3,2787.429,316,2,4,4,10,At Risk
1156,2023-07-29 09:14:04,1,2929.71,522,2,1,4,7,Hibernating
1158,2022-10-19 04:51:05,4,6932.342000000001,805,1,5,5,11,At Risk
1159,2024-06-06 16:28:24,1,2052.0119999999997,209,3,1,3,7,Potential
1160,2024-12-08 12:01:16,3,525.5020000000001,24,5,4,1,10,Loyal
1161,2023-12-07 08:23:45,1,567.69,391,2,1,1,4,Hibernating
1162,2023-08-03 17:33:24,2,2257.333,517,2,2,3,7,Hibernating
1163,2024-04-01 09:52:01,2,2126.4,275,3,2,3,8,Potential
1164,2024-05-17 23:20:56,1,855.4625,229,3,1,1,5,Potential
1165,2024-01-04 06:12:51,1,54.35,363,2,1,1,4,Hibernating
1166,2023-07-10 23:32:08,2,4382.6955,541,1,2,5,8,Hibernating
1167,2024-12-30 17:22:33,5,6342.3755,2,5,5,5,15,Champions
1168,2023-11-18 19:13:54,1,2524.9945,410,2,1,3,6,Hibernating
1169,2024-02-29 15:49:53,1,2151.9269999999997,307,2,1,3,6,Hibernating
1170,2022-06-21 09:48:53,1,473.03049999999996,925,1,1,1,3,Hibernating
1171,2024-08-22 20:32:29,5,6001.1885,132,4,5,5,14,Champions
1172,2024-04-10 16:17:15,2,1653.23,266,3,2,2,7,Potential
1173,2024-07-05 00:26:43,5,3742.343,180,3,5,4,12,Potential
1174,2024-12-29 01:41:39,4,1348.441,3,5,5,2,12,Loyal
1175,2023-01-09 08:47:22,2,1165.78,723,1,2,2,5,Hibernating
1176,2023-07-09 00:41:17,2,1055.7365,542,1,2,2,5,Hibernating
1177,2023-03-18 04:07:46,1,126.53,655,1,1,1,3,Hibernating
1178,2022-08-31 11:55:40,1,314.57649999999995,854,1,1,1,3,Hibernating
1179,2023-03-20 20:23:58,4,2038.7869999999998,653,1,5,3,9,At Risk
1180,2024-08-14 21:55:22,5,42127.627,140,4,5,5,14,Champions
1181,2024-03-08 19:42:48,2,1010.098,299,3,2,2,7,Potential
1182,2024-04-24 18:44:14,4,4137.402,252,3,5,5,13,Potential
1183,2024-12-25 12:55:59,2,1698.7240000000002,7,5,2,3,10,Potential
1184,2023-10-09 07:47:30,2,3260.224,450,2,2,4,8,Hibernating
1185,2022-07-06 13:11:25,1,721.4300000000001,910,1,1,1,3,Hibernating
1186,2024-08-01 13:06:10,2,2303.7740000000003,153,4,2,3,9,Potential
1187,2024-07-22 08:23:44,3,6051.9665,163,3,4,5,12,Potential
1188,2024-08-19 19:56:25,4,5536.2095,135,4,5,5,14,Champions
1189,2023-07-06 13:13:43,1,727.02,545,1,1,1,3,Hibernating
1190,2024-10-19 00:02:15,4,1214.0565,74,4,5,2,11,Loyal
1191,2024-10-17 00:05:54,1,217.73,76,4,1,1,6,Potential
1192,2024-06-17 08:42:41,2,1985.2965,198,3,2,3,8,Potential
1193,2024-05-08 05:02:05,1,1636.6,238,3,1,2,6,Potential
1194,2024-12-30 14:19:16,2,1866.5834999999997,2,5,2,3,10,Potential
1196,2024-09-01 13:38:09,1,594.99,122,4,1,1,6,Potential
1197,2023-03-05 13:23:32,1,251.45,668,1,1,1,3,Hibernating
1198,2024-12-01 10:26:58,4,3914.9515,31,5,5,4,14,Champions
1199,2024-04-23 13:14:06,4,10150.555,253,3,5,5,13,Potential
1200,2024-06-08 15:10:55,1,629.6800000000001,207,3,1,1,5,Potential
1201,2024-11-01 04:04:44,2,3484.065,61,5,2,4,11,Potential
1203,2024-07-08 01:08:41,3,1890.5055,177,3,4,3,10,Potential
1204,2024-07-26 13:07:55,2,1357.55,159,4,2,2,8,Potential
1205,2024-09-13 06:18:57,2,2718.468,110,4,2,4,10,Potential
1206,2024-03-31 14:39:44,2,1384.6455,276,3,2,2,7,Potential
1207,2023-04-04 12:51:02,1,2123.4759999999997,638,1,1,3,5,Hibernating
1208,2024-08-17 19:37:40,1,1907.502,137,4,1,3,8,Potential
1210,2024-05-11 21:21:31,5,2511.764,235,3,5,3,11,Potential
1211,2024-09-10 18:00:43,4,2537.747,113,4,5,3,12,Loyal
1212,2024-08-23 12:50:34,5,8104.9855,131,4,5,5,14,Champions
1213,2024-12-29 01:05:23,1,687.477,3,5,1,1,7,Potential
1214,2024-07-08 23:18:51,3,5072.5835,177,3,4,5,12,Potential
1215,2022-09-07 22:03:11,1,1898.292,847,1,1,3,5,Hibernating
1216,2024-10-23 21:50:49,3,1189.048,70,5,4,2,11,Loyal
1217,2024-08-12 07:31:00,4,77530.8095,142,4,5,5,14,Champions
1218,2024-06-10 20:00:38,4,7589.219,205,3,5,5,13,Potential
1219,2022-09-09 22:17:43,1,-536.46,845,1,1,1,3,Hibernating
1220,2024-02-01 14:06:07,2,3215.9210000000003,335,2,2,4,8,Hibernating
1221,2024-12-15 04:20:16,1,1106.5275,17,5,1,2,8,Potential
1223,2024-08-01 15:30:46,7,8972.664,153,4,5,5,14,Champions
1224,2024-11-20 16:57:04,3,868.6075000000001,42,5,4,1,10,Loyal
1225,2024-10-28 13:47:18,3,2884.36,65,5,4,4,13,Champions
1226,2023-07-08 13:05:57,1,166.46099999999998,543,1,1,1,3,Hibernating
1228,2023-11-22 15:07:00,3,2622.5665,406,2,4,4,10,At Risk
1229,2023-08-25 21:07:49,1,1372.272,495,2,1,2,5,Hibernating
1230,2024-11-09 16:18:39,4,4499.4105,53,5,5,5,15,Champions
1231,2024-02-28 09:34:11,2,1447.474,308,2,2,2,6,Hibernating
1232,2024-02-22 09:10:47,4,1954.4499999999998,314,2,5,3,10,At Risk
1233,2024-08-08 11:33:14,4,3669.6014999999998,146,4,5,4,13,Champions
1235,2024-12-02 03:46:22,2,3451.121,30,5,2,4,11,Potential
1236,2022-01-02 09:07:07,1,121.19149999999999,1095,1,1,1,3,Hibernating
1237,2024-12-17 08:31:49,4,4516.1275000000005,15,5,5,5,15,Champions
1238,2024-09-17 01:17:20,1,-80.06,106,4,1,1,6,Potential
1239,2022-10-23 03:29:24,3,2847.8245,801,1,4,4,9,At Risk
1240,2023-07-01 13:00:13,1,-943.9,550,1,1,1,3,Hibernating
1241,2023-08-06 08:41:41,1,717.8439999999999,514,2,1,1,4,Hibernating
1242,2024-03-26 08:20:13,2,3278.1924999999997,281,3,2,4,9,Potential
1243,2024-05-23 23:05:51,2,3390.8455,223,3,2,4,9,Potential
1244,2024-10-24 07:46:35,3,2663.585,69,5,4,4,13,Champions
1245,2024-11-05 08:34:14,3,9505.740000000002,57,5,4,5,14,Champions
1246,2024-10-07 13:28:35,2,12932.192500000001,86,4,2,5,11,Potential
1247,2023-09-12 05:11:19,4,2570.324,477,2,5,3,10,At Risk
1248,2023-07-28 00:02:24,1,43.35,523,2,1,1,4,Hibernating
1250,2024-08-27 13:13:12,2,928.74,127,4,2,2,8,Potential
1251,2022-06-18 01:03:16,1,1904.654,928,1,1,3,5,Hibernating
1252,2024-10-31 14:20:58,3,2167.7505,62,5,4,3,12,Loyal
1254,2022-02-22 06:59:04,1,1000.997,1044,1,1,2,4,Hibernating
1256,2023-12-24 14:27:48,4,2111.4405,374,2,5,3,10,At Risk
1257,2023-02-19 06:43:55,1,3235.875,682,1,1,4,6,Hibernating
1258,2024-12-04 10:12:52,2,4060.3300000000004,28,5,2,5,12,Potential
1259,2024-07-11 09:22:47,2,94519.39000000001,174,3,2,5,10,Potential
1260,2024-12-12 21:43:44,4,3692.2875,20,5,5,4,14,Champions
1262,2023-03-12 23:15:19,1,1834.962,661,1,1,3,5,Hibernating
1263,2024-07-30 12:54:49,6,13193.226,155,4,5,5,14,Champions
1264,2024-12-31 13:59:29,2,2803.57,1,5,2,4,11,Potential
1265,2023-11-10 17:42:30,4,4111.9155,418,2,5,5,12,At Risk
1266,2024-12-25 22:34:02,4,4718.655,7,5,5,5,15,Champions
1267,2024-10-17 16:47:31,1,999.7520000000001,76,4,1,2,7,Potential
1268,2024-05-27 11:52:08,2,514.07,219,3,2,1,6,Potential
1269,2024-12-14 12:36:19,4,6020.416,18,5,5,5,15,Champions
1270,2022-06-09 23:23:56,1,1763.1909999999998,937,1,1,3,5,Hibernating
1271,2024-08-08 15:08:00,3,2873.2470000000003,146,4,4,4,12,Champions
1272,2024-05-09 22:38:33,2,1035.8415,237,3,2,2,7,Potential
1273,2024-10-23 10:27:02,2,240.86350000000002,70,5,2,1,8,Potential
1274,2023-10-23 10:56:28,3,2344.779,436,2,4,3,9,At Risk
1275,2024-08-24 05:03:00,1,596.48,130,4,1,1,6,Potential
1276,2024-12-28 11:27:54,2,1165.6399999999999,4,5,2,2,9,Potential
1277,2022-12-10 14:23:25,1,2275.867,753,1,1,3,5,Hibernating
1278,2024-03-05 21:06:26,2,2915.958,302,3,2,4,9,Potential
1279,2023-10-19 04:57:28,2,1089.259,440,2,2,2,6,Hibernating
1280,2023-03-04 13:07:55,1,551.4885,669,1,1,1,3,Hibernating
1281,2024-12-16 18:14:15,2,-9306.922,16,5,2,1,8,Potential
1282,2022-09-18 00:19:43,1,2060.3965,836,1,1,3,5,Hibernating
1283,2023-10-27 08:01:22,1,616.47,432,2,1,1,4,Hibernating
1284,2024-04-12 08:51:23,2,2535.554,264,3,2,3,8,Potential
1285,2024-09-09 20:40:19,2,1561.0795,114,4,2,2,8,Potential
1286,2024-11-18 20:36:12,2,1066.3029999999999,44,5,2,2,9,Potential
1287,2024-11-29 19:25:11,3,3135.6385,33,5,4,4,13,Champions
1289,2024-08-07 00:15:37,1,1524.7435,147,4,1,2,7,Potential
1290,2022-11-21 01:07:06,2,4294.437,772,1,2,5,8,Hibernating
1291,2024-12-27 09:15:20,2,1757.707,5,5,2,3,10,Potential
1292,2023-09-04 08:02:19,2,1623.1725,485,2,2,2,6,Hibernating
1295,2024-09-17 23:38:56,1,150.1,106,4,1,1,6,Potential
1297,2023-03-05 01:11:25,1,1189.7,668,1,1,2,4,Hibernating
1298,2022-05-25 09:03:14,1,1571.26,952,1,1,2,4,Hibernating
1299,2023-03-20 16:32:54,3,2763.5075,653,1,4,4,9,At Risk
1300,2024-11-01 22:38:05,3,2613.8875,61,5,4,4,13,Champions
1302,2023-01-10 17:01:46,1,277.92,722,1,1,1,3,Hibernating
1303,2023-07-28 06:40:59,1,156.75,523,2,1,1,4,Hibernating
1304,2024-04-24 01:06:50,2,2502.7200000000003,252,3,2,3,8,Potential
1305,2024-04-16 01:03:41,3,2582.0315,260,3,4,3,10,Potential
1306,2024-05-02 18:16:43,2,1897.806,244,3,2,3,8,Potential
1307,2024-07-07 09:17:27,4,5054.5745,178,3,5,5,13,Potential
1308,2023-10-20 17:13:08,1,1522.6190000000001,439,2,1,2,5,Hibernating
1309,2024-10-08 07:44:50,7,8799.0935,85,4,5,5,14,Champions
1310,2024-07-28 10:43:05,2,1490.1619999999998,157,4,2,2,8,Potential
1312,2023-10-28 11:12:58,4,6380.3475,431,2,5,5,12,At Risk
1313,2024-04-09 14:20:08,3,3779.206,267,3,4,4,11,Potential
1314,2024-12-27 14:05:24,2,715.9615,5,5,2,1,8,Potential
1315,2023-01-18 21:41:04,3,3445.5205,714,1,4,4,9,At Risk
1316,2024-12-07 08:33:03,5,40678.1115,25,5,5,5,15,Champions
1317,2023-09-08 04:28:14,1,1502.076,481,2,1,2,5,Hibernating
1318,2024-04-22 16:23:32,2,1372.288,254,3,2,2,7,Potential
1321,2022-04-01 02:45:58,1,171.89,1006,1,1,1,3,Hibernating
1322,2024-02-07 14:31:41,1,551.286,329,2,1,1,4,Hibernating
1323,2023-11-16 16:43:31,1,1339.801,412,2,1,2,5,Hibernating
1324,2024-07-07 12:42:44,4,1208.4205,178,3,5,2,10,Potential
1325,2024-05-31 06:23:31,2,5048.6115,215,3,2,5,10,Potential
1327,2023-09-01 23:29:41,3,1760.827,488,2,4,3,9,At Risk
1328,2024-11-25 10:12:21,2,16359.141999999998,37,5,2,5,12,Potential
1330,2023-10-08 10:34:48,3,8547.353,451,2,4,5,11,At Risk
1331,2024-01-15 22:29:49,2,3869.075,352,2,2,4,8,Hibernating
1332,2024-04-03 01:39:06,1,1496.856,273,3,1,2,6,Potential
1334,2023-01-01 18:36:32,2,1622.157,731,1,2,2,5,Hibernating
1335,2024-03-06 05:34:48,2,2368.69,301,3,2,3,8,Potential
1336,2024-06-04 09:03:38,3,3175.772,211,3,4,4,11,Potential
1337,2023-01-26 16:15:43,2,2327.426,706,1,2,3,6,Hibernating
1338,2022-05-03 12:33:47,1,852.9200000000001,974,1,1,1,3,Hibernating
1339,2024-12-30 03:48:42,1,715.6080000000001,2,5,1,1,7,Potential
1341,2023-12-10 20:33:05,2,4263.91,388,2,2,5,9,Hibernating
1343,2024-07-05 01:19:12,1,1519.0700000000002,180,3,1,2,6,Potential
1345,2024-10-27 16:08:01,2,2280.92,66,5,2,3,10,Potential
1346,2023-02-10 21:58:16,3,2844.1389999999997,691,1,4,4,9,At Risk
1347,2023-08-23 22:58:51,2,70236.44,497,2,2,5,9,Hibernating
1348,2024-02-20 15:44:52,1,1225.2199999999998,316,2,1,2,5,Hibernating
1349,2023-03-02 08:54:07,1,1373.7,671,1,1,2,4,Hibernating
1350,2023-10-19 06:44:14,1,578.59,440,2,1,1,4,Hibernating
1351,2024-11-29 02:41:01,1,1442.613,33,5,1,2,8,Potential
1352,2024-11-11 17:44:41,3,1322.338,51,5,4,2,11,Loyal
1354,2024-03-24 01:09:40,1,429.63,283,3,1,1,5,Potential
1355,2022-11-05 03:26:44,1,1532.7630000000001,788,1,1,2,4,Hibernating
1357,2024-01-31 13:17:05,4,39417.303,336,2,5,5,12,At Risk
1358,2023-06-04 17:13:41,1,205.71,577,1,1,1,3,Hibernating
1359,2024-03-22 22:23:02,1,2250.3525,285,3,1,3,7,Potential
1360,2024-08-16 01:35:16,2,1794.15,138,4,2,3,9,Potential
1361,2024-02-25 18:57:30,2,2518.3655,311,2,2,3,7,Hibernating
1362,2024-10-16 01:03:11,4,7366.8814999999995,77,4,5,5,14,Champions
1363,2024-09-27 00:40:52,1,182.56149999999997,96,4,1,1,6,Potential
1364,2024-10-11 04:02:34,1,2777.0115,82,4,1,4,9,Potential
1365,2024-12-07 11:48:10,2,722.3299999999999,25,5,2,1,8,Potential
1366,2023-11-19 20:07:33,2,2897.6,409,2,2,4,8,Hibernating
1367,2022-03-25 01:08:32,3,3205.4135,1013,1,4,4,9,At Risk
1368,2024-07-04 10:51:14,1,1018.6500000000001,181,3,1,2,6,Potential
1369,2023-10-04 02:50:04,5,13604.042500000001,455,2,5,5,12,At Risk
1370,2023-11-20 17:49:01,4,4208.2925,408,2,5,5,12,At Risk
1371,2024-03-12 09:44:54,2,771.3449999999999,295,3,2,1,6,Potential
1372,2024-10-26 00:55:40,1,833.8,67,5,1,1,7,Potential
1374,2024-11-02 00:23:28,2,1356.13,60,5,2,2,9,Potential
1376,2024-02-22 04:26:10,2,1170.829,314,2,2,2,6,Hibernating
1378,2024-12-29 14:37:10,2,1075.1870000000001,3,5,2,2,9,Potential
1379,2024-12-30 12:54:29,5,6328.3925,2,5,5,5,15,Champions
1380,2024-12-08 01:48:49,4,2897.87,24,5,5,4,14,Champions
1381,2024-02-06 20:56:17,2,10566.8225,330,2,2,5,9,Hibernating
1382,2024-11-23 23:40:17,3,11770.505000000001,39,5,4,5,14,Champions
1383,2024-10-27 14:35:29,5,4291.1195,66,5,5,5,15,Champions
1384,2024-07-08 01:54:01,3,3548.9210000000003,177,3,4,4,11,Potential
1386,2022-03-10 10:25:15,1,1339.416,1028,1,1,2,4,Hibernating
1387,2024-09-16 20:12:42,4,4236.7535,107,4,5,5,14,Champions
1388,2024-11-21 20:36:53,1,916.184,41,5,1,2,8,Potential
1389,2023-02-26 03:39:07,1,729.041,675,1,1,1,3,Hibernating
1390,2022-07-07 03:40:55,1,35.67,909,1,1,1,3,Hibernating
1391,2024-08-04 11:34:21,2,2779.145,150,4,2,4,10,Potential
1392,2024-12-02 10:29:46,2,1915.8155,30,5,2,3,10,Potential
1393,2024-08-19 21:37:12,1,308.682,135,4,1,1,6,Potential
1394,2024-11-28 19:06:30,2,3215.2264999999998,34,5,2,4,11,Potential
1395,2024-03-22 15:44:12,1,806.3639999999999,285,3,1,1,5,Potential
1396,2024-09-19 13:02:24,1,673.777,104,4,1,1,6,Potential
1397,2023-05-23 03:46:33,1,2272.796,589,1,1,3,5,Hibernating
1398,2024-06-15 16:21:01,4,3674.601,200,3,5,4,12,Potential
1399,2024-10-31 13:34:17,3,2199.995,62,5,4,3,12,Loyal
1400,2023-12-12 20:24:08,2,3413.697,386,2,2,4,8,Hibernating
1402,2024-12-01 08:25:00,2,1373.1055000000001,31,5,2,2,9,Potential
1403,2024-01-08 17:52:24,1,2804.8500000000004,359,2,1,4,7,Hibernating
1404,2023-11-23 17:40:56,1,850.7,405,2,1,1,4,Hibernating
1405,2024-04-08 01:54:40,3,1307.5045,268,3,4,2,9,Potential
1406,2024-10-31 21:59:57,3,2948.508,62,5,4,4,13,Champions
1407,2024-11-21 11:14:59,2,2986.782,41,5,2,4,11,Potential
1408,2024-10-14 01:05:15,4,3274.906,79,4,5,4,13,Champions
1409,2024-04-23 20:30:37,1,1051.379,253,3,1,2,6,Potential
1410,2024-09-22 21:45:55,6,5513.552,101,4,5,5,14,Champions
1412,2022-08-23 07:02:11,2,3514.562,862,1,2,4,7,Hibernating
1413,2024-03-11 09:52:56,5,6561.228,296,3,5,5,13,Potential
1414,2024-02-09 23:27:54,3,2200.2295,327,2,4,3,9,At Risk
1415,2024-01-16 10:55:25,3,6489.932,351,2,4,5,11,At Risk
1416,2024-07-11 20:25:33,1,136.944,174,3,1,1,5,Potential
1417,2024-11-16 15:20:06,3,33978.791000000005,46,5,4,5,14,Champions
1418,2024-08-01 20:36:36,1,500.91,153,4,1,1,6,Potential
1419,2024-07-29 18:36:26,3,3228.1335,156,4,4,4,12,Champions
1420,2024-12-03 17:29:40,2,1467.6190000000001,29,5,2,2,9,Potential
1421,2024-08-24 09:04:15,2,10298.358,130,4,2,5,11,Potential
1422,2024-03-17 05:07:14,2,2185.4505,290,3,2,3,8,Potential
1423,2023-07-30 15:45:07,3,1147.909,521,2,4,2,8,Potential
1424,2023-12-27 09:21:03,3,2984.5585,371,2,4,4,10,At Risk
1425,2024-05-14 11:54:40,2,1004.6814999999999,232,3,2,2,7,Potential
1426,2024-07-15 21:29:39,2,3295.4345,170,3,2,4,9,Potential
1427,2024-09-14 16:58:20,2,1811.4310000000003,109,4,2,3,9,Potential
1428,2022-08-20 15:30:42,1,1212.1940000000002,865,1,1,2,4,Hibernating
1429,2023-03-31 22:53:21,4,16976.127,642,1,5,5,11,At Risk
1430,2024-09-22 13:46:03,2,2092.3900000000003,101,4,2,3,9,Potential
1432,2024-04-13 04:19:35,2,2003.562,263,3,2,3,8,Potential
1433,2024-04-28 17:24:29,2,567.47,248,3,2,1,6,Potential
1434,2024-10-06 01:00:09,2,2973.6345,87,4,2,4,10,Potential
1436,2024-08-03 23:08:23,4,2874.2325,151,4,5,4,13,Champions
1437,2024-07-04 20:52:29,3,1737.35,181,3,4,3,10,Potential
1438,2024-09-11 08:06:12,3,1917.231,112,4,4,3,11,Loyal
1439,2024-07-03 05:56:03,3,2799.223,182,3,4,4,11,Potential
1440,2024-11-05 15:07:58,1,1607.4499999999998,57,5,1,2,8,Potential
1441,2024-12-02 03:11:15,2,3712.7895,30,5,2,4,11,Potential
1442,2024-06-26 01:16:17,3,2671.6299999999997,189,3,4,4,11,Potential
1443,2024-10-05 07:45:45,4,3510.0905000000002,88,4,5,4,13,Champions
1444,2023-01-16 02:42:54,1,657.5,716,1,1,1,3,Hibernating
1445,2024-04-10 05:35:29,1,201.294,266,3,1,1,5,Potential
1446,2024-08-30 19:26:51,1,45.5335,124,4,1,1,6,Potential
1448,2023-01-09 19:22:25,2,4573.6255,723,1,2,5,8,Hibernating
1449,2024-06-10 04:44:55,5,4795.0035,205,3,5,5,13,Potential
1450,2024-12-16 07:47:44,4,5519.8015,16,5,5,5,15,Champions
1451,2024-10-02 23:04:17,3,1769.83,91,4,4,3,11,Loyal
1452,2023-06-14 20:15:48,2,1073.84,567,1,2,2,5,Hibernating
1453,2022-08-15 11:34:14,1,271.77599999999995,870,1,1,1,3,Hibernating
1454,2024-11-05 07:21:47,2,1428.9450000000002,57,5,2,2,9,Potential
1455,2024-11-15 00:06:59,3,38024.309,47,5,4,5,14,Champions
1456,2024-09-28 19:33:31,3,4447.3945,95,4,4,5,13,Champions
1457,2022-03-24 17:33:57,1,1439.912,1014,1,1,2,4,Hibernating
1458,2024-10-17 07:01:24,2,420.49399999999997,76,4,2,1,7,Potential
1459,2023-01-12 04:39:55,1,120.976,720,1,1,1,3,Hibernating
1461,2023-12-17 15:31:41,1,2034.274,381,2,1,3,6,Hibernating
1462,2024-05-01 06:36:13,4,3690.1089999999995,245,3,5,4,12,Potential
1463,2023-08-17 21:22:05,2,2621.46,503,2,2,4,8,Hibernating
1464,2024-12-12 18:25:50,2,4156.568,20,5,2,5,12,Potential
1465,2024-04-05 10:05:02,2,1037.077,271,3,2,2,7,Potential
1466,2023-07-22 19:12:20,2,3105.777,529,1,2,4,7,Hibernating
1467,2022-11-19 15:11:22,1,1437.0605,774,1,1,2,4,Hibernating
1468,2022-07-31 17:07:56,1,1861.31,885,1,1,3,5,Hibernating
1469,2024-12-12 01:15:23,6,9853.7975,20,5,5,5,15,Champions
1470,2024-09-24 05:35:34,1,367.74,99,4,1,1,6,Potential
1472,2024-07-31 22:11:52,1,921.24,154,4,1,2,7,Potential
1473,2024-03-23 09:32:06,2,2064.624,284,3,2,3,8,Potential
1474,2022-07-17 18:15:40,1,28262.7855,899,1,1,5,7,Hibernating
1475,2024-09-16 01:13:53,2,4255.5755,107,4,2,5,11,Potential
1476,2024-09-29 09:00:49,5,4520.701,94,4,5,5,14,Champions
1477,2024-01-30 09:36:32,3,1356.95,337,2,4,2,8,Potential
1478,2024-12-06 09:49:31,4,5640.1085,26,5,5,5,15,Champions
1481,2024-09-29 00:58:51,2,1545.99,94,4,2,2,8,Potential
1482,2023-09-23 11:12:01,2,1701.229,466,2,2,3,7,Hibernating
1483,2024-04-09 22:51:04,2,2074.02,267,3,2,3,8,Potential
1484,2024-02-17 19:53:51,2,1208.3604999999998,319,2,2,2,6,Hibernating
1485,2024-09-30 12:21:38,4,6392.655500000001,93,4,5,5,14,Champions
1486,2023-04-16 03:56:29,1,924.1755,626,1,1,2,4,Hibernating
1487,2024-11-12 18:33:11,3,5221.5675,50,5,4,5,14,Champions
1488,2024-08-16 22:51:18,4,3925.7965,138,4,5,4,13,Champions
1489,2023-12-01 06:35:16,3,3565.02,397,2,4,4,10,At Risk
1490,2024-12-28 20:32:08,2,453.16,4,5,2,1,8,Potential
1491,2023-06-15 04:56:32,1,811.566,566,1,1,1,3,Hibernating
1492,2024-10-23 11:17:25,5,4961.3215,70,5,5,5,15,Champions
1493,2024-07-29 01:10:14,5,5142.316,156,4,5,5,14,Champions
1494,2024-12-19 10:48:32,6,8549.1985,13,5,5,5,15,Champions
1495,2024-08-05 08:18:40,3,1674.9734999999998,149,4,4,3,11,Loyal
1497,2024-06-24 02:18:11,1,1468.927,191,3,1,2,6,Potential
1498,2024-10-05 04:36:29,4,4074.0190000000002,88,4,5,5,14,Champions
1499,2024-05-04 11:11:41,2,1362.951,242,3,2,2,7,Potential
1500,2023-07-03 07:42:17,3,719.8550000000002,548,1,4,1,6,Potential
1501,2023-07-06 02:30:56,2,2643.469,545,1,2,4,7,Hibernating
1504,2024-11-01 06:37:08,3,1995.063,61,5,4,3,12,Loyal
1505,2024-05-11 13:52:22,1,3205.05,235,3,1,4,8,Potential
1506,2024-04-30 06:31:13,1,1047.69,246,3,1,2,6,Potential
1507,2024-04-19 01:24:38,4,3644.2025000000003,257,3,5,4,12,Potential
1508,2024-12-17 15:37:08,1,294.771,15,5,1,1,7,Potential
1509,2022-08-18 01:34:13,1,963.201,867,1,1,2,4,Hibernating
1510,2023-05-24 05:43:10,2,2579.423,588,1,2,3,6,Hibernating
1511,2023-08-16 17:49:49,2,1552.47,504,2,2,2,6,Hibernating
1512,2024-07-05 07:49:40,2,462.74600000000004,180,3,2,1,6,Potential
1513,2024-04-03 08:49:17,2,1418.5140000000001,273,3,2,2,7,Potential
1514,2023-06-13 14:43:30,1,3570.1099999999997,568,1,1,4,6,Hibernating
1516,2024-03-26 09:27:42,1,1810.176,281,3,1,3,7,Potential
1517,2024-08-24 06:04:55,2,1080.38,130,4,2,2,8,Potential
1518,2023-09-15 23:28:08,3,4147.49,474,2,4,5,11,At Risk
1519,2024-02-27 06:12:13,4,4787.3525,309,2,5,5,12,At Risk
1520,2024-05-19 02:11:24,2,1643.8600000000001,227,3,2,2,7,Potential
1521,2023-11-19 22:28:13,3,5412.8465,409,2,4,5,11,At Risk
1523,2023-05-16 10:58:27,2,-338.7850000000001,596,1,2,1,4,Hibernating
1524,2023-12-05 04:32:49,2,1565.696,393,2,2,2,6,Hibernating
1525,2024-12-31 18:00:55,2,2343.8925,1,5,2,3,10,Potential
1526,2024-11-09 17:56:53,3,186.28,53,5,4,1,10,Loyal
1527,2024-11-21 22:01:39,2,1145.41,41,5,2,2,9,Potential
1528,2024-11-11 05:33:08,3,2873.086,51,5,4,4,13,Champions
1529,2023-11-22 07:39:47,2,1338.067,406,2,2,2,6,Hibernating
1530,2024-10-21 22:50:17,2,26588.08,72,4,2,5,11,Potential
1531,2023-04-04 11:39:01,3,3819.3250000000003,638,1,4,4,9,At Risk
1532,2024-10-22 23:22:28,4,1590.3484999999998,71,5,5,2,12,Loyal
1533,2024-12-07 08:19:45,5,59602.714,25,5,5,5,15,Champions
1534,2024-12-20 11:31:06,3,4336.627,12,5,4,5,14,Champions
1535,2024-05-23 17:35:40,1,1234.993,223,3,1,2,6,Potential
1536,2024-05-11 21:08:31,2,1846.3600000000001,235,3,2,3,8,Potential
1538,2024-01-11 15:18:39,2,3224.6825,356,2,2,4,8,Hibernating
1539,2024-12-13 17:46:26,5,10967.2235,19,5,5,5,15,Champions
1540,2023-02-20 06:09:04,3,5630.773499999999,681,1,4,5,10,At Risk
1541,2024-09-16 05:13:45,2,572.9915,107,4,2,1,7,Potential
1542,2024-10-05 08:54:33,2,2177.087,88,4,2,3,9,Potential
1543,2022-11-20 10:24:42,3,2830.423,773,1,4,4,9,At Risk
1544,2024-02-02 21:45:22,2,1528.406,334,2,2,2,6,Hibernating
1546,2024-08-09 08:09:42,3,3096.06,145,4,4,4,12,Champions
1547,2023-07-03 07:40:29,4,5872.85,548,1,5,5,11,At Risk
1548,2024-08-05 09:08:10,5,7560.043500000001,149,4,5,5,14,Champions
1549,2023-09-19 23:36:11,2,1964.0310000000002,470,2,2,3,7,Hibernating
1550,2024-10-10 13:07:47,3,2501.2065,83,4,4,3,11,Loyal
1551,2024-09-03 12:14:39,2,2715.741,120,4,2,4,10,Potential
1552,2024-10-25 10:59:07,1,841.12,68,5,1,1,7,Potential
1553,2022-09-08 21:01:46,2,779.7560000000001,846,1,2,1,4,Hibernating
1554,2023-09-28 05:40:42,4,5340.8005,461,2,5,5,12,At Risk
1555,2024-05-28 18:45:14,2,933.4499999999999,218,3,2,2,7,Potential
1556,2024-12-16 04:52:56,7,8305.2635,16,5,5,5,15,Champions
1557,2023-12-25 02:10:12,3,2751.195,373,2,4,4,10,At Risk
1558,2023-01-11 12:31:21,1,1130.31,721,1,1,2,4,Hibernating
1559,2024-11-03 13:25:07,4,2795.113,59,5,5,4,14,Champions
1560,2024-01-03 15:21:38,1,383.112,364,2,1,1,4,Hibernating
1561,2024-07-10 01:13:25,2,2575.56,175,3,2,3,8,Potential
1562,2023-12-09 11:40:37,4,4561.772,389,2,5,5,12,At Risk
1563,2024-08-08 13:11:37,3,5035.433999999999,146,4,4,5,13,Champions
1564,2024-12-30 17:09:09,1,1471.6565,2,5,1,2,8,Potential
1565,2024-11-06 09:56:08,1,1120.02,56,5,1,2,8,Potential
1566,2024-02-26 05:26:28,1,1916.99,310,2,1,3,6,Hibernating
1567,2023-03-14 14:27:47,2,1096.572,659,1,2,2,5,Hibernating
1568,2023-06-03 06:16:22,1,476.204,578,1,1,1,3,Hibernating
1569,2024-12-05 08:48:04,2,1521.0,27,5,2,2,9,Potential
1570,2024-11-28 07:34:48,2,1452.6945,34,5,2,2,9,Potential
1571,2024-01-03 21:47:01,2,1304.4424999999999,364,2,2,2,6,Hibernating
1572,2024-06-30 15:00:33,2,2656.7844999999998,185,3,2,4,9,Potential
1573,2024-12-02 05:13:42,4,3457.5845,30,5,5,4,14,Champions
1574,2024-05-03 04:49:15,4,15448.1705,243,3,5,5,13,Potential
1575,2023-11-30 05:27:48,1,343.704,398,2,1,1,4,Hibernating
1577,2024-10-31 17:56:01,2,595.5619999999999,62,5,2,1,8,Potential
1578,2024-12-18 07:41:03,4,1755.454,14,5,5,3,13,Loyal
1579,2024-06-21 14:13:35,1,2175.544,194,3,1,3,7,Potential
1580,2023-05-07 03:25:25,2,1312.44,605,1,2,2,5,Hibernating
1583,2023-01-19 17:59:44,1,717.32,713,1,1,1,3,Hibernating
1584,2023-06-11 11:25:45,1,526.5,570,1,1,1,3,Hibernating
1585,2023-02-01 00:57:56,1,338.4,700,1,1,1,3,Hibernating
1586,2024-10-25 20:58:27,2,-310.60900000000004,68,5,2,1,8,Potential
1587,2024-10-11 18:18:22,4,3483.502,82,4,5,4,13,Champions
1588,2024-02-24 21:34:18,1,1437.54,312,2,1,2,5,Hibernating
1589,2024-07-25 00:54:56,1,985.046,160,4,1,2,7,Potential
1590,2024-12-11 00:09:33,2,9907.246,21,5,2,5,12,Potential
1591,2024-12-17 01:15:13,4,3276.211,15,5,5,4,14,Champions
1592,2024-09-15 22:53:14,4,2924.511,108,4,5,4,13,Champions
1593,2024-03-24 20:38:14,2,2858.223,283,3,2,4,9,Potential
1595,2024-06-22 22:05:34,6,11253.200499999999,193,3,5,5,13,Potential
1596,2024-02-19 07:55:38,3,6220.812,317,2,4,5,11,At Risk
1598,2024-09-16 12:25:02,2,191.8025,107,4,2,1,7,Potential
1599,2024-10-16 04:29:01,2,2045.464,77,4,2,3,9,Potential
1600,2024-12-10 17:41:14,1,841.5875,22,5,1,1,7,Potential
1601,2024-08-24 04:22:07,3,-47.75450000000001,130,4,4,1,9,Loyal
1602,2024-11-23 18:32:13,4,2702.357,39,5,5,4,14,Champions
1603,2024-11-28 09:56:06,5,5808.844,34,5,5,5,15,Champions
1605,2023-12-20 15:41:06,2,5371.1755,378,2,2,5,9,Hibernating
1606,2024-09-27 02:30:37,1,725.1400000000001,96,4,1,1,6,Potential
1607,2024-07-02 19:11:43,2,363.23,183,3,2,1,6,Potential
1608,2023-05-30 21:44:08,2,3283.924,582,1,2,4,7,Hibernating
1609,2023-11-05 10:33:13,2,890.49,423,2,2,2,6,Hibernating
1610,2024-05-07 10:17:03,4,5311.0335,239,3,5,5,13,Potential
1611,2024-10-07 14:31:45,2,1871.926,86,4,2,3,9,Potential
1612,2024-10-04 10:08:32,2,664.836,89,4,2,1,7,Potential
1613,2024-11-22 07:22:12,4,7476.371,40,5,5,5,15,Champions
1614,2024-11-06 09:21:08,6,5547.3115,56,5,5,5,15,Champions
1615,2022-06-12 20:43:40,2,920.6500000000001,934,1,2,2,5,Hibernating
1616,2022-05-02 12:17:01,1,443.54,975,1,1,1,3,Hibernating
1618,2023-12-12 04:53:32,1,505.4885,386,2,1,1,4,Hibernating
1619,2023-01-09 11:38:28,1,746.2230000000001,723,1,1,1,3,Hibernating
1621,2023-06-23 16:42:24,1,1109.58,558,1,1,2,4,Hibernating
1622,2024-11-23 20:33:23,1,798.4200000000001,39,5,1,1,7,Potential
1624,2024-04-18 05:06:20,2,4974.4664999999995,258,3,2,5,10,Potential
1625,2024-11-20 12:42:05,3,3448.1175,42,5,4,4,13,Champions
1626,2024-11-22 15:14:06,2,649.41,40,5,2,1,8,Potential
1627,2022-02-19 03:19:40,1,1865.81,1047,1,1,3,5,Hibernating
1628,2024-07-24 09:12:12,3,5251.633,161,3,4,5,12,Potential
1629,2023-10-28 09:28:13,3,5274.155500000001,431,2,4,5,11,At Risk
1630,2023-06-30 12:07:16,1,388.416,551,1,1,1,3,Hibernating
1631,2024-10-07 17:00:35,3,3431.548,86,4,4,4,12,Champions
1632,2023-10-20 05:30:08,3,2306.9525,439,2,4,3,9,At Risk
1633,2023-12-08 10:51:49,3,3651.346,390,2,4,4,10,At Risk
1634,2023-06-03 03:26:44,1,3357.926,578,1,1,4,6,Hibernating
1635,2024-08-30 17:30:12,2,4265.1055,124,4,2,5,11,Potential
1636,2024-06-08 12:09:31,2,1679.6770000000001,207,3,2,3,8,Potential
1637,2024-11-17 00:12:13,2,5215.506,45,5,2,5,12,Potential
1638,2024-06-25 17:08:08,1,335.88,190,3,1,1,5,Potential
1640,2024-10-18 02:03:00,3,1269.5104999999999,75,4,4,2,10,Loyal
1642,2024-11-10 00:10:44,2,1533.6960000000001,52,5,2,2,9,Potential
1644,2024-02-11 08:26:02,1,774.231,325,2,1,1,4,Hibernating
1647,2023-12-30 22:02:31,5,20061.81,368,2,5,5,12,At Risk
1648,2024-08-09 15:58:57,2,1787.58,145,4,2,3,9,Potential
1649,2024-02-25 14:30:23,1,942.96,311,2,1,2,5,Hibernating
1650,2024-10-21 14:27:02,3,4251.0905,72,4,4,5,13,Champions
1651,2022-12-25 12:41:20,2,2585.406,738,1,2,3,6,Hibernating
1652,2024-07-12 18:22:23,2,5829.412,173,3,2,5,10,Potential
1655,2024-07-15 09:13:14,1,523.352,170,3,1,1,5,Potential
1656,2024-06-25 22:28:50,5,6795.119500000001,190,3,5,5,13,Potential
1657,2024-12-27 05:05:01,2,3539.1025,5,5,2,4,11,Potential
1658,2023-11-07 02:50:30,3,4831.43,421,2,4,5,11,At Risk
1659,2024-09-26 05:19:43,2,2431.7555,97,4,2,3,9,Potential
1660,2023-06-27 23:38:20,2,2597.536,554,1,2,3,6,Hibernating
1661,2024-11-02 17:36:52,1,953.59,60,5,1,2,8,Potential
1662,2024-11-06 02:19:35,2,1499.977,56,5,2,2,9,Potential
1663,2022-03-29 16:39:39,2,1964.008,1009,1,2,3,6,Hibernating
1664,2024-08-15 22:57:31,5,6121.391,139,4,5,5,14,Champions
1665,2024-09-06 09:05:12,2,2466.7955,117,4,2,3,9,Potential
1666,2024-09-23 20:33:06,4,1318.98,100,4,5,2,11,Loyal
1667,2024-01-19 01:54:09,3,1609.2185,348,2,4,2,8,Potential
1668,2024-09-28 03:29:11,3,19859.019500000002,95,4,4,5,13,Champions
1669,2022-12-23 12:50:07,1,4036.9064999999996,740,1,1,4,6,Hibernating
1670,2024-10-21 04:04:23,2,1490.1779999999999,72,4,2,2,8,Potential
1671,2024-03-26 08:36:49,2,228.529,281,3,2,1,6,Potential
1672,2024-01-20 21:28:33,2,3720.0445,347,2,2,4,8,Hibernating
1673,2024-10-18 06:28:16,2,1308.4405,75,4,2,2,8,Potential
1674,2024-10-17 20:25:12,2,-653.3124999999999,76,4,2,1,7,Potential
1676,2024-11-16 13:07:54,5,17177.05,46,5,5,5,15,Champions
1677,2024-08-13 22:51:41,2,1710.5075000000002,141,4,2,3,9,Potential
1678,2023-07-31 14:24:18,1,578.4165,520,2,1,1,4,Hibernating
1679,2024-07-27 14:40:40,2,3654.5115,158,4,2,4,10,Potential
1682,2023-09-13 10:19:00,2,783.3890000000001,476,2,2,1,5,Hibernating
1683,2023-01-15 10:44:12,2,3134.4965,717,1,2,4,7,Hibernating
1685,2022-06-06 04:47:44,1,475.6400000000001,940,1,1,1,3,Hibernating
1686,2024-12-10 04:50:46,3,5371.9795,22,5,4,5,14,Champions
1688,2024-12-05 10:06:17,2,3942.264,27,5,2,4,11,Potential
1689,2024-12-31 18:36:36,2,1949.9215,1,5,2,3,10,Potential
1690,2024-09-23 08:22:07,1,835.068,100,4,1,1,6,Potential
1691,2023-12-03 20:45:27,3,4194.968,395,2,4,5,11,At Risk
1692,2024-09-16 23:40:57,1,1133.62,107,4,1,2,7,Potential
1693,2023-06-15 03:51:10,2,1695.7895,566,1,2,3,6,Hibernating
1694,2023-01-28 20:04:07,2,3079.139,704,1,2,4,7,Hibernating
1695,2023-04-27 10:13:09,1,727.02,615,1,1,1,3,Hibernating
1696,2023-05-13 13:59:47,2,4642.021,599,1,2,5,8,Hibernating
1697,2022-10-10 23:56:29,1,614.67,814,1,1,1,3,Hibernating
1698,2023-04-03 22:20:24,1,159.648,639,1,1,1,3,Hibernating
1699,2024-05-09 05:57:52,1,467.865,237,3,1,1,5,Potential
1700,2024-08-06 21:04:40,1,1316.722,148,4,1,2,7,Potential
1701,2024-06-20 14:29:49,1,1852.8534999999997,195,3,1,3,7,Potential
1702,2024-12-25 21:42:12,6,5215.594,7,5,5,5,15,Champions
1703,2023-03-25 20:04:22,1,1385.1105,648,1,1,2,4,Hibernating
1704,2022-01-31 17:04:51,1,1516.522,1066,1,1,2,4,Hibernating
1705,2023-03-23 04:29:25,1,411.264,650,1,1,1,3,Hibernating
1706,2024-01-17 16:46:26,2,1953.7889999999998,350,2,2,3,7,Hibernating
1707,2023-01-27 15:32:46,1,620.373,705,1,1,1,3,Hibernating
1708,2024-10-29 22:34:12,4,3415.3295,64,5,5,4,14,Champions
1709,2022-05-25 20:25:28,1,1023.3319999999999,952,1,1,2,4,Hibernating
1710,2024-01-20 19:43:26,1,89.43,347,2,1,1,4,Hibernating
1713,2023-10-02 09:53:00,2,1539.3310000000001,457,2,2,2,6,Hibernating
1714,2024-10-18 11:27:04,4,798.8085000000001,75,4,5,1,10,Loyal
1715,2024-07-25 11:16:10,3,3533.7955,160,4,4,4,12,Champions
1716,2024-05-27 01:26:08,3,927.4110000000001,219,3,4,2,9,Potential
1717,2023-09-22 03:40:18,1,2724.41,467,2,1,4,7,Hibernating
1718,2024-10-11 11:16:43,2,3219.721,82,4,2,4,10,Potential
1719,2024-11-30 02:45:48,5,5699.008,32,5,5,5,15,Champions
1720,2024-09-11 08:54:23,2,2882.637,112,4,2,4,10,Potential
1721,2024-07-01 00:11:34,7,3563.901,184,3,5,4,12,Potential
1722,2023-12-30 20:07:48,1,929.3499999999999,368,2,1,2,5,Hibernating
1723,2023-05-05 14:07:37,1,979.3725,607,1,1,2,4,Hibernating
1724,2024-01-22 19:07:56,3,1225.2265,345,2,4,2,8,Potential
1725,2024-01-09 02:06:42,1,523.9710000000001,358,2,1,1,4,Hibernating
1726,2023-02-15 05:32:19,2,31272.363999999998,686,1,2,5,8,Hibernating
1727,2024-09-28 03:00:03,3,2612.363,95,4,4,4,12,Champions
1728,2024-11-23 05:24:43,2,3537.26,39,5,2,4,11,Potential
1729,2024-03-31 13:37:30,2,2117.401,276,3,2,3,8,Potential
1730,2023-10-16 03:36:40,1,711.68,443,2,1,1,4,Hibernating
1731,2024-05-14 14:23:11,1,807.33,232,3,1,1,5,Potential
1732,2024-01-19 08:57:23,3,4432.842000000001,348,2,4,5,11,At Risk
1733,2024-07-08 01:31:31,4,648.4929999999999,177,3,5,1,9,Potential
1736,2024-04-12 12:35:11,3,3895.7045,264,3,4,4,11,Potential
1737,2023-09-30 10:49:45,1,1325.05,459,2,1,2,5,Hibernating
1738,2023-05-19 19:39:20,4,1701.463,593,1,5,3,9,At Risk
1739,2024-11-17 08:04:54,5,5768.896,45,5,5,5,15,Champions
1741,2024-11-08 08:56:37,2,506.43199999999996,54,5,2,1,8,Potential
1743,2024-08-25 06:49:52,2,2962.016,129,4,2,4,10,Potential
1744,2024-06-13 12:03:52,3,3581.8810000000003,202,3,4,4,11,Potential
1745,2023-03-07 18:46:21,1,1267.83,666,1,1,2,4,Hibernating
1746,2023-11-25 04:09:24,1,958.352,403,2,1,2,5,Hibernating
1747,2023-02-15 00:09:29,1,1622.9665,686,1,1,2,4,Hibernating
1748,2024-12-15 01:13:46,2,1548.5415,17,5,2,2,9,Potential
1750,2024-01-09 15:59:22,2,5775.24,358,2,2,5,9,Hibernating
1751,2024-12-07 10:26:20,2,2104.842,25,5,2,3,10,Potential
1752,2024-09-22 18:37:55,2,18.69999999999999,101,4,2,1,7,Potential
1753,2023-12-25 11:12:30,3,7091.3735,373,2,4,5,11,At Risk
1754,2024-08-08 13:10:48,2,1891.362,146,4,2,3,9,Potential
1756,2024-09-25 10:18:46,3,1269.927,98,4,4,2,10,Loyal
1757,2024-10-08 09:27:55,3,3303.9155,85,4,4,4,12,Champions
1758,2022-03-16 07:03:01,1,1865.91,1022,1,1,3,5,Hibernating
1759,2024-10-11 20:14:04,4,4417.707,82,4,5,5,14,Champions
1760,2024-06-23 03:35:13,2,1712.8575,192,3,2,3,8,Potential
1761,2023-07-30 08:42:31,2,8933.6,521,2,2,5,9,Hibernating
1762,2024-10-01 02:24:07,3,3571.877,92,4,4,4,12,Champions
1763,2024-10-15 22:47:24,1,197.695,78,4,1,1,6,Potential
1764,2024-08-18 20:24:44,1,1817.005,136,4,1,3,8,Potential
1765,2022-04-15 15:58:04,1,1690.0300000000002,992,1,1,3,5,Hibernating
1766,2024-10-15 12:42:56,2,2870.434,78,4,2,4,10,Potential
1767,2024-05-01 10:22:04,2,2973.493,245,3,2,4,9,Potential
1768,2023-08-22 12:10:30,1,1685.9499999999998,498,2,1,3,6,Hibernating
1770,2024-10-04 16:50:44,4,5762.4435,89,4,5,5,14,Champions
1772,2024-12-21 13:01:02,8,8263.887499999999,11,5,5,5,15,Champions
1773,2024-12-29 13:02:21,5,5685.3935,3,5,5,5,15,Champions
1774,2024-08-17 19:33:07,3,3317.6440000000002,137,4,4,4,12,Champions
1775,2024-12-13 09:17:47,3,1982.166,19,5,4,3,12,Loyal
1776,2024-09-02 09:48:30,3,2934.6215,121,4,4,4,12,Champions
1777,2023-08-21 20:16:32,1,355.8,499,2,1,1,4,Hibernating
1778,2024-04-07 19:33:46,3,2860.3154999999997,269,3,4,4,11,Potential
1779,2024-12-22 10:49:40,3,2866.1185,10,5,4,4,13,Champions
1780,2023-10-18 19:31:35,1,-704.75,441,2,1,1,4,Hibernating
1781,2022-11-03 10:36:03,3,3686.4784999999997,790,1,4,4,9,At Risk
1782,2023-07-05 18:52:03,1,682.77,546,1,1,1,3,Hibernating
1783,2023-11-27 12:06:20,2,2647.6724999999997,401,2,2,4,8,Hibernating
1784,2024-11-07 23:13:24,3,2953.2290000000003,55,5,4,4,13,Champions
1785,2023-06-15 07:54:39,2,3288.295,566,1,2,4,7,Hibernating
1786,2024-08-19 02:37:18,4,37417.2795,135,4,5,5,14,Champions
1787,2024-10-15 11:07:51,4,2489.571,78,4,5,3,12,Loyal
1788,2024-12-19 04:14:11,4,3801.2295,13,5,5,4,14,Champions
1789,2024-09-25 01:31:01,3,1110.089,98,4,4,2,10,Loyal
1790,2022-12-09 15:03:29,2,3377.1295,754,1,2,4,7,Hibernating
1791,2024-11-11 23:42:16,2,3024.3374999999996,51,5,2,4,11,Potential
1793,2024-10-30 06:31:17,2,1811.3775,63,5,2,3,10,Potential
1794,2024-12-19 00:47:02,3,3577.76,13,5,4,4,13,Champions
1795,2022-12-29 08:53:06,2,1277.9759999999999,734,1,2,2,5,Hibernating
1796,2024-02-28 13:50:47,2,2946.075,308,2,2,4,8,Hibernating
1797,2022-02-13 04:38:20,1,518.71,1053,1,1,1,3,Hibernating
1798,2023-07-19 22:21:54,2,2674.8709999999996,532,1,2,4,7,Hibernating
1800,2022-11-06 12:40:20,1,459.628,787,1,1,1,3,Hibernating
1801,2024-11-14 17:25:42,3,1476.609,48,5,4,2,11,Loyal
1802,2024-10-13 05:25:47,2,1689.0515,80,4,2,3,9,Potential
1803,2024-12-12 15:46:13,2,1615.6309999999999,20,5,2,2,9,Potential
1804,2024-12-13 12:50:12,1,1963.973,19,5,1,3,9,Potential
1805,2022-12-22 16:25:36,2,1701.984,741,1,2,3,6,Hibernating
1806,2023-08-19 18:58:15,2,1177.631,501,2,2,2,6,Hibernating
1807,2023-04-17 03:58:50,1,1188.63,625,1,1,2,4,Hibernating
1809,2023-12-22 08:15:43,3,1651.1585,376,2,4,2,8,Potential
1810,2024-12-01 21:37:56,2,2186.3959999999997,31,5,2,3,10,Potential
1811,2024-09-12 23:59:28,3,5486.879,111,4,4,5,13,Champions
1812,2024-02-28 21:59:26,2,1763.9935,308,2,2,3,7,Hibernating
1813,2024-10-01 07:38:06,2,1792.2175000000002,92,4,2,3,9,Potential
1814,2024-11-15 10:45:46,2,3063.6475,47,5,2,4,11,Potential
1815,2024-09-06 14:47:12,3,5198.823,117,4,4,5,13,Champions
1816,2024-11-30 21:16:09,1,681.9000000000001,32,5,1,1,7,Potential
1817,2024-02-28 10:47:57,2,880.17,308,2,2,1,5,Hibernating
1818,2024-06-24 07:15:09,2,1952.92,191,3,2,3,8,Potential
1819,2024-06-05 20:15:12,3,2240.288,210,3,4,3,10,Potential
1821,2022-11-11 18:15:07,1,11.576999999999998,782,1,1,1,3,Hibernating
1822,2023-05-02 03:57:12,3,1249.3025,610,1,4,2,7,Potential
1823,2022-01-28 20:19:52,2,2597.437,1069,1,2,3,6,Hibernating
1824,2024-02-28 15:38:06,1,1493.406,308,2,1,2,5,Hibernating
1825,2024-07-01 13:55:27,2,1405.6979999999999,184,3,2,2,7,Potential
1826,2024-10-04 06:31:18,2,1974.7415,89,4,2,3,9,Potential
1827,2024-08-10 19:47:38,3,584.4024999999999,144,4,4,1,9,Loyal
1828,2024-01-14 13:08:24,2,794.6289999999999,353,2,2,1,5,Hibernating
1829,2022-12-20 02:36:34,2,1848.0955000000001,743,1,2,3,6,Hibernating
1830,2024-06-17 12:00:19,3,4485.026,198,3,4,5,12,Potential
1831,2022-07-09 09:01:37,1,404.396,907,1,1,1,3,Hibernating
1833,2024-04-09 20:58:38,2,576.5385,267,3,2,1,6,Potential
1834,2024-06-07 07:35:29,3,4589.358,208,3,4,5,12,Potential
1835,2024-12-13 10:04:25,3,12425.869999999999,19,5,4,5,14,Champions
1836,2023-07-26 18:36:08,2,396.48799999999994,525,2,2,1,5,Hibernating
1837,2024-12-02 21:13:08,3,1379.1325000000002,30,5,4,2,11,Loyal
1838,2024-01-17 00:49:32,1,1396.212,350,2,1,2,5,Hibernating
1839,2024-10-08 21:50:51,4,4359.449,85,4,5,5,14,Champions
1840,2024-08-31 23:47:19,3,3175.8685,123,4,4,4,12,Champions
1841,2023-11-01 13:05:20,2,15585.5715,427,2,2,5,9,Hibernating
1843,2024-12-21 02:51:00,4,2672.75,11,5,5,4,14,Champions
1844,2023-07-11 20:41:30,2,920.562,540,1,2,2,5,Hibernating
1845,2024-10-26 21:05:26,2,3760.3035,67,5,2,4,11,Potential
1846,2022-09-28 18:17:20,1,1142.276,826,1,1,2,4,Hibernating
1847,2023-10-26 15:48:24,1,942.6255,433,2,1,2,5,Hibernating
1848,2024-04-29 10:14:05,1,17.97,247,3,1,1,5,Potential
1849,2023-11-14 18:11:59,2,1608.94,414,2,2,2,6,Hibernating
1850,2024-09-25 06:31:36,3,2132.3624999999997,98,4,4,3,11,Loyal
1851,2023-10-19 12:21:11,3,1729.3935000000001,440,2,4,3,9,At Risk
1852,2024-06-03 07:29:57,1,3486.645,212,3,1,4,8,Potential
1853,2024-12-01 23:37:24,3,1094.6345,31,5,4,2,11,Loyal
1854,2024-11-08 11:45:28,4,35856.354,54,5,5,5,15,Champions
1855,2023-11-13 18:36:33,1,850.7909999999999,415,2,1,1,4,Hibernating
1858,2024-12-22 00:52:30,1,1373.05,10,5,1,2,8,Potential
1860,2024-10-02 15:25:11,3,13564.177,91,4,4,5,13,Champions
1861,2023-03-12 17:05:17,1,1814.404,661,1,1,3,5,Hibernating
1864,2023-10-07 00:33:54,2,2870.1,452,2,2,4,8,Hibernating
1865,2024-06-29 09:41:04,1,154.60000000000002,186,3,1,1,5,Potential
1867,2024-01-04 18:35:13,2,3325.889,363,2,2,4,8,Hibernating
1868,2024-03-08 11:35:38,4,3148.25,299,3,5,4,12,Potential
1869,2023-04-03 10:12:52,1,346.62800000000004,639,1,1,1,3,Hibernating
1870,2023-06-17 22:49:52,3,9972.3855,564,1,4,5,10,At Risk
1871,2024-09-26 01:12:39,3,12511.1,97,4,4,5,13,Champions
1872,2022-12-25 11:43:17,1,246.699,738,1,1,1,3,Hibernating
1873,2023-02-21 12:50:13,1,942.0545,680,1,1,2,4,Hibernating
1874,2023-09-21 18:07:57,2,1454.68,468,2,2,2,6,Hibernating
1875,2022-11-14 10:00:49,3,3368.5675,779,1,4,4,9,At Risk
1876,2024-08-12 19:17:30,2,2233.465,142,4,2,3,9,Potential
1877,2024-08-23 17:09:28,2,105.756,131,4,2,1,7,Potential
1878,2023-07-05 13:55:25,4,4047.3509999999997,546,1,5,4,10,At Risk
1879,2024-05-09 07:06:28,1,943.9,237,3,1,2,6,Potential
1880,2024-12-14 07:44:36,3,2007.0535,18,5,4,3,12,Loyal
1881,2022-12-15 11:41:23,4,1458.9279999999999,748,1,5,2,8,Potential
1882,2023-12-10 20:54:13,1,1622.6889999999999,388,2,1,2,5,Hibernating
1883,2024-10-30 10:28:56,2,3092.55,63,5,2,4,11,Potential
1884,2023-03-07 04:55:33,1,14.73,666,1,1,1,3,Hibernating
1885,2024-08-28 07:09:18,2,257.984,126,4,2,1,7,Potential
1886,2024-01-03 05:34:16,2,2745.022,364,2,2,4,8,Hibernating
1887,2024-01-30 00:41:38,2,833.6885,337,2,2,1,5,Hibernating
1888,2023-08-27 07:03:05,1,1097.34,493,2,1,2,5,Hibernating
1889,2024-09-09 13:32:05,3,6252.4985,114,4,4,5,13,Champions
1890,2024-12-17 23:57:32,3,6248.8665,15,5,4,5,14,Champions
1891,2022-11-21 21:39:56,1,1709.08,772,1,1,3,5,Hibernating
1892,2024-05-16 20:32:55,3,2453.155,230,3,4,3,10,Potential
1893,2024-04-24 05:44:39,4,6830.28,252,3,5,5,13,Potential
1894,2024-05-06 02:32:28,4,3824.7605,240,3,5,4,12,Potential
1895,2024-04-23 23:16:59,2,1999.6585,253,3,2,3,8,Potential
1896,2024-04-26 07:30:49,3,1136.8925,250,3,4,2,9,Potential
1897,2023-08-05 02:32:36,3,35495.240000000005,515,2,4,5,11,At Risk
1898,2024-01-03 08:32:37,2,4719.8189999999995,364,2,2,5,9,Hibernating
1899,2024-04-07 11:14:21,2,1188.054,269,3,2,2,7,Potential
1901,2024-10-04 01:55:16,3,7194.71,89,4,4,5,13,Champions
1903,2024-07-22 01:53:15,2,1781.0455,163,3,2,3,8,Potential
1904,2022-11-23 05:27:47,3,939.5659999999999,770,1,4,2,7,Potential
1905,2024-11-24 03:08:35,2,1909.723,38,5,2,3,10,Potential
1906,2023-11-05 17:49:17,2,1638.6755,423,2,2,2,6,Hibernating
1907,2024-07-18 21:56:09,3,4591.3035,167,3,4,5,12,Potential
1908,2023-05-29 17:05:08,2,781.3099999999998,583,1,2,1,4,Hibernating
1909,2024-10-29 18:56:34,2,4057.817,64,5,2,4,11,Potential
1910,2024-01-31 19:59:33,1,739.72,336,2,1,1,4,Hibernating
1911,2024-10-31 18:10:22,3,12399.628499999999,62,5,4,5,14,Champions
1912,2024-02-28 21:03:41,2,3134.909,308,2,2,4,8,Hibernating
1913,2023-10-13 18:44:04,2,2034.4135,446,2,2,3,7,Hibernating
1914,2023-06-04 16:48:26,2,848.1200000000001,577,1,2,1,4,Hibernating
1915,2024-05-05 09:41:11,3,1240.705,241,3,4,2,9,Potential
1916,2023-03-02 08:23:19,1,63.139499999999884,671,1,1,1,3,Hibernating
1917,2023-10-02 12:54:10,2,2881.2765,457,2,2,4,8,Hibernating
1918,2024-10-05 01:13:07,1,43.2,88,4,1,1,6,Potential
1919,2023-07-03 10:46:24,2,935.9839999999999,548,1,2,2,5,Hibernating
1920,2024-03-22 21:26:14,2,3753.183,285,3,2,4,9,Potential
1921,2024-10-19 08:46:54,3,3713.1415,74,4,4,4,12,Champions
1922,2024-09-14 12:09:16,4,10407.654,109,4,5,5,14,Champions
1923,2023-10-03 17:19:58,3,503.45399999999995,456,2,4,1,7,Potential
1924,2024-04-25 02:01:17,5,8313.1735,251,3,5,5,13,Potential
1925,2023-06-24 03:46:10,2,1240.3980000000001,557,1,2,2,5,Hibernating
1926,2024-02-24 08:23:57,3,3460.363,312,2,4,4,10,At Risk
1927,2024-06-13 20:29:53,2,1588.5545,202,3,2,2,7,Potential
1929,2024-11-24 07:32:28,7,5930.3835,38,5,5,5,15,Champions
1931,2024-08-23 09:58:05,2,2954.08,131,4,2,4,10,Potential
1932,2024-11-21 20:25:34,2,3881.937,41,5,2,4,11,Potential
1933,2024-07-15 12:58:09,1,-295.88800000000003,170,3,1,1,5,Potential
1934,2024-05-12 14:31:16,2,1500.059,234,3,2,2,7,Potential
1935,2023-12-30 04:35:00,1,2060.044,368,2,1,3,6,Hibernating
1936,2023-10-04 07:33:31,1,2254.8235,455,2,1,3,6,Hibernating
1937,2024-05-30 01:51:59,3,4472.7325,216,3,4,5,12,Potential
1938,2022-10-13 04:35:12,2,1742.2055,811,1,2,3,6,Hibernating
1939,2024-10-22 18:24:19,1,2222.36,71,5,1,3,9,Potential
1940,2024-10-07 18:58:22,6,14953.306499999999,86,4,5,5,14,Champions
1941,2024-11-25 14:00:45,4,2793.9115,37,5,5,4,14,Champions
1942,2023-10-07 21:41:52,3,2031.3975,452,2,4,3,9,At Risk
1944,2022-11-11 21:46:03,2,2908.8945000000003,782,1,2,4,7,Hibernating
1945,2023-12-05 05:34:35,1,903.1800000000001,393,2,1,2,5,Hibernating
1946,2023-11-17 05:20:09,1,915.01,411,2,1,2,5,Hibernating
1947,2024-12-13 14:43:39,3,2812.697,19,5,4,4,13,Champions
1948,2024-01-02 14:06:16,1,163.71150000000006,365,2,1,1,4,Hibernating
1950,2022-04-22 21:48:42,1,621.164,985,1,1,1,3,Hibernating
1951,2024-11-14 14:41:23,3,1050.94,48,5,4,2,11,Loyal
1953,2023-04-19 13:25:28,1,-32.631,623,1,1,1,3,Hibernating
1954,2024-12-09 03:16:22,3,1767.452,23,5,4,3,12,Loyal
1955,2024-06-16 03:49:42,1,1222.03,199,3,1,2,6,Potential
1956,2024-10-01 11:06:00,2,1314.423,92,4,2,2,8,Potential
1957,2023-06-09 23:08:09,3,2293.2465,572,1,4,3,8,At Risk
1958,2023-07-04 08:48:08,2,2600.316,547,1,2,3,6,Hibernating
1959,2024-04-05 07:57:57,1,1638.68,271,3,1,2,6,Potential
1960,2024-01-25 05:11:19,2,1719.4360000000001,342,2,2,3,7,Hibernating
1961,2022-10-09 14:59:59,1,1480.8039999999999,815,1,1,2,4,Hibernating
1963,2023-07-16 03:33:46,2,2258.0969999999998,535,1,2,3,6,Hibernating
1964,2024-06-23 14:54:29,2,2037.9360000000001,192,3,2,3,8,Potential
1965,2024-10-20 05:18:39,3,1884.8010000000002,73,4,4,3,11,Loyal
1966,2024-12-25 23:04:46,3,2094.3275,7,5,4,3,12,Loyal
1967,2024-05-12 17:00:42,3,2837.6275,234,3,4,4,11,Potential
1968,2022-07-28 07:53:43,1,1549.7295,888,1,1,2,4,Hibernating
1969,2024-11-04 12:14:54,2,2444.323,58,5,2,3,10,Potential
1970,2024-12-04 06:01:49,4,1680.3764999999999,28,5,5,3,13,Loyal
1971,2024-07-31 20:01:44,6,4348.208,154,4,5,5,14,Champions
1972,2024-12-19 05:31:30,6,4614.079,13,5,5,5,15,Champions
1973,2024-12-14 11:57:31,4,-9509.537999999999,18,5,5,1,11,Loyal
1974,2024-05-18 00:45:06,4,2014.254,228,3,5,3,11,Potential
1975,2024-09-24 02:43:28,3,3111.3915,99,4,4,4,12,Champions
1976,2024-07-25 22:04:30,2,986.7445,160,4,2,2,8,Potential
1977,2024-07-03 13:13:29,1,253.7,182,3,1,1,5,Potential
1978,2023-06-07 09:36:21,2,2147.8355,574,1,2,3,6,Hibernating
1979,2022-09-29 18:53:01,3,4747.6375,825,1,4,5,10,At Risk
1980,2024-02-08 18:09:04,1,1464.1599999999999,328,2,1,2,5,Hibernating
1981,2024-12-02 12:08:45,7,6225.7675,30,5,5,5,15,Champions
1982,2023-10-17 01:46:33,1,993.6,442,2,1,2,5,Hibernating
1983,2024-03-02 11:48:26,1,1075.01,305,3,1,2,6,Potential
1984,2024-10-12 07:29:00,2,626.4315,81,4,2,1,7,Potential
1985,2022-09-25 04:21:29,2,2608.426,829,1,2,4,7,Hibernating
1986,2023-04-01 07:33:24,1,828.8085,641,1,1,1,3,Hibernating
1987,2024-08-23 04:45:17,1,827.8969999999999,131,4,1,1,6,Potential
1988,2024-03-31 15:52:26,2,-127.82000000000005,276,3,2,1,6,Potential
1989,2024-07-01 18:29:53,2,2039.4634999999998,184,3,2,3,8,Potential
1991,2024-07-21 16:53:37,3,2291.1710000000003,164,3,4,3,10,Potential
1992,2024-07-17 12:34:09,3,12098.167000000001,168,3,4,5,12,Potential
1993,2022-03-23 17:45:28,1,70254.39,1015,1,1,5,7,Hibernating
1994,2022-09-19 15:43:22,2,3182.989,835,1,2,4,7,Hibernating
1995,2023-11-09 20:59:10,5,34805.479,419,2,5,5,12,At Risk
1998,2024-11-06 17:36:41,2,354.15599999999995,56,5,2,1,8,Potential
1999,2024-02-11 10:45:12,6,38890.854,325,2,5,5,12,At Risk
2000,2024-01-09 01:35:40,2,1426.812,358,2,2,2,6,Hibernating
2001,2023-11-23 18:08:34,1,239.28599999999997,405,2,1,1,4,Hibernating
2002,2024-09-20 20:36:47,2,2229.3705,103,4,2,3,9,Potential
2003,2024-04-07 16:42:25,1,248.94,269,3,1,1,5,Potential
2004,2023-05-18 10:35:21,1,357.264,594,1,1,1,3,Hibernating
2005,2024-09-19 10:37:05,3,3111.403,104,4,4,4,12,Champions
2008,2024-05-22 22:05:27,2,1199.114,224,3,2,2,7,Potential
2009,2024-08-26 15:20:47,2,6713.601000000001,128,4,2,5,11,Potential
2011,2022-10-30 17:34:25,2,3202.1720000000005,794,1,2,4,7,Hibernating
2012,2024-11-02 23:43:00,4,4420.906,60,5,5,5,15,Champions
2013,2024-04-24 16:05:55,4,5308.883,252,3,5,5,13,Potential
2014,2022-10-31 00:31:46,1,1927.84,793,1,1,3,5,Hibernating
2016,2023-04-30 01:09:20,2,1450.6100000000001,612,1,2,2,5,Hibernating
2017,2024-09-07 03:44:12,5,4018.952,116,4,5,4,13,Champions
2018,2024-10-24 16:11:51,4,3719.0015000000003,69,5,5,4,14,Champions
2019,2024-10-18 04:07:07,4,1938.9944999999998,75,4,5,3,12,Loyal
2020,2023-12-02 07:47:54,1,930.086,396,2,1,2,5,Hibernating
2021,2024-10-10 01:54:19,3,3527.4,83,4,4,4,12,Champions
2022,2023-11-29 12:06:01,1,908.3899999999999,399,2,1,2,5,Hibernating
2023,2024-09-20 15:06:59,2,2367.393,103,4,2,3,9,Potential
2025,2024-09-26 00:30:22,1,510.39,97,4,1,1,6,Potential
2026,2024-12-22 05:16:45,2,2079.004,10,5,2,3,10,Potential
2027,2024-12-17 11:56:05,2,3091.8540000000003,15,5,2,4,11,Potential
2028,2024-01-18 22:21:02,1,1434.834,349,2,1,2,5,Hibernating
2029,2024-12-21 04:53:17,1,1767.8759999999997,11,5,1,3,9,Potential
2030,2024-06-11 23:13:32,1,745.6,204,3,1,1,5,Potential
2031,2024-08-28 23:24:08,3,2770.9320000000002,126,4,4,4,12,Champions
2033,2024-10-16 18:38:53,3,3333.8355,77,4,4,4,12,Champions
2034,2024-10-06 04:57:31,3,3919.5575,87,4,4,4,12,Champions
2035,2023-11-19 17:53:26,2,381.135,409,2,2,1,5,Hibernating
2036,2024-05-31 20:50:11,4,2131.8325,215,3,5,3,11,Potential
2037,2024-01-19 16:24:15,3,3742.58,348,2,4,4,10,At Risk
2038,2024-09-10 07:01:41,1,1937.688,113,4,1,3,8,Potential
2039,2024-04-08 04:45:39,2,1976.058,268,3,2,3,8,Potential
2041,2024-03-21 21:23:41,1,530.23,286,3,1,1,5,Potential
2042,2023-03-03 17:00:23,1,2318.044,670,1,1,3,5,Hibernating
2044,2023-10-29 05:25:32,1,6.81,430,2,1,1,4,Hibernating
2045,2024-03-02 08:40:00,1,703.658,305,3,1,1,5,Potential
2046,2024-10-27 03:09:46,2,451.13199999999995,66,5,2,1,8,Potential
2047,2024-07-28 11:44:50,4,5027.5355,157,4,5,5,14,Champions
2049,2023-10-19 17:43:17,2,1516.404,440,2,2,2,6,Hibernating
2050,2024-04-02 18:15:12,3,6140.816,274,3,4,5,12,Potential
2051,2024-04-28 19:29:46,4,2483.8575,248,3,5,3,11,Potential
2052,2024-07-29 10:46:25,3,2555.346,156,4,4,3,11,Loyal
2053,2024-10-23 00:24:37,1,1499.0100000000002,70,5,1,2,8,Potential
2054,2024-08-16 14:35:21,4,4840.1,138,4,5,5,14,Champions
2056,2024-09-28 02:46:58,3,3796.6764999999996,95,4,4,4,12,Champions
2058,2023-09-02 03:11:13,1,1030.52,487,2,1,2,5,Hibernating
2059,2024-11-22 02:05:17,4,1890.7465000000002,40,5,5,3,13,Loyal
2060,2024-07-14 00:19:15,2,2847.8775,171,3,2,4,9,Potential
2061,2023-07-13 12:00:16,2,973.9839999999999,538,1,2,2,5,Hibernating
2062,2024-11-17 03:06:34,1,1126.24,45,5,1,2,8,Potential
2063,2024-06-22 00:20:52,1,2067.724,193,3,1,3,7,Potential
2064,2023-02-01 01:37:45,1,570.068,700,1,1,1,3,Hibernating
2065,2024-12-20 23:07:28,2,1810.7,12,5,2,3,10,Potential
2066,2024-04-19 20:04:56,1,2526.831,257,3,1,3,7,Potential
2068,2024-11-17 14:20:59,3,13795.529,45,5,4,5,14,Champions
2069,2024-11-10 23:43:51,3,1926.184,52,5,4,3,12,Loyal
2070,2024-10-14 21:14:29,3,4437.305,79,4,4,5,13,Champions
2071,2024-08-01 09:27:27,1,199.36,153,4,1,1,6,Potential
2072,2022-07-24 09:37:34,1,1850.877,892,1,1,3,5,Hibernating
2073,2024-09-26 01:36:09,2,5726.92,97,4,2,5,11,Potential
2074,2024-10-07 10:33:12,6,4530.6495,86,4,5,5,14,Champions
2076,2024-09-24 08:18:34,2,1351.4740000000002,99,4,2,2,8,Potential
2077,2024-12-24 14:48:11,4,7154.943499999999,8,5,5,5,15,Champions
2078,2024-08-05 23:13:04,4,4525.5325,149,4,5,5,14,Champions
2079,2024-05-11 15:43:43,2,1644.45,235,3,2,2,7,Potential
2080,2023-09-19 22:17:53,3,1396.3319999999999,470,2,4,2,8,Potential
2081,2024-10-14 17:04:14,3,863.45,79,4,4,1,9,Loyal
2082,2024-11-24 08:59:52,3,5353.4435,38,5,4,5,14,Champions
2083,2024-03-12 21:23:21,1,448.56,295,3,1,1,5,Potential
2084,2023-12-27 00:15:07,3,3008.4565000000002,371,2,4,4,10,At Risk
2085,2024-12-11 12:16:22,2,749.2935,21,5,2,1,8,Potential
2087,2024-04-02 08:43:55,2,858.1475,274,3,2,1,6,Potential
2088,2024-08-01 21:59:27,2,1157.6599999999999,153,4,2,2,8,Potential
2089,2023-12-08 18:39:18,1,1230.2435,390,2,1,2,5,Hibernating
2090,2023-11-24 00:25:49,1,747.771,404,2,1,1,4,Hibernating
2091,2023-07-25 17:34:13,2,1112.028,526,2,2,2,6,Hibernating
2092,2024-12-27 23:53:20,1,1470.07,5,5,1,2,8,Potential
2093,2023-04-28 14:05:50,2,1542.77,614,1,2,2,5,Hibernating
2094,2023-11-12 08:12:40,1,533.81,416,2,1,1,4,Hibernating
2095,2023-02-20 20:49:40,1,2493.3810000000003,681,1,1,3,5,Hibernating
2096,2024-02-19 12:52:47,1,756.22,317,2,1,1,4,Hibernating
2098,2024-12-09 22:53:49,1,342.3035,23,5,1,1,7,Potential
2099,2023-07-23 07:41:06,1,3481.66,528,1,1,4,6,Hibernating
2100,2022-09-18 10:46:09,1,-426.525,836,1,1,1,3,Hibernating
2102,2023-11-28 18:50:16,3,3821.4835000000003,400,2,4,4,10,At Risk
2103,2024-09-08 08:24:07,2,2552.951,115,4,2,3,9,Potential
2104,2024-05-28 11:14:02,3,3849.351,218,3,4,4,11,Potential
2105,2024-08-18 08:29:36,3,15766.202500000001,136,4,4,5,13,Champions
2106,2024-06-06 20:57:13,2,1002.766,209,3,2,2,7,Potential
2107,2024-05-31 15:19:02,3,4485.491,215,3,4,5,12,Potential
2108,2024-09-25 22:34:36,4,3444.1915,98,4,5,4,13,Champions
2109,2024-12-14 05:08:34,4,5443.8265,18,5,5,5,15,Champions
2110,2022-11-16 13:01:22,2,12936.766,777,1,2,5,8,Hibernating
2111,2024-01-29 22:44:13,5,2568.6375,338,2,5,3,10,At Risk
2112,2023-08-05 18:11:24,4,2633.7754999999997,515,2,5,4,11,At Risk
2113,2022-02-15 05:27:21,1,667.54,1051,1,1,1,3,Hibernating
2114,2022-09-11 15:24:53,1,409.53549999999996,843,1,1,1,3,Hibernating
2115,2024-01-09 08:07:52,4,5604.8585,358,2,5,5,12,At Risk
2116,2024-05-20 00:49:58,2,2887.19,226,3,2,4,9,Potential
2117,2023-08-04 23:26:25,2,2484.645,516,2,2,3,7,Hibernating
2118,2024-05-08 06:24:30,1,1782.124,238,3,1,3,7,Potential
2119,2023-05-23 00:56:25,1,494.744,589,1,1,1,3,Hibernating
2120,2024-07-18 13:13:03,4,3996.6895,167,3,5,4,12,Potential
2121,2023-03-31 20:31:27,3,5407.1125,642,1,4,5,10,At Risk
2122,2024-10-16 12:57:29,1,1645.8475,77,4,1,2,7,Potential
2123,2024-12-29 17:15:58,1,2344.7495,3,5,1,3,9,Potential
2124,2024-12-27 23:34:40,2,1560.863,5,5,2,2,9,Potential
2125,2023-12-14 07:00:59,2,1531.762,384,2,2,2,6,Hibernating
2126,2024-05-12 14:12:05,1,1970.137,234,3,1,3,7,Potential
2129,2024-08-06 00:44:15,2,4600.74,148,4,2,5,11,Potential
2130,2024-04-27 03:21:46,3,3678.482,249,3,4,4,11,Potential
2131,2023-11-08 14:40:33,1,1962.886,420,2,1,3,6,Hibernating
2132,2024-04-30 14:58:10,2,1503.768,246,3,2,2,7,Potential
2133,2023-11-07 06:59:38,4,2228.3599999999997,421,2,5,3,10,At Risk
2135,2024-11-06 02:33:26,2,3777.169,56,5,2,4,11,Potential
2137,2022-11-09 19:15:27,1,950.2805000000001,784,1,1,2,4,Hibernating
2138,2024-10-03 14:19:16,3,3952.8914999999997,90,4,4,4,12,Champions
2139,2023-06-05 10:45:39,5,4570.8555,576,1,5,5,11,At Risk
2140,2024-02-27 02:28:14,2,1934.424,309,2,2,3,7,Hibernating
2141,2024-09-02 05:41:58,2,2691.2055,121,4,2,4,10,Potential
2142,2024-10-03 06:19:22,2,2239.691,90,4,2,3,9,Potential
2143,2023-11-24 09:09:53,4,5433.1765,404,2,5,5,12,At Risk
2144,2023-06-14 03:14:28,2,5156.205,567,1,2,5,8,Hibernating
2146,2024-02-01 04:08:19,4,3841.029,335,2,5,4,11,At Risk
2148,2023-05-20 08:17:04,1,3833.014,592,1,1,4,6,Hibernating
2149,2024-09-09 23:52:57,3,2783.2430000000004,114,4,4,4,12,Champions
2150,2024-11-11 10:32:14,4,3801.4615,51,5,5,4,14,Champions
2151,2022-12-31 11:17:54,1,1409.852,732,1,1,2,4,Hibernating
2152,2022-06-06 10:39:55,2,1811.551,940,1,2,3,6,Hibernating
2153,2024-10-17 01:06:45,3,4936.7919999999995,76,4,4,5,13,Champions
2154,2022-10-29 07:19:37,1,785.094,795,1,1,1,3,Hibernating
2155,2024-07-04 06:23:20,2,1259.08,181,3,2,2,7,Potential
2156,2022-10-23 15:35:02,2,1554.5194999999999,801,1,2,2,5,Hibernating
2157,2023-04-19 22:30:59,2,3115.493,623,1,2,4,7,Hibernating
2158,2023-12-25 20:27:23,1,479.4,373,2,1,1,4,Hibernating
2159,2024-06-20 04:05:47,1,1494.0100000000002,195,3,1,2,6,Potential
2160,2024-05-10 16:29:13,2,2099.3375,236,3,2,3,8,Potential
2162,2024-10-12 18:46:00,2,3056.033,81,4,2,4,10,Potential
2164,2024-12-05 03:59:53,5,4016.8990000000003,27,5,5,4,14,Champions
2165,2023-07-14 07:47:12,2,3906.9325,537,1,2,4,7,Hibernating
2166,2024-08-31 18:24:07,1,219.22,123,4,1,1,6,Potential
2167,2024-07-30 16:56:32,4,3512.4840000000004,155,4,5,4,13,Champions
2168,2024-08-09 19:04:01,1,863.83,145,4,1,1,6,Potential
2169,2022-12-19 15:23:34,2,1680.4650000000001,744,1,2,3,6,Hibernating
2170,2024-10-13 12:18:32,4,2481.837,80,4,5,3,12,Loyal
2171,2023-07-27 02:02:36,1,1208.1299999999999,524,2,1,2,5,Hibernating
2172,2024-01-15 05:25:17,3,2310.056,352,2,4,3,9,At Risk
2173,2024-11-02 04:23:14,2,1096.204,60,5,2,2,9,Potential
2174,2024-03-16 21:36:31,5,7657.611,291,3,5,5,13,Potential
2175,2024-10-26 13:17:29,2,2738.6165,67,5,2,4,11,Potential
2176,2024-12-22 01:24:03,2,2731.3985,10,5,2,4,11,Potential
2177,2022-01-29 20:28:47,1,166.1,1068,1,1,1,3,Hibernating
2178,2024-06-06 09:51:05,5,3331.8785,209,3,5,4,12,Potential
2180,2024-12-06 05:04:34,5,9433.76,26,5,5,5,15,Champions
2181,2024-10-31 15:39:31,2,1695.395,62,5,2,3,10,Potential
2182,2024-10-22 10:48:42,1,1849.7735,71,5,1,3,9,Potential
2184,2024-08-15 16:42:26,4,4936.167,139,4,5,5,14,Champions
2186,2023-08-01 00:10:22,3,1544.22,519,2,4,2,8,Potential
2187,2022-02-25 17:33:48,1,790.12,1041,1,1,1,3,Hibernating
2188,2023-05-16 03:08:06,2,2396.8735,596,1,2,3,6,Hibernating
2189,2024-12-01 21:59:18,4,2719.903,31,5,5,4,14,Champions
2190,2022-04-22 10:25:14,1,1902.5665,985,1,1,3,5,Hibernating
2191,2024-07-24 18:16:46,2,1727.298,161,3,2,3,8,Potential
2192,2024-09-30 07:16:15,2,3926.45,93,4,2,4,10,Potential
2193,2024-12-13 12:08:45,6,7088.421,19,5,5,5,15,Champions
2194,2024-05-08 11:32:20,2,928.287,238,3,2,2,7,Potential
2195,2023-09-15 19:07:26,2,6273.369500000001,474,2,2,5,9,Hibernating
2196,2024-09-10 08:51:17,3,4651.7375,113,4,4,5,13,Champions
2197,2024-05-31 20:43:10,2,3207.25,215,3,2,4,9,Potential
2198,2024-12-05 22:56:41,4,951.3349999999999,27,5,5,2,12,Loyal
2199,2024-12-27 14:02:02,1,4094.0670000000005,5,5,1,5,11,Potential
2200,2022-06-24 12:25:45,2,3049.766,922,1,2,4,7,Hibernating
2201,2024-11-23 10:58:16,2,2300.8125,39,5,2,3,10,Potential
2203,2024-12-19 06:08:38,2,9342.78,13,5,2,5,12,Potential
2204,2024-05-09 10:16:54,3,1322.2060000000001,237,3,4,2,9,Potential
2205,2022-12-25 07:40:43,3,1862.35,738,1,4,3,8,At Risk
2206,2023-12-21 21:10:53,2,850.7279999999998,377,2,2,1,5,Hibernating
2207,2022-08-11 12:28:50,2,746.1975,874,1,2,1,4,Hibernating
2208,2024-07-01 13:49:52,2,1328.3944999999999,184,3,2,2,7,Potential
2209,2022-07-29 15:57:48,2,2510.954,887,1,2,3,6,Hibernating
2210,2024-11-14 08:43:01,2,511.34950000000003,48,5,2,1,8,Potential
2211,2022-09-17 17:22:44,1,939.086,837,1,1,2,4,Hibernating
2212,2024-09-13 20:02:28,4,4223.2255000000005,110,4,5,5,14,Champions
2213,2023-05-13 14:53:56,2,616.13,599,1,2,1,4,Hibernating
2214,2024-03-29 15:03:40,2,3241.62,278,3,2,4,9,Potential
2215,2022-10-12 19:25:47,1,908.4999999999999,812,1,1,2,4,Hibernating
2216,2023-11-27 08:31:08,1,3360.078,401,2,1,4,7,Hibernating
2217,2023-01-17 10:53:38,2,2459.125,715,1,2,3,6,Hibernating
2218,2024-03-22 18:50:41,3,4405.872,285,3,4,5,12,Potential
2220,2024-12-10 16:47:07,2,1918.174,22,5,2,3,10,Potential
2221,2023-12-11 20:15:18,4,4503.356,387,2,5,5,12,At Risk
2222,2023-08-03 08:17:09,2,1060.82,517,2,2,2,6,Hibernating
2223,2023-08-28 16:29:03,2,995.243,492,2,2,2,6,Hibernating
2224,2023-12-05 20:00:08,1,321.678,393,2,1,1,4,Hibernating
2225,2024-10-09 20:53:48,3,2947.8905,84,4,4,4,12,Champions
2226,2024-06-07 15:18:31,2,3328.9719999999998,208,3,2,4,9,Potential
2227,2024-07-09 12:00:52,3,2566.0204999999996,176,3,4,3,10,Potential
2229,2023-12-10 16:17:45,3,2604.158,388,2,4,3,9,At Risk
2230,2024-04-20 08:53:23,1,1269.917,256,3,1,2,6,Potential
2231,2023-04-04 03:46:09,1,568.7475,638,1,1,1,3,Hibernating
2232,2022-08-27 20:14:35,1,553.5435,858,1,1,1,3,Hibernating
2233,2024-10-10 15:15:44,3,4744.664,83,4,4,5,13,Champions
2234,2023-10-25 05:35:26,1,604.409,434,2,1,1,4,Hibernating
2235,2024-12-24 03:34:47,2,2485.672,8,5,2,3,10,Potential
2236,2024-09-14 12:35:16,3,1077.888,109,4,4,2,10,Loyal
2237,2023-12-10 09:24:39,5,7453.5445,388,2,5,5,12,At Risk
2238,2024-03-27 10:21:12,2,2307.6755,280,3,2,3,8,Potential
2239,2024-11-29 02:36:27,4,3445.1175,33,5,5,4,14,Champions
2240,2024-12-24 18:21:53,5,5529.4345,8,5,5,5,15,Champions
2241,2024-11-10 16:05:07,4,15594.7405,52,5,5,5,15,Champions
2242,2023-04-29 04:44:56,2,1256.556,613,1,2,2,5,Hibernating
2243,2023-10-25 00:05:25,2,1945.937,434,2,2,3,7,Hibernating
2244,2024-12-31 12:57:57,3,637.55,1,5,4,1,10,Loyal
2245,2023-12-28 03:28:13,4,8536.860999999999,370,2,5,5,12,At Risk
2246,2023-05-23 07:50:24,3,3522.18,589,1,4,4,9,At Risk
2247,2024-11-28 13:43:21,1,1839.47,34,5,1,3,9,Potential
2248,2023-03-20 17:38:28,5,2724.4505,653,1,5,4,10,At Risk
2249,2022-11-27 06:29:31,2,1315.3695,766,1,2,2,5,Hibernating
2250,2022-07-25 02:25:41,2,2960.5695,891,1,2,4,7,Hibernating
2251,2024-08-16 16:58:30,1,941.4105000000001,138,4,1,2,7,Potential
2252,2024-10-06 01:05:43,3,2384.552,87,4,4,3,11,Loyal
2253,2024-09-30 02:12:45,3,7719.3785,93,4,4,5,13,Champions
2254,2024-06-22 20:36:25,1,739.578,193,3,1,1,5,Potential
2255,2024-11-10 16:35:02,2,37956.426999999996,52,5,2,5,12,Potential
2256,2024-10-21 17:18:05,2,1480.745,72,4,2,2,8,Potential
2257,2024-12-07 19:00:52,4,4078.1525,25,5,5,5,15,Champions
2260,2022-07-16 10:45:07,1,220.12449999999998,900,1,1,1,3,Hibernating
2261,2024-01-26 13:36:33,5,4187.093,341,2,5,5,12,At Risk
2262,2024-08-01 18:41:45,3,532.828,153,4,4,1,9,Loyal
2263,2024-01-03 15:24:10,5,6703.7255,364,2,5,5,12,At Risk
2265,2024-12-31 01:24:51,2,3230.341,1,5,2,4,11,Potential
2266,2024-08-03 00:49:38,1,1074.2759999999998,151,4,1,2,7,Potential
2267,2024-12-18 14:44:29,3,2094.4539999999997,14,5,4,3,12,Loyal
2269,2024-11-02 09:04:32,2,3365.7875000000004,60,5,2,4,11,Potential
2270,2023-03-09 12:57:42,1,1459.52,664,1,1,2,4,Hibernating
2271,2022-11-01 05:49:56,2,4626.438999999999,792,1,2,5,8,Hibernating
2272,2024-10-09 15:12:32,4,3392.3195,84,4,5,4,13,Champions
2273,2024-04-04 10:18:40,3,6078.4545,272,3,4,5,12,Potential
2274,2024-08-17 11:45:40,1,226.336,137,4,1,1,6,Potential
2275,2024-11-29 19:33:45,5,3560.117,33,5,5,4,14,Champions
2276,2024-08-12 13:39:16,1,881.38,142,4,1,1,6,Potential
2277,2022-08-05 03:01:03,2,2650.5005,880,1,2,4,7,Hibernating
2278,2024-12-03 20:34:24,3,2954.961,29,5,4,4,13,Champions
2279,2024-05-21 02:33:24,1,1287.2469999999998,225,3,1,2,6,Potential
2280,2024-01-02 12:33:21,4,13777.064999999999,365,2,5,5,12,At Risk
2281,2024-06-18 05:50:12,3,2314.0434999999998,197,3,4,3,10,Potential
2282,2024-01-27 19:22:36,2,2897.4865,340,2,2,4,8,Hibernating
2284,2024-07-19 06:37:07,3,5075.744,166,3,4,5,12,Potential
2285,2024-11-18 03:07:25,2,1690.97,44,5,2,3,10,Potential
2286,2024-04-28 07:49:24,3,1173.4045,248,3,4,2,9,Potential
2287,2024-05-20 22:30:14,4,38640.024,226,3,5,5,13,Potential
2288,2024-03-11 01:54:22,1,971.001,296,3,1,2,6,Potential
2289,2022-10-13 18:36:54,1,1706.3204999999998,811,1,1,3,5,Hibernating
2290,2023-11-29 22:44:42,2,3250.08,399,2,2,4,8,Hibernating
2291,2023-12-25 02:04:20,2,1330.11,373,2,2,2,6,Hibernating
2292,2024-11-26 02:43:56,6,3728.713,36,5,5,4,14,Champions
2293,2023-11-18 22:16:19,2,4933.1835,410,2,2,5,9,Hibernating
2294,2023-06-20 15:39:46,2,3373.756,561,1,2,4,7,Hibernating
2295,2024-06-29 13:27:37,6,15674.876,186,3,5,5,13,Potential
2296,2024-08-10 14:19:17,4,4653.856,144,4,5,5,14,Champions
2297,2024-12-08 05:08:48,3,3368.165,24,5,4,4,13,Champions
2298,2024-12-18 20:01:49,2,1442.114,14,5,2,2,9,Potential
2300,2024-11-11 16:49:06,1,1676.976,51,5,1,3,9,Potential
2302,2024-10-29 01:53:35,3,1598.1,64,5,4,2,11,Loyal
2303,2024-06-15 21:21:04,1,12396.28,200,3,1,5,9,Potential
2305,2024-12-30 11:53:35,3,3378.88,2,5,4,4,13,Champions
2306,2024-07-04 08:33:21,1,139.949,181,3,1,1,5,Potential
2308,2024-06-20 08:03:50,3,4021.6600000000003,195,3,4,4,11,Potential
2310,2023-09-20 21:54:20,1,1984.51,469,2,1,3,6,Hibernating
2311,2023-09-09 20:04:49,2,3037.3485,480,2,2,4,8,Hibernating
2312,2024-04-24 00:05:59,1,2871.93,252,3,1,4,8,Potential
2313,2024-12-26 22:15:45,2,788.852,6,5,2,1,8,Potential
2314,2024-04-24 00:34:38,3,2657.0495,252,3,4,4,11,Potential
2315,2024-10-08 11:15:40,5,3900.941,85,4,5,4,13,Champions
2319,2024-05-20 00:10:07,2,1765.3355000000001,226,3,2,3,8,Potential
2320,2024-02-16 16:18:58,1,3451.558,320,2,1,4,7,Hibernating
2321,2022-03-27 19:05:10,1,1523.1129999999998,1011,1,1,2,4,Hibernating
2322,2024-01-21 11:15:52,1,2452.0205,346,2,1,3,6,Hibernating
2323,2024-12-31 03:15:32,3,3537.6175,1,5,4,4,13,Champions
2324,2024-01-13 11:28:15,2,1699.2719999999997,354,2,2,3,7,Hibernating
2326,2024-11-26 01:33:09,1,148.68,36,5,1,1,7,Potential
2327,2024-11-29 09:20:49,3,1063.1390000000001,33,5,4,2,11,Loyal
2328,2023-11-15 15:29:03,1,10977.455,413,2,1,5,8,Hibernating
2329,2024-06-11 13:48:37,2,1195.0725,204,3,2,2,7,Potential
2330,2024-07-14 18:56:48,3,3794.454,171,3,4,4,11,Potential
2331,2024-09-11 01:47:33,1,932.09,112,4,1,2,7,Potential
2332,2024-10-01 16:48:54,6,4580.6179999999995,92,4,5,5,14,Champions
2333,2024-03-17 19:38:57,2,11234.67,290,3,2,5,10,Potential
2335,2022-06-21 09:16:27,1,-363.16,925,1,1,1,3,Hibernating
2336,2024-08-31 17:59:19,1,687.3199999999999,123,4,1,1,6,Potential
2337,2023-08-02 03:52:31,2,2501.01,518,2,2,3,7,Hibernating
2338,2024-03-09 10:12:35,3,4211.893,298,3,4,5,12,Potential
2339,2024-07-12 17:09:24,4,3280.5115,173,3,5,4,12,Potential
2340,2024-02-15 21:15:10,2,1039.394,321,2,2,2,6,Hibernating
2341,2024-05-15 17:48:38,3,3071.602,231,3,4,4,11,Potential
2342,2024-01-25 05:04:05,2,1312.4470000000001,342,2,2,2,6,Hibernating
2343,2024-11-06 05:12:49,3,5112.463,56,5,4,5,14,Champions
2344,2024-06-26 05:19:10,2,2375.097,189,3,2,3,8,Potential
2345,2024-03-04 13:16:54,3,4478.7055,303,3,4,5,12,Potential
2346,2024-09-25 21:51:49,3,1680.7925,98,4,4,3,11,Loyal
2347,2024-01-19 15:48:18,2,1085.078,348,2,2,2,6,Hibernating
2348,2023-01-25 01:29:53,1,415.45399999999995,707,1,1,1,3,Hibernating
2349,2023-11-01 20:29:43,2,1554.48,427,2,2,2,6,Hibernating
2352,2022-03-10 17:00:54,1,251.88,1028,1,1,1,3,Hibernating
2353,2024-04-13 07:27:08,1,767.7950000000001,263,3,1,1,5,Potential
2354,2022-01-30 12:40:16,1,735.48,1067,1,1,1,3,Hibernating
2355,2023-12-06 08:12:03,3,10900.406500000001,392,2,4,5,11,At Risk
2356,2023-12-28 01:44:29,3,2869.1,370,2,4,4,10,At Risk
2357,2024-02-18 22:21:45,4,3897.553,318,2,5,4,11,At Risk
2358,2023-07-30 14:00:40,4,2245.3759999999997,521,2,5,3,10,At Risk
2359,2024-02-20 14:27:25,2,1286.954,316,2,2,2,6,Hibernating
2360,2024-03-19 04:46:58,1,406.85249999999996,288,3,1,1,5,Potential
2361,2023-09-04 13:45:27,4,2951.489,485,2,5,4,11,At Risk
2362,2024-12-02 05:34:11,3,1481.502,30,5,4,2,11,Loyal
2363,2024-08-07 20:23:28,1,861.59,147,4,1,1,6,Potential
2364,2024-02-03 02:14:51,6,12357.9095,333,2,5,5,12,At Risk
2365,2023-12-15 08:59:47,2,2481.8765000000003,383,2,2,3,7,Hibernating
2367,2024-08-18 02:24:04,2,2303.7475,136,4,2,3,9,Potential
2369,2024-08-16 07:41:04,3,2798.3940000000002,138,4,4,4,12,Champions
2370,2023-03-11 02:01:20,5,3124.31,662,1,5,4,10,At Risk
2371,2024-09-21 08:21:41,2,3044.1899999999996,102,4,2,4,10,Potential
2372,2024-10-02 05:12:49,6,5172.731,91,4,5,5,14,Champions
2373,2022-12-01 20:27:27,1,348.46999999999997,762,1,1,1,3,Hibernating
2374,2022-02-07 05:08:56,1,297.56,1059,1,1,1,3,Hibernating
2375,2024-02-21 12:16:45,4,4091.3804999999998,315,2,5,5,12,At Risk
2376,2022-02-20 19:15:43,1,528.78,1046,1,1,1,3,Hibernating
2377,2022-01-24 06:05:57,1,443.6,1073,1,1,1,3,Hibernating
2378,2024-08-27 17:35:07,4,4444.516,127,4,5,5,14,Champions
2379,2024-04-16 01:32:59,2,751.54,260,3,2,1,6,Potential
2380,2023-05-10 09:15:14,1,2782.0045,602,1,1,4,6,Hibernating
2381,2024-02-11 07:02:12,2,2476.79,325,2,2,3,7,Hibernating
2382,2022-11-13 19:38:50,1,235.35,780,1,1,1,3,Hibernating
2383,2024-11-29 21:44:49,2,2296.0964999999997,33,5,2,3,10,Potential
2384,2024-10-25 02:23:45,4,3866.7895,68,5,5,4,14,Champions
2385,2024-03-23 05:40:44,1,2046.5839999999998,284,3,1,3,7,Potential
2386,2024-03-22 19:27:02,2,2100.2304999999997,285,3,2,3,8,Potential
2388,2022-08-26 07:34:44,1,1209.115,859,1,1,2,4,Hibernating
2389,2023-12-18 05:20:01,1,503.34,380,2,1,1,4,Hibernating
2390,2022-04-06 02:45:44,1,628.48,1001,1,1,1,3,Hibernating
2392,2023-07-25 20:53:13,2,1683.3319999999999,526,2,2,3,7,Hibernating
2393,2024-06-11 09:34:14,2,1076.1815,204,3,2,2,7,Potential
2394,2024-04-27 21:56:34,5,6476.1345,249,3,5,5,13,Potential
2395,2023-02-14 21:07:42,2,2028.721,687,1,2,3,6,Hibernating
2396,2024-10-17 23:53:15,2,3445.0280000000002,76,4,2,4,10,Potential
2397,2023-09-08 00:24:47,3,3794.9425,481,2,4,4,10,At Risk
2399,2024-11-09 06:33:27,2,13576.273,53,5,2,5,12,Potential
2400,2024-06-04 08:43:25,3,3069.294,211,3,4,4,11,Potential
2401,2023-04-08 10:06:46,1,1820.6225,634,1,1,3,5,Hibernating
2402,2024-10-05 00:43:08,1,1424.753,88,4,1,2,7,Potential
2403,2024-10-01 05:14:43,5,6154.5435,92,4,5,5,14,Champions
2404,2022-08-23 03:00:28,1,1066.46,862,1,1,2,4,Hibernating
2405,2023-11-16 15:07:17,3,4904.338,412,2,4,5,11,At Risk
2406,2024-07-25 05:59:04,2,3914.1420000000003,160,4,2,4,10,Potential
2407,2022-07-16 12:26:27,1,598.946,900,1,1,1,3,Hibernating
2408,2024-05-02 09:31:26,2,1781.71,244,3,2,3,8,Potential
2409,2024-12-08 14:28:45,2,1651.029,24,5,2,2,9,Potential
2410,2024-09-28 18:34:58,2,-107.43,95,4,2,1,7,Potential
2411,2024-12-06 10:38:46,2,3362.239,26,5,2,4,11,Potential
2412,2022-06-20 14:36:36,1,9788.79,926,1,1,5,7,Hibernating
2413,2024-08-07 07:06:20,3,2173.645,147,4,4,3,11,Loyal
2414,2024-12-10 00:19:46,2,4203.676,22,5,2,5,12,Potential
2415,2024-11-20 08:09:23,3,5177.433,42,5,4,5,14,Champions
2416,2023-08-22 05:51:01,1,1654.56,498,2,1,2,5,Hibernating
2417,2024-05-24 04:12:45,3,4449.6375,222,3,4,5,12,Potential
2418,2023-11-24 10:37:21,2,3354.6925,404,2,2,4,8,Hibernating
2419,2024-10-22 02:56:28,3,901.9024999999999,71,5,4,2,11,Loyal
2420,2024-06-17 11:11:56,1,1000.6634999999999,198,3,1,2,6,Potential
2421,2024-02-22 11:08:13,3,3146.4049999999997,314,2,4,4,10,At Risk
2422,2023-12-06 06:38:01,1,365.8315,392,2,1,1,4,Hibernating
2423,2024-03-07 06:29:21,2,403.157,300,3,2,1,6,Potential
2424,2024-03-01 02:29:03,1,517.8,306,2,1,1,4,Hibernating
2425,2024-02-08 20:54:40,4,2249.047,328,2,5,3,10,At Risk
2426,2024-10-22 14:20:40,4,5376.826499999999,71,5,5,5,15,Champions
2427,2024-01-01 04:36:12,3,2085.966,366,2,4,3,9,At Risk
2428,2024-03-28 02:27:37,3,4545.6285,279,3,4,5,12,Potential
2429,2024-06-11 18:12:48,1,747.3815,204,3,1,1,5,Potential
2430,2023-05-29 20:25:06,2,794.71,583,1,2,1,4,Hibernating
2431,2023-04-25 12:58:48,3,2472.792,617,1,4,3,8,At Risk
2432,2024-11-11 08:03:15,1,2372.2709999999997,51,5,1,3,9,Potential
2434,2024-02-14 17:17:57,2,2166.16,322,2,2,3,7,Hibernating
2436,2024-06-16 06:13:08,1,467.865,199,3,1,1,5,Potential
2437,2024-03-13 06:55:44,2,1093.665,294,3,2,2,7,Potential
2438,2022-05-20 07:30:40,1,51.9775,957,1,1,1,3,Hibernating
2439,2024-12-15 10:20:00,2,3319.4115,17,5,2,4,11,Potential
2440,2022-10-28 18:23:51,2,1428.574,796,1,2,2,5,Hibernating
2441,2022-11-30 02:02:19,2,899.837,763,1,2,2,5,Hibernating
2442,2022-08-27 06:01:03,1,1598.781,858,1,1,2,4,Hibernating
2443,2023-11-03 04:11:11,3,2604.122,425,2,4,3,9,At Risk
2445,2024-12-19 12:58:22,3,72021.08949999999,13,5,4,5,14,Champions
2447,2024-09-06 14:34:53,2,606.07,117,4,2,1,7,Potential
2448,2024-05-19 17:34:18,2,856.03,227,3,2,1,6,Potential
2449,2023-10-11 15:04:38,2,824.85,448,2,2,1,5,Hibernating
2450,2024-05-12 15:55:32,1,1353.9360000000001,234,3,1,2,6,Potential
2451,2022-08-25 13:17:53,1,911.2465,860,1,1,2,4,Hibernating
2452,2024-12-05 04:44:15,5,2963.6800000000003,27,5,5,4,14,Champions
2453,2023-06-23 12:22:27,2,3598.8535,558,1,2,4,7,Hibernating
2454,2024-10-25 06:17:24,5,6993.724,68,5,5,5,15,Champions
2455,2024-12-16 19:21:53,3,730.9449999999999,16,5,4,1,10,Loyal
2456,2024-12-23 03:12:48,2,3475.5535,9,5,2,4,11,Potential
2457,2024-12-04 22:29:19,2,1302.588,28,5,2,2,9,Potential
2458,2024-09-22 04:30:56,2,2949.496,101,4,2,4,10,Potential
2459,2023-09-08 03:30:47,2,1179.452,481,2,2,2,6,Hibernating
2460,2024-05-27 10:17:14,4,13158.855999999998,219,3,5,5,13,Potential
2461,2024-12-30 07:36:30,4,2972.0775,2,5,5,4,14,Champions
2462,2024-09-26 14:44:35,3,3088.6614999999997,97,4,4,4,12,Champions
2463,2024-08-03 00:08:06,2,21235.568499999998,151,4,2,5,11,Potential
2464,2024-01-04 14:11:48,2,1249.43,363,2,2,2,6,Hibernating
2465,2024-09-29 00:18:36,3,8814.328,94,4,4,5,13,Champions
2466,2024-11-16 22:29:16,4,5384.5470000000005,46,5,5,5,15,Champions
2467,2024-10-22 22:10:48,3,3402.5245,71,5,4,4,13,Champions
2469,2022-05-06 00:18:49,1,537.548,971,1,1,1,3,Hibernating
2470,2024-11-04 05:41:13,1,3170.264,58,5,1,4,10,Potential
2471,2024-03-17 12:31:26,2,-27575.4585,290,3,2,1,6,Potential
2472,2023-12-06 00:03:06,1,1535.56,392,2,1,2,5,Hibernating
2473,2024-02-10 13:10:35,3,5060.666,326,2,4,5,11,At Risk
2475,2024-09-29 16:36:15,4,4840.7685,94,4,5,5,14,Champions
2477,2023-11-07 00:18:19,1,338.4,421,2,1,1,4,Hibernating
2478,2024-02-22 12:41:00,1,770.6300000000001,314,2,1,1,4,Hibernating
2479,2024-05-23 05:47:52,2,1880.7035,223,3,2,3,8,Potential
2480,2024-08-20 23:17:45,2,3124.0745,134,4,2,4,10,Potential
2481,2024-07-07 04:46:23,2,3101.609,178,3,2,4,9,Potential
2482,2024-09-30 13:02:50,3,2426.4305,93,4,4,3,11,Loyal
2483,2024-04-24 10:44:05,2,829.416,252,3,2,1,6,Potential
2484,2024-08-26 08:16:37,2,37093.98,128,4,2,5,11,Potential
2486,2024-07-23 08:50:04,3,2604.251,162,3,4,3,10,Potential
2487,2024-09-17 22:59:40,5,6346.7385,106,4,5,5,14,Champions
2488,2024-11-16 18:35:40,1,2953.9120000000003,46,5,1,4,10,Potential
2489,2024-06-18 04:02:56,5,5023.782,197,3,5,5,13,Potential
2490,2024-12-31 09:12:25,5,4642.7744999999995,1,5,5,5,15,Champions
2491,2024-08-11 00:53:23,1,1822.08,143,4,1,3,8,Potential
2492,2023-07-16 02:50:46,1,1171.9199999999998,535,1,1,2,4,Hibernating
2493,2024-11-07 19:57:16,2,1980.2075,55,5,2,3,10,Potential
2494,2024-08-18 09:03:05,1,1432.3200000000002,136,4,1,2,7,Potential
2496,2024-09-07 04:48:52,3,3221.01,116,4,4,4,12,Champions
2497,2024-12-24 18:39:20,4,2861.087,8,5,5,4,14,Champions
2499,2024-09-13 17:57:17,4,2237.02,110,4,5,3,12,Loyal
2500,2024-04-09 08:06:37,3,-5233.511,267,3,4,1,8,Potential
